  0
SECTION
  2
HEADER
  9
$ACADVER
  1
AC1009
  9
$DWGCODEPAGE
  3
ansi_1252
  9
$INSBASE
 10
0.0
 20
0.0
 30
0.0
  9
$EXTMIN
 10
-695.7911493550332
 20
504.4999999999998
 30
-0.0000000000003557
  9
$EXTMAX
 10
-621.5911493550319
 20
599.5000000000003
 30
0.0000000000000062
  9
$LIMMIN
 10
0.0
 20
0.0
  9
$LIMMAX
 10
12.0
 20
9.0
  9
$ORTHOMODE
 70
     0
  9
$REGENMODE
 70
     1
  9
$FILLMODE
 70
     1
  9
$QTEXTMODE
 70
     0
  9
$MIRRTEXT
 70
     1
  9
$DRAGMODE
 70
     2
  9
$LTSCALE
 40
1.0
  9
$OSMODE
 70
    37
  9
$ATTMODE
 70
     1
  9
$TEXTSIZE
 40
0.2
  9
$TRACEWID
 40
0.05
  9
$TEXTSTYLE
  7
STANDARD
  9
$CLAYER
  8
0
  9
$CELTYPE
  6
BYLAYER
  9
$CECOLOR
 62
   256
  9
$DIMSCALE
 40
1.0
  9
$DIMASZ
 40
0.18
  9
$DIMEXO
 40
0.0625
  9
$DIMDLI
 40
0.38
  9
$DIMRND
 40
0.0
  9
$DIMDLE
 40
0.0
  9
$DIMEXE
 40
0.18
  9
$DIMTP
 40
0.0
  9
$DIMTM
 40
0.0
  9
$DIMTXT
 40
0.18
  9
$DIMCEN
 40
0.09
  9
$DIMTSZ
 40
0.0
  9
$DIMTOL
 70
     0
  9
$DIMLIM
 70
     0
  9
$DIMTIH
 70
     1
  9
$DIMTOH
 70
     1
  9
$DIMSE1
 70
     0
  9
$DIMSE2
 70
     0
  9
$DIMTAD
 70
     0
  9
$DIMZIN
 70
     0
  9
$DIMBLK
  1

  9
$DIMASO
 70
     1
  9
$DIMSHO
 70
     1
  9
$DIMPOST
  1

  9
$DIMAPOST
  1

  9
$DIMALT
 70
     0
  9
$DIMALTD
 70
     2
  9
$DIMALTF
 40
25.4
  9
$DIMLFAC
 40
1.0
  9
$DIMTOFL
 70
     0
  9
$DIMTVP
 40
0.0
  9
$DIMTIX
 70
     0
  9
$DIMSOXD
 70
     0
  9
$DIMSAH
 70
     0
  9
$DIMBLK1
  1

  9
$DIMBLK2
  1

  9
$DIMSTYLE
  2
STANDARD_ACAD
  9
$DIMCLRD
 70
     0
  9
$DIMCLRE
 70
     0
  9
$DIMCLRT
 70
     0
  9
$DIMTFAC
 40
1.0
  9
$DIMGAP
 40
0.09
  9
$LUNITS
 70
     2
  9
$LUPREC
 70
     3
  9
$SKETCHINC
 40
0.1
  9
$FILLETRAD
 40
0.0
  9
$AUNITS
 70
     0
  9
$AUPREC
 70
     0
  9
$MENU
  1
.
  9
$ELEVATION
 40
0.0
  9
$PELEVATION
 40
0.0
  9
$THICKNESS
 40
0.0
  9
$LIMCHECK
 70
     0
  9
$CHAMFERA
 40
0.0
  9
$CHAMFERB
 40
0.0
  9
$SKPOLY
 70
     0
  9
$TDCREATE
 40
2461126.741761782
  9
$TDUPDATE
 40
2461126.741773634
  9
$TDINDWG
 40
0.0000000116
  9
$TDUSRTIMER
 40
0.0000000116
  9
$USRTIMER
 70
     1
  9
$ANGBASE
 50
0.0
  9
$ANGDIR
 70
     0
  9
$PDMODE
 70
     0
  9
$PDSIZE
 40
0.0
  9
$PLINEWID
 40
0.0
  9
$COORDS
 70
     1
  9
$SPLFRAME
 70
     0
  9
$SPLINETYPE
 70
     6
  9
$SPLINESEGS
 70
     8
  9
$ATTDIA
 70
     0
  9
$ATTREQ
 70
     1
  9
$HANDLING
 70
     1
  9
$HANDSEED
  5
844
  9
$SURFTAB1
 70
     6
  9
$SURFTAB2
 70
     6
  9
$SURFTYPE
 70
     6
  9
$SURFU
 70
     6
  9
$SURFV
 70
     6
  9
$UCSNAME
  2

  9
$UCSORG
 10
0.0
 20
0.0
 30
0.0
  9
$UCSXDIR
 10
1.0
 20
0.0
 30
0.0
  9
$UCSYDIR
 10
0.0
 20
1.0
 30
0.0
  9
$PUCSNAME
  2

  9
$PUCSORG
 10
0.0
 20
0.0
 30
0.0
  9
$PUCSXDIR
 10
1.0
 20
0.0
 30
0.0
  9
$PUCSYDIR
 10
0.0
 20
1.0
 30
0.0
  9
$USERI1
 70
     0
  9
$USERI2
 70
     0
  9
$USERI3
 70
     0
  9
$USERI4
 70
     0
  9
$USERI5
 70
     0
  9
$USERR1
 40
0.0
  9
$USERR2
 40
0.0
  9
$USERR3
 40
0.0
  9
$USERR4
 40
0.0
  9
$USERR5
 40
0.0
  9
$WORLDVIEW
 70
     1
  9
$SHADEDGE
 70
     3
  9
$SHADEDIF
 70
    70
  9
$TILEMODE
 70
     1
  9
$MAXACTVP
 70
    64
  9
$PLIMCHECK
 70
     0
  9
$PEXTMIN
 10
1.000000000000000E+20
 20
1.000000000000000E+20
 30
1.000000000000000E+20
  9
$PEXTMAX
 10
-1.000000000000000E+20
 20
-1.000000000000000E+20
 30
-1.000000000000000E+20
  9
$PLIMMIN
 10
0.0
 20
0.0
  9
$PLIMMAX
 10
12.0
 20
9.0
  9
$UNITMODE
 70
     0
  9
$VISRETAIN
 70
     1
  9
$PLINEGEN
 70
     0
  9
$PSLTSCALE
 70
     1
  0
ENDSEC
  0
SECTION
  2
TABLES
  0
TABLE
  2
VPORT
 70
     1
  0
VPORT
  2
*ACTIVE
 70
     0
 10
0.0
 20
0.0
 11
1.0
 21
1.0
 12
10.42990654205607
 22
4.5
 13
0.0
 23
0.0
 14
0.5
 24
0.5
 15
0.5
 25
0.5
 16
0.0
 26
0.0
 36
1.0
 17
0.0
 27
0.0
 37
0.0
 40
9.0
 41
1.972972972850329
 42
50.0
 43
0.0
 44
0.0
 50
0.0
 51
0.0
 71
     0
 72
   100
 73
     1
 74
     3
 75
     0
 76
     0
 77
     0
 78
     0
  0
ENDTAB
  0
TABLE
  2
LTYPE
 70
     1
  0
LTYPE
  2
CONTINUOUS
 70
     0
  3
Solid line
 72
    65
 73
     0
 40
0.0
  0
ENDTAB
  0
TABLE
  2
LAYER
 70
     4
  0
LAYER
  2
0
 70
     0
 62
     7
  6
CONTINUOUS
  0
LAYER
  2
MOSFET$TRACES
 70
     0
 62
     7
  6
CONTINUOUS
  0
LAYER
  2
HOLES
 70
     0
 62
    22
  6
CONTINUOUS
  0
LAYER
  2
MOSFET
 70
     0
 62
     7
  6
CONTINUOUS
  0
ENDTAB
  0
TABLE
  2
STYLE
 70
     1
  0
STYLE
  2
STANDARD
 70
     0
 40
0.0
 41
1.0
 50
0.0
 71
     0
 42
0.2
  3
txt
  4

  0
ENDTAB
  0
TABLE
  2
VIEW
 70
     0
  0
ENDTAB
  0
TABLE
  2
UCS
 70
     0
  0
ENDTAB
  0
TABLE
  2
APPID
 70
     2
  0
APPID
  2
ACAD
 70
     0
  0
APPID
  2
RHINO
 70
     0
  0
ENDTAB
  0
TABLE
  2
DIMSTYLE
 70
     1
  0
DIMSTYLE
  2
STANDARD_ACAD
 70
     0
  3

  4

  5

  6

  7

 40
1.0
 41
0.18
 42
0.0625
 43
0.38
 44
0.18
 45
0.0
 46
0.0
 47
0.0
 48
0.0
140
0.18
141
0.09
142
0.0
143
25.4
144
1.0
145
0.0
146
1.0
147
0.09
 71
     0
 72
     0
 73
     1
 74
     1
 75
     0
 76
     0
 77
     0
 78
     0
170
     0
171
     2
172
     0
173
     0
174
     0
175
     0
176
     0
177
     0
178
     0
  0
ENDTAB
  0
ENDSEC
  0
SECTION
  2
BLOCKS
  0
BLOCK
  8
0
  2
$MODEL_SPACE
 70
     0
 10
0.0
 20
0.0
 30
0.0
  3
$MODEL_SPACE
  1

  0
ENDBLK
  5
21
  8
0
  0
BLOCK
 67
     1
  8
0
  2
$PAPER_SPACE
 70
     0
 10
0.0
 20
0.0
 30
0.0
  3
$PAPER_SPACE
  1

  0
ENDBLK
  5
1D
 67
     1
  8
0
  0
ENDSEC
  0
SECTION
  2
ENTITIES
  0
ARC
  5
60
  8
MOSFET$TRACES
 10
-643.252429495006
 20
592.2442620696554
 30
-0.0000000000000004
 40
0.3
 50
315.0
 51
0.0
  0
LINE
  5
61
  8
MOSFET$TRACES
 10
-642.9524294950061
 20
592.2442620696554
 30
-0.0000000000000001
 11
-642.9524294950061
 21
592.2702681503553
 31
-0.0000000000000001
  0
ARC
  5
62
  8
MOSFET$TRACES
 10
-643.252429495006
 20
592.2702681503554
 30
-0.0000000000000004
 40
0.3
 50
359.9999999999783
 51
90.0
  0
LINE
  5
63
  8
MOSFET$TRACES
 10
-643.252429495006
 20
592.5702681503553
 30
-0.0000000000000006
 11
-643.3024294950134
 21
592.5702681503553
 31
-0.0000000000000007
  0
ARC
  5
64
  8
MOSFET$TRACES
 10
643.3024294950135
 20
592.8702681503554
 30
0.0000000000000007
 40
0.3
 50
270.0
 51
0.0
210
0.0
220
0.0
230
-1.0
  0
LINE
  5
65
  8
MOSFET$TRACES
 10
-643.6024294950134
 20
592.8702681503554
 30
-0.0000000000000009
 11
-643.6024294950134
 21
594.938150734286
 31
-0.0000000000000009
  0
ARC
  5
66
  8
MOSFET$TRACES
 10
642.4524294950136
 20
594.9381508763017
 30
0.0000000000000009
 40
1.149999999999846
 50
359.9999929244307
 51
180.0000202355945
210
0.0
220
0.0
230
-1.0
  0
LINE
  5
67
  8
MOSFET$TRACES
 10
-641.3024294950138
 20
594.9381504701473
 30
-0.0000000000000009
 11
-641.3024294950137
 21
592.8702681503554
 31
-0.0000000000000009
  0
ARC
  5
68
  8
MOSFET$TRACES
 10
641.6024294950138
 20
592.8702681503554
 30
0.0000000000000007
 40
0.3
 50
180.0
 51
270.0
210
0.0
220
0.0
230
-1.0
  0
LINE
  5
69
  8
MOSFET$TRACES
 10
-641.6024294950138
 20
592.5702681503553
 30
-0.0000000000000007
 11
-641.6524294950211
 21
592.5702681503553
 31
-0.0000000000000006
  0
ARC
  5
6A
  8
MOSFET$TRACES
 10
-641.6524294950211
 20
592.2702681503554
 30
-0.0000000000000004
 40
0.3
 50
90.0
 51
180.0
  0
LINE
  5
6B
  8
MOSFET$TRACES
 10
-641.9524294950211
 20
592.2702681503554
 30
-0.0000000000000002
 11
-641.9524294950211
 21
592.1128912197418
 31
-0.0000000000000001
  0
ARC
  5
6C
  8
MOSFET$TRACES
 10
642.2524294950211
 20
592.1128912197418
 30
0.0000000000000003
 40
0.3
 50
180.0
 51
225.0
210
0.0
220
0.0
230
-1.0
  0
LINE
  5
6D
  8
MOSFET$TRACES
 10
-642.0402974606652
 20
591.9007591853857
 30
0.0
 11
-644.4824769110917
 21
589.4585797349594
 31
0.0
  0
ARC
  5
6E
  8
MOSFET$TRACES
 10
-644.2703448767357
 20
589.2464477006034
 30
0.0
 40
0.3
 50
135.0
 51
180.0
  0
LINE
  5
6F
  8
MOSFET$TRACES
 10
-644.5703448767357
 20
589.2464477006033
 30
0.0
 11
-644.5703448767357
 21
585.505243477376
 31
0.0
  0
LINE
  5
70
  8
MOSFET$TRACES
 10
-644.5703448767357
 20
585.505243477376
 30
0.0
 11
-650.7476873468942
 21
579.327950482566
 31
0.0
  0
ARC
  5
71
  8
MOSFET$TRACES
 10
-650.5355553125381
 20
579.11581844821
 30
0.0
 40
0.3
 50
135.0000000000154
 51
176.7234992403755
  0
ARC
  5
72
  8
MOSFET$TRACES
 10
651.8334302570147
 20
579.1901193802387
 30
0.0
 40
1.000000000000137
 50
183.2765007596152
 51
115.6973651705967
210
0.0
220
0.0
230
-1.0
  0
ARC
  5
73
  8
MOSFET$TRACES
 10
-651.2697273161783
 20
580.3615454318923
 30
0.0
 40
0.3
 50
244.3026348293974
 51
314.9999999999846
  0
LINE
  5
74
  8
MOSFET$TRACES
 10
-651.0575952818224
 20
580.1494133975364
 30
0.0
 11
-645.5703448767206
 21
585.6366638026383
 31
0.0
  0
LINE
  5
75
  8
MOSFET$TRACES
 10
-645.5703448767206
 20
585.6366638026383
 30
0.0
 11
-645.5703448767206
 21
589.502082619229
 31
0.0
  0
LINE
  5
76
  8
MOSFET$TRACES
 10
-645.5703448767206
 20
589.502082619229
 30
0.0
 11
-643.0402974606501
 21
592.0321300352995
 31
0.0
  0
LINE
  5
77
  8
MOSFET$TRACES
 10
-648.1582232131145
 20
584.4573989569133
 30
0.0
 11
-650.7476873468943
 21
581.8679555625761
 31
0.0
  0
ARC
  5
78
  8
MOSFET$TRACES
 10
-650.5355553125382
 20
581.65582352822
 30
0.0
 40
0.3
 50
135.0000000000154
 51
176.7234992403755
  0
ARC
  5
79
  8
MOSFET$TRACES
 10
651.8334302570148
 20
581.7301244602487
 30
0.0
 40
1.000000000000137
 50
183.2765007596152
 51
115.6973651705967
210
0.0
220
0.0
230
-1.0
  0
ARC
  5
7A
  8
MOSFET$TRACES
 10
-651.2697273161784
 20
582.9015505119023
 30
0.0
 40
0.3
 50
244.3026348293974
 51
314.9999999999846
  0
LINE
  5
7B
  8
MOSFET$TRACES
 10
-651.0575952818225
 20
582.6894184775464
 30
0.0
 11
-649.1582128423642
 21
584.5888009170047
 31
0.0
  0
ARC
  5
7C
  8
MOSFET$TRACES
 10
-649.3703448767201
 20
584.8009329513607
 30
0.0
 40
0.3
 50
315.0
 51
359.9999999999566
  0
LINE
  5
7D
  8
MOSFET$TRACES
 10
-649.0703448767201
 20
584.8009329513604
 30
0.0
 11
-649.0703448767201
 21
589.502082619229
 31
0.0
  0
LINE
  5
7E
  8
MOSFET$TRACES
 10
-649.0703448767201
 20
589.502082619229
 30
0.0
 11
-646.5402974606496
 21
592.0321300352995
 31
0.0
  0
ARC
  5
7F
  8
MOSFET$TRACES
 10
-646.7524294950056
 20
592.2442620696554
 30
-0.0000000000000004
 40
0.3
 50
315.0
 51
0.0
  0
LINE
  5
80
  8
MOSFET$TRACES
 10
-646.4524294950056
 20
592.2442620696554
 30
-0.0000000000000001
 11
-646.4524294950056
 21
592.2702681503553
 31
-0.0000000000000001
  0
ARC
  5
81
  8
MOSFET$TRACES
 10
-646.7524294950056
 20
592.2702681503554
 30
-0.0000000000000004
 40
0.3
 50
359.9999999999783
 51
90.0
  0
LINE
  5
82
  8
MOSFET$TRACES
 10
-646.7524294950056
 20
592.5702681503553
 30
-0.0000000000000006
 11
-646.8024294950129
 21
592.5702681503553
 31
-0.0000000000000007
  0
ARC
  5
83
  8
MOSFET$TRACES
 10
646.802429495013
 20
592.8702681503554
 30
0.0000000000000007
 40
0.3
 50
270.0
 51
0.0
210
0.0
220
0.0
230
-1.0
  0
LINE
  5
84
  8
MOSFET$TRACES
 10
-647.102429495013
 20
592.8702681503554
 30
-0.0000000000000009
 11
-647.102429495013
 21
594.938150734286
 31
-0.0000000000000009
  0
ARC
  5
85
  8
MOSFET$TRACES
 10
645.9524294950131
 20
594.9381508763017
 30
0.0000000000000009
 40
1.149999999999846
 50
359.9999929244307
 51
180.0000202355945
210
0.0
220
0.0
230
-1.0
  0
LINE
  5
86
  8
MOSFET$TRACES
 10
-644.8024294950134
 20
594.9381504701473
 30
-0.0000000000000009
 11
-644.8024294950133
 21
592.8702681503554
 31
-0.0000000000000009
  0
ARC
  5
87
  8
MOSFET$TRACES
 10
645.1024294950133
 20
592.8702681503554
 30
0.0000000000000007
 40
0.3
 50
180.0
 51
270.0
210
0.0
220
0.0
230
-1.0
  0
LINE
  5
88
  8
MOSFET$TRACES
 10
-645.1024294950133
 20
592.5702681503553
 30
-0.0000000000000007
 11
-645.1524294950207
 21
592.5702681503553
 31
-0.0000000000000006
  0
ARC
  5
89
  8
MOSFET$TRACES
 10
-645.1524294950207
 20
592.2702681503554
 30
-0.0000000000000004
 40
0.3
 50
90.0
 51
180.0
  0
LINE
  5
8A
  8
MOSFET$TRACES
 10
-645.4524294950206
 20
592.2702681503554
 30
-0.0000000000000002
 11
-645.4524294950206
 21
592.1128912197418
 31
-0.0000000000000001
  0
ARC
  5
8B
  8
MOSFET$TRACES
 10
645.7524294950207
 20
592.1128912197418
 30
0.0000000000000003
 40
0.3
 50
180.0
 51
225.0
210
0.0
220
0.0
230
-1.0
  0
LINE
  5
8C
  8
MOSFET$TRACES
 10
-645.5402974606648
 20
591.9007591853857
 30
0.0
 11
-647.9824769110912
 21
589.4585797349594
 31
0.0
  0
ARC
  5
8D
  8
MOSFET$TRACES
 10
-647.7703448767353
 20
589.2464477006034
 30
0.0
 40
0.3
 50
135.0
 51
180.0
  0
LINE
  5
8E
  8
MOSFET$TRACES
 10
-648.0703448767352
 20
589.2464477006033
 30
0.0
 11
-648.0703448767352
 21
584.6695413614975
 31
0.0
  0
ARC
  5
8F
  8
MOSFET$TRACES
 10
648.3703448767353
 20
584.6695413614975
 30
0.0
 40
0.3
 50
180.0
 51
225.0028010141894
210
0.0
220
0.0
230
-1.0
  0
CIRCLE
  5
91
  8
HOLES
 10
651.8334302570148
 20
569.0300990601982
 30
0.0
 40
0.414999999999992
210
0.0
220
0.0
230
-1.0
  0
LINE
  5
92
  8
MOSFET$TRACES
 10
-655.0534708970962
 20
591.3354187720008
 30
0.0
 11
-655.0534708970958
 21
588.3177526500259
 31
0.0
  0
LINE
  5
93
  8
MOSFET$TRACES
 10
-655.0534708970958
 20
588.3177526500259
 30
0.0
 11
-658.064354472879
 21
585.3068690742427
 31
0.0
  0
ARC
  5
94
  8
MOSFET$TRACES
 10
658.4179078634724
 20
585.6604224648358
 30
0.0
 40
0.5
 50
224.9999999999908
 51
270.0
210
0.0
220
0.0
230
-1.0
  0
LINE
  5
95
  8
MOSFET$TRACES
 10
-658.4179078634724
 20
585.1604224648358
 30
0.0
 11
-666.806991766635
 21
585.1604224648358
 31
0.0
  0
ARC
  5
96
  8
MOSFET$TRACES
 10
666.8069917666352
 20
585.6604224648358
 30
0.0
 40
0.5
 50
269.999999999974
 51
315.0000000000092
210
0.0
220
0.0
230
-1.0
  0
LINE
  5
97
  8
MOSFET$TRACES
 10
-667.1605451572285
 20
585.3068690742426
 30
0.0
 11
-668.7279491200311
 21
586.8742730370452
 31
0.0
  0
ARC
  5
98
  8
MOSFET$TRACES
 10
668.3743957294378
 20
587.2278264276383
 30
0.0
 40
0.5
 50
315.0000000000092
 51
0.0
210
0.0
220
0.0
230
-1.0
  0
LINE
  5
99
  8
MOSFET$TRACES
 10
-668.8743957294378
 20
587.2278264276383
 30
0.0
 11
-668.8743957294382
 21
591.3354187720008
 31
0.0
  0
LINE
  5
9A
  8
MOSFET$TRACES
 10
-668.8743957294382
 20
591.3354187720008
 30
0.0
 11
-668.874279309646
 21
591.3670886171608
 31
0.0
  0
LINE
  5
9B
  8
MOSFET$TRACES
 10
-668.874279309646
 20
591.3670886171608
 30
0.0
 11
-668.8735084308541
 21
591.3987304904227
 31
0.0
  0
LINE
  5
9C
  8
MOSFET$TRACES
 10
-668.8735084308541
 20
591.3987304904227
 30
0.0
 11
-668.872704913304
 21
591.4145335581886
 31
0.0
  0
LINE
  5
9D
  8
MOSFET$TRACES
 10
-668.872704913304
 20
591.4145335581886
 30
0.0
 11
-668.8715459360039
 21
591.4303214334305
 31
0.0
  0
LINE
  5
9E
  8
MOSFET$TRACES
 10
-668.8715459360039
 20
591.4303214334305
 30
0.0
 11
-668.86998306273
 21
591.4460920459609
 31
0.0
  0
LINE
  5
9F
  8
MOSFET$TRACES
 10
-668.86998306273
 20
591.4460920459609
 30
0.0
 11
-668.8679748310008
 21
591.4618436236526
 31
0.0
  0
LINE
  5
A0
  8
MOSFET$TRACES
 10
-668.8679748310008
 20
591.4618436236526
 30
0.0
 11
-668.8654864838579
 21
591.4775746809764
 31
0.0
  0
LINE
  5
A1
  8
MOSFET$TRACES
 10
-668.8654864838579
 20
591.4775746809764
 30
0.0
 11
-668.8624897016443
 21
591.4932840075364
 31
0.0
  0
LINE
  5
A2
  8
MOSFET$TRACES
 10
-668.8624897016443
 20
591.4932840075364
 30
0.0
 11
-668.8589623337842
 21
591.5089706566059
 31
0.0
  0
LINE
  5
A3
  8
MOSFET$TRACES
 10
-668.8589623337842
 20
591.5089706566059
 30
0.0
 11
-668.8548881305612
 21
591.5246339336642
 31
0.0
  0
LINE
  5
A4
  8
MOSFET$TRACES
 10
-668.8548881305612
 20
591.5246339336642
 30
0.0
 11
-668.850256474898
 21
591.5402733849321
 31
0.0
  0
LINE
  5
A5
  8
MOSFET$TRACES
 10
-668.850256474898
 20
591.5402733849321
 30
0.0
 11
-668.8450621141351
 21
591.5558887859083
 31
0.0
  0
LINE
  5
A6
  8
MOSFET$TRACES
 10
-668.8450621141351
 20
591.5558887859083
 30
0.0
 11
-668.8393048918103
 21
591.5714801299058
 31
0.0
  0
LINE
  5
A7
  8
MOSFET$TRACES
 10
-668.8393048918103
 20
591.5714801299058
 30
0.0
 11
-668.8329894794381
 21
591.5870476165873
 31
0.0
  0
LINE
  5
A8
  8
MOSFET$TRACES
 10
-668.8329894794381
 20
591.5870476165873
 30
0.0
 11
-668.8261251082874
 21
591.6025916405017
 31
0.0
  0
LINE
  5
A9
  8
MOSFET$TRACES
 10
-668.8261251082874
 20
591.6025916405017
 30
0.0
 11
-668.818725301162
 21
591.6181127796203
 31
0.0
  0
LINE
  5
AA
  8
MOSFET$TRACES
 10
-668.818725301162
 20
591.6181127796203
 30
0.0
 11
-668.8108076041792
 21
591.6336117838729
 31
0.0
  0
LINE
  5
AB
  8
MOSFET$TRACES
 10
-668.8108076041792
 20
591.6336117838729
 30
0.0
 11
-668.8023933185493
 21
591.6490895636832
 31
0.0
  0
LINE
  5
AC
  8
MOSFET$TRACES
 10
-668.8023933185493
 20
591.6490895636832
 30
0.0
 11
-668.7935072323537
 21
591.6645471785064
 31
0.0
  0
LINE
  5
AD
  8
MOSFET$TRACES
 10
-668.7935072323537
 20
591.6645471785064
 30
0.0
 11
-668.7841773523248
 21
591.6799858253637
 31
0.0
  0
LINE
  5
AE
  8
MOSFET$TRACES
 10
-668.7841773523248
 20
591.6799858253637
 30
0.0
 11
-668.774434635625
 21
591.6954068273797
 31
0.0
  0
LINE
  5
AF
  8
MOSFET$TRACES
 10
-668.774434635625
 20
591.6954068273797
 30
0.0
 11
-668.7643127216256
 21
591.7108116223171
 31
0.0
  0
LINE
  5
B0
  8
MOSFET$TRACES
 10
-668.7643127216256
 20
591.7108116223171
 30
0.0
 11
-668.7430776609337
 21
591.7415788464215
 31
0.0
  0
LINE
  5
B1
  8
MOSFET$TRACES
 10
-668.7430776609337
 20
591.7415788464215
 30
0.0
 11
-668.7207847370064
 21
591.772300856933
 31
0.0
  0
LINE
  5
B2
  8
MOSFET$TRACES
 10
-668.7207847370064
 20
591.772300856933
 30
0.0
 11
-668.674395729438
 21
591.8336678100268
 31
0.0
  0
LINE
  5
B3
  8
MOSFET$TRACES
 10
-668.674395729438
 20
591.8336678100268
 30
0.0
 11
-668.6280067218695
 21
591.8950347631205
 31
0.0
  0
LINE
  5
B4
  8
MOSFET$TRACES
 10
-668.6280067218695
 20
591.8950347631205
 30
0.0
 11
-668.6057137979421
 21
591.9257567736321
 31
0.0
  0
LINE
  5
B5
  8
MOSFET$TRACES
 10
-668.6057137979421
 20
591.9257567736321
 30
0.0
 11
-668.5844787372503
 21
591.9565239977364
 31
0.0
  0
LINE
  5
B6
  8
MOSFET$TRACES
 10
-668.5844787372503
 20
591.9565239977364
 30
0.0
 11
-668.5743568232509
 21
591.9719287926739
 31
0.0
  0
LINE
  5
B7
  8
MOSFET$TRACES
 10
-668.5743568232509
 20
591.9719287926739
 30
0.0
 11
-668.5646141065511
 21
591.9873497946899
 31
0.0
  0
LINE
  5
B8
  8
MOSFET$TRACES
 10
-668.5646141065511
 20
591.9873497946899
 30
0.0
 11
-668.5552842265222
 21
592.0027884415472
 31
0.0
  0
LINE
  5
B9
  8
MOSFET$TRACES
 10
-668.5552842265222
 20
592.0027884415472
 30
0.0
 11
-668.5463981403266
 21
592.0182460563703
 31
0.0
  0
LINE
  5
BA
  8
MOSFET$TRACES
 10
-668.5463981403266
 20
592.0182460563703
 30
0.0
 11
-668.5379838546967
 21
592.0337238361807
 31
0.0
  0
LINE
  5
BB
  8
MOSFET$TRACES
 10
-668.5379838546967
 20
592.0337238361807
 30
0.0
 11
-668.5300661577139
 21
592.0492228404332
 31
0.0
  0
LINE
  5
BC
  8
MOSFET$TRACES
 10
-668.5300661577139
 20
592.0492228404332
 30
0.0
 11
-668.5226663505885
 21
592.0647439795518
 31
0.0
  0
LINE
  5
BD
  8
MOSFET$TRACES
 10
-668.5226663505885
 20
592.0647439795518
 30
0.0
 11
-668.5158019794378
 21
592.0802880034663
 31
0.0
  0
LINE
  5
BE
  8
MOSFET$TRACES
 10
-668.5158019794378
 20
592.0802880034663
 30
0.0
 11
-668.5094865670656
 21
592.0958554901478
 31
0.0
  0
LINE
  5
BF
  8
MOSFET$TRACES
 10
-668.5094865670656
 20
592.0958554901478
 30
0.0
 11
-668.5037293447408
 21
592.1114468341452
 31
0.0
  0
LINE
  5
C0
  8
MOSFET$TRACES
 10
-668.5037293447408
 20
592.1114468341452
 30
0.0
 11
-668.498534983978
 21
592.1270622351215
 31
0.0
  0
LINE
  5
C1
  8
MOSFET$TRACES
 10
-668.498534983978
 20
592.1270622351215
 30
0.0
 11
-668.4939033283147
 21
592.1427016863894
 31
0.0
  0
LINE
  5
C2
  8
MOSFET$TRACES
 10
-668.4939033283147
 20
592.1427016863894
 30
0.0
 11
-668.4898291250917
 21
592.1583649634476
 31
0.0
  0
LINE
  5
C3
  8
MOSFET$TRACES
 10
-668.4898291250917
 20
592.1583649634476
 30
0.0
 11
-668.4863017572316
 21
592.1740516125171
 31
0.0
  0
LINE
  5
C4
  8
MOSFET$TRACES
 10
-668.4863017572316
 20
592.1740516125171
 30
0.0
 11
-668.4833049750182
 21
592.1897609390771
 31
0.0
  0
LINE
  5
C5
  8
MOSFET$TRACES
 10
-668.4833049750182
 20
592.1897609390771
 30
0.0
 11
-668.4808166278754
 21
592.205491996401
 31
0.0
  0
LINE
  5
C6
  8
MOSFET$TRACES
 10
-668.4808166278754
 20
592.205491996401
 30
0.0
 11
-668.4788083961462
 21
592.2212435740927
 31
0.0
  0
LINE
  5
C7
  8
MOSFET$TRACES
 10
-668.4788083961462
 20
592.2212435740927
 30
0.0
 11
-668.477245522872
 21
592.237014186623
 31
0.0
  0
LINE
  5
C8
  8
MOSFET$TRACES
 10
-668.477245522872
 20
592.237014186623
 30
0.0
 11
-668.4760865455719
 21
592.2528020618649
 31
0.0
  0
LINE
  5
C9
  8
MOSFET$TRACES
 10
-668.4760865455719
 20
592.2528020618649
 30
0.0
 11
-668.4752830280217
 21
592.2686051296308
 31
0.0
  0
LINE
  5
CA
  8
MOSFET$TRACES
 10
-668.4752830280217
 20
592.2686051296308
 30
0.0
 11
-668.4745121492299
 21
592.3002470028925
 31
0.0
  0
LINE
  5
CB
  8
MOSFET$TRACES
 10
-668.4745121492299
 20
592.3002470028925
 30
0.0
 11
-668.4743957294378
 21
592.3319168480526
 31
0.0
  0
LINE
  5
CC
  8
MOSFET$TRACES
 10
-668.4743957294378
 20
592.3319168480526
 30
0.0
 11
-668.4743957294378
 21
596.6499999999999
 31
0.0
  0
ARC
  5
CD
  8
MOSFET$TRACES
 10
-668.9743957294378
 20
596.65
 30
0.0
 40
0.5
 50
359.999999999987
 51
90.0
  0
LINE
  5
CE
  8
MOSFET$TRACES
 10
-668.9743957294378
 20
597.1499999999999
 30
0.0
 11
-669.5743957294378
 21
597.1499999999999
 31
0.0
  0
ARC
  5
CF
  8
MOSFET$TRACES
 10
-669.5743957294379
 20
596.65
 30
0.0
 40
0.4999999999998863
 50
89.99999999998697
 51
180.000000000013
  0
LINE
  5
D0
  8
MOSFET$TRACES
 10
-670.0743957294378
 20
596.6499999999999
 30
0.0
 11
-670.0743957294378
 21
592.3319168480526
 31
0.0
  0
LINE
  5
D1
  8
MOSFET$TRACES
 10
-670.0743957294378
 20
592.3319168480526
 30
0.0
 11
-670.0742793096456
 21
592.3002470028925
 31
0.0
  0
LINE
  5
D2
  8
MOSFET$TRACES
 10
-670.0742793096456
 20
592.3002470028925
 30
0.0
 11
-670.0735084308537
 21
592.2686051296308
 31
0.0
  0
LINE
  5
D3
  8
MOSFET$TRACES
 10
-670.0735084308537
 20
592.2686051296308
 30
0.0
 11
-670.0727049133036
 21
592.2528020618649
 31
0.0
  0
LINE
  5
D4
  8
MOSFET$TRACES
 10
-670.0727049133036
 20
592.2528020618649
 30
0.0
 11
-670.0715459360035
 21
592.237014186623
 31
0.0
  0
LINE
  5
D5
  8
MOSFET$TRACES
 10
-670.0715459360035
 20
592.237014186623
 30
0.0
 11
-670.0699830627295
 21
592.2212435740927
 31
0.0
  0
LINE
  5
D6
  8
MOSFET$TRACES
 10
-670.0699830627295
 20
592.2212435740927
 30
0.0
 11
-670.0679748310004
 21
592.205491996401
 31
0.0
  0
LINE
  5
D7
  8
MOSFET$TRACES
 10
-670.0679748310004
 20
592.205491996401
 30
0.0
 11
-670.0654864838575
 21
592.1897609390771
 31
0.0
  0
LINE
  5
D8
  8
MOSFET$TRACES
 10
-670.0654864838575
 20
592.1897609390771
 30
0.0
 11
-670.0624897016439
 21
592.1740516125172
 31
0.0
  0
LINE
  5
D9
  8
MOSFET$TRACES
 10
-670.0624897016439
 20
592.1740516125172
 30
0.0
 11
-670.0589623337838
 21
592.1583649634479
 31
0.0
  0
LINE
  5
DA
  8
MOSFET$TRACES
 10
-670.0589623337838
 20
592.1583649634479
 30
0.0
 11
-670.0548881305608
 21
592.1427016863896
 31
0.0
  0
LINE
  5
DB
  8
MOSFET$TRACES
 10
-670.0548881305608
 20
592.1427016863896
 30
0.0
 11
-670.0502564748975
 21
592.1270622351217
 31
0.0
  0
LINE
  5
DC
  8
MOSFET$TRACES
 10
-670.0502564748975
 20
592.1270622351217
 30
0.0
 11
-670.0450621141347
 21
592.1114468341455
 31
0.0
  0
LINE
  5
DD
  8
MOSFET$TRACES
 10
-670.0450621141347
 20
592.1114468341455
 30
0.0
 11
-670.0393048918102
 21
592.0958554901478
 31
0.0
  0
LINE
  5
DE
  8
MOSFET$TRACES
 10
-670.0393048918102
 20
592.0958554901478
 30
0.0
 11
-670.0329894794379
 21
592.0802880034664
 31
0.0
  0
LINE
  5
DF
  8
MOSFET$TRACES
 10
-670.0329894794379
 20
592.0802880034664
 30
0.0
 11
-670.0261251082873
 21
592.0647439795521
 31
0.0
  0
LINE
  5
E0
  8
MOSFET$TRACES
 10
-670.0261251082873
 20
592.0647439795521
 30
0.0
 11
-670.0187253011618
 21
592.0492228404335
 31
0.0
  0
LINE
  5
E1
  8
MOSFET$TRACES
 10
-670.0187253011618
 20
592.0492228404335
 30
0.0
 11
-670.010807604179
 21
592.0337238361809
 31
0.0
  0
LINE
  5
E2
  8
MOSFET$TRACES
 10
-670.010807604179
 20
592.0337238361809
 30
0.0
 11
-670.0023933185491
 21
592.0182460563705
 31
0.0
  0
LINE
  5
E3
  8
MOSFET$TRACES
 10
-670.0023933185491
 20
592.0182460563705
 30
0.0
 11
-669.9935072323535
 21
592.0027884415472
 31
0.0
  0
LINE
  5
E4
  8
MOSFET$TRACES
 10
-669.9935072323535
 20
592.0027884415472
 30
0.0
 11
-669.9841773523247
 21
591.9873497946899
 31
0.0
  0
LINE
  5
E5
  8
MOSFET$TRACES
 10
-669.9841773523247
 20
591.9873497946899
 30
0.0
 11
-669.9744346356248
 21
591.9719287926739
 31
0.0
  0
LINE
  5
E6
  8
MOSFET$TRACES
 10
-669.9744346356248
 20
591.9719287926739
 30
0.0
 11
-669.9643127216254
 21
591.9565239977364
 31
0.0
  0
LINE
  5
E7
  8
MOSFET$TRACES
 10
-669.9643127216254
 20
591.9565239977364
 30
0.0
 11
-669.9430776609336
 21
591.9257567736321
 31
0.0
  0
LINE
  5
E8
  8
MOSFET$TRACES
 10
-669.9430776609336
 20
591.9257567736321
 30
0.0
 11
-669.9207847370063
 21
591.8950347631205
 31
0.0
  0
LINE
  5
E9
  8
MOSFET$TRACES
 10
-669.9207847370063
 20
591.8950347631205
 30
0.0
 11
-669.874395729438
 21
591.8336678100267
 31
0.0
  0
LINE
  5
EA
  8
MOSFET$TRACES
 10
-669.874395729438
 20
591.8336678100267
 30
0.0
 11
-669.8280067218697
 21
591.7723008569328
 31
0.0
  0
LINE
  5
EB
  8
MOSFET$TRACES
 10
-669.8280067218697
 20
591.7723008569328
 30
0.0
 11
-669.8057137979424
 21
591.7415788464212
 31
0.0
  0
LINE
  5
EC
  8
MOSFET$TRACES
 10
-669.8057137979424
 20
591.7415788464212
 30
0.0
 11
-669.7844787372505
 21
591.7108116223169
 31
0.0
  0
LINE
  5
ED
  8
MOSFET$TRACES
 10
-669.7844787372505
 20
591.7108116223169
 30
0.0
 11
-669.7743568232512
 21
591.6954068273794
 31
0.0
  0
LINE
  5
EE
  8
MOSFET$TRACES
 10
-669.7743568232512
 20
591.6954068273794
 30
0.0
 11
-669.7646141065513
 21
591.6799858253635
 31
0.0
  0
LINE
  5
EF
  8
MOSFET$TRACES
 10
-669.7646141065513
 20
591.6799858253635
 30
0.0
 11
-669.7552842265225
 21
591.6645471785062
 31
0.0
  0
LINE
  5
F0
  8
MOSFET$TRACES
 10
-669.7552842265225
 20
591.6645471785062
 30
0.0
 11
-669.7463981403268
 21
591.6490895636829
 31
0.0
  0
LINE
  5
F1
  8
MOSFET$TRACES
 10
-669.7463981403268
 20
591.6490895636829
 30
0.0
 11
-669.737983854697
 21
591.6336117838724
 31
0.0
  0
LINE
  5
F2
  8
MOSFET$TRACES
 10
-669.737983854697
 20
591.6336117838724
 30
0.0
 11
-669.7300661577142
 21
591.6181127796199
 31
0.0
  0
LINE
  5
F3
  8
MOSFET$TRACES
 10
-669.7300661577142
 20
591.6181127796199
 30
0.0
 11
-669.7226663505887
 21
591.6025916405013
 31
0.0
  0
LINE
  5
F4
  8
MOSFET$TRACES
 10
-669.7226663505887
 20
591.6025916405013
 30
0.0
 11
-669.7158019794381
 21
591.5870476165869
 31
0.0
  0
LINE
  5
F5
  8
MOSFET$TRACES
 10
-669.7158019794381
 20
591.5870476165869
 30
0.0
 11
-669.7094865670658
 21
591.5714801299056
 31
0.0
  0
LINE
  5
F6
  8
MOSFET$TRACES
 10
-669.7094865670658
 20
591.5714801299056
 30
0.0
 11
-669.7037293447413
 21
591.5558887859079
 31
0.0
  0
LINE
  5
F7
  8
MOSFET$TRACES
 10
-669.7037293447413
 20
591.5558887859079
 30
0.0
 11
-669.6985349839784
 21
591.5402733849317
 31
0.0
  0
LINE
  5
F8
  8
MOSFET$TRACES
 10
-669.6985349839784
 20
591.5402733849317
 30
0.0
 11
-669.6939033283152
 21
591.5246339336637
 31
0.0
  0
LINE
  5
F9
  8
MOSFET$TRACES
 10
-669.6939033283152
 20
591.5246339336637
 30
0.0
 11
-669.6898291250922
 21
591.5089706566055
 31
0.0
  0
LINE
  5
FA
  8
MOSFET$TRACES
 10
-669.6898291250922
 20
591.5089706566055
 30
0.0
 11
-669.6863017572321
 21
591.493284007536
 31
0.0
  0
LINE
  5
FB
  8
MOSFET$TRACES
 10
-669.6863017572321
 20
591.493284007536
 30
0.0
 11
-669.6833049750185
 21
591.477574680976
 31
0.0
  0
LINE
  5
FC
  8
MOSFET$TRACES
 10
-669.6833049750185
 20
591.477574680976
 30
0.0
 11
-669.6808166278756
 21
591.4618436236522
 31
0.0
  0
LINE
  5
FD
  8
MOSFET$TRACES
 10
-669.6808166278756
 20
591.4618436236522
 30
0.0
 11
-669.6788083961465
 21
591.4460920459604
 31
0.0
  0
LINE
  5
FE
  8
MOSFET$TRACES
 10
-669.6788083961465
 20
591.4460920459604
 30
0.0
 11
-669.6772455228725
 21
591.4303214334302
 31
0.0
  0
LINE
  5
FF
  8
MOSFET$TRACES
 10
-669.6772455228725
 20
591.4303214334302
 30
0.0
 11
-669.6760865455724
 21
591.4145335581882
 31
0.0
  0
LINE
  5
100
  8
MOSFET$TRACES
 10
-669.6760865455724
 20
591.4145335581882
 30
0.0
 11
-669.6752830280222
 21
591.3987304904224
 31
0.0
  0
LINE
  5
101
  8
MOSFET$TRACES
 10
-669.6752830280222
 20
591.3987304904224
 30
0.0
 11
-669.6745121492304
 21
591.3670886171606
 31
0.0
  0
LINE
  5
102
  8
MOSFET$TRACES
 10
-669.6745121492304
 20
591.3670886171606
 30
0.0
 11
-669.6743957294382
 21
591.3354187720006
 31
0.0
  0
LINE
  5
103
  8
MOSFET$TRACES
 10
-669.6743957294382
 20
591.3354187720006
 30
0.0
 11
-669.6743957294377
 21
586.6893487965533
 31
0.0
  0
LINE
  5
104
  8
MOSFET$TRACES
 10
-669.6743957294377
 20
586.6893487965533
 30
0.0
 11
-666.3308474804944
 21
583.34580054761
 31
0.0
  0
LINE
  5
105
  8
MOSFET$TRACES
 10
-666.3308474804944
 20
583.34580054761
 30
0.0
 11
-658.8940521496135
 21
583.3458005476099
 31
0.0
  0
LINE
  5
106
  8
MOSFET$TRACES
 10
-658.8940521496135
 20
583.3458005476099
 30
0.0
 11
-654.2534708970959
 21
587.9863818001277
 31
0.0
  0
LINE
  5
107
  8
MOSFET$TRACES
 10
-654.2534708970959
 20
587.9863818001277
 30
0.0
 11
-654.2534708970961
 21
591.3354187720008
 31
0.0
  0
LINE
  5
108
  8
MOSFET$TRACES
 10
-654.2534708970961
 20
591.3354187720008
 30
0.0
 11
-654.2532526099858
 21
591.3821213616382
 31
0.0
  0
LINE
  5
109
  8
MOSFET$TRACES
 10
-654.2532526099858
 20
591.3821213616382
 30
0.0
 11
-654.2527517172311
 21
591.4052100975678
 31
0.0
  0
LINE
  5
10A
  8
MOSFET$TRACES
 10
-654.2527517172311
 20
591.4052100975678
 30
0.0
 11
-654.2518072122512
 21
591.428001514873
 31
0.0
  0
LINE
  5
10B
  8
MOSFET$TRACES
 10
-654.2518072122512
 20
591.428001514873
 30
0.0
 11
-654.2503006168445
 21
591.4504162068697
 31
0.0
  0
LINE
  5
10C
  8
MOSFET$TRACES
 10
-654.2503006168445
 20
591.4504162068697
 30
0.0
 11
-654.2481275344071
 21
591.4723842046687
 31
0.0
  0
LINE
  5
10D
  8
MOSFET$TRACES
 10
-654.2481275344071
 20
591.4723842046687
 30
0.0
 11
-654.2467621632859
 21
591.4831813256638
 31
0.0
  0
LINE
  5
10E
  8
MOSFET$TRACES
 10
-654.2467621632859
 20
591.4831813256638
 30
0.0
 11
-654.2451971470182
 21
591.4938446401113
 31
0.0
  0
LINE
  5
10F
  8
MOSFET$TRACES
 10
-654.2451971470182
 20
591.4938446401113
 30
0.0
 11
-654.2434231725238
 21
591.5043679061811
 31
0.0
  0
LINE
  5
110
  8
MOSFET$TRACES
 10
-654.2434231725238
 20
591.5043679061811
 30
0.0
 11
-654.2414317125258
 21
591.5147454087056
 31
0.0
  0
LINE
  5
111
  8
MOSFET$TRACES
 10
-654.2414317125258
 20
591.5147454087056
 30
0.0
 11
-654.2392150098349
 21
591.5249719486467
 31
0.0
  0
LINE
  5
112
  8
MOSFET$TRACES
 10
-654.2392150098349
 20
591.5249719486467
 30
0.0
 11
-654.2367660616328
 21
591.5350428325619
 31
0.0
  0
LINE
  5
113
  8
MOSFET$TRACES
 10
-654.2367660616328
 20
591.5350428325619
 30
0.0
 11
-654.2340786037566
 21
591.5449538620726
 31
0.0
  0
LINE
  5
114
  8
MOSFET$TRACES
 10
-654.2340786037566
 20
591.5449538620726
 30
0.0
 11
-654.2311470949826
 21
591.554701323329
 31
0.0
  0
LINE
  5
115
  8
MOSFET$TRACES
 10
-654.2311470949826
 20
591.554701323329
 30
0.0
 11
-654.2279667013099
 21
591.5642819764782
 31
0.0
  0
LINE
  5
116
  8
MOSFET$TRACES
 10
-654.2279667013099
 20
591.5642819764782
 30
0.0
 11
-654.2245332802449
 21
591.5736930451301
 31
0.0
  0
LINE
  5
117
  8
MOSFET$TRACES
 10
-654.2245332802449
 20
591.5736930451301
 30
0.0
 11
-654.2208433650849
 21
591.5829322058248
 31
0.0
  0
LINE
  5
118
  8
MOSFET$TRACES
 10
-654.2208433650849
 20
591.5829322058248
 30
0.0
 11
-654.2168941492018
 21
591.5919975774984
 31
0.0
  0
LINE
  5
119
  8
MOSFET$TRACES
 10
-654.2168941492018
 20
591.5919975774984
 30
0.0
 11
-654.2126834703267
 21
591.6008877109515
 31
0.0
  0
LINE
  5
11A
  8
MOSFET$TRACES
 10
-654.2126834703267
 20
591.6008877109515
 30
0.0
 11
-654.2082097948332
 21
591.6096015783137
 31
0.0
  0
LINE
  5
11B
  8
MOSFET$TRACES
 10
-654.2082097948332
 20
591.6096015783137
 30
0.0
 11
-654.2034722020217
 21
591.6181385625121
 31
0.0
  0
LINE
  5
11C
  8
MOSFET$TRACES
 10
-654.2034722020217
 20
591.6181385625121
 30
0.0
 11
-654.1984703684029
 21
591.6264984467371
 31
0.0
  0
LINE
  5
11D
  8
MOSFET$TRACES
 10
-654.1984703684029
 20
591.6264984467371
 30
0.0
 11
-654.1932045519825
 21
591.6346814039096
 31
0.0
  0
LINE
  5
11E
  8
MOSFET$TRACES
 10
-654.1932045519825
 20
591.6346814039096
 30
0.0
 11
-654.1876755765443
 21
591.6426879861476
 31
0.0
  0
LINE
  5
11F
  8
MOSFET$TRACES
 10
-654.1876755765443
 20
591.6426879861476
 30
0.0
 11
-654.1818848159346
 21
591.6505191142332
 31
0.0
  0
LINE
  5
120
  8
MOSFET$TRACES
 10
-654.1818848159346
 20
591.6505191142332
 30
0.0
 11
-654.1758341783461
 21
591.6581760670787
 31
0.0
  0
LINE
  5
121
  8
MOSFET$TRACES
 10
-654.1758341783461
 20
591.6581760670787
 30
0.0
 11
-654.1695260906017
 21
591.665660471194
 31
0.0
  0
LINE
  5
122
  8
MOSFET$TRACES
 10
-654.1695260906017
 20
591.665660471194
 30
0.0
 11
-654.1629634824385
 21
591.6729742901529
 31
0.0
  0
LINE
  5
123
  8
MOSFET$TRACES
 10
-654.1629634824385
 20
591.6729742901529
 30
0.0
 11
-654.1561497707917
 21
591.6801198140604
 31
0.0
  0
LINE
  5
124
  8
MOSFET$TRACES
 10
-654.1561497707917
 20
591.6801198140604
 30
0.0
 11
-654.1490888440785
 21
591.6870996490188
 31
0.0
  0
LINE
  5
125
  8
MOSFET$TRACES
 10
-654.1490888440785
 20
591.6870996490188
 30
0.0
 11
-654.1417850464823
 21
591.6939167065946
 31
0.0
  0
LINE
  5
126
  8
MOSFET$TRACES
 10
-654.1417850464823
 20
591.6939167065946
 30
0.0
 11
-654.1342431622361
 21
591.7005741932858
 31
0.0
  0
LINE
  5
127
  8
MOSFET$TRACES
 10
-654.1342431622361
 20
591.7005741932858
 30
0.0
 11
-654.126468399907
 21
591.707075599988
 31
0.0
  0
LINE
  5
128
  8
MOSFET$TRACES
 10
-654.126468399907
 20
591.707075599988
 30
0.0
 11
-654.1184663766799
 21
591.7134246914616
 31
0.0
  0
LINE
  5
129
  8
MOSFET$TRACES
 10
-654.1184663766799
 20
591.7134246914616
 30
0.0
 11
-654.1102431026411
 21
591.7196254957979
 31
0.0
  0
LINE
  5
12A
  8
MOSFET$TRACES
 10
-654.1102431026411
 20
591.7196254957979
 30
0.0
 11
-654.1018049650629
 21
591.7256822938865
 31
0.0
  0
LINE
  5
12B
  8
MOSFET$TRACES
 10
-654.1018049650629
 20
591.7256822938865
 30
0.0
 11
-654.093158712687
 21
591.7315996088819
 31
0.0
  0
LINE
  5
12C
  8
MOSFET$TRACES
 10
-654.093158712687
 20
591.7315996088819
 30
0.0
 11
-654.0843114400086
 21
591.7373821956702
 31
0.0
  0
LINE
  5
12D
  8
MOSFET$TRACES
 10
-654.0843114400086
 20
591.7373821956702
 30
0.0
 11
-654.0752705715604
 21
591.7430350303356
 31
0.0
  0
LINE
  5
12E
  8
MOSFET$TRACES
 10
-654.0752705715604
 20
591.7430350303356
 30
0.0
 11
-654.0660438461964
 21
591.7485632996277
 31
0.0
  0
LINE
  5
12F
  8
MOSFET$TRACES
 10
-654.0660438461964
 20
591.7485632996277
 30
0.0
 11
-654.0470652574477
 21
591.7592678792145
 31
0.0
  0
LINE
  5
130
  8
MOSFET$TRACES
 10
-654.0470652574477
 20
591.7592678792145
 30
0.0
 11
-654.0274432738115
 21
591.7695412414636
 31
0.0
  0
LINE
  5
131
  8
MOSFET$TRACES
 10
-654.0274432738115
 20
591.7695412414636
 30
0.0
 11
-654.0072495186505
 21
591.7794313899201
 31
0.0
  0
LINE
  5
132
  8
MOSFET$TRACES
 10
-654.0072495186505
 20
591.7794313899201
 30
0.0
 11
-653.9865591357266
 21
591.7889886875785
 31
0.0
  0
LINE
  5
133
  8
MOSFET$TRACES
 10
-653.9865591357266
 20
591.7889886875785
 30
0.0
 11
-653.9654502862868
 21
591.7982655198175
 31
0.0
  0
LINE
  5
134
  8
MOSFET$TRACES
 10
-653.9654502862868
 20
591.7982655198175
 30
0.0
 11
-653.8784708970961
 21
591.8336678100268
 31
0.0
  0
LINE
  5
135
  8
MOSFET$TRACES
 10
-653.8784708970961
 20
591.8336678100268
 30
0.0
 11
-653.7914915079054
 21
591.8690701002361
 31
0.0
  0
LINE
  5
136
  8
MOSFET$TRACES
 10
-653.7914915079054
 20
591.8690701002361
 30
0.0
 11
-653.7703826584657
 21
591.8783469324751
 31
0.0
  0
LINE
  5
137
  8
MOSFET$TRACES
 10
-653.7703826584657
 20
591.8783469324751
 30
0.0
 11
-653.7496922755417
 21
591.8879042301335
 31
0.0
  0
LINE
  5
138
  8
MOSFET$TRACES
 10
-653.7496922755417
 20
591.8879042301335
 30
0.0
 11
-653.7294985203807
 21
591.89779437859
 31
0.0
  0
LINE
  5
139
  8
MOSFET$TRACES
 10
-653.7294985203807
 20
591.89779437859
 30
0.0
 11
-653.7098765367446
 21
591.9080677408391
 31
0.0
  0
LINE
  5
13A
  8
MOSFET$TRACES
 10
-653.7098765367446
 20
591.9080677408391
 30
0.0
 11
-653.6908979479958
 21
591.9187723204259
 31
0.0
  0
LINE
  5
13B
  8
MOSFET$TRACES
 10
-653.6908979479958
 20
591.9187723204259
 30
0.0
 11
-653.6816712226318
 21
591.924300589718
 31
0.0
  0
LINE
  5
13C
  8
MOSFET$TRACES
 10
-653.6816712226318
 20
591.924300589718
 30
0.0
 11
-653.6726303541836
 21
591.9299534243834
 31
0.0
  0
LINE
  5
13D
  8
MOSFET$TRACES
 10
-653.6726303541836
 20
591.9299534243834
 30
0.0
 11
-653.6637830815052
 21
591.9357360111717
 31
0.0
  0
LINE
  5
13E
  8
MOSFET$TRACES
 10
-653.6637830815052
 20
591.9357360111717
 30
0.0
 11
-653.6551368291293
 21
591.941653326167
 31
0.0
  0
LINE
  5
13F
  8
MOSFET$TRACES
 10
-653.6551368291293
 20
591.941653326167
 30
0.0
 11
-653.6466986915511
 21
591.9477101242557
 31
0.0
  0
LINE
  5
140
  8
MOSFET$TRACES
 10
-653.6466986915511
 20
591.9477101242557
 30
0.0
 11
-653.6384754175124
 21
591.953910928592
 31
0.0
  0
LINE
  5
141
  8
MOSFET$TRACES
 10
-653.6384754175124
 20
591.953910928592
 30
0.0
 11
-653.6304733942852
 21
591.9602600200656
 31
0.0
  0
LINE
  5
142
  8
MOSFET$TRACES
 10
-653.6304733942852
 20
591.9602600200656
 30
0.0
 11
-653.6226986319562
 21
591.9667614267678
 31
0.0
  0
LINE
  5
143
  8
MOSFET$TRACES
 10
-653.6226986319562
 20
591.9667614267678
 30
0.0
 11
-653.61515674771
 21
591.973418913459
 31
0.0
  0
LINE
  5
144
  8
MOSFET$TRACES
 10
-653.61515674771
 20
591.973418913459
 30
0.0
 11
-653.6078529501137
 21
591.9802359710347
 31
0.0
  0
LINE
  5
145
  8
MOSFET$TRACES
 10
-653.6078529501137
 20
591.9802359710347
 30
0.0
 11
-653.6007920234006
 21
591.9872158059932
 31
0.0
  0
LINE
  5
146
  8
MOSFET$TRACES
 10
-653.6007920234006
 20
591.9872158059932
 30
0.0
 11
-653.5939783117537
 21
591.9943613299006
 31
0.0
  0
LINE
  5
147
  8
MOSFET$TRACES
 10
-653.5939783117537
 20
591.9943613299006
 30
0.0
 11
-653.5874157035905
 21
592.0016751488595
 31
0.0
  0
LINE
  5
148
  8
MOSFET$TRACES
 10
-653.5874157035905
 20
592.0016751488595
 30
0.0
 11
-653.5811076158461
 21
592.0091595529748
 31
0.0
  0
LINE
  5
149
  8
MOSFET$TRACES
 10
-653.5811076158461
 20
592.0091595529748
 30
0.0
 11
-653.5750569782576
 21
592.0168165058203
 31
0.0
  0
LINE
  5
14A
  8
MOSFET$TRACES
 10
-653.5750569782576
 20
592.0168165058203
 30
0.0
 11
-653.569266217648
 21
592.0246476339059
 31
0.0
  0
LINE
  5
14B
  8
MOSFET$TRACES
 10
-653.569266217648
 20
592.0246476339059
 30
0.0
 11
-653.5637372422098
 21
592.032654216144
 31
0.0
  0
LINE
  5
14C
  8
MOSFET$TRACES
 10
-653.5637372422098
 20
592.032654216144
 30
0.0
 11
-653.5584714257893
 21
592.0408371733165
 31
0.0
  0
LINE
  5
14D
  8
MOSFET$TRACES
 10
-653.5584714257893
 20
592.0408371733165
 30
0.0
 11
-653.5534695921706
 21
592.0491970575415
 31
0.0
  0
LINE
  5
14E
  8
MOSFET$TRACES
 10
-653.5534695921706
 20
592.0491970575415
 30
0.0
 11
-653.548731999359
 21
592.0577340417398
 31
0.0
  0
LINE
  5
14F
  8
MOSFET$TRACES
 10
-653.548731999359
 20
592.0577340417398
 30
0.0
 11
-653.5442583238655
 21
592.066447909102
 31
0.0
  0
LINE
  5
150
  8
MOSFET$TRACES
 10
-653.5442583238655
 20
592.066447909102
 30
0.0
 11
-653.5400476449904
 21
592.0753380425549
 31
0.0
  0
LINE
  5
151
  8
MOSFET$TRACES
 10
-653.5400476449904
 20
592.0753380425549
 30
0.0
 11
-653.5360984291074
 21
592.0844034142287
 31
0.0
  0
LINE
  5
152
  8
MOSFET$TRACES
 10
-653.5360984291074
 20
592.0844034142287
 30
0.0
 11
-653.5324085139473
 21
592.0936425749233
 31
0.0
  0
LINE
  5
153
  8
MOSFET$TRACES
 10
-653.5324085139473
 20
592.0936425749233
 30
0.0
 11
-653.5289750928823
 21
592.1030536435753
 31
0.0
  0
LINE
  5
154
  8
MOSFET$TRACES
 10
-653.5289750928823
 20
592.1030536435753
 30
0.0
 11
-653.5257946992097
 21
592.1126342967245
 31
0.0
  0
LINE
  5
155
  8
MOSFET$TRACES
 10
-653.5257946992097
 20
592.1126342967245
 30
0.0
 11
-653.5228631904356
 21
592.122381757981
 31
0.0
  0
LINE
  5
156
  8
MOSFET$TRACES
 10
-653.5228631904356
 20
592.122381757981
 30
0.0
 11
-653.5201757325594
 21
592.1322927874917
 31
0.0
  0
LINE
  5
157
  8
MOSFET$TRACES
 10
-653.5201757325594
 20
592.1322927874917
 30
0.0
 11
-653.5177267843574
 21
592.1423636714069
 31
0.0
  0
LINE
  5
158
  8
MOSFET$TRACES
 10
-653.5177267843574
 20
592.1423636714069
 30
0.0
 11
-653.5155100816664
 21
592.1525902113478
 31
0.0
  0
LINE
  5
159
  8
MOSFET$TRACES
 10
-653.5155100816664
 20
592.1525902113478
 30
0.0
 11
-653.5135186216685
 21
592.1629677138724
 31
0.0
  0
LINE
  5
15A
  8
MOSFET$TRACES
 10
-653.5135186216685
 20
592.1629677138724
 30
0.0
 11
-653.511744647174
 21
592.1734909799421
 31
0.0
  0
LINE
  5
15B
  8
MOSFET$TRACES
 10
-653.511744647174
 20
592.1734909799421
 30
0.0
 11
-653.5101796309064
 21
592.1841542943897
 31
0.0
  0
LINE
  5
15C
  8
MOSFET$TRACES
 10
-653.5101796309064
 20
592.1841542943897
 30
0.0
 11
-653.5088142597851
 21
592.1949514153848
 31
0.0
  0
LINE
  5
15D
  8
MOSFET$TRACES
 10
-653.5088142597851
 20
592.1949514153848
 30
0.0
 11
-653.5066411773478
 21
592.2169194131839
 31
0.0
  0
LINE
  5
15E
  8
MOSFET$TRACES
 10
-653.5066411773478
 20
592.2169194131839
 30
0.0
 11
-653.5051345819411
 21
592.2393341051805
 31
0.0
  0
LINE
  5
15F
  8
MOSFET$TRACES
 10
-653.5051345819411
 20
592.2393341051805
 30
0.0
 11
-653.5041900769611
 21
592.2621255224858
 31
0.0
  0
LINE
  5
160
  8
MOSFET$TRACES
 10
-653.5041900769611
 20
592.2621255224858
 30
0.0
 11
-653.5036891842065
 21
592.2852142584154
 31
0.0
  0
LINE
  5
161
  8
MOSFET$TRACES
 10
-653.5036891842065
 20
592.2852142584154
 30
0.0
 11
-653.503470897096
 21
592.3319168480526
 31
0.0
  0
LINE
  5
162
  8
MOSFET$TRACES
 10
-653.503470897096
 20
592.3319168480526
 30
0.0
 11
-653.503470897096
 21
596.7381508763881
 31
0.0
  0
ARC
  5
163
  8
MOSFET$TRACES
 10
-654.0034708970962
 20
596.738150876388
 30
0.0
 40
0.5000000000002274
 50
0.0000000000130276
 51
89.99999999997394
  0
LINE
  5
164
  8
MOSFET$TRACES
 10
-654.003470897096
 20
597.2381508763882
 30
0.0
 11
-655.3034708970956
 21
597.2381508763882
 31
0.0
  0
ARC
  5
165
  8
MOSFET$TRACES
 10
-655.3034708970958
 20
596.7381508763885
 30
0.0
 40
0.4999999999996589
 50
89.99999999997394
 51
180.0000000000391
  0
LINE
  5
166
  8
MOSFET$TRACES
 10
-655.8034708970957
 20
596.7381508763882
 30
0.0
 11
-655.8034708970957
 21
592.3319168480526
 31
0.0
  0
LINE
  5
167
  8
MOSFET$TRACES
 10
-655.8034708970957
 20
592.3319168480526
 30
0.0
 11
-655.8032526099855
 21
592.2852142584154
 31
0.0
  0
LINE
  5
168
  8
MOSFET$TRACES
 10
-655.8032526099855
 20
592.2852142584154
 30
0.0
 11
-655.8027517172309
 21
592.2621255224858
 31
0.0
  0
LINE
  5
169
  8
MOSFET$TRACES
 10
-655.8027517172309
 20
592.2621255224858
 30
0.0
 11
-655.8018072122509
 21
592.2393341051805
 31
0.0
  0
LINE
  5
16A
  8
MOSFET$TRACES
 10
-655.8018072122509
 20
592.2393341051805
 30
0.0
 11
-655.8003006168442
 21
592.2169194131839
 31
0.0
  0
LINE
  5
16B
  8
MOSFET$TRACES
 10
-655.8003006168442
 20
592.2169194131839
 30
0.0
 11
-655.7981275344068
 21
592.1949514153848
 31
0.0
  0
LINE
  5
16C
  8
MOSFET$TRACES
 10
-655.7981275344068
 20
592.1949514153848
 30
0.0
 11
-655.7967621632856
 21
592.1841542943898
 31
0.0
  0
LINE
  5
16D
  8
MOSFET$TRACES
 10
-655.7967621632856
 20
592.1841542943898
 30
0.0
 11
-655.7951971470179
 21
592.1734909799424
 31
0.0
  0
LINE
  5
16E
  8
MOSFET$TRACES
 10
-655.7951971470179
 20
592.1734909799424
 30
0.0
 11
-655.7934231725235
 21
592.1629677138726
 31
0.0
  0
LINE
  5
16F
  8
MOSFET$TRACES
 10
-655.7934231725235
 20
592.1629677138726
 30
0.0
 11
-655.7914317125255
 21
592.1525902113481
 31
0.0
  0
LINE
  5
170
  8
MOSFET$TRACES
 10
-655.7914317125255
 20
592.1525902113481
 30
0.0
 11
-655.7892150098346
 21
592.1423636714071
 31
0.0
  0
LINE
  5
171
  8
MOSFET$TRACES
 10
-655.7892150098346
 20
592.1423636714071
 30
0.0
 11
-655.7867660616325
 21
592.1322927874919
 31
0.0
  0
LINE
  5
172
  8
MOSFET$TRACES
 10
-655.7867660616325
 20
592.1322927874919
 30
0.0
 11
-655.7840786037564
 21
592.1223817579812
 31
0.0
  0
LINE
  5
173
  8
MOSFET$TRACES
 10
-655.7840786037564
 20
592.1223817579812
 30
0.0
 11
-655.7811470949823
 21
592.1126342967248
 31
0.0
  0
LINE
  5
174
  8
MOSFET$TRACES
 10
-655.7811470949823
 20
592.1126342967248
 30
0.0
 11
-655.7779667013097
 21
592.1030536435755
 31
0.0
  0
LINE
  5
175
  8
MOSFET$TRACES
 10
-655.7779667013097
 20
592.1030536435755
 30
0.0
 11
-655.7745332802447
 21
592.0936425749235
 31
0.0
  0
LINE
  5
176
  8
MOSFET$TRACES
 10
-655.7745332802447
 20
592.0936425749235
 30
0.0
 11
-655.7708433650846
 21
592.084403414229
 31
0.0
  0
LINE
  5
177
  8
MOSFET$TRACES
 10
-655.7708433650846
 20
592.084403414229
 30
0.0
 11
-655.7668941492016
 21
592.0753380425551
 31
0.0
  0
LINE
  5
178
  8
MOSFET$TRACES
 10
-655.7668941492016
 20
592.0753380425551
 30
0.0
 11
-655.7626834703265
 21
592.0664479091022
 31
0.0
  0
LINE
  5
179
  8
MOSFET$TRACES
 10
-655.7626834703265
 20
592.0664479091022
 30
0.0
 11
-655.758209794833
 21
592.05773404174
 31
0.0
  0
LINE
  5
17A
  8
MOSFET$TRACES
 10
-655.758209794833
 20
592.05773404174
 30
0.0
 11
-655.7534722020214
 21
592.0491970575417
 31
0.0
  0
LINE
  5
17B
  8
MOSFET$TRACES
 10
-655.7534722020214
 20
592.0491970575417
 30
0.0
 11
-655.7484703684026
 21
592.0408371733167
 31
0.0
  0
LINE
  5
17C
  8
MOSFET$TRACES
 10
-655.7484703684026
 20
592.0408371733167
 30
0.0
 11
-655.7432045519822
 21
592.0326542161442
 31
0.0
  0
LINE
  5
17D
  8
MOSFET$TRACES
 10
-655.7432045519822
 20
592.0326542161442
 30
0.0
 11
-655.737675576544
 21
592.0246476339062
 31
0.0
  0
LINE
  5
17E
  8
MOSFET$TRACES
 10
-655.737675576544
 20
592.0246476339062
 30
0.0
 11
-655.7318848159343
 21
592.0168165058205
 31
0.0
  0
LINE
  5
17F
  8
MOSFET$TRACES
 10
-655.7318848159343
 20
592.0168165058205
 30
0.0
 11
-655.7258341783458
 21
592.009159552975
 31
0.0
  0
LINE
  5
180
  8
MOSFET$TRACES
 10
-655.7258341783458
 20
592.009159552975
 30
0.0
 11
-655.7195260906014
 21
592.0016751488596
 31
0.0
  0
LINE
  5
181
  8
MOSFET$TRACES
 10
-655.7195260906014
 20
592.0016751488596
 30
0.0
 11
-655.7129634824382
 21
591.9943613299007
 31
0.0
  0
LINE
  5
182
  8
MOSFET$TRACES
 10
-655.7129634824382
 20
591.9943613299007
 30
0.0
 11
-655.7061497707914
 21
591.9872158059932
 31
0.0
  0
LINE
  5
183
  8
MOSFET$TRACES
 10
-655.7061497707914
 20
591.9872158059932
 30
0.0
 11
-655.6990888440782
 21
591.9802359710347
 31
0.0
  0
LINE
  5
184
  8
MOSFET$TRACES
 10
-655.6990888440782
 20
591.9802359710347
 30
0.0
 11
-655.691785046482
 21
591.973418913459
 31
0.0
  0
LINE
  5
185
  8
MOSFET$TRACES
 10
-655.691785046482
 20
591.973418913459
 30
0.0
 11
-655.6842431622358
 21
591.9667614267678
 31
0.0
  0
LINE
  5
186
  8
MOSFET$TRACES
 10
-655.6842431622358
 20
591.9667614267678
 30
0.0
 11
-655.6764683999068
 21
591.9602600200656
 31
0.0
  0
LINE
  5
187
  8
MOSFET$TRACES
 10
-655.6764683999068
 20
591.9602600200656
 30
0.0
 11
-655.6684663766796
 21
591.953910928592
 31
0.0
  0
LINE
  5
188
  8
MOSFET$TRACES
 10
-655.6684663766796
 20
591.953910928592
 30
0.0
 11
-655.6602431026408
 21
591.9477101242557
 31
0.0
  0
LINE
  5
189
  8
MOSFET$TRACES
 10
-655.6602431026408
 20
591.9477101242557
 30
0.0
 11
-655.6518049650626
 21
591.941653326167
 31
0.0
  0
LINE
  5
18A
  8
MOSFET$TRACES
 10
-655.6518049650626
 20
591.941653326167
 30
0.0
 11
-655.6431587126867
 21
591.9357360111717
 31
0.0
  0
LINE
  5
18B
  8
MOSFET$TRACES
 10
-655.6431587126867
 20
591.9357360111717
 30
0.0
 11
-655.6343114400083
 21
591.9299534243834
 31
0.0
  0
LINE
  5
18C
  8
MOSFET$TRACES
 10
-655.6343114400083
 20
591.9299534243834
 30
0.0
 11
-655.6252705715601
 21
591.924300589718
 31
0.0
  0
LINE
  5
18D
  8
MOSFET$TRACES
 10
-655.6252705715601
 20
591.924300589718
 30
0.0
 11
-655.6160438461961
 21
591.9187723204259
 31
0.0
  0
LINE
  5
18E
  8
MOSFET$TRACES
 10
-655.6160438461961
 20
591.9187723204259
 30
0.0
 11
-655.5970652574474
 21
591.9080677408391
 31
0.0
  0
LINE
  5
18F
  8
MOSFET$TRACES
 10
-655.5970652574474
 20
591.9080677408391
 30
0.0
 11
-655.5774432738112
 21
591.89779437859
 31
0.0
  0
LINE
  5
190
  8
MOSFET$TRACES
 10
-655.5774432738112
 20
591.89779437859
 30
0.0
 11
-655.5572495186502
 21
591.8879042301335
 31
0.0
  0
LINE
  5
191
  8
MOSFET$TRACES
 10
-655.5572495186502
 20
591.8879042301335
 30
0.0
 11
-655.5365591357263
 21
591.8783469324751
 31
0.0
  0
LINE
  5
192
  8
MOSFET$TRACES
 10
-655.5365591357263
 20
591.8783469324751
 30
0.0
 11
-655.5154502862865
 21
591.8690701002361
 31
0.0
  0
LINE
  5
193
  8
MOSFET$TRACES
 10
-655.5154502862865
 20
591.8690701002361
 30
0.0
 11
-655.428470897096
 21
591.8336678100268
 31
0.0
  0
LINE
  5
194
  8
MOSFET$TRACES
 10
-655.428470897096
 20
591.8336678100268
 30
0.0
 11
-655.3414915079054
 21
591.7982655198175
 31
0.0
  0
LINE
  5
195
  8
MOSFET$TRACES
 10
-655.3414915079054
 20
591.7982655198175
 30
0.0
 11
-655.3203826584656
 21
591.7889886875785
 31
0.0
  0
LINE
  5
196
  8
MOSFET$TRACES
 10
-655.3203826584656
 20
591.7889886875785
 30
0.0
 11
-655.2996922755417
 21
591.7794313899201
 31
0.0
  0
LINE
  5
197
  8
MOSFET$TRACES
 10
-655.2996922755417
 20
591.7794313899201
 30
0.0
 11
-655.2794985203807
 21
591.7695412414636
 31
0.0
  0
LINE
  5
198
  8
MOSFET$TRACES
 10
-655.2794985203807
 20
591.7695412414636
 30
0.0
 11
-655.2598765367445
 21
591.7592678792145
 31
0.0
  0
LINE
  5
199
  8
MOSFET$TRACES
 10
-655.2598765367445
 20
591.7592678792145
 30
0.0
 11
-655.2408979479958
 21
591.7485632996277
 31
0.0
  0
LINE
  5
19A
  8
MOSFET$TRACES
 10
-655.2408979479958
 20
591.7485632996277
 30
0.0
 11
-655.2316712226318
 21
591.7430350303356
 31
0.0
  0
LINE
  5
19B
  8
MOSFET$TRACES
 10
-655.2316712226318
 20
591.7430350303356
 30
0.0
 11
-655.2226303541836
 21
591.7373821956702
 31
0.0
  0
LINE
  5
19C
  8
MOSFET$TRACES
 10
-655.2226303541836
 20
591.7373821956702
 30
0.0
 11
-655.2137830815052
 21
591.7315996088819
 31
0.0
  0
LINE
  5
19D
  8
MOSFET$TRACES
 10
-655.2137830815052
 20
591.7315996088819
 30
0.0
 11
-655.2051368291293
 21
591.7256822938865
 31
0.0
  0
LINE
  5
19E
  8
MOSFET$TRACES
 10
-655.2051368291293
 20
591.7256822938865
 30
0.0
 11
-655.1966986915511
 21
591.7196254957979
 31
0.0
  0
LINE
  5
19F
  8
MOSFET$TRACES
 10
-655.1966986915511
 20
591.7196254957979
 30
0.0
 11
-655.1884754175123
 21
591.7134246914616
 31
0.0
  0
LINE
  5
1A0
  8
MOSFET$TRACES
 10
-655.1884754175123
 20
591.7134246914616
 30
0.0
 11
-655.1804733942852
 21
591.707075599988
 31
0.0
  0
LINE
  5
1A1
  8
MOSFET$TRACES
 10
-655.1804733942852
 20
591.707075599988
 30
0.0
 11
-655.1726986319561
 21
591.7005741932858
 31
0.0
  0
LINE
  5
1A2
  8
MOSFET$TRACES
 10
-655.1726986319561
 20
591.7005741932858
 30
0.0
 11
-655.16515674771
 21
591.6939167065946
 31
0.0
  0
LINE
  5
1A3
  8
MOSFET$TRACES
 10
-655.16515674771
 20
591.6939167065946
 30
0.0
 11
-655.1578529501137
 21
591.6870996490188
 31
0.0
  0
LINE
  5
1A4
  8
MOSFET$TRACES
 10
-655.1578529501137
 20
591.6870996490188
 30
0.0
 11
-655.1507920234005
 21
591.6801198140604
 31
0.0
  0
LINE
  5
1A5
  8
MOSFET$TRACES
 10
-655.1507920234005
 20
591.6801198140604
 30
0.0
 11
-655.1439783117537
 21
591.6729742901529
 31
0.0
  0
LINE
  5
1A6
  8
MOSFET$TRACES
 10
-655.1439783117537
 20
591.6729742901529
 30
0.0
 11
-655.1374157035905
 21
591.665660471194
 31
0.0
  0
LINE
  5
1A7
  8
MOSFET$TRACES
 10
-655.1374157035905
 20
591.665660471194
 30
0.0
 11
-655.1311076158461
 21
591.6581760670786
 31
0.0
  0
LINE
  5
1A8
  8
MOSFET$TRACES
 10
-655.1311076158461
 20
591.6581760670786
 30
0.0
 11
-655.1250569782576
 21
591.650519114233
 31
0.0
  0
LINE
  5
1A9
  8
MOSFET$TRACES
 10
-655.1250569782576
 20
591.650519114233
 30
0.0
 11
-655.1192662176479
 21
591.6426879861474
 31
0.0
  0
LINE
  5
1AA
  8
MOSFET$TRACES
 10
-655.1192662176479
 20
591.6426879861474
 30
0.0
 11
-655.1137372422097
 21
591.6346814039093
 31
0.0
  0
LINE
  5
1AB
  8
MOSFET$TRACES
 10
-655.1137372422097
 20
591.6346814039093
 30
0.0
 11
-655.1084714257893
 21
591.6264984467368
 31
0.0
  0
LINE
  5
1AC
  8
MOSFET$TRACES
 10
-655.1084714257893
 20
591.6264984467368
 30
0.0
 11
-655.1034695921705
 21
591.6181385625118
 31
0.0
  0
LINE
  5
1AD
  8
MOSFET$TRACES
 10
-655.1034695921705
 20
591.6181385625118
 30
0.0
 11
-655.098731999359
 21
591.6096015783136
 31
0.0
  0
LINE
  5
1AE
  8
MOSFET$TRACES
 10
-655.098731999359
 20
591.6096015783136
 30
0.0
 11
-655.0942583238655
 21
591.6008877109514
 31
0.0
  0
LINE
  5
1AF
  8
MOSFET$TRACES
 10
-655.0942583238655
 20
591.6008877109514
 30
0.0
 11
-655.0900476449904
 21
591.5919975774984
 31
0.0
  0
LINE
  5
1B0
  8
MOSFET$TRACES
 10
-655.0900476449904
 20
591.5919975774984
 30
0.0
 11
-655.0860984291073
 21
591.5829322058246
 31
0.0
  0
LINE
  5
1B1
  8
MOSFET$TRACES
 10
-655.0860984291073
 20
591.5829322058246
 30
0.0
 11
-655.0824085139473
 21
591.5736930451301
 31
0.0
  0
LINE
  5
1B2
  8
MOSFET$TRACES
 10
-655.0824085139473
 20
591.5736930451301
 30
0.0
 11
-655.0789750928823
 21
591.564281976478
 31
0.0
  0
LINE
  5
1B3
  8
MOSFET$TRACES
 10
-655.0789750928823
 20
591.564281976478
 30
0.0
 11
-655.0757946992096
 21
591.5547013233288
 31
0.0
  0
LINE
  5
1B4
  8
MOSFET$TRACES
 10
-655.0757946992096
 20
591.5547013233288
 30
0.0
 11
-655.0728631904356
 21
591.5449538620724
 31
0.0
  0
LINE
  5
1B5
  8
MOSFET$TRACES
 10
-655.0728631904356
 20
591.5449538620724
 30
0.0
 11
-655.0701757325594
 21
591.5350428325617
 31
0.0
  0
LINE
  5
1B6
  8
MOSFET$TRACES
 10
-655.0701757325594
 20
591.5350428325617
 30
0.0
 11
-655.0677267843573
 21
591.5249719486465
 31
0.0
  0
LINE
  5
1B7
  8
MOSFET$TRACES
 10
-655.0677267843573
 20
591.5249719486465
 30
0.0
 11
-655.0655100816664
 21
591.5147454087055
 31
0.0
  0
LINE
  5
1B8
  8
MOSFET$TRACES
 10
-655.0655100816664
 20
591.5147454087055
 30
0.0
 11
-655.0635186216684
 21
591.504367906181
 31
0.0
  0
LINE
  5
1B9
  8
MOSFET$TRACES
 10
-655.0635186216684
 20
591.504367906181
 30
0.0
 11
-655.061744647174
 21
591.4938446401112
 31
0.0
  0
LINE
  5
1BA
  8
MOSFET$TRACES
 10
-655.061744647174
 20
591.4938446401112
 30
0.0
 11
-655.0601796309063
 21
591.4831813256636
 31
0.0
  0
LINE
  5
1BB
  8
MOSFET$TRACES
 10
-655.0601796309063
 20
591.4831813256636
 30
0.0
 11
-655.0588142597851
 21
591.4723842046685
 31
0.0
  0
LINE
  5
1BC
  8
MOSFET$TRACES
 10
-655.0588142597851
 20
591.4723842046685
 30
0.0
 11
-655.0566411773477
 21
591.4504162068695
 31
0.0
  0
LINE
  5
1BD
  8
MOSFET$TRACES
 10
-655.0566411773477
 20
591.4504162068695
 30
0.0
 11
-655.055134581941
 21
591.4280015148729
 31
0.0
  0
LINE
  5
1BE
  8
MOSFET$TRACES
 10
-655.055134581941
 20
591.4280015148729
 30
0.0
 11
-655.054190076961
 21
591.4052100975678
 31
0.0
  0
LINE
  5
1BF
  8
MOSFET$TRACES
 10
-655.054190076961
 20
591.4052100975678
 30
0.0
 11
-655.0536891842064
 21
591.3821213616382
 31
0.0
  0
LINE
  5
1C0
  8
MOSFET$TRACES
 10
-655.0536891842064
 20
591.3821213616382
 30
0.0
 11
-655.0534708970962
 21
591.3354187720008
 31
0.0
  0
LINE
  5
1C1
  8
MOSFET$TRACES
 10
-667.5393957294377
 20
592.8319168480525
 30
0.0
 11
-667.5393957294377
 21
594.1496460546863
 31
0.0
  0
LINE
  5
1C2
  8
MOSFET$TRACES
 10
-667.5393957294377
 20
594.1496460546863
 30
0.0
 11
-667.5393957294377
 21
596.6499999999999
 31
0.0
  0
ARC
  5
1C3
  8
MOSFET$TRACES
 10
667.0393957294377
 20
596.6499999999999
 30
0.0
 40
0.5
 50
0.0
 51
89.99999288726929
210
0.0
220
0.0
230
-1.0
  0
LINE
  5
1C4
  8
MOSFET$TRACES
 10
-667.039395791508
 20
597.1499999999999
 30
0.0
 11
-665.7501162089327
 21
597.1499999999999
 31
0.0
  0
ARC
  5
1C5
  8
MOSFET$TRACES
 10
665.7501162089327
 20
596.6499999999999
 30
0.0
 40
0.5
 50
90.0
 51
179.99999898531
210
0.0
220
0.0
230
-1.0
  0
LINE
  5
1C6
  8
MOSFET$TRACES
 10
-665.2501162089327
 20
596.6500000088547
 30
0.0
 11
-665.2501161814824
 21
595.1
 31
0.0
  0
LINE
  5
1C7
  8
MOSFET$TRACES
 10
-665.2501161814824
 20
595.1
 30
0.0
 11
-665.2501161814824
 21
594.6496460546864
 31
0.0
  0
ARC
  5
1C8
  8
MOSFET$TRACES
 10
-664.7501161814824
 20
594.6496460546864
 30
0.0
 40
0.5
 50
180.0
 51
270.000000000013
  0
LINE
  5
1C9
  8
MOSFET$TRACES
 10
-664.7501161814823
 20
594.1496460546864
 30
0.0
 11
-659.8034708970958
 21
594.1496460546864
 31
0.0
  0
ARC
  5
1CA
  8
MOSFET$TRACES
 10
-659.803470897096
 20
594.6496460546864
 30
0.0
 40
0.5
 50
270.000000000013
 51
0.0
  0
LINE
  5
1CB
  8
MOSFET$TRACES
 10
-659.303470897096
 20
594.6496460546864
 30
0.0
 11
-659.3034708970958
 21
596.3881508763016
 31
0.0
  0
LINE
  5
1CC
  8
MOSFET$TRACES
 10
-659.3034708970958
 20
596.3881508763016
 30
0.0
 11
-659.3034708970958
 21
596.9381508763015
 31
0.0
  0
ARC
  5
1CD
  8
MOSFET$TRACES
 10
659.0034708970959
 20
596.9381508763013
 30
0.0
 40
0.2999999999999545
 50
0.0000000000434252
 51
90.00000000002173
210
0.0
220
0.0
230
-1.0
  0
LINE
  5
1CE
  8
MOSFET$TRACES
 10
-659.0034708970958
 20
597.2381508763015
 30
0.0
 11
-657.3034708970961
 21
597.2381508763015
 31
0.0
  0
ARC
  5
1CF
  8
MOSFET$TRACES
 10
657.3034708970963
 20
596.9381508763013
 30
0.0
 40
0.3000000000001819
 50
90.00000000004343
 51
179.9999999999566
210
0.0
220
0.0
230
-1.0
  0
LINE
  5
1D0
  8
MOSFET$TRACES
 10
-657.0034708970961
 20
596.9381508763015
 30
0.0
 11
-657.0034708970961
 21
595.9381508763016
 31
-0.0000000000000004
  0
LINE
  5
1D1
  8
MOSFET$TRACES
 10
-657.0034708970961
 20
595.9381508763016
 30
-0.0000000000000004
 11
-657.0034708970962
 21
592.8319168480526
 31
-0.0000000000000001
  0
ARC
  5
1D2
  8
MOSFET$TRACES
 10
657.503470897096
 20
592.8319168480524
 30
0.0000000000000001
 40
0.4999999999997726
 50
179.9999999999739
 51
270.000000000026
210
0.0
220
0.0
230
-1.0
  0
LINE
  5
1D3
  8
MOSFET$TRACES
 10
-657.5034708970962
 20
592.3319168480526
 30
0.0
 11
-667.0393957294376
 21
592.3319168480525
 31
0.0
  0
ARC
  5
1D4
  8
MOSFET$TRACES
 10
667.0393957294377
 20
592.8319168480525
 30
0.0
 40
0.5
 50
269.999999999987
 51
0.0
210
0.0
220
0.0
230
-1.0
  0
CIRCLE
  5
1D5
  8
HOLES
 10
662.6124498150539
 20
584.2531115062231
 30
0.0
 40
0.4150000000000063
210
0.0
220
0.0
230
-1.0
  0
CIRCLE
  5
1D6
  8
HOLES
 10
662.6124498150539
 20
593.2531115062231
 30
0.0
 40
0.4150000000000063
210
0.0
220
0.0
230
-1.0
  0
CIRCLE
  5
1D7
  8
HOLES
 10
654.653470897096
 20
594.9381508763017
 30
0.0
 40
0.4999999999999953
210
0.0
220
0.0
230
-1.0
  0
CIRCLE
  5
1D8
  8
HOLES
 10
658.153470897096
 20
594.9381508763017
 30
0.0
 40
0.4999999999999953
210
0.0
220
0.0
230
-1.0
  0
CIRCLE
  5
1D9
  8
HOLES
 10
661.6124498150539
 20
574.2531115062231
 30
0.0
 40
0.4150000000000063
210
0.0
220
0.0
230
-1.0
  0
LINE
  5
1DA
  8
MOSFET$TRACES
 10
-678.5924853751249
 20
565.2058347670109
 30
0.0
 11
-678.5924853751249
 21
561.0
 31
0.0
  0
ARC
  5
1DB
  8
MOSFET$TRACES
 10
678.9924853751252
 20
561.0
 30
0.0
 40
0.4000000000003183
 50
180.0
 51
213.5573097619203
210
0.0
220
0.0
230
-1.0
  0
ARC
  5
1DC
  8
MOSFET$TRACES
 10
-676.992485375125
 20
559.6733500838575
 30
0.0
 40
2.0
 50
146.4426902380725
 51
180.0
  0
LINE
  5
1DD
  8
MOSFET$TRACES
 10
-678.992485375125
 20
559.6733500838575
 30
0.0
 11
-678.9924853751252
 21
517.6081983907806
 31
0.0
  0
ARC
  5
1DE
  8
MOSFET$TRACES
 10
-678.4924853751252
 20
517.6081983907806
 30
0.0
 40
0.5
 50
180.0
 51
224.9999999999908
  0
LINE
  5
1DF
  8
MOSFET$TRACES
 10
-678.8460387657184
 20
517.2546450001872
 30
0.0
 11
-677.8278327549226
 21
516.2364389893914
 31
0.0
  0
ARC
  5
1E0
  8
MOSFET$TRACES
 10
-677.4742793643294
 20
516.5899923799848
 30
0.0
 40
0.5
 50
225.0000000000092
 51
270.0
  0
LINE
  5
1E1
  8
MOSFET$TRACES
 10
-677.4742793643295
 20
516.0899923799848
 30
0.0
 11
-667.2656386474591
 21
516.0899923799847
 31
0.0
  0
LINE
  5
1E2
  8
MOSFET$TRACES
 10
-667.2656386474591
 20
516.0899923799847
 30
0.0
 11
-667.2384375912447
 21
516.0901087997768
 31
0.0
  0
LINE
  5
1E3
  8
MOSFET$TRACES
 10
-667.2384375912447
 20
516.0901087997768
 30
0.0
 11
-667.2249099548526
 21
516.0903759425793
 31
0.0
  0
LINE
  5
1E4
  8
MOSFET$TRACES
 10
-667.2249099548526
 20
516.0903759425793
 30
0.0
 11
-667.2114648601887
 21
516.0908796785686
 31
0.0
  0
LINE
  5
1E5
  8
MOSFET$TRACES
 10
-667.2114648601887
 20
516.0908796785686
 30
0.0
 11
-667.1981243521718
 21
516.0916831961188
 31
0.0
  0
LINE
  5
1E6
  8
MOSFET$TRACES
 10
-667.1981243521718
 20
516.0916831961188
 30
0.0
 11
-667.1849078555961
 21
516.0928421734188
 31
0.0
  0
LINE
  5
1E7
  8
MOSFET$TRACES
 10
-667.1849078555961
 20
516.0928421734188
 30
0.0
 11
-667.1718322687063
 21
516.094405046693
 31
0.0
  0
LINE
  5
1E8
  8
MOSFET$TRACES
 10
-667.1718322687063
 20
516.094405046693
 30
0.0
 11
-667.1653519292707
 21
516.0953511664234
 31
0.0
  0
LINE
  5
1E9
  8
MOSFET$TRACES
 10
-667.1653519292707
 20
516.0953511664234
 30
0.0
 11
-667.1589120567751
 21
516.0964132784222
 31
0.0
  0
LINE
  5
1EA
  8
MOSFET$TRACES
 10
-667.1589120567751
 20
516.0964132784222
 30
0.0
 11
-667.1525140945788
 21
516.0975955198574
 31
0.0
  0
LINE
  5
1EB
  8
MOSFET$TRACES
 10
-667.1525140945788
 20
516.0975955198574
 30
0.0
 11
-667.1461593456773
 21
516.0989016255651
 31
0.0
  0
LINE
  5
1EC
  8
MOSFET$TRACES
 10
-667.1461593456773
 20
516.0989016255651
 30
0.0
 11
-667.1398489756264
 21
516.1003349364323
 31
0.0
  0
LINE
  5
1ED
  8
MOSFET$TRACES
 10
-667.1398489756264
 20
516.1003349364323
 30
0.0
 11
-667.1335840154666
 21
516.1018984077784
 31
0.0
  0
LINE
  5
1EE
  8
MOSFET$TRACES
 10
-667.1335840154666
 20
516.1018984077784
 30
0.0
 11
-667.1273653646476
 21
516.1035946177371
 31
0.0
  0
LINE
  5
1EF
  8
MOSFET$TRACES
 10
-667.1273653646476
 20
516.1035946177371
 30
0.0
 11
-667.1211937939518
 21
516.1054257756385
 31
0.0
  0
LINE
  5
1F0
  8
MOSFET$TRACES
 10
-667.1211937939518
 20
516.1054257756385
 30
0.0
 11
-667.1150699484192
 21
516.1073937303906
 31
0.0
  0
LINE
  5
1F1
  8
MOSFET$TRACES
 10
-667.1150699484192
 20
516.1073937303906
 30
0.0
 11
-667.1089943502716
 21
516.1094999788615
 31
0.0
  0
LINE
  5
1F2
  8
MOSFET$TRACES
 10
-667.1089943502716
 20
516.1094999788615
 30
0.0
 11
-667.1029674018365
 21
516.1117456742616
 31
0.0
  0
LINE
  5
1F3
  8
MOSFET$TRACES
 10
-667.1029674018365
 20
516.1117456742616
 30
0.0
 11
-667.0969893884717
 21
516.1141316345248
 31
0.0
  0
LINE
  5
1F4
  8
MOSFET$TRACES
 10
-667.0969893884717
 20
516.1141316345248
 30
0.0
 11
-667.0910604814892
 21
516.1166583506911
 31
0.0
  0
LINE
  5
1F5
  8
MOSFET$TRACES
 10
-667.0910604814892
 20
516.1166583506911
 30
0.0
 11
-667.0851807410796
 21
516.1193259952877
 31
0.0
  0
LINE
  5
1F6
  8
MOSFET$TRACES
 10
-667.0851807410796
 20
516.1193259952877
 30
0.0
 11
-667.0793501192367
 21
516.1221344307119
 31
0.0
  0
LINE
  5
1F7
  8
MOSFET$TRACES
 10
-667.0793501192367
 20
516.1221344307119
 30
0.0
 11
-667.0735684626814
 21
516.1250832176122
 31
0.0
  0
LINE
  5
1F8
  8
MOSFET$TRACES
 10
-667.0735684626814
 20
516.1250832176122
 30
0.0
 11
-667.0678355157854
 21
516.1281716232706
 31
0.0
  0
LINE
  5
1F9
  8
MOSFET$TRACES
 10
-667.0678355157854
 20
516.1281716232706
 30
0.0
 11
-667.0621509234969
 21
516.1313986299846
 31
0.0
  0
LINE
  5
1FA
  8
MOSFET$TRACES
 10
-667.0621509234969
 20
516.1313986299846
 30
0.0
 11
-667.0565142342632
 21
516.1347629434483
 31
0.0
  0
LINE
  5
1FB
  8
MOSFET$TRACES
 10
-667.0565142342632
 20
516.1347629434483
 30
0.0
 11
-667.0509249029562
 21
516.1382630011353
 31
0.0
  0
LINE
  5
1FC
  8
MOSFET$TRACES
 10
-667.0509249029562
 20
516.1382630011353
 30
0.0
 11
-667.0453822937961
 21
516.1418969806803
 31
0.0
  0
LINE
  5
1FD
  8
MOSFET$TRACES
 10
-667.0453822937961
 20
516.1418969806803
 30
0.0
 11
-667.0398856832753
 21
516.1456628082606
 31
0.0
  0
LINE
  5
1FE
  8
MOSFET$TRACES
 10
-667.0398856832753
 20
516.1456628082606
 30
0.0
 11
-667.0344342630835
 21
516.1495581669787
 31
0.0
  0
LINE
  5
1FF
  8
MOSFET$TRACES
 10
-667.0344342630835
 20
516.1495581669787
 30
0.0
 11
-667.0290271430315
 21
516.1535805052433
 31
0.0
  0
LINE
  5
200
  8
MOSFET$TRACES
 10
-667.0290271430315
 20
516.1535805052433
 30
0.0
 11
-667.023663353975
 21
516.1577270451521
 31
0.0
  0
LINE
  5
201
  8
MOSFET$TRACES
 10
-667.023663353975
 20
516.1577270451521
 30
0.0
 11
-667.01834185074
 21
516.1619947908732
 31
0.0
  0
LINE
  5
202
  8
MOSFET$TRACES
 10
-667.01834185074
 20
516.1619947908732
 30
0.0
 11
-667.0078211584294
 21
516.170880877069
 31
0.0
  0
LINE
  5
203
  8
MOSFET$TRACES
 10
-667.0078211584294
 20
516.170880877069
 30
0.0
 11
-666.9974552952181
 21
516.1802107570979
 31
0.0
  0
LINE
  5
204
  8
MOSFET$TRACES
 10
-666.9974552952181
 20
516.1802107570979
 30
0.0
 11
-666.9872334608889
 21
516.1899534737978
 31
0.0
  0
LINE
  5
205
  8
MOSFET$TRACES
 10
-666.9872334608889
 20
516.1899534737978
 30
0.0
 11
-666.9771439194667
 21
516.2000753877971
 31
0.0
  0
LINE
  5
206
  8
MOSFET$TRACES
 10
-666.9771439194667
 20
516.2000753877971
 30
0.0
 11
-666.9671740927929
 21
516.2105404457363
 31
0.0
  0
LINE
  5
207
  8
MOSFET$TRACES
 10
-666.9671740927929
 20
516.2105404457363
 30
0.0
 11
-666.957310654102
 21
516.221310448489
 31
0.0
  0
LINE
  5
208
  8
MOSFET$TRACES
 10
-666.957310654102
 20
516.221310448489
 30
0.0
 11
-666.9378464520258
 21
516.2436033724163
 31
0.0
  0
LINE
  5
209
  8
MOSFET$TRACES
 10
-666.9378464520258
 20
516.2436033724163
 30
0.0
 11
-666.8995471273538
 21
516.2899923799846
 31
0.0
  0
LINE
  5
20A
  8
MOSFET$TRACES
 10
-666.8995471273538
 20
516.2899923799846
 30
0.0
 11
-666.8612478026818
 21
516.3363813875529
 31
0.0
  0
LINE
  5
20B
  8
MOSFET$TRACES
 10
-666.8612478026818
 20
516.3363813875529
 30
0.0
 11
-666.8417836006056
 21
516.3586743114802
 31
0.0
  0
LINE
  5
20C
  8
MOSFET$TRACES
 10
-666.8417836006056
 20
516.3586743114802
 30
0.0
 11
-666.8319201619145
 21
516.3694443142329
 31
0.0
  0
LINE
  5
20D
  8
MOSFET$TRACES
 10
-666.8319201619145
 20
516.3694443142329
 30
0.0
 11
-666.8219503352407
 21
516.379909372172
 31
0.0
  0
LINE
  5
20E
  8
MOSFET$TRACES
 10
-666.8219503352407
 20
516.379909372172
 30
0.0
 11
-666.8118607938185
 21
516.3900312861714
 31
0.0
  0
LINE
  5
20F
  8
MOSFET$TRACES
 10
-666.8118607938185
 20
516.3900312861714
 30
0.0
 11
-666.8016389594893
 21
516.3997740028713
 31
0.0
  0
LINE
  5
210
  8
MOSFET$TRACES
 10
-666.8016389594893
 20
516.3997740028713
 30
0.0
 11
-666.791273096278
 21
516.4091038829002
 31
0.0
  0
LINE
  5
211
  8
MOSFET$TRACES
 10
-666.791273096278
 20
516.4091038829002
 30
0.0
 11
-666.7807524039674
 21
516.417989969096
 31
0.0
  0
LINE
  5
212
  8
MOSFET$TRACES
 10
-666.7807524039674
 20
516.417989969096
 30
0.0
 11
-666.7754309007323
 21
516.4222577148171
 31
0.0
  0
LINE
  5
213
  8
MOSFET$TRACES
 10
-666.7754309007323
 20
516.4222577148171
 30
0.0
 11
-666.7700671116759
 21
516.4264042547259
 31
0.0
  0
LINE
  5
214
  8
MOSFET$TRACES
 10
-666.7700671116759
 20
516.4264042547259
 30
0.0
 11
-666.7646599916238
 21
516.4304265929904
 31
0.0
  0
LINE
  5
215
  8
MOSFET$TRACES
 10
-666.7646599916238
 20
516.4304265929904
 30
0.0
 11
-666.759208571432
 21
516.4343219517086
 31
0.0
  0
LINE
  5
216
  8
MOSFET$TRACES
 10
-666.759208571432
 20
516.4343219517086
 30
0.0
 11
-666.7537119609112
 21
516.4380877792889
 31
0.0
  0
LINE
  5
217
  8
MOSFET$TRACES
 10
-666.7537119609112
 20
516.4380877792889
 30
0.0
 11
-666.7481693517511
 21
516.4417217588339
 31
0.0
  0
LINE
  5
218
  8
MOSFET$TRACES
 10
-666.7481693517511
 20
516.4417217588339
 30
0.0
 11
-666.7425800204442
 21
516.4452218165209
 31
0.0
  0
LINE
  5
219
  8
MOSFET$TRACES
 10
-666.7425800204442
 20
516.4452218165209
 30
0.0
 11
-666.7369433312105
 21
516.4485861299846
 31
0.0
  0
LINE
  5
21A
  8
MOSFET$TRACES
 10
-666.7369433312105
 20
516.4485861299846
 30
0.0
 11
-666.731258738922
 21
516.4518131366985
 31
0.0
  0
LINE
  5
21B
  8
MOSFET$TRACES
 10
-666.731258738922
 20
516.4518131366985
 30
0.0
 11
-666.725525792026
 21
516.454901542357
 31
0.0
  0
LINE
  5
21C
  8
MOSFET$TRACES
 10
-666.725525792026
 20
516.454901542357
 30
0.0
 11
-666.7197441354707
 21
516.4578503292573
 31
0.0
  0
LINE
  5
21D
  8
MOSFET$TRACES
 10
-666.7197441354707
 20
516.4578503292573
 30
0.0
 11
-666.7139135136277
 21
516.4606587646815
 31
0.0
  0
LINE
  5
21E
  8
MOSFET$TRACES
 10
-666.7139135136277
 20
516.4606587646815
 30
0.0
 11
-666.7080337732182
 21
516.4633264092781
 31
0.0
  0
LINE
  5
21F
  8
MOSFET$TRACES
 10
-666.7080337732182
 20
516.4633264092781
 30
0.0
 11
-666.7021048662357
 21
516.4658531254444
 31
0.0
  0
LINE
  5
220
  8
MOSFET$TRACES
 10
-666.7021048662357
 20
516.4658531254444
 30
0.0
 11
-666.6961268528709
 21
516.4682390857076
 31
0.0
  0
LINE
  5
221
  8
MOSFET$TRACES
 10
-666.6961268528709
 20
516.4682390857076
 30
0.0
 11
-666.6900999044358
 21
516.4704847811076
 31
0.0
  0
LINE
  5
222
  8
MOSFET$TRACES
 10
-666.6900999044358
 20
516.4704847811076
 30
0.0
 11
-666.6840243062882
 21
516.4725910295786
 31
0.0
  0
LINE
  5
223
  8
MOSFET$TRACES
 10
-666.6840243062882
 20
516.4725910295786
 30
0.0
 11
-666.6779004607556
 21
516.4745589843307
 31
0.0
  0
LINE
  5
224
  8
MOSFET$TRACES
 10
-666.6779004607556
 20
516.4745589843307
 30
0.0
 11
-666.6717288900597
 21
516.476390142232
 31
0.0
  0
LINE
  5
225
  8
MOSFET$TRACES
 10
-666.6717288900597
 20
516.476390142232
 30
0.0
 11
-666.6655102392408
 21
516.4780863521908
 31
0.0
  0
LINE
  5
226
  8
MOSFET$TRACES
 10
-666.6655102392408
 20
516.4780863521908
 30
0.0
 11
-666.659245279081
 21
516.4796498235369
 31
0.0
  0
LINE
  5
227
  8
MOSFET$TRACES
 10
-666.659245279081
 20
516.4796498235369
 30
0.0
 11
-666.65293490903
 21
516.4810831344043
 31
0.0
  0
LINE
  5
228
  8
MOSFET$TRACES
 10
-666.65293490903
 20
516.4810831344043
 30
0.0
 11
-666.6465801601286
 21
516.4823892401121
 31
0.0
  0
LINE
  5
229
  8
MOSFET$TRACES
 10
-666.6465801601286
 20
516.4823892401121
 30
0.0
 11
-666.6401821979323
 21
516.4835714815472
 31
0.0
  0
LINE
  5
22A
  8
MOSFET$TRACES
 10
-666.6401821979323
 20
516.4835714815472
 30
0.0
 11
-666.6337423254366
 21
516.484633593546
 31
0.0
  0
LINE
  5
22B
  8
MOSFET$TRACES
 10
-666.6337423254366
 20
516.484633593546
 30
0.0
 11
-666.627261986001
 21
516.4855797132764
 31
0.0
  0
LINE
  5
22C
  8
MOSFET$TRACES
 10
-666.627261986001
 20
516.4855797132764
 30
0.0
 11
-666.6141863991113
 21
516.4871425865504
 31
0.0
  0
LINE
  5
22D
  8
MOSFET$TRACES
 10
-666.6141863991113
 20
516.4871425865504
 30
0.0
 11
-666.6009699025356
 21
516.4883015638504
 31
0.0
  0
LINE
  5
22E
  8
MOSFET$TRACES
 10
-666.6009699025356
 20
516.4883015638504
 30
0.0
 11
-666.5876293945187
 21
516.4891050814006
 31
0.0
  0
LINE
  5
22F
  8
MOSFET$TRACES
 10
-666.5876293945187
 20
516.4891050814006
 30
0.0
 11
-666.5741842998548
 21
516.4896088173899
 31
0.0
  0
LINE
  5
230
  8
MOSFET$TRACES
 10
-666.5741842998548
 20
516.4896088173899
 30
0.0
 11
-666.5606566634626
 21
516.4898759601924
 31
0.0
  0
LINE
  5
231
  8
MOSFET$TRACES
 10
-666.5606566634626
 20
516.4898759601924
 30
0.0
 11
-666.5334556072482
 21
516.4899923799846
 31
0.0
  0
LINE
  5
232
  8
MOSFET$TRACES
 10
-666.5334556072482
 20
516.4899923799846
 30
0.0
 11
-661.7563949253174
 21
516.4899923799885
 31
0.0
  0
ARC
  5
233
  8
MOSFET$TRACES
 10
661.7563949253174
 20
515.6899923799886
 30
0.0
 40
0.7999999999999545
 50
90.0
 51
180.0000000006107
210
0.0
220
0.0
230
-1.0
  0
ARC
  5
234
  8
MOSFET$TRACES
 10
661.7563949253174
 20
515.6899923799798
 30
0.0
 40
0.7999999999999545
 50
179.9999999999837
 51
270.0
210
0.0
220
0.0
230
-1.0
  0
LINE
  5
235
  8
MOSFET$TRACES
 10
-661.7563949253174
 20
514.88999237998
 30
0.0
 11
-666.5334547111812
 21
514.8899923799853
 31
0.0
  0
LINE
  5
236
  8
MOSFET$TRACES
 10
-666.5334547111812
 20
514.8899923799853
 30
0.0
 11
-666.5606557803403
 21
514.8901087997776
 31
0.0
  0
LINE
  5
237
  8
MOSFET$TRACES
 10
-666.5606557803403
 20
514.8901087997776
 30
0.0
 11
-666.5741834234589
 21
514.8903759425801
 31
0.0
  0
LINE
  5
238
  8
MOSFET$TRACES
 10
-666.5741834234589
 20
514.8903759425801
 30
0.0
 11
-666.5876285251369
 21
514.8908796785695
 31
0.0
  0
LINE
  5
239
  8
MOSFET$TRACES
 10
-666.5876285251369
 20
514.8908796785695
 30
0.0
 11
-666.6009690405324
 21
514.8916831961196
 31
0.0
  0
LINE
  5
23A
  8
MOSFET$TRACES
 10
-666.6009690405324
 20
514.8916831961196
 30
0.0
 11
-666.6141855449191
 21
514.8928421734197
 31
0.0
  0
LINE
  5
23B
  8
MOSFET$TRACES
 10
-666.6141855449191
 20
514.8928421734197
 30
0.0
 11
-666.6272611401106
 21
514.8944050466937
 31
0.0
  0
LINE
  5
23C
  8
MOSFET$TRACES
 10
-666.6272611401106
 20
514.8944050466937
 30
0.0
 11
-666.6337414838973
 21
514.895351166424
 31
0.0
  0
LINE
  5
23D
  8
MOSFET$TRACES
 10
-666.6337414838973
 20
514.895351166424
 30
0.0
 11
-666.6401813608852
 21
514.8964132784229
 31
0.0
  0
LINE
  5
23E
  8
MOSFET$TRACES
 10
-666.6401813608852
 20
514.8964132784229
 30
0.0
 11
-666.6465793277198
 21
514.897595519858
 31
0.0
  0
LINE
  5
23F
  8
MOSFET$TRACES
 10
-666.6465793277198
 20
514.897595519858
 30
0.0
 11
-666.6529340814102
 21
514.8989016255657
 31
0.0
  0
LINE
  5
240
  8
MOSFET$TRACES
 10
-666.6529340814102
 20
514.8989016255657
 30
0.0
 11
-666.6592444564048
 21
514.9003349364332
 31
0.0
  0
LINE
  5
241
  8
MOSFET$TRACES
 10
-666.6592444564048
 20
514.9003349364332
 30
0.0
 11
-666.6655094216663
 21
514.9018984077793
 31
0.0
  0
LINE
  5
242
  8
MOSFET$TRACES
 10
-666.6655094216663
 20
514.9018984077793
 30
0.0
 11
-666.6717280777486
 21
514.903594617738
 31
0.0
  0
LINE
  5
243
  8
MOSFET$TRACES
 10
-666.6717280777486
 20
514.903594617738
 30
0.0
 11
-666.6778996538717
 21
514.9054257756394
 31
0.0
  0
LINE
  5
244
  8
MOSFET$TRACES
 10
-666.6778996538717
 20
514.9054257756394
 30
0.0
 11
-666.6840235049981
 21
514.9073937303915
 31
0.0
  0
LINE
  5
245
  8
MOSFET$TRACES
 10
-666.6840235049981
 20
514.9073937303915
 30
0.0
 11
-666.6900991089074
 21
514.9094999788624
 31
0.0
  0
LINE
  5
246
  8
MOSFET$TRACES
 10
-666.6900991089074
 20
514.9094999788624
 30
0.0
 11
-666.6961260632738
 21
514.9117456742624
 31
0.0
  0
LINE
  5
247
  8
MOSFET$TRACES
 10
-666.6961260632738
 20
514.9117456742624
 30
0.0
 11
-666.7021040827406
 21
514.9141316345257
 31
0.0
  0
LINE
  5
248
  8
MOSFET$TRACES
 10
-666.7021040827406
 20
514.9141316345257
 30
0.0
 11
-666.7080329959963
 21
514.9166583506919
 31
0.0
  0
LINE
  5
249
  8
MOSFET$TRACES
 10
-666.7080329959963
 20
514.9166583506919
 30
0.0
 11
-666.7139127428502
 21
514.9193259952885
 31
0.0
  0
LINE
  5
24A
  8
MOSFET$TRACES
 10
-666.7139127428502
 20
514.9193259952885
 30
0.0
 11
-666.7197433713086
 21
514.9221344307127
 31
0.0
  0
LINE
  5
24B
  8
MOSFET$TRACES
 10
-666.7197433713086
 20
514.9221344307127
 30
0.0
 11
-666.7255250346502
 21
514.9250832176131
 31
0.0
  0
LINE
  5
24C
  8
MOSFET$TRACES
 10
-666.7255250346502
 20
514.9250832176131
 30
0.0
 11
-666.731257988502
 21
514.9281716232715
 31
0.0
  0
LINE
  5
24D
  8
MOSFET$TRACES
 10
-666.731257988502
 20
514.9281716232715
 30
0.0
 11
-666.7369425879152
 21
514.9313986299853
 31
0.0
  0
LINE
  5
24E
  8
MOSFET$TRACES
 10
-666.7369425879152
 20
514.9313986299853
 30
0.0
 11
-666.7425792844405
 21
514.934762943449
 31
0.0
  0
LINE
  5
24F
  8
MOSFET$TRACES
 10
-666.7425792844405
 20
514.934762943449
 30
0.0
 11
-666.7481686232039
 21
514.938263001136
 31
0.0
  0
LINE
  5
250
  8
MOSFET$TRACES
 10
-666.7481686232039
 20
514.938263001136
 30
0.0
 11
-666.7537112399835
 21
514.9418969806811
 31
0.0
  0
LINE
  5
251
  8
MOSFET$TRACES
 10
-666.7537112399835
 20
514.9418969806811
 30
0.0
 11
-666.7592078582841
 21
514.9456628082614
 31
0.0
  0
LINE
  5
252
  8
MOSFET$TRACES
 10
-666.7592078582841
 20
514.9456628082614
 30
0.0
 11
-666.764659286413
 21
514.9495581669796
 31
0.0
  0
LINE
  5
253
  8
MOSFET$TRACES
 10
-666.764659286413
 20
514.9495581669796
 30
0.0
 11
-666.7700664145568
 21
514.9535805052442
 31
0.0
  0
LINE
  5
254
  8
MOSFET$TRACES
 10
-666.7700664145568
 20
514.9535805052442
 30
0.0
 11
-666.7754302118558
 21
514.957727045153
 31
0.0
  0
LINE
  5
255
  8
MOSFET$TRACES
 10
-666.7754302118558
 20
514.957727045153
 30
0.0
 11
-666.7807517234809
 21
514.9619947908741
 31
0.0
  0
LINE
  5
256
  8
MOSFET$TRACES
 10
-666.7807517234809
 20
514.9619947908741
 30
0.0
 11
-666.7912724329977
 21
514.9708808770697
 31
0.0
  0
LINE
  5
257
  8
MOSFET$TRACES
 10
-666.7912724329977
 20
514.9708808770697
 30
0.0
 11
-666.801638313955
 21
514.9802107570986
 31
0.0
  0
LINE
  5
258
  8
MOSFET$TRACES
 10
-666.801638313955
 20
514.9802107570986
 30
0.0
 11
-666.811860166532
 21
514.9899534737984
 31
0.0
  0
LINE
  5
259
  8
MOSFET$TRACES
 10
-666.811860166532
 20
514.9899534737984
 30
0.0
 11
-666.8219497266632
 21
515.0000753877978
 31
0.0
  0
LINE
  5
25A
  8
MOSFET$TRACES
 10
-666.8219497266632
 20
515.0000753877978
 30
0.0
 11
-666.8319195724632
 21
515.010540445737
 31
0.0
  0
LINE
  5
25B
  8
MOSFET$TRACES
 10
-666.8319195724632
 20
515.010540445737
 30
0.0
 11
-666.8417830306513
 21
515.0213104484897
 31
0.0
  0
LINE
  5
25C
  8
MOSFET$TRACES
 10
-666.8417830306513
 20
515.0213104484897
 30
0.0
 11
-666.8612472726369
 21
515.0436033724168
 31
0.0
  0
LINE
  5
25D
  8
MOSFET$TRACES
 10
-666.8612472726369
 20
515.0436033724168
 30
0.0
 11
-666.8995466793202
 21
515.0899923799851
 31
0.0
  0
LINE
  5
25E
  8
MOSFET$TRACES
 10
-666.8995466793202
 20
515.0899923799851
 30
0.0
 11
-666.9378460860036
 21
515.1363813875535
 31
0.0
  0
LINE
  5
25F
  8
MOSFET$TRACES
 10
-666.9378460860036
 20
515.1363813875535
 30
0.0
 11
-666.9573103279891
 21
515.1586743114806
 31
0.0
  0
LINE
  5
260
  8
MOSFET$TRACES
 10
-666.9573103279891
 20
515.1586743114806
 30
0.0
 11
-666.9671737861772
 21
515.1694443142333
 31
0.0
  0
LINE
  5
261
  8
MOSFET$TRACES
 10
-666.9671737861772
 20
515.1694443142333
 30
0.0
 11
-666.9771436319772
 21
515.1799093721725
 31
0.0
  0
LINE
  5
262
  8
MOSFET$TRACES
 10
-666.9771436319772
 20
515.1799093721725
 30
0.0
 11
-666.9872331921084
 21
515.1900312861718
 31
0.0
  0
LINE
  5
263
  8
MOSFET$TRACES
 10
-666.9872331921084
 20
515.1900312861718
 30
0.0
 11
-666.9974550446855
 21
515.1997740028717
 31
0.0
  0
LINE
  5
264
  8
MOSFET$TRACES
 10
-666.9974550446855
 20
515.1997740028717
 30
0.0
 11
-667.0078209256427
 21
515.2091038829005
 31
0.0
  0
LINE
  5
265
  8
MOSFET$TRACES
 10
-667.0078209256427
 20
515.2091038829005
 30
0.0
 11
-667.0183416351596
 21
515.2179899690962
 31
0.0
  0
LINE
  5
266
  8
MOSFET$TRACES
 10
-667.0183416351596
 20
515.2179899690962
 30
0.0
 11
-667.0236631467847
 21
515.2222577148173
 31
0.0
  0
LINE
  5
267
  8
MOSFET$TRACES
 10
-667.0236631467847
 20
515.2222577148173
 30
0.0
 11
-667.0290269440836
 21
515.226404254726
 31
0.0
  0
LINE
  5
268
  8
MOSFET$TRACES
 10
-667.0290269440836
 20
515.226404254726
 30
0.0
 11
-667.0344340722274
 21
515.2304265929906
 31
0.0
  0
LINE
  5
269
  8
MOSFET$TRACES
 10
-667.0344340722274
 20
515.2304265929906
 30
0.0
 11
-667.0398855003564
 21
515.2343219517088
 31
0.0
  0
LINE
  5
26A
  8
MOSFET$TRACES
 10
-667.0398855003564
 20
515.2343219517088
 30
0.0
 11
-667.0453821186569
 21
515.2380877792891
 31
0.0
  0
LINE
  5
26B
  8
MOSFET$TRACES
 10
-667.0453821186569
 20
515.2380877792891
 30
0.0
 11
-667.0509247354365
 21
515.2417217588343
 31
0.0
  0
LINE
  5
26C
  8
MOSFET$TRACES
 10
-667.0509247354365
 20
515.2417217588343
 30
0.0
 11
-667.0565140742
 21
515.2452218165213
 31
0.0
  0
LINE
  5
26D
  8
MOSFET$TRACES
 10
-667.0565140742
 20
515.2452218165213
 30
0.0
 11
-667.0621507707252
 21
515.2485861299849
 31
0.0
  0
LINE
  5
26E
  8
MOSFET$TRACES
 10
-667.0621507707252
 20
515.2485861299849
 30
0.0
 11
-667.0678353701385
 21
515.2518131366987
 31
0.0
  0
LINE
  5
26F
  8
MOSFET$TRACES
 10
-667.0678353701385
 20
515.2518131366987
 30
0.0
 11
-667.0735683239902
 21
515.2549015423572
 31
0.0
  0
LINE
  5
270
  8
MOSFET$TRACES
 10
-667.0735683239902
 20
515.2549015423572
 30
0.0
 11
-667.0793499873319
 21
515.2578503292575
 31
0.0
  0
LINE
  5
271
  8
MOSFET$TRACES
 10
-667.0793499873319
 20
515.2578503292575
 30
0.0
 11
-667.0851806157903
 21
515.2606587646817
 31
0.0
  0
LINE
  5
272
  8
MOSFET$TRACES
 10
-667.0851806157903
 20
515.2606587646817
 30
0.0
 11
-667.0910603626442
 21
515.2633264092783
 31
0.0
  0
LINE
  5
273
  8
MOSFET$TRACES
 10
-667.0910603626442
 20
515.2633264092783
 30
0.0
 11
-667.0969892758999
 21
515.2658531254446
 31
0.0
  0
LINE
  5
274
  8
MOSFET$TRACES
 10
-667.0969892758999
 20
515.2658531254446
 30
0.0
 11
-667.1029672953666
 21
515.2682390857078
 31
0.0
  0
LINE
  5
275
  8
MOSFET$TRACES
 10
-667.1029672953666
 20
515.2682390857078
 30
0.0
 11
-667.1089942497331
 21
515.2704847811078
 31
0.0
  0
LINE
  5
276
  8
MOSFET$TRACES
 10
-667.1089942497331
 20
515.2704847811078
 30
0.0
 11
-667.1150698536424
 21
515.2725910295787
 31
0.0
  0
LINE
  5
277
  8
MOSFET$TRACES
 10
-667.1150698536424
 20
515.2725910295787
 30
0.0
 11
-667.1211937047686
 21
515.2745589843308
 31
0.0
  0
LINE
  5
278
  8
MOSFET$TRACES
 10
-667.1211937047686
 20
515.2745589843308
 30
0.0
 11
-667.1273652808916
 21
515.2763901422322
 31
0.0
  0
LINE
  5
279
  8
MOSFET$TRACES
 10
-667.1273652808916
 20
515.2763901422322
 30
0.0
 11
-667.133583936974
 21
515.2780863521909
 31
0.0
  0
LINE
  5
27A
  8
MOSFET$TRACES
 10
-667.133583936974
 20
515.2780863521909
 30
0.0
 11
-667.1398489022354
 21
515.279649823537
 31
0.0
  0
LINE
  5
27B
  8
MOSFET$TRACES
 10
-667.1398489022354
 20
515.279649823537
 30
0.0
 11
-667.14615927723
 21
515.2810831344043
 31
0.0
  0
LINE
  5
27C
  8
MOSFET$TRACES
 10
-667.14615927723
 20
515.2810831344043
 30
0.0
 11
-667.1525140309204
 21
515.282389240112
 31
0.0
  0
LINE
  5
27D
  8
MOSFET$TRACES
 10
-667.1525140309204
 20
515.282389240112
 30
0.0
 11
-667.158911997755
 21
515.2835714815471
 31
0.0
  0
LINE
  5
27E
  8
MOSFET$TRACES
 10
-667.158911997755
 20
515.2835714815471
 30
0.0
 11
-667.1653518747429
 21
515.284633593546
 31
0.0
  0
LINE
  5
27F
  8
MOSFET$TRACES
 10
-667.1653518747429
 20
515.284633593546
 30
0.0
 11
-667.1718322185297
 21
515.2855797132763
 31
0.0
  0
LINE
  5
280
  8
MOSFET$TRACES
 10
-667.1718322185297
 20
515.2855797132763
 30
0.0
 11
-667.1849078137213
 21
515.2871425865505
 31
0.0
  0
LINE
  5
281
  8
MOSFET$TRACES
 10
-667.1849078137213
 20
515.2871425865505
 30
0.0
 11
-667.1981243181081
 21
515.2883015638506
 31
0.0
  0
LINE
  5
282
  8
MOSFET$TRACES
 10
-667.1981243181081
 20
515.2883015638506
 30
0.0
 11
-667.2114648335034
 21
515.2891050814007
 31
0.0
  0
LINE
  5
283
  8
MOSFET$TRACES
 10
-667.2114648335034
 20
515.2891050814007
 30
0.0
 11
-667.2249099351815
 21
515.2896088173901
 31
0.0
  0
LINE
  5
284
  8
MOSFET$TRACES
 10
-667.2249099351815
 20
515.2896088173901
 30
0.0
 11
-667.2384375782999
 21
515.2898759601926
 31
0.0
  0
LINE
  5
285
  8
MOSFET$TRACES
 10
-667.2384375782999
 20
515.2898759601926
 30
0.0
 11
-667.2656386474591
 21
515.2899923799847
 31
0.0
  0
LINE
  5
286
  8
MOSFET$TRACES
 10
-667.2656386474591
 20
515.2899923799847
 30
0.0
 11
-678.0127569954143
 21
515.2899923799847
 31
0.0
  0
LINE
  5
287
  8
MOSFET$TRACES
 10
-678.0127569954143
 20
515.2899923799847
 30
0.0
 11
-679.7924853751251
 21
517.0697207596957
 31
0.0
  0
LINE
  5
288
  8
MOSFET$TRACES
 10
-679.7924853751251
 20
517.0697207596957
 30
0.0
 11
-679.7924853751248
 21
565.2058347670107
 31
0.0
  0
ARC
  5
289
  8
MOSFET$TRACES
 10
-680.7924853751249
 20
565.2058347670109
 30
0.0
 40
1.000000000000114
 50
0.0
 51
86.72982438576429
  0
ARC
  5
28A
  8
MOSFET$TRACES
 10
680.678396677933
 20
567.2025780577653
 30
0.0
 40
1.0
 50
273.2701756142491
 51
359.9999999999935
210
0.0
220
0.0
230
-1.0
  0
LINE
  5
28B
  8
MOSFET$TRACES
 10
-681.678396677933
 20
567.2025780577653
 30
0.0
 11
-681.678396677933
 21
569.4731013462028
 31
0.0
  0
ARC
  5
28C
  8
MOSFET$TRACES
 10
681.178396677933
 20
569.4731013462028
 30
0.0
 40
0.5
 50
0.0
 51
90.00000000001303
210
0.0
220
0.0
230
-1.0
  0
LINE
  5
28D
  8
MOSFET$TRACES
 10
-681.1783966779329
 20
569.9731013462028
 30
0.0
 11
-678.79959588412
 21
569.9731013462028
 31
0.0
  0
ARC
  5
28E
  8
MOSFET$TRACES
 10
678.7995958841198
 20
569.4731013462028
 30
0.0
 40
0.5
 50
89.99999999997394
 51
135.0007292320608
210
0.0
220
0.0
230
-1.0
  0
LINE
  5
28F
  8
MOSFET$TRACES
 10
-678.4460379937042
 20
569.8266502369165
 30
0.0
 11
-676.853016181901
 21
568.2335878742265
 31
0.0
  0
ARC
  5
290
  8
MOSFET$TRACES
 10
677.2065740723165
 20
567.8800389835127
 30
0.0
 40
0.5
 50
135.0007292320331
 51
180.000000000013
210
0.0
220
0.0
230
-1.0
  0
LINE
  5
291
  8
MOSFET$TRACES
 10
-676.7065740723165
 20
567.8800389835126
 30
0.0
 11
-676.7065740723165
 21
566.7058347670109
 31
0.0
  0
ARC
  5
292
  8
MOSFET$TRACES
 10
677.2065740723165
 20
566.7058347670109
 30
0.0
 40
0.5
 50
180.0
 51
270.000000000013
210
0.0
220
0.0
230
-1.0
  0
LINE
  5
293
  8
MOSFET$TRACES
 10
-677.2065740723166
 20
566.2058347670109
 30
0.0
 11
-677.592485375125
 21
566.2058347670109
 31
0.0
  0
ARC
  5
294
  8
MOSFET$TRACES
 10
-677.5924853751249
 20
565.2058347670109
 30
0.0
 40
1.0
 50
90.00000000000651
 51
180.0
  0
ARC
  5
295
  8
MOSFET$TRACES
 10
636.1274104449826
 20
592.3381537140813
 30
0.0000000000000004
 40
0.3
 50
0.0
 51
90.0
210
0.0
220
0.0
230
-1.0
  0
LINE
  5
296
  8
MOSFET$TRACES
 10
-636.1274104449826
 20
592.6381537140812
 30
-0.0000000000000004
 11
-636.0774104449722
 21
592.6381537140813
 31
-0.0000000000000004
  0
ARC
  5
297
  8
MOSFET$TRACES
 10
-636.0774104449722
 20
592.9381537140813
 30
-0.0000000000000004
 40
0.3
 50
270.0
 51
0.0000000000868503
  0
LINE
  5
298
  8
MOSFET$TRACES
 10
-635.7774104449722
 20
592.9381537140817
 30
-0.0000000000000005
 11
-635.7774104449718
 21
594.938153714081
 31
-0.0000000000000005
  0
ARC
  5
299
  8
MOSFET$TRACES
 10
-636.9274104449751
 20
594.9381508763017
 30
-0.0000000000000008
 40
1.149999999999846
 50
0.0001413850195867
 51
180.0001417718416
  0
LINE
  5
29A
  8
MOSFET$TRACES
 10
-638.0774104449714
 20
594.9381480307586
 30
-0.0000000000000008
 11
-638.0774104449714
 21
592.9381537140813
 31
-0.0000000000000006
  0
ARC
  5
29B
  8
MOSFET$TRACES
 10
-637.7774104449713
 20
592.9381537140813
 30
-0.0000000000000004
 40
0.3
 50
180.0
 51
270.0
  0
LINE
  5
29C
  8
MOSFET$TRACES
 10
-637.7774104449713
 20
592.6381537140812
 30
-0.0000000000000004
 11
-637.7274104449675
 21
592.6381537140812
 31
-0.0000000000000004
  0
ARC
  5
29D
  8
MOSFET$TRACES
 10
637.7274104449675
 20
592.3381537140813
 30
0.0000000000000003
 40
0.3
 50
90.0
 51
180.0
210
0.0
220
0.0
230
-1.0
  0
LINE
  5
29E
  8
MOSFET$TRACES
 10
-637.4274104449676
 20
592.3381537140813
 30
-0.0000000000000002
 11
-637.4274104449676
 21
591.3895490918757
 31
0.0
  0
ARC
  5
29F
  8
MOSFET$TRACES
 10
637.7274104449675
 20
591.3895490918757
 30
0.0000000000000001
 40
0.3
 50
180.0
 51
224.9999999999846
210
0.0
220
0.0
230
-1.0
  0
LINE
  5
2A0
  8
MOSFET$TRACES
 10
-637.5152784106116
 20
591.1774170575197
 30
0.0
 11
-651.0750477958117
 21
577.6176476723203
 31
0.0
  0
ARC
  5
2A1
  8
MOSFET$TRACES
 10
651.2871798301676
 20
577.8297797066763
 30
0.0
 40
0.3
 50
225.0
 51
294.8467500031607
210
0.0
220
0.0
230
-1.0
  0
ARC
  5
2A2
  8
MOSFET$TRACES
 10
-651.8334302570147
 20
576.6501143002287
 30
0.0
 40
0.9999999999999692
 50
65.15324999684991
 51
357.9128048670131
  0
ARC
  5
2A3
  8
MOSFET$TRACES
 10
650.5342927313314
 20
576.60276781819
 30
0.0
 40
0.3
 50
2.087195133002437
 51
45.0
210
0.0
220
0.0
230
-1.0
  0
LINE
  5
2A4
  8
MOSFET$TRACES
 10
-650.7464247656874
 20
576.814899852546
 30
0.0
 11
-636.4274104449827
 21
591.1339141732501
 31
0.0
  0
LINE
  5
2A5
  8
MOSFET$TRACES
 10
-636.4274104449827
 20
591.1339141732501
 30
0.0
 11
-636.4274104449826
 21
592.3381537140813
 31
-0.0000000000000002
  0
LINE
  5
2A6
  8
MOSFET$TRACES
 10
-644.3214160329865
 20
532.0179228633699
 30
0.0
 11
-644.3214160329865
 21
563.06929567804
 31
0.0
  0
ARC
  5
2A7
  8
MOSFET$TRACES
 10
643.8214160329867
 20
563.06929567804
 30
0.0
 40
0.4999999999998792
 50
0.0
 51
45.00000000001842
210
0.0
220
0.0
230
-1.0
  0
LINE
  5
2A8
  8
MOSFET$TRACES
 10
-644.1749694235798
 20
563.4228490686332
 30
0.0
 11
-639.1141660414214
 21
568.4836524507913
 31
0.0
  0
ARC
  5
2A9
  8
MOSFET$TRACES
 10
638.7606126508281
 20
568.1300990601982
 30
0.0
 40
0.499999999999886
 50
44.99999999998158
 51
89.99999999998697
210
0.0
220
0.0
230
-1.0
  0
LINE
  5
2AA
  8
MOSFET$TRACES
 10
-638.7606126508283
 20
568.6300990601981
 30
0.0
 11
-637.571556734913
 21
568.6300990601981
 31
0.0
  0
ARC
  5
2AB
  8
MOSFET$TRACES
 10
637.571556734913
 20
568.1300990601983
 30
0.0
 40
0.4999999999997433
 50
89.99999999998697
 51
136.1869385396058
210
0.0
220
0.0
230
-1.0
  0
ARC
  5
2AC
  8
MOSFET$TRACES
 10
-636.6334735829482
 20
569.0300990601979
 30
0.0
 40
0.8000000000000136
 50
223.8130614603926
 51
136.1869385395959
  0
ARC
  5
2AD
  8
MOSFET$TRACES
 10
637.571556734913
 20
569.9300990601979
 30
0.0
 40
0.4999999999999787
 50
223.8130614604133
 51
270.000000000013
210
0.0
220
0.0
230
-1.0
  0
LINE
  5
2AE
  8
MOSFET$TRACES
 10
-637.571556734913
 20
569.430099060198
 30
0.0
 11
-639.2990902819132
 21
569.430099060198
 31
0.0
  0
LINE
  5
2AF
  8
MOSFET$TRACES
 10
-639.2990902819132
 20
569.430099060198
 30
0.0
 11
-645.1214160329864
 21
563.6077733091252
 31
0.0
  0
LINE
  5
2B0
  8
MOSFET$TRACES
 10
-645.1214160329864
 20
563.6077733091252
 30
0.0
 11
-645.1214160329865
 21
531.2723384510987
 31
0.0
  0
LINE
  5
2B1
  8
MOSFET$TRACES
 10
-645.1214160329865
 20
531.2723384510987
 30
0.0
 11
-640.0795725275098
 21
526.2304949456218
 31
0.0
  0
ARC
  5
2B2
  8
MOSFET$TRACES
 10
640.4331259181029
 20
525.8769415550286
 30
0.0
 40
0.4999999999998658
 50
134.9999999999908
 51
181.186938539602
210
0.0
220
0.0
230
-1.0
  0
ARC
  5
2B3
  8
MOSFET$TRACES
 10
-639.13340485699
 20
525.8500127000237
 30
0.0
 40
0.7999999999742329
 50
178.8130614602507
 51
179.999999999886
  0
ARC
  5
2B4
  8
MOSFET$TRACES
 10
-639.133404856964
 20
525.8500127000252
 30
0.0
 40
0.8000000000000149
 50
180.0
 51
91.18693853959701
  0
ARC
  5
2B5
  8
MOSFET$TRACES
 10
639.1603337119673
 20
527.1497337611643
 30
0.0
 40
0.5000000000000543
 50
268.8130614603982
 51
315.0
210
0.0
220
0.0
230
-1.0
  0
LINE
  5
2B6
  8
MOSFET$TRACES
 10
-639.5138871025606
 20
526.7961803705709
 30
0.0
 11
-644.0285228141731
 21
531.3108160821835
 31
0.0
  0
ARC
  5
2B7
  8
MOSFET$TRACES
 10
643.3214160329865
 20
532.0179228633699
 30
0.0
 40
1.0
 50
315.0
 51
0.0
210
0.0
220
0.0
230
-1.0
  0
ARC
  5
2B8
  8
MOSFET$TRACES
 10
672.7524416948224
 20
510.6099822199569
 30
0.0
 40
0.7999999999998977
 50
270.0
 51
0.0000000000122133
210
0.0
220
0.0
230
-1.0
  0
ARC
  5
2B9
  8
MOSFET$TRACES
 10
672.7524416948227
 20
510.6099822199659
 30
0.0
 40
0.7999999999997272
 50
359.9999999993649
 51
90.00000000001629
210
0.0
220
0.0
230
-1.0
  0
LINE
  5
2BA
  8
MOSFET$TRACES
 10
-672.7524416948224
 20
511.4099822199656
 30
0.0
 11
-668.8547034253663
 21
511.4099822199656
 31
0.0
  0
LINE
  5
2BB
  8
MOSFET$TRACES
 10
-668.8547034253663
 20
511.4099822199656
 30
0.0
 11
-665.4598859211181
 21
511.4099822199656
 31
0.0
  0
LINE
  5
2BC
  8
MOSFET$TRACES
 10
-665.4598859211181
 20
511.4099822199656
 30
0.0
 11
-661.756394925321
 21
511.4099822199657
 31
0.0
  0
ARC
  5
2BD
  8
MOSFET$TRACES
 10
661.7563949253213
 20
510.6099822199653
 30
0.0
 40
0.8000000000004661
 50
90.00000000001629
 51
180.0000000005781
210
0.0
220
0.0
230
-1.0
  0
ARC
  5
2BE
  8
MOSFET$TRACES
 10
661.7563949253208
 20
510.6099822199572
 30
0.0
 40
0.7999999999999545
 50
180.0
 51
270.0000000000081
210
0.0
220
0.0
230
-1.0
  0
LINE
  5
2BF
  8
MOSFET$TRACES
 10
-661.7563949253209
 20
509.8099822199571
 30
0.0
 11
-665.459885921118
 21
509.809982219957
 31
0.0
  0
LINE
  5
2C0
  8
MOSFET$TRACES
 10
-665.459885921118
 20
509.809982219957
 30
0.0
 11
-668.8547034253663
 21
509.809982219957
 31
0.0
  0
LINE
  5
2C1
  8
MOSFET$TRACES
 10
-668.8547034253663
 20
509.809982219957
 30
0.0
 11
-672.7524416948224
 21
509.809982219957
 31
0.0
  0
ARC
  5
2C2
  8
MOSFET$TRACES
 10
672.7524416948149
 20
513.1499872999733
 30
0.0
 40
0.800000000000523
 50
270.0000000000326
 51
359.9999999999593
210
0.0
220
0.0
230
-1.0
  0
ARC
  5
2C3
  8
MOSFET$TRACES
 10
672.7524416948153
 20
513.1499872999811
 30
0.0
 40
0.8000000000001819
 50
359.9999999993975
 51
89.99999999999186
210
0.0
220
0.0
230
-1.0
  0
LINE
  5
2C4
  8
MOSFET$TRACES
 10
-672.7524416948154
 20
513.9499872999813
 30
0.0
 11
-668.8547034253663
 21
513.9499872999813
 31
0.0
  0
LINE
  5
2C5
  8
MOSFET$TRACES
 10
-668.8547034253663
 20
513.9499872999813
 30
0.0
 11
-665.4598859211112
 21
513.9499872999813
 31
0.0
  0
LINE
  5
2C6
  8
MOSFET$TRACES
 10
-665.4598859211112
 20
513.9499872999813
 30
0.0
 11
-661.756394925314
 21
513.9499872999816
 31
0.0
  0
ARC
  5
2C7
  8
MOSFET$TRACES
 10
661.7563949253138
 20
513.1499872999817
 30
0.0
 40
0.7999999999998408
 50
89.99999999998371
 51
180.0000000006269
210
0.0
220
0.0
230
-1.0
  0
ARC
  5
2C8
  8
MOSFET$TRACES
 10
661.7563949253141
 20
513.1499872999732
 30
0.0
 40
0.8000000000001819
 50
180.0000000000163
 51
269.9999999999919
210
0.0
220
0.0
230
-1.0
  0
LINE
  5
2C9
  8
MOSFET$TRACES
 10
-661.756394925314
 20
512.3499872999729
 30
0.0
 11
-665.4598859211111
 21
512.3499872999728
 31
0.0
  0
LINE
  5
2CA
  8
MOSFET$TRACES
 10
-665.4598859211111
 20
512.3499872999728
 30
0.0
 11
-668.8547034253663
 21
512.3499872999728
 31
0.0
  0
LINE
  5
2CB
  8
MOSFET$TRACES
 10
-668.8547034253663
 20
512.3499872999728
 30
0.0
 11
-672.7524416948154
 21
512.3499872999728
 31
0.0
  0
ARC
  5
2CC
  8
MOSFET$TRACES
 10
672.1633769169081
 20
536.010033020068
 30
0.0
 40
0.7999999999999545
 50
270.0000000000081
 51
0.0
210
0.0
220
0.0
230
-1.0
  0
ARC
  5
2CD
  8
MOSFET$TRACES
 10
672.1633769169082
 20
536.0100330200765
 30
0.0
 40
0.8000000000000682
 50
359.9999999993893
 51
90.0
210
0.0
220
0.0
230
-1.0
  0
LINE
  5
2CE
  8
MOSFET$TRACES
 10
-672.1633769169082
 20
536.8100330200766
 30
0.0
 11
-665.4598859211111
 21
536.8100330200766
 31
0.0
  0
LINE
  5
2CF
  8
MOSFET$TRACES
 10
-665.4598859211111
 20
536.8100330200766
 30
0.0
 11
-661.756394925314
 21
536.8100330200768
 31
0.0
  0
ARC
  5
2D0
  8
MOSFET$TRACES
 10
661.7563949253137
 20
536.0100330200771
 30
0.0
 40
0.7999999999997272
 50
89.99999999997557
 51
180.0000000006351
210
0.0
220
0.0
230
-1.0
  0
ARC
  5
2D1
  8
MOSFET$TRACES
 10
661.7563949253142
 20
536.0100330200686
 30
0.0
 40
0.8000000000004093
 50
180.0000000000244
 51
269.9999999999756
210
0.0
220
0.0
230
-1.0
  0
LINE
  5
2D2
  8
MOSFET$TRACES
 10
-661.7563949253139
 20
535.2100330200682
 30
0.0
 11
-665.4598859211111
 21
535.2100330200681
 31
0.0
  0
LINE
  5
2D3
  8
MOSFET$TRACES
 10
-665.4598859211111
 20
535.2100330200681
 30
0.0
 11
-672.1633769169082
 21
535.2100330200681
 31
0.0
  0
ARC
  5
2D4
  8
MOSFET$TRACES
 10
672.1633769169152
 20
533.4700279400521
 30
0.0
 40
0.7999999999999545
 50
269.9999999999919
 51
0.0000000000081422
210
0.0
220
0.0
230
-1.0
  0
ARC
  5
2D5
  8
MOSFET$TRACES
 10
672.1633769169155
 20
533.4700279400611
 30
0.0
 40
0.7999999999997272
 50
359.9999999993649
 51
90.00000000001629
210
0.0
220
0.0
230
-1.0
  0
LINE
  5
2D6
  8
MOSFET$TRACES
 10
-672.1633769169152
 20
534.2700279400608
 30
0.0
 11
-665.459885921118
 21
534.2700279400608
 31
0.0
  0
LINE
  5
2D7
  8
MOSFET$TRACES
 10
-665.459885921118
 20
534.2700279400608
 30
0.0
 11
-661.7563949253208
 21
534.2700279400609
 31
0.0
  0
ARC
  5
2D8
  8
MOSFET$TRACES
 10
661.7563949253206
 20
533.4700279400611
 30
0.0
 40
0.7999999999998408
 50
89.99999999998371
 51
180.0000000006188
210
0.0
220
0.0
230
-1.0
  0
ARC
  5
2D9
  8
MOSFET$TRACES
 10
661.756394925321
 20
533.4700279400528
 30
0.0
 40
0.8000000000002956
 50
180.0000000000244
 51
269.9999999999837
210
0.0
220
0.0
230
-1.0
  0
LINE
  5
2DA
  8
MOSFET$TRACES
 10
-661.7563949253208
 20
532.6700279400524
 30
0.0
 11
-665.459885921118
 21
532.6700279400521
 31
0.0
  0
LINE
  5
2DB
  8
MOSFET$TRACES
 10
-665.459885921118
 20
532.6700279400521
 30
0.0
 11
-672.1633769169151
 21
532.6700279400521
 31
0.0
  0
ARC
  5
2DC
  8
MOSFET$TRACES
 10
672.1633769169084
 20
530.930022860048
 30
0.0
 40
0.7999999999997272
 50
269.9999999999837
 51
0.0000000000162844
210
0.0
220
0.0
230
-1.0
  0
ARC
  5
2DD
  8
MOSFET$TRACES
 10
672.1633769169081
 20
530.9300228600567
 30
0.0
 40
0.8000000000000682
 50
359.9999999993893
 51
89.99999999999186
210
0.0
220
0.0
230
-1.0
  0
LINE
  5
2DE
  8
MOSFET$TRACES
 10
-672.1633769169082
 20
531.7300228600568
 30
0.0
 11
-665.459885921111
 21
531.7300228600568
 31
0.0
  0
LINE
  5
2DF
  8
MOSFET$TRACES
 10
-665.459885921111
 20
531.7300228600568
 30
0.0
 11
-661.7563949253139
 21
531.730022860057
 31
0.0
  0
ARC
  5
2E0
  8
MOSFET$TRACES
 10
661.7563949253138
 20
530.9300228600571
 30
0.0
 40
0.7999999999999545
 50
89.99999999999186
 51
180.0000000006188
210
0.0
220
0.0
230
-1.0
  0
ARC
  5
2E1
  8
MOSFET$TRACES
 10
661.756394925314
 20
530.9300228600484
 30
0.0
 40
0.8000000000001819
 50
180.0
 51
269.9999999999837
210
0.0
220
0.0
230
-1.0
  0
LINE
  5
2E2
  8
MOSFET$TRACES
 10
-661.7563949253138
 20
530.1300228600484
 30
0.0
 11
-665.459885921111
 21
530.1300228600483
 31
0.0
  0
LINE
  5
2E3
  8
MOSFET$TRACES
 10
-665.459885921111
 20
530.1300228600483
 30
0.0
 11
-672.1633769169082
 21
530.1300228600483
 31
0.0
  0
ARC
  5
2E4
  8
MOSFET$TRACES
 10
672.1633769169152
 20
525.850012700022
 30
0.0
 40
0.7999999999999545
 50
270.0
 51
0.0000000000081422
210
0.0
220
0.0
230
-1.0
  0
ARC
  5
2E5
  8
MOSFET$TRACES
 10
672.1633769169155
 20
525.8500127000309
 30
0.0
 40
0.7999999999997272
 50
359.9999999993731
 51
90.00000000001629
210
0.0
220
0.0
230
-1.0
  0
LINE
  5
2E6
  8
MOSFET$TRACES
 10
-672.1633769169152
 20
526.6500127000307
 30
0.0
 11
-665.459885921118
 21
526.6500127000307
 31
0.0
  0
LINE
  5
2E7
  8
MOSFET$TRACES
 10
-665.459885921118
 20
526.6500127000307
 30
0.0
 11
-661.7563949253208
 21
526.6500127000309
 31
0.0
  0
ARC
  5
2E8
  8
MOSFET$TRACES
 10
661.7563949253206
 20
525.8500127000311
 30
0.0
 40
0.7999999999997272
 50
89.99999999998371
 51
180.0000000006269
210
0.0
220
0.0
230
-1.0
  0
ARC
  5
2E9
  8
MOSFET$TRACES
 10
661.7563949253209
 20
525.8500127000224
 30
0.0
 40
0.8000000000000682
 50
180.0
 51
269.9999999999919
210
0.0
220
0.0
230
-1.0
  0
LINE
  5
2EA
  8
MOSFET$TRACES
 10
-661.7563949253208
 20
525.0500127000223
 30
0.0
 11
-665.459885921118
 21
525.0500127000221
 31
0.0
  0
LINE
  5
2EB
  8
MOSFET$TRACES
 10
-665.459885921118
 20
525.0500127000221
 30
0.0
 11
-672.1633769169152
 21
525.0500127000221
 31
0.0
  0
ARC
  5
2EC
  8
MOSFET$TRACES
 10
672.1633769169152
 20
518.2299974599913
 30
0.0
 40
0.7999999999999545
 50
270.0
 51
0.0000000000081422
210
0.0
220
0.0
230
-1.0
  0
ARC
  5
2ED
  8
MOSFET$TRACES
 10
672.1633769169155
 20
518.2299974600003
 30
0.0
 40
0.7999999999997272
 50
359.9999999993649
 51
90.00000000001629
210
0.0
220
0.0
230
-1.0
  0
LINE
  5
2EE
  8
MOSFET$TRACES
 10
-672.1633769169152
 20
519.02999746
 30
0.0
 11
-665.459885921118
 21
519.02999746
 31
0.0
  0
LINE
  5
2EF
  8
MOSFET$TRACES
 10
-665.459885921118
 20
519.02999746
 30
0.0
 11
-661.7563949253208
 21
519.0299974600001
 31
0.0
  0
ARC
  5
2F0
  8
MOSFET$TRACES
 10
661.7563949253207
 20
518.2299974600003
 30
0.0
 40
0.7999999999998408
 50
89.99999999999186
 51
180.0000000006188
210
0.0
220
0.0
230
-1.0
  0
ARC
  5
2F1
  8
MOSFET$TRACES
 10
661.7563949253209
 20
518.2299974599918
 30
0.0
 40
0.8000000000000682
 50
180.0000000000082
 51
269.9999999999919
210
0.0
220
0.0
230
-1.0
  0
LINE
  5
2F2
  8
MOSFET$TRACES
 10
-661.7563949253208
 20
517.4299974599916
 30
0.0
 11
-665.459885921118
 21
517.4299974599913
 31
0.0
  0
LINE
  5
2F3
  8
MOSFET$TRACES
 10
-665.459885921118
 20
517.4299974599913
 30
0.0
 11
-672.1633769169152
 21
517.4299974599913
 31
0.0
  0
ARC
  5
2F4
  8
MOSFET$TRACES
 10
672.163376916915
 20
520.7700025400018
 30
0.0
 40
0.8000000000001819
 50
270.0000000000163
 51
359.9999999999919
210
0.0
220
0.0
230
-1.0
  0
ARC
  5
2F5
  8
MOSFET$TRACES
 10
672.1633769169155
 20
520.7700025400103
 30
0.0
 40
0.7999999999998408
 50
359.9999999993812
 51
90.00000000001629
210
0.0
220
0.0
230
-1.0
  0
LINE
  5
2F6
  8
MOSFET$TRACES
 10
-672.1633769169152
 20
521.5700025400103
 30
0.0
 11
-665.459885921118
 21
521.5700025400103
 31
0.0
  0
LINE
  5
2F7
  8
MOSFET$TRACES
 10
-665.459885921118
 20
521.5700025400103
 30
0.0
 11
-661.7563949253209
 21
521.5700025400104
 31
0.0
  0
ARC
  5
2F8
  8
MOSFET$TRACES
 10
661.756394925321
 20
520.7700025400102
 30
0.0
 40
0.8000000000001819
 50
90.00000000000813
 51
180.0000000005944
210
0.0
220
0.0
230
-1.0
  0
ARC
  5
2F9
  8
MOSFET$TRACES
 10
661.7563949253209
 20
520.7700025400018
 30
0.0
 40
0.8000000000000682
 50
179.9999999999919
 51
269.9999999999919
210
0.0
220
0.0
230
-1.0
  0
LINE
  5
2FA
  8
MOSFET$TRACES
 10
-661.7563949253208
 20
519.9700025400018
 30
0.0
 11
-665.459885921118
 21
519.9700025400016
 31
0.0
  0
LINE
  5
2FB
  8
MOSFET$TRACES
 10
-665.459885921118
 20
519.9700025400016
 30
0.0
 11
-672.1633769169152
 21
519.9700025400016
 31
0.0
  0
ARC
  5
2FC
  8
MOSFET$TRACES
 10
672.1633769169116
 20
538.5500381000746
 30
0.0
 40
0.8000000000000682
 50
270.0
 51
359.9999999999919
210
0.0
220
0.0
230
-1.0
  0
ARC
  5
2FD
  8
MOSFET$TRACES
 10
672.1633769169115
 20
538.5500381000829
 30
0.0
 40
0.8000000000001819
 50
359.9999999993975
 51
89.99999999999186
210
0.0
220
0.0
230
-1.0
  0
LINE
  5
2FE
  8
MOSFET$TRACES
 10
-672.1633769169116
 20
539.3500381000831
 30
0.0
 11
-665.4598859211145
 21
539.3500381000831
 31
0.0
  0
LINE
  5
2FF
  8
MOSFET$TRACES
 10
-665.4598859211145
 20
539.3500381000831
 30
0.0
 11
-661.7563949253174
 21
539.3500381000833
 31
0.0
  0
ARC
  5
300
  8
MOSFET$TRACES
 10
661.7563949253174
 20
538.5500381000833
 30
0.0
 40
0.8000000000000682
 50
90.0
 51
180.0000000006107
210
0.0
220
0.0
230
-1.0
  0
ARC
  5
301
  8
MOSFET$TRACES
 10
661.7563949253176
 20
538.550038100075
 30
0.0
 40
0.8000000000002956
 50
180.0000000000163
 51
269.9999999999837
210
0.0
220
0.0
230
-1.0
  0
LINE
  5
302
  8
MOSFET$TRACES
 10
-661.7563949253174
 20
537.7500381000747
 30
0.0
 11
-665.4598859211145
 21
537.7500381000746
 31
0.0
  0
LINE
  5
303
  8
MOSFET$TRACES
 10
-665.4598859211145
 20
537.7500381000746
 30
0.0
 11
-672.1633769169116
 21
537.7500381000746
 31
0.0
  0
ARC
  5
304
  8
MOSFET$TRACES
 10
672.1633769169152
 20
541.0900431800785
 30
0.0
 40
0.7999999999999545
 50
269.9999999999919
 51
0.0000000000081422
210
0.0
220
0.0
230
-1.0
  0
ARC
  5
305
  8
MOSFET$TRACES
 10
672.1633769169151
 20
541.0900431800874
 30
0.0
 40
0.7999999999999545
 50
359.9999999993731
 51
90.0
210
0.0
220
0.0
230
-1.0
  0
LINE
  5
306
  8
MOSFET$TRACES
 10
-672.1633769169151
 20
541.8900431800872
 30
0.0
 11
-665.459885921118
 21
541.8900431800872
 31
0.0
  0
LINE
  5
307
  8
MOSFET$TRACES
 10
-665.459885921118
 20
541.8900431800872
 30
0.0
 11
-661.7563949253208
 21
541.8900431800873
 31
0.0
  0
ARC
  5
308
  8
MOSFET$TRACES
 10
661.7563949253207
 20
541.0900431800874
 30
0.0
 40
0.7999999999999545
 50
89.99999999999186
 51
180.0000000006107
210
0.0
220
0.0
230
-1.0
  0
ARC
  5
309
  8
MOSFET$TRACES
 10
661.7563949253203
 20
541.0900431800783
 30
0.0
 40
0.7999999999994998
 50
179.9999999999593
 51
270.0000000000407
210
0.0
220
0.0
230
-1.0
  0
LINE
  5
30A
  8
MOSFET$TRACES
 10
-661.7563949253208
 20
540.2900431800788
 30
0.0
 11
-665.4598859211179
 21
540.2900431800786
 31
0.0
  0
LINE
  5
30B
  8
MOSFET$TRACES
 10
-665.4598859211179
 20
540.2900431800786
 30
0.0
 11
-672.1633769169151
 21
540.2900431800786
 31
0.0
  0
ARC
  5
30C
  8
MOSFET$TRACES
 10
672.163376916915
 20
523.3100076200078
 30
0.0
 40
0.8000000000002956
 50
270.0000000000163
 51
359.9999999999837
210
0.0
220
0.0
230
-1.0
  0
ARC
  5
30D
  8
MOSFET$TRACES
 10
672.1633769169155
 20
523.3100076200162
 30
0.0
 40
0.7999999999998408
 50
359.9999999993812
 51
90.00000000001629
210
0.0
220
0.0
230
-1.0
  0
LINE
  5
30E
  8
MOSFET$TRACES
 10
-672.1633769169152
 20
524.1100076200162
 30
0.0
 11
-665.4598859211181
 21
524.1100076200162
 31
0.0
  0
LINE
  5
30F
  8
MOSFET$TRACES
 10
-665.4598859211181
 20
524.1100076200162
 30
0.0
 11
-661.756394925321
 21
524.1100076200163
 31
0.0
  0
ARC
  5
310
  8
MOSFET$TRACES
 10
661.756394925321
 20
523.310007620016
 30
0.0
 40
0.8000000000002956
 50
90.0
 51
180.0000000005863
210
0.0
220
0.0
230
-1.0
  0
ARC
  5
311
  8
MOSFET$TRACES
 10
661.756394925321
 20
523.3100076200079
 30
0.0
 40
0.8000000000001819
 50
180.0000000000082
 51
269.9999999999919
210
0.0
220
0.0
230
-1.0
  0
LINE
  5
312
  8
MOSFET$TRACES
 10
-661.7563949253209
 20
522.5100076200076
 30
0.0
 11
-665.4598859211181
 21
522.5100076200075
 31
0.0
  0
LINE
  5
313
  8
MOSFET$TRACES
 10
-665.4598859211181
 20
522.5100076200075
 30
0.0
 11
-672.1633769169152
 21
522.5100076200075
 31
0.0
  0
ARC
  5
314
  8
MOSFET$TRACES
 10
672.1633769169152
 20
528.390017780028
 30
0.0
 40
0.7999999999999545
 50
270.0
 51
0.0000000000081422
210
0.0
220
0.0
230
-1.0
  0
ARC
  5
315
  8
MOSFET$TRACES
 10
672.1633769169155
 20
528.3900177800368
 30
0.0
 40
0.7999999999997272
 50
359.9999999993731
 51
90.00000000001629
210
0.0
220
0.0
230
-1.0
  0
LINE
  5
316
  8
MOSFET$TRACES
 10
-672.1633769169152
 20
529.1900177800367
 30
0.0
 11
-665.459885921118
 21
529.1900177800367
 31
0.0
  0
LINE
  5
317
  8
MOSFET$TRACES
 10
-665.459885921118
 20
529.1900177800367
 30
0.0
 11
-661.7563949253208
 21
529.1900177800368
 31
0.0
  0
ARC
  5
318
  8
MOSFET$TRACES
 10
661.7563949253208
 20
528.3900177800367
 30
0.0
 40
0.8000000000000682
 50
90.0
 51
180.0000000006025
210
0.0
220
0.0
230
-1.0
  0
ARC
  5
319
  8
MOSFET$TRACES
 10
661.7563949253212
 20
528.3900177800285
 30
0.0
 40
0.8000000000002956
 50
180.0000000000163
 51
269.9999999999756
210
0.0
220
0.0
230
-1.0
  0
LINE
  5
31A
  8
MOSFET$TRACES
 10
-661.7563949253208
 20
527.5900177800282
 30
0.0
 11
-665.459885921118
 21
527.5900177800281
 31
0.0
  0
LINE
  5
31B
  8
MOSFET$TRACES
 10
-665.459885921118
 20
527.5900177800281
 30
0.0
 11
-672.1633769169152
 21
527.590017780028
 31
0.0
  0
ARC
  5
31C
  8
MOSFET$TRACES
 10
672.1633769169154
 20
543.6300482600886
 30
0.0
 40
0.7999999999998408
 50
269.9999999999919
 51
0.0000000000162844
210
0.0
220
0.0
230
-1.0
  0
ARC
  5
31D
  8
MOSFET$TRACES
 10
672.1633769169155
 20
543.6300482600976
 30
0.0
 40
0.7999999999997272
 50
359.9999999993731
 51
90.00000000001629
210
0.0
220
0.0
230
-1.0
  0
LINE
  5
31E
  8
MOSFET$TRACES
 10
-672.1633769169152
 20
544.4300482600975
 30
0.0
 11
-665.459885921118
 21
544.4300482600975
 31
0.0
  0
LINE
  5
31F
  8
MOSFET$TRACES
 10
-665.459885921118
 20
544.4300482600975
 30
0.0
 11
-661.7563949253208
 21
544.4300482600976
 31
0.0
  0
ARC
  5
320
  8
MOSFET$TRACES
 10
661.7563949253206
 20
543.630048260098
 30
0.0
 40
0.7999999999996135
 50
89.99999999998371
 51
180.0000000006351
210
0.0
220
0.0
230
-1.0
  0
ARC
  5
321
  8
MOSFET$TRACES
 10
661.7563949253212
 20
543.6300482600893
 30
0.0
 40
0.8000000000002956
 50
180.0000000000163
 51
269.9999999999756
210
0.0
220
0.0
230
-1.0
  0
LINE
  5
322
  8
MOSFET$TRACES
 10
-661.7563949253208
 20
542.8300482600889
 30
0.0
 11
-665.459885921118
 21
542.8300482600888
 31
0.0
  0
LINE
  5
323
  8
MOSFET$TRACES
 10
-665.459885921118
 20
542.8300482600888
 30
0.0
 11
-672.1633769169152
 21
542.8300482600888
 31
0.0
  0
ARC
  5
324
  8
MOSFET$TRACES
 10
672.1633769169079
 20
548.7100584201162
 30
0.0
 40
0.8000000000004093
 50
270.0000000000163
 51
359.9999999999837
210
0.0
220
0.0
230
-1.0
  0
ARC
  5
325
  8
MOSFET$TRACES
 10
672.1633769169083
 20
548.7100584201246
 30
0.0
 40
0.7999999999998408
 50
359.9999999993812
 51
90.00000000000813
210
0.0
220
0.0
230
-1.0
  0
LINE
  5
326
  8
MOSFET$TRACES
 10
-672.1633769169082
 20
549.5100584201244
 30
0.0
 11
-665.459885921111
 21
549.5100584201244
 31
0.0
  0
LINE
  5
327
  8
MOSFET$TRACES
 10
-665.459885921111
 20
549.5100584201244
 30
0.0
 11
-661.7563949253138
 21
549.5100584201246
 31
0.0
  0
ARC
  5
328
  8
MOSFET$TRACES
 10
661.7563949253137
 20
548.7100584201247
 30
0.0
 40
0.7999999999998408
 50
89.99999999999186
 51
180.0000000006188
210
0.0
220
0.0
230
-1.0
  0
ARC
  5
329
  8
MOSFET$TRACES
 10
661.7563949253138
 20
548.710058420116
 30
0.0
 40
0.7999999999999545
 50
179.9999999999919
 51
270.0
210
0.0
220
0.0
230
-1.0
  0
LINE
  5
32A
  8
MOSFET$TRACES
 10
-661.7563949253138
 20
547.910058420116
 30
0.0
 11
-665.459885921111
 21
547.9100584201159
 31
0.0
  0
LINE
  5
32B
  8
MOSFET$TRACES
 10
-665.459885921111
 20
547.9100584201159
 30
0.0
 11
-672.1633769169081
 21
547.9100584201158
 31
0.0
  0
ARC
  5
32C
  8
MOSFET$TRACES
 10
672.1633769169149
 20
546.170053340099
 30
0.0
 40
0.7999999999999545
 50
270.0000000000081
 51
0.0000000000081422
210
0.0
220
0.0
230
-1.0
  0
ARC
  5
32D
  8
MOSFET$TRACES
 10
672.1633769169151
 20
546.1700533401079
 30
0.0
 40
0.7999999999998408
 50
359.9999999993731
 51
90.00000000000813
210
0.0
220
0.0
230
-1.0
  0
LINE
  5
32E
  8
MOSFET$TRACES
 10
-672.163376916915
 20
546.9700533401076
 30
0.0
 11
-665.4598859211178
 21
546.9700533401076
 31
0.0
  0
LINE
  5
32F
  8
MOSFET$TRACES
 10
-665.4598859211178
 20
546.9700533401076
 30
0.0
 11
-661.7563949253207
 21
546.9700533401078
 31
0.0
  0
ARC
  5
330
  8
MOSFET$TRACES
 10
661.7563949253209
 20
546.1700533401075
 30
0.0
 40
0.8000000000002956
 50
90.00000000001629
 51
180.0000000005863
210
0.0
220
0.0
230
-1.0
  0
ARC
  5
331
  8
MOSFET$TRACES
 10
661.7563949253207
 20
546.1700533400992
 30
0.0
 40
0.8000000000000682
 50
179.9999999999919
 51
269.9999999999919
210
0.0
220
0.0
230
-1.0
  0
LINE
  5
332
  8
MOSFET$TRACES
 10
-661.7563949253206
 20
545.3700533400993
 30
0.0
 11
-665.4598859211178
 21
545.370053340099
 31
0.0
  0
LINE
  5
333
  8
MOSFET$TRACES
 10
-665.4598859211178
 20
545.370053340099
 30
0.0
 11
-672.163376916915
 21
545.370053340099
 31
0.0
  0
CIRCLE
  5
334
  8
HOLES
 10
672.1633769169083
 20
513.1499872999747
 30
0.0
 40
0.5
210
0.0
220
0.0
230
-1.0
  0
CIRCLE
  5
335
  8
HOLES
 10
672.1633769169083
 20
510.6099822199645
 30
0.0
 40
0.5
210
0.0
220
0.0
230
-1.0
  0
LINE
  5
336
  8
MOSFET$TRACES
 10
-676.4433769168743
 20
550.66014689509
 30
0.0
 11
-676.4433769168743
 21
517.9299974599942
 31
0.0
  0
ARC
  5
337
  8
MOSFET$TRACES
 10
676.9433769168744
 20
517.9299974599942
 30
0.0
 40
0.5000000000001137
 50
180.0
 51
269.999999999987
210
0.0
220
0.0
230
-1.0
  0
LINE
  5
338
  8
MOSFET$TRACES
 10
-676.9433769168743
 20
517.4299974599942
 30
0.0
 11
-677.5433769168746
 21
517.4299974599942
 31
0.0
  0
ARC
  5
339
  8
MOSFET$TRACES
 10
677.5433769168743
 20
517.9299974599945
 30
0.0
 40
0.5000000000003411
 50
270.0000000000391
 51
359.9999999999609
210
0.0
220
0.0
230
-1.0
  0
LINE
  5
33A
  8
MOSFET$TRACES
 10
-678.0433769168746
 20
517.9299974599942
 30
0.0
 11
-678.0433769168746
 21
550.6814672386492
 31
0.0
  0
LINE
  5
33B
  8
MOSFET$TRACES
 10
-678.0433769168746
 20
550.6814672386492
 30
0.0
 11
-674.434775575399
 21
554.2900685801246
 31
0.0
  0
LINE
  5
33C
  8
MOSFET$TRACES
 10
-674.434775575399
 20
554.2900685801246
 30
0.0
 11
-665.8461971976051
 21
554.2900685800839
 31
0.0
  0
ARC
  5
33D
  8
MOSFET$TRACES
 10
-665.8461971976002
 20
554.7900685800813
 30
0.0
 40
0.4999999999973852
 50
269.9999999994398
 51
309.7151372356253
  0
ARC
  5
33E
  8
MOSFET$TRACES
 10
665.0155348112448
 20
553.7900685801368
 30
0.0
 40
0.8000000000004872
 50
50.28486276450305
 51
89.999993422617
210
0.0
220
0.0
230
-1.0
  0
LINE
  5
33F
  8
MOSFET$TRACES
 10
-665.0155349030824
 20
554.5900685801373
 30
0.0
 11
-663.7706851664764
 21
554.5900685801373
 31
0.0
  0
ARC
  5
340
  8
MOSFET$TRACES
 10
663.7706851664763
 20
554.0900685801375
 30
0.0
 40
0.4999999999997726
 50
89.99999999998697
 51
180.0000000000261
210
0.0
220
0.0
230
-1.0
  0
LINE
  5
341
  8
MOSFET$TRACES
 10
-663.2706851664764
 20
554.0900685801373
 30
0.0
 11
-663.2706851664764
 21
553.4900685801374
 31
0.0
  0
ARC
  5
342
  8
MOSFET$TRACES
 10
663.7706851664765
 20
553.4900685801375
 30
0.0
 40
0.5000000000001137
 50
180.000000000013
 51
269.999999999987
210
0.0
220
0.0
230
-1.0
  0
LINE
  5
343
  8
MOSFET$TRACES
 10
-663.7706851664764
 20
552.9900685801373
 30
0.0
 11
-665.015534736625
 21
552.9900685801373
 31
0.0
  0
ARC
  5
344
  8
MOSFET$TRACES
 10
665.0155348112455
 20
553.790068580136
 30
0.0
 40
0.7999999999987073
 50
269.9999946556992
 51
309.7151372318605
210
0.0
220
0.0
230
-1.0
  0
ARC
  5
345
  8
MOSFET$TRACES
 10
-665.8461971975362
 20
552.7900685801393
 30
0.0
 40
0.4999999999980904
 50
50.28486276808592
 51
90.00000000007816
  0
LINE
  5
346
  8
MOSFET$TRACES
 10
-665.8461971975369
 20
553.2900685801374
 30
0.0
 11
-673.8134552318268
 21
553.2900685801374
 31
0.0
  0
ARC
  5
347
  8
MOSFET$TRACES
 10
-673.8134552318268
 20
552.7900685801374
 30
0.0
 40
0.5
 50
90.0
 51
134.9999999999908
  0
LINE
  5
348
  8
MOSFET$TRACES
 10
-674.1670086224201
 20
553.1436219707306
 30
0.0
 11
-676.2969303074676
 21
551.0137002856832
 31
0.0
  0
ARC
  5
349
  8
MOSFET$TRACES
 10
-675.9433769168743
 20
550.66014689509
 30
0.0
 40
0.5
 50
135.0000000000092
 51
180.0
  0
CIRCLE
  5
34A
  8
HOLES
 10
677.2433769169081
 20
548.7100584201169
 30
0.0
 40
0.5
210
0.0
220
0.0
230
-1.0
  0
CIRCLE
  5
34B
  8
HOLES
 10
672.1633769169082
 20
548.7100584201169
 30
0.0
 40
0.5
210
0.0
220
0.0
230
-1.0
  0
CIRCLE
  5
34C
  8
HOLES
 10
672.1633769169082
 20
546.1700533401066
 30
0.0
 40
0.5
210
0.0
220
0.0
230
-1.0
  0
CIRCLE
  5
34D
  8
HOLES
 10
674.7033769169082
 20
548.7100584201169
 30
0.0
 40
0.5
210
0.0
220
0.0
230
-1.0
  0
CIRCLE
  5
34E
  8
HOLES
 10
674.7033769169082
 20
546.1700533401066
 30
0.0
 40
0.5
210
0.0
220
0.0
230
-1.0
  0
CIRCLE
  5
34F
  8
HOLES
 10
677.2433769169081
 20
546.1700533401066
 30
0.0
 40
0.5
210
0.0
220
0.0
230
-1.0
  0
CIRCLE
  5
350
  8
HOLES
 10
677.2433769169082
 20
543.6300482600964
 30
0.0
 40
0.5
210
0.0
220
0.0
230
-1.0
  0
CIRCLE
  5
351
  8
HOLES
 10
674.7033769169082
 20
543.6300482600964
 30
0.0
 40
0.5
210
0.0
220
0.0
230
-1.0
  0
CIRCLE
  5
352
  8
HOLES
 10
672.1633769169082
 20
543.6300482600964
 30
0.0
 40
0.5
210
0.0
220
0.0
230
-1.0
  0
CIRCLE
  5
353
  8
HOLES
 10
672.1633769169082
 20
541.0900431800861
 30
0.0
 40
0.5
210
0.0
220
0.0
230
-1.0
  0
CIRCLE
  5
354
  8
HOLES
 10
674.7033769169082
 20
541.0900431800861
 30
0.0
 40
0.5
210
0.0
220
0.0
230
-1.0
  0
CIRCLE
  5
355
  8
HOLES
 10
677.2433769169083
 20
541.0900431800861
 30
0.0
 40
0.5
210
0.0
220
0.0
230
-1.0
  0
CIRCLE
  5
356
  8
HOLES
 10
672.1633769169082
 20
536.0100330200656
 30
0.0
 40
0.5
210
0.0
220
0.0
230
-1.0
  0
CIRCLE
  5
357
  8
HOLES
 10
674.7033769169082
 20
536.0100330200656
 30
0.0
 40
0.5
210
0.0
220
0.0
230
-1.0
  0
CIRCLE
  5
358
  8
HOLES
 10
677.2433769169083
 20
536.0100330200656
 30
0.0
 40
0.5
210
0.0
220
0.0
230
-1.0
  0
CIRCLE
  5
359
  8
HOLES
 10
677.2433769169083
 20
533.4700279400554
 30
0.0
 40
0.5
210
0.0
220
0.0
230
-1.0
  0
CIRCLE
  5
35A
  8
HOLES
 10
674.7033769169082
 20
533.4700279400554
 30
0.0
 40
0.5
210
0.0
220
0.0
230
-1.0
  0
CIRCLE
  5
35B
  8
HOLES
 10
672.1633769169082
 20
533.4700279400554
 30
0.0
 40
0.5
210
0.0
220
0.0
230
-1.0
  0
CIRCLE
  5
35C
  8
HOLES
 10
672.1633769169082
 20
530.9300228600457
 30
0.0
 40
0.5
210
0.0
220
0.0
230
-1.0
  0
CIRCLE
  5
35D
  8
HOLES
 10
674.7033769169084
 20
530.9300228600458
 30
0.0
 40
0.5
210
0.0
220
0.0
230
-1.0
  0
CIRCLE
  5
35E
  8
HOLES
 10
677.2433769169083
 20
530.9300228600457
 30
0.0
 40
0.5
210
0.0
220
0.0
230
-1.0
  0
CIRCLE
  5
35F
  8
HOLES
 10
677.2433769169083
 20
528.3900177800356
 30
0.0
 40
0.5
210
0.0
220
0.0
230
-1.0
  0
CIRCLE
  5
360
  8
HOLES
 10
672.1633769169082
 20
528.3900177800356
 30
0.0
 40
0.5
210
0.0
220
0.0
230
-1.0
  0
CIRCLE
  5
361
  8
HOLES
 10
672.1633769169083
 20
525.8500127000253
 30
0.0
 40
0.5
210
0.0
220
0.0
230
-1.0
  0
CIRCLE
  5
362
  8
HOLES
 10
674.7033769169083
 20
525.8500127000253
 30
0.0
 40
0.5
210
0.0
220
0.0
230
-1.0
  0
CIRCLE
  5
363
  8
HOLES
 10
677.2433769169083
 20
525.8500127000253
 30
0.0
 40
0.5
210
0.0
220
0.0
230
-1.0
  0
CIRCLE
  5
364
  8
HOLES
 10
677.2433769169083
 20
523.3100076200151
 30
0.0
 40
0.5
210
0.0
220
0.0
230
-1.0
  0
CIRCLE
  5
365
  8
HOLES
 10
672.1633769169083
 20
523.3100076200151
 30
0.0
 40
0.5
210
0.0
220
0.0
230
-1.0
  0
CIRCLE
  5
366
  8
HOLES
 10
672.1633769169083
 20
520.7700025400048
 30
0.0
 40
0.5
210
0.0
220
0.0
230
-1.0
  0
CIRCLE
  5
367
  8
HOLES
 10
674.7033769169083
 20
520.7700025400048
 30
0.0
 40
0.5
210
0.0
220
0.0
230
-1.0
  0
CIRCLE
  5
368
  8
HOLES
 10
677.2433769169083
 20
520.7700025400048
 30
0.0
 40
0.5
210
0.0
220
0.0
230
-1.0
  0
CIRCLE
  5
369
  8
HOLES
 10
677.2433769169083
 20
518.2299974599946
 30
0.0
 40
0.5
210
0.0
220
0.0
230
-1.0
  0
CIRCLE
  5
36A
  8
HOLES
 10
672.1633769169083
 20
518.2299974599946
 30
0.0
 40
0.5
210
0.0
220
0.0
230
-1.0
  0
CIRCLE
  5
36B
  8
HOLES
 10
674.7033769169083
 20
523.3100076200151
 30
0.0
 40
0.5
210
0.0
220
0.0
230
-1.0
  0
CIRCLE
  5
36C
  8
HOLES
 10
674.7033769169083
 20
518.2299974599946
 30
0.0
 40
0.5
210
0.0
220
0.0
230
-1.0
  0
CIRCLE
  5
36D
  8
HOLES
 10
674.7033769169084
 20
528.3900177800356
 30
0.0
 40
0.5
210
0.0
220
0.0
230
-1.0
  0
ARC
  5
36E
  8
MOSFET$TRACES
 10
663.6017659528169
 20
571.4131064262128
 30
0.0
 40
0.5
 50
270.0
 51
0.0
210
0.0
220
0.0
230
-1.0
  0
LINE
  5
36F
  8
MOSFET$TRACES
 10
-664.1017659528169
 20
571.4131064262128
 30
0.0
 11
-664.1017659528169
 21
572.0131064262129
 31
0.0
  0
ARC
  5
370
  8
MOSFET$TRACES
 10
663.6017659528169
 20
572.0131064262129
 30
0.0
 40
0.5
 50
0.0
 51
90.0
210
0.0
220
0.0
230
-1.0
  0
LINE
  5
371
  8
MOSFET$TRACES
 10
-663.6017659528169
 20
572.5131064262129
 30
0.0
 11
-661.612449815054
 21
572.5131064262129
 31
0.0
  0
ARC
  5
372
  8
MOSFET$TRACES
 10
661.612449815054
 20
571.7131064262128
 30
0.0
 40
0.7999999999999897
 50
90.0
 51
270.0000133114956
210
0.0
220
0.0
230
-1.0
  0
LINE
  5
373
  8
MOSFET$TRACES
 10
-661.6124500009175
 20
570.9131064262128
 30
0.0
 11
-663.6017659528169
 21
570.9131064262128
 31
0.0
  0
LINE
  5
374
  8
MOSFET$TRACES
 10
-691.0433769168997
 20
583.4531064262131
 30
0.0
 11
-691.0433769168997
 21
583.053106426213
 31
0.0
  0
ARC
  5
375
  8
MOSFET$TRACES
 10
-690.4433769168998
 20
583.053106426213
 30
0.0
 40
0.6
 50
180.0
 51
270.0
  0
LINE
  5
376
  8
MOSFET$TRACES
 10
-690.4433769168998
 20
582.453106426213
 30
0.0
 11
-686.963376916917
 21
582.453106426213
 31
0.0
  0
ARC
  5
377
  8
MOSFET$TRACES
 10
-686.963376916917
 20
583.053106426213
 30
0.0
 40
0.6
 50
270.0
 51
0.0
  0
LINE
  5
378
  8
MOSFET$TRACES
 10
-686.363376916917
 20
583.053106426213
 30
0.0
 11
-686.363376916917
 21
583.4531064262131
 31
0.0
  0
ARC
  5
379
  8
MOSFET$TRACES
 10
-686.963376916917
 20
583.4531064262131
 30
0.0
 40
0.6
 50
0.0
 51
90.0
  0
LINE
  5
37A
  8
MOSFET$TRACES
 10
-686.963376916917
 20
584.0531064262132
 30
0.0
 11
-690.4433769168998
 21
584.0531064262132
 31
0.0
  0
ARC
  5
37B
  8
MOSFET$TRACES
 10
-690.4433769168998
 20
583.4531064262131
 30
0.0
 40
0.6
 50
90.0
 51
180.0
  0
LINE
  5
37C
  8
MOSFET$TRACES
 10
-688.2487518534899
 20
534.9779603721045
 30
0.0
 11
-688.2487518534899
 21
535.3745748330891
 31
0.0
  0
ARC
  5
37D
  8
MOSFET$TRACES
 10
-688.84875185349
 20
535.3745748330891
 30
0.0
 40
0.6
 50
0.0
 51
90.0
  0
LINE
  5
37E
  8
MOSFET$TRACES
 10
-688.84875185349
 20
535.974574833089
 30
0.0
 11
-691.680251060032
 21
535.974574833089
 31
0.0
  0
ARC
  5
37F
  8
MOSFET$TRACES
 10
-691.680251060032
 20
535.3745748330891
 30
0.0
 40
0.6
 50
90.0
 51
180.0
  0
LINE
  5
380
  8
MOSFET$TRACES
 10
-692.280251060032
 20
535.3745748330891
 30
0.0
 11
-692.280251060032
 21
534.9779603721045
 31
0.0
  0
ARC
  5
381
  8
MOSFET$TRACES
 10
-691.680251060032
 20
534.9779603721045
 30
0.0
 40
0.6
 50
180.0
 51
270.0
  0
LINE
  5
382
  8
MOSFET$TRACES
 10
-691.680251060032
 20
534.3779603721046
 30
0.0
 11
-688.84875185349
 21
534.3779603721046
 31
0.0
  0
ARC
  5
383
  8
MOSFET$TRACES
 10
-688.84875185349
 20
534.9779603721045
 30
0.0
 40
0.6
 50
270.0
 51
0.0
  0
LINE
  5
384
  8
MOSFET$TRACES
 10
-635.9633771109778
 20
542.8300482601226
 30
0.0
 11
-640.1334048773913
 21
542.8300482601081
 31
0.0
  0
ARC
  5
385
  8
MOSFET$TRACES
 10
640.1334048773913
 20
543.6300482601082
 30
0.0
 40
0.8
 50
270.0
 51
0.0
210
0.0
220
0.0
230
-1.0
  0
ARC
  5
386
  8
MOSFET$TRACES
 10
640.1334048773913
 20
543.630048260131
 30
0.0
 40
0.7999999999999865
 50
359.9999999983553
 51
90.0
210
0.0
220
0.0
230
-1.0
  0
LINE
  5
387
  8
MOSFET$TRACES
 10
-640.1334048773913
 20
544.430048260131
 30
0.0
 11
-635.9633769169036
 21
544.430048260131
 31
0.0
  0
ARC
  5
388
  8
MOSFET$TRACES
 10
635.9633769169036
 20
543.6300482601268
 30
0.0
 40
0.8000000000042923
 50
90.0
 51
270.000013899543
210
0.0
220
0.0
230
-1.0
  0
LINE
  5
389
  8
MOSFET$TRACES
 10
-635.9633770905505
 20
552.9900685801636
 30
0.0
 11
-640.133404856964
 21
552.9900685801491
 31
0.0
  0
ARC
  5
38A
  8
MOSFET$TRACES
 10
640.133404856964
 20
553.7900685801492
 30
0.0
 40
0.8
 50
270.0
 51
0.0
210
0.0
220
0.0
230
-1.0
  0
ARC
  5
38B
  8
MOSFET$TRACES
 10
640.133404856964
 20
553.790068580172
 30
0.0
 40
0.7999999999999865
 50
359.9999999983553
 51
90.0
210
0.0
220
0.0
230
-1.0
  0
LINE
  5
38C
  8
MOSFET$TRACES
 10
-640.133404856964
 20
554.590068580172
 30
0.0
 11
-635.9633768964762
 21
554.590068580172
 31
0.0
  0
ARC
  5
38D
  8
MOSFET$TRACES
 10
635.9633768964762
 20
553.7900685801678
 30
0.0
 40
0.8000000000042923
 50
90.0
 51
270.000013899543
210
0.0
220
0.0
230
-1.0
  0
LINE
  5
38E
  8
HOLES
 10
-688.6203259772817
 20
515.6275938763611
 30
0.0
 11
-688.6203259772817
 21
517.4406133510629
 31
0.0
  0
ARC
  5
38F
  8
HOLES
 10
688.206726783849
 20
517.4406133510629
 30
0.0
 40
0.4135991934326384
 50
0.0
 51
180.0
210
0.0
220
0.0
230
-1.0
  0
LINE
  5
390
  8
HOLES
 10
-687.7931275904165
 20
517.4406133510629
 30
0.0
 11
-687.7931275904165
 21
515.6275938763611
 31
0.0
  0
ARC
  5
391
  8
HOLES
 10
688.206726783849
 20
515.6275938763611
 30
0.0
 40
0.4135991934326384
 50
180.0
 51
0.0
210
0.0
220
0.0
230
-1.0
  0
LINE
  5
392
  8
MOSFET$TRACES
 10
-661.6124498151158
 20
568.1731013462028
 30
0.0
 11
-664.2242159452244
 21
568.1731013462028
 31
0.0
  0
ARC
  5
393
  8
MOSFET$TRACES
 10
664.2242159452244
 20
568.6731013462028
 30
0.0
 40
0.5
 50
270.0
 51
0.0
210
0.0
220
0.0
230
-1.0
  0
LINE
  5
394
  8
MOSFET$TRACES
 10
-664.7242159452244
 20
568.6731013462028
 30
0.0
 11
-664.7242159452244
 21
569.6731013462028
 31
0.0
  0
ARC
  5
395
  8
MOSFET$TRACES
 10
664.2242159452244
 20
569.6731013462028
 30
0.0
 40
0.5
 50
0.0
 51
90.0
210
0.0
220
0.0
230
-1.0
  0
LINE
  5
396
  8
MOSFET$TRACES
 10
-664.2242159452244
 20
570.1731013462028
 30
0.0
 11
-661.6124499474323
 21
570.1731013462028
 31
0.0
  0
ARC
  5
397
  8
MOSFET$TRACES
 10
661.612449815054
 20
569.1731013462028
 30
0.0
 40
1.0
 50
89.99999241528107
 51
270.0000000035435
210
0.0
220
0.0
230
-1.0
  0
CIRCLE
  5
398
  8
HOLES
 10
642.4524294950131
 20
594.9381508763017
 30
0.0
 40
0.5
210
0.0
220
0.0
230
-1.0
  0
CIRCLE
  5
399
  8
HOLES
 10
645.9524294950131
 20
594.9381508763017
 30
0.0
 40
0.5
210
0.0
220
0.0
230
-1.0
  0
CIRCLE
  5
39A
  8
HOLES
 10
636.9274104449751
 20
594.9381508763017
 30
0.0
 40
0.5
210
0.0
220
0.0
230
-1.0
  0
CIRCLE
  5
39B
  8
HOLES
 10
633.4274104449751
 20
594.9381508763017
 30
0.0
 40
0.4999999999999964
210
0.0
220
0.0
230
-1.0
  0
LINE
  5
39C
  8
MOSFET$TRACES
 10
-693.4253359688812
 20
537.9183996369452
 30
0.0
 11
-694.6855375415755
 21
536.658198064251
 31
0.0
  0
ARC
  5
39D
  8
MOSFET$TRACES
 10
-694.4734055072195
 20
536.4460660298951
 30
0.0
 40
0.3
 50
135.0
 51
180.0
  0
LINE
  5
39E
  8
MOSFET$TRACES
 10
-694.7734055072195
 20
536.4460660298951
 30
0.0
 11
-694.7734055072194
 21
514.9398362033709
 31
0.0
  0
LINE
  5
39F
  8
MOSFET$TRACES
 10
-694.7734055072194
 20
514.9398362033709
 30
0.0
 11
-691.6483298284636
 21
511.814760524615
 31
0.0
  0
LINE
  5
3A0
  8
MOSFET$TRACES
 10
-691.6483298284636
 20
511.814760524615
 30
0.0
 11
-683.3844724727676
 21
511.814760524615
 31
0.0
  0
LINE
  5
3A1
  8
MOSFET$TRACES
 10
-683.3844724727676
 20
511.814760524615
 30
0.0
 11
-681.3945825984588
 21
513.8048783823906
 31
0.0
  0
ARC
  5
3A2
  8
MOSFET$TRACES
 10
-681.6067267838484
 20
514.0169982650158
 30
-0.0000000000000056
 40
0.2999999999992778
 50
315.0032820263092
 51
0.0000000000434252
  0
LINE
  5
3A3
  8
MOSFET$TRACES
 10
-681.3067267838492
 20
514.016998265016
 30
0.0
 11
-681.3067267838492
 21
514.3234463433262
 31
0.0
  0
ARC
  5
3A4
  8
MOSFET$TRACES
 10
681.0067267838497
 20
514.3234463433264
 30
0.0
 40
0.2999999999994998
 50
359.9999999999566
 51
81.57371989262812
210
0.0
220
0.0
230
-1.0
  0
ARC
  5
3A5
  8
MOSFET$TRACES
 10
-681.0946488440953
 20
514.9169694779404
 30
0.0
 40
0.3000000000002725
 50
278.4262801075031
 51
359.9999999999783
  0
LINE
  5
3A6
  8
MOSFET$TRACES
 10
-680.794648844095
 20
514.9169694779403
 30
0.0
 11
-680.7946488440949
 21
518.1447608840978
 31
0.0
  0
ARC
  5
3A7
  8
MOSFET$TRACES
 10
-681.0946488440954
 20
518.1447608840974
 30
0.0
 40
0.300000000000523
 50
0.0000000000651378
 51
89.99999999991316
  0
LINE
  5
3A8
  8
MOSFET$TRACES
 10
-681.094648844095
 20
518.4447608840978
 30
0.0
 11
-682.5188047236031
 21
518.4447608840978
 31
0.0
  0
ARC
  5
3A9
  8
MOSFET$TRACES
 10
-682.5188047236034
 20
518.144760884098
 30
0.0
 40
0.2999999999998408
 50
89.99999999995657
 51
180.0000000000217
  0
LINE
  5
3AA
  8
MOSFET$TRACES
 10
-682.8188047236032
 20
518.1447608840979
 30
0.0
 11
-682.8188047236032
 21
515.1039606831022
 31
0.0
  0
ARC
  5
3AB
  8
MOSFET$TRACES
 10
-682.3188047236032
 20
515.1039606831022
 30
0.0
 40
0.5
 50
180.0
 51
219.7020722283155
  0
LINE
  5
3AC
  8
MOSFET$TRACES
 10
-682.7034929496511
 20
514.7845628610368
 30
0.0
 11
-682.5978797584401
 21
514.6573605184799
 31
0.0
  0
ARC
  5
3AD
  8
MOSFET$TRACES
 10
682.9825679844879
 20
514.3379626964146
 30
0.0
 40
0.5
 50
140.2979277716845
 51
225.0005550016283
210
0.0
220
0.0
230
-1.0
  0
LINE
  5
3AE
  8
MOSFET$TRACES
 10
-682.6290180186435
 20
513.9844058811057
 30
0.0
 11
-683.7108184220647
 21
512.9026264354293
 31
0.0
  0
ARC
  5
3AF
  8
MOSFET$TRACES
 10
683.9229484015713
 20
513.1147605246147
 30
0.0000000000000027
 40
0.3
 50
225.0005550016161
 51
270.0
210
0.0
220
0.0
230
-1.0
  0
LINE
  5
3B0
  8
MOSFET$TRACES
 10
-683.9229484015713
 20
512.8147605246147
 30
0.0
 11
-691.1098521973787
 21
512.8147605246147
 31
0.0
  0
ARC
  5
3B1
  8
MOSFET$TRACES
 10
691.1098521973787
 20
513.1147605246147
 30
0.0
 40
0.3
 50
270.0
 51
315.0
210
0.0
220
0.0
230
-1.0
  0
LINE
  5
3B2
  8
MOSFET$TRACES
 10
-691.3219842317346
 20
512.9026284902587
 30
0.0
 11
-693.6854727197187
 21
515.2661169782427
 31
0.0
  0
ARC
  5
3B3
  8
MOSFET$TRACES
 10
693.4733406853627
 20
515.4782490125988
 30
-0.0000000000000062
 40
0.3
 50
315.0
 51
359.9876226118588
210
0.0
220
0.0
230
-1.0
  0
LINE
  5
3B4
  8
MOSFET$TRACES
 10
-693.7733406783626
 20
515.4781842047464
 30
0.0
 11
-693.7734055072198
 21
535.9472901285067
 31
0.0
  0
ARC
  5
3B5
  8
MOSFET$TRACES
 10
693.2734055072198
 20
535.9472901285067
 30
0.0
 40
0.5
 50
0.0
 51
45.00000000000922
210
0.0
220
0.0
230
-1.0
  0
LINE
  5
3B6
  8
MOSFET$TRACES
 10
-693.626958897813
 20
536.3008435191
 30
0.0
 11
-693.0679814237153
 21
536.8598209931977
 31
0.0
  0
ARC
  5
3B7
  8
MOSFET$TRACES
 10
692.7144280331215
 20
536.506267602603
 30
0.0
 40
0.5000000000013707
 50
45.0000000000737
 51
89.99999999993486
210
0.0
220
0.0
230
-1.0
  0
LINE
  5
3B8
  8
MOSFET$TRACES
 10
-692.7144280331221
 20
537.0062676026043
 30
0.0
 11
-692.4738656486684
 21
537.0062676026043
 31
0.0
  0
ARC
  5
3B9
  8
MOSFET$TRACES
 10
692.473865648668
 20
536.0062676026052
 30
0.0
 40
0.9999999999990905
 50
89.99999999998046
 51
123.475915146506
210
0.0
220
0.0
230
-1.0
  0
ARC
  5
3BA
  8
MOSFET$TRACES
 10
-691.4819438295405
 20
537.5062676025941
 30
0.0
 40
0.7983072304896455
 50
236.5240848534425
 51
270.0000000000489
  0
LINE
  5
3BB
  8
MOSFET$TRACES
 10
-691.4819438295398
 20
536.7079603721045
 30
0.0
 11
-689.0470590839823
 21
536.7079603721045
 31
0.0
  0
ARC
  5
3BC
  8
MOSFET$TRACES
 10
-689.0470590839823
 20
537.5062676025967
 30
0.0
 40
0.7983072304922416
 50
270.0
 51
90.0
  0
LINE
  5
3BD
  8
MOSFET$TRACES
 10
-689.0470590839823
 20
538.3045748330891
 30
0.0
 11
-691.4819438295398
 21
538.3045748330891
 31
0.0
  0
ARC
  5
3BE
  8
MOSFET$TRACES
 10
-691.4819438295382
 20
537.5062676025918
 30
0.0
 40
0.7983072304972438
 50
90.00000000011423
 51
123.4759151463921
  0
ARC
  5
3BF
  8
MOSFET$TRACES
 10
692.473865648669
 20
539.0062676025914
 30
0.0
 40
1.00000000000212
 50
236.524084853544
 51
269.9999999999674
210
0.0
220
0.0
230
-1.0
  0
LINE
  5
3C0
  8
MOSFET$TRACES
 10
-692.4738656486684
 20
538.0062676025892
 30
0.0
 11
-693.2132039345253
 21
538.0062676025892
 31
0.0
  0
ARC
  5
3C1
  8
MOSFET$TRACES
 10
-693.2132039345253
 20
537.7062676025892
 30
0.0
 40
0.3
 50
90.0
 51
134.9999999999847
  0
LINE
  5
3C2
  8
HOLES
 10
-686.0132365212
 20
521.5977028071445
 30
0.0
 11
-684.2002170464982
 21
521.5977028071446
 31
0.0
  0
ARC
  5
3C3
  8
HOLES
 10
684.2002170464981
 20
521.184103613712
 30
0.0
 40
0.4135991934326384
 50
90.0
 51
270.0
210
0.0
220
0.0
230
-1.0
  0
LINE
  5
3C4
  8
HOLES
 10
-684.2002170464981
 20
520.7705044202794
 30
0.0
 11
-686.0132365212
 21
520.7705044202793
 31
0.0
  0
ARC
  5
3C5
  8
HOLES
 10
686.0132365212
 20
521.184103613712
 30
0.0
 40
0.4135991934326384
 50
270.0
 51
90.0
210
0.0
220
0.0
230
-1.0
  0
LINE
  5
3C6
  8
HOLES
 10
-682.2203259772817
 20
515.6275938763611
 30
0.0
 11
-682.2203259772817
 21
517.4406133510629
 31
0.0
  0
ARC
  5
3C7
  8
HOLES
 10
681.8067267838491
 20
517.4406133510629
 30
0.0
 40
0.4135991934326384
 50
0.0
 51
180.0
210
0.0
220
0.0
230
-1.0
  0
LINE
  5
3C8
  8
HOLES
 10
-681.3931275904165
 20
517.4406133510629
 30
0.0
 11
-681.3931275904165
 21
515.6275938763611
 31
0.0
  0
ARC
  5
3C9
  8
HOLES
 10
681.8067267838491
 20
515.6275938763611
 30
0.0
 40
0.4135991934326384
 50
180.0
 51
0.0
210
0.0
220
0.0
230
-1.0
  0
ARC
  5
3CA
  8
MOSFET$TRACES
 10
-688.4823944970037
 20
542.1613761764548
 30
0.0
 40
0.20074096384344
 50
0.2111042280824717
 51
90.20955996128204
  0
LINE
  5
3CB
  8
MOSFET$TRACES
 10
-688.4831287077113
 20
542.3621157976048
 30
0.0
 11
-692.0458742058106
 21
542.3621157976048
 31
0.0
  0
ARC
  5
3CC
  8
MOSFET$TRACES
 10
-692.0466084165182
 20
542.1613761764548
 30
0.0
 40
0.2007409638434565
 50
89.79044003871796
 51
179.7888957719175
  0
LINE
  5
3CD
  8
MOSFET$TRACES
 10
-692.2473480178064
 20
542.1621157976049
 30
0.0
 11
-692.2473480178064
 21
541.5062676025968
 31
0.0
  0
LINE
  5
3CE
  8
MOSFET$TRACES
 10
-692.2473480178064
 20
541.5062676025968
 30
0.0
 11
-688.2816548957155
 21
541.5062676025968
 31
0.0
  0
LINE
  5
3CF
  8
MOSFET$TRACES
 10
-688.2816548957155
 20
541.5062676025968
 30
0.0
 11
-688.2816548957155
 21
542.1621157976049
 31
0.0
  0
LINE
  5
3D0
  8
MOSFET$TRACES
 10
-665.7420289445341
 20
508.8699771399544
 30
0.0
 11
-661.7063949253209
 21
508.8699771399544
 31
0.0
  0
ARC
  5
3D1
  8
MOSFET$TRACES
 10
661.7063949253209
 20
508.1199771399544
 30
0.0
 40
0.7499999999999432
 50
90.0
 51
180.0000000000043
210
0.0
220
0.0
230
-1.0
  0
LINE
  5
3D2
  8
MOSFET$TRACES
 10
-660.9563949253209
 20
508.1199771399544
 30
0.0
 11
-660.9563949253209
 21
508.0199771399543
 31
0.0
  0
ARC
  5
3D3
  8
MOSFET$TRACES
 10
661.706394925321
 20
508.0199771399545
 30
0.0
 40
0.7500000000001137
 50
180.000000000013
 51
269.9999999999913
210
0.0
220
0.0
230
-1.0
  0
LINE
  5
3D4
  8
MOSFET$TRACES
 10
-661.7063949253209
 20
507.2699771399543
 30
0.0
 11
-665.7420289445341
 21
507.2699771399543
 31
0.0
  0
ARC
  5
3D5
  8
MOSFET$TRACES
 10
665.7420289445342
 20
508.0199771399542
 30
0.0
 40
0.7499999999998295
 50
269.9999999999913
 51
0.0000000000130276
210
0.0
220
0.0
230
-1.0
  0
LINE
  5
3D6
  8
MOSFET$TRACES
 10
-666.4920289445341
 20
508.0199771399543
 30
0.0
 11
-666.4920289445341
 21
508.1199771399544
 31
0.0
  0
ARC
  5
3D7
  8
MOSFET$TRACES
 10
665.7420289445341
 20
508.1199771399544
 30
0.0
 40
0.75
 50
0.0
 51
90.0
210
0.0
220
0.0
230
-1.0
  0
LINE
  5
3D8
  8
MOSFET$TRACES
 10
-637.2255428136516
 20
509.8099822199638
 30
0.0
 11
-640.2511710664689
 21
509.809982219964
 31
0.0
  0
ARC
  5
3D9
  8
MOSFET$TRACES
 10
640.2511710664689
 20
510.5599822199638
 30
0.0
 40
0.7499999999998295
 50
270.0
 51
0.0000000000130276
210
0.0
220
0.0
230
-1.0
  0
LINE
  5
3DA
  8
MOSFET$TRACES
 10
-641.0011710664689
 20
510.559982219964
 30
0.0
 11
-641.0011710664689
 21
510.659982219964
 31
0.0
  0
ARC
  5
3DB
  8
MOSFET$TRACES
 10
640.2511710664688
 20
510.6599822199638
 30
0.0
 40
0.7500000000001137
 50
0.0000000000173701
 51
89.99999999999133
210
0.0
220
0.0
230
-1.0
  0
LINE
  5
3DC
  8
MOSFET$TRACES
 10
-640.2511710664689
 20
511.409982219964
 30
0.0
 11
-637.2255428136516
 21
511.4099822199639
 31
0.0
  0
ARC
  5
3DD
  8
MOSFET$TRACES
 10
637.2255428136516
 20
510.6599822199639
 30
0.0
 40
0.75
 50
90.0
 51
180.0
210
0.0
220
0.0
230
-1.0
  0
LINE
  5
3DE
  8
MOSFET$TRACES
 10
-636.4755428136516
 20
510.6599822199639
 30
0.0
 11
-636.4755428136516
 21
510.5599822199638
 31
0.0
  0
ARC
  5
3DF
  8
MOSFET$TRACES
 10
637.2255428136516
 20
510.5599822199638
 30
0.0
 40
0.75
 50
180.0
 51
270.0
210
0.0
220
0.0
230
-1.0
  0
LINE
  5
3E0
  8
MOSFET$TRACES
 10
-684.3778770087181
 20
549.3091899069341
 30
0.0
 11
-686.249916679626
 21
549.3091899069341
 31
0.0
  0
ARC
  5
3E1
  8
MOSFET$TRACES
 10
686.249916679626
 20
549.8091899069341
 30
0.0
 40
0.5
 50
270.0
 51
0.0
210
0.0
220
0.0
230
-1.0
  0
LINE
  5
3E2
  8
MOSFET$TRACES
 10
-686.749916679626
 20
549.8091899069341
 30
0.0
 11
-686.7447804920095
 21
554.342526698859
 31
0.0
  0
LINE
  5
3E3
  8
MOSFET$TRACES
 10
-686.7447804920095
 20
554.342526698859
 30
0.0
 11
-686.7449339365177
 21
554.3833187125199
 31
0.0
  0
LINE
  5
3E4
  8
MOSFET$TRACES
 10
-686.7449339365177
 20
554.3833187125199
 30
0.0
 11
-686.745949976101
 21
554.4238404432286
 31
0.0
  0
LINE
  5
3E5
  8
MOSFET$TRACES
 10
-686.745949976101
 20
554.4238404432286
 30
0.0
 11
-686.7470090344713
 21
554.4439286478083
 31
0.0
  0
LINE
  5
3E6
  8
MOSFET$TRACES
 10
-686.7470090344713
 20
554.4439286478083
 30
0.0
 11
-686.7485365986297
 21
554.4638700521903
 31
0.0
  0
LINE
  5
3E7
  8
MOSFET$TRACES
 10
-686.7485365986297
 20
554.4638700521903
 30
0.0
 11
-686.7505965088607
 21
554.4836446528512
 31
0.0
  0
LINE
  5
3E8
  8
MOSFET$TRACES
 10
-686.7505965088607
 20
554.4836446528512
 30
0.0
 11
-686.7532434138618
 21
554.5032353263323
 31
0.0
  0
LINE
  5
3E9
  8
MOSFET$TRACES
 10
-686.7532434138618
 20
554.5032353263323
 30
0.0
 11
-686.7565231242664
 21
554.5226277184672
 31
0.0
  0
LINE
  5
3EA
  8
MOSFET$TRACES
 10
-686.7565231242664
 20
554.5226277184672
 30
0.0
 11
-686.7584122676594
 21
554.5322458033213
 31
0.0
  0
LINE
  5
3EB
  8
MOSFET$TRACES
 10
-686.7584122676594
 20
554.5322458033213
 30
0.0
 11
-686.760472966166
 21
554.5418101336105
 31
0.0
  0
LINE
  5
3EC
  8
MOSFET$TRACES
 10
-686.760472966166
 20
554.5418101336105
 30
0.0
 11
-686.7627086178379
 21
554.5513196446002
 31
0.0
  0
LINE
  5
3ED
  8
MOSFET$TRACES
 10
-686.7627086178379
 20
554.5513196446002
 30
0.0
 11
-686.765122134633
 21
554.5607734238657
 31
0.0
  0
LINE
  5
3EE
  8
MOSFET$TRACES
 10
-686.765122134633
 20
554.5607734238657
 30
0.0
 11
-686.7677159534635
 21
554.5701707078326
 31
0.0
  0
LINE
  5
3EF
  8
MOSFET$TRACES
 10
-686.7677159534635
 20
554.5701707078326
 30
0.0
 11
-686.7704920472429
 21
554.579510878314
 31
0.0
  0
LINE
  5
3F0
  8
MOSFET$TRACES
 10
-686.7704920472429
 20
554.579510878314
 30
0.0
 11
-686.7734519359346
 21
554.5887934590492
 31
0.0
  0
LINE
  5
3F1
  8
MOSFET$TRACES
 10
-686.7734519359346
 20
554.5887934590492
 30
0.0
 11
-686.776596697598
 21
554.598018112242
 31
0.0
  0
LINE
  5
3F2
  8
MOSFET$TRACES
 10
-686.776596697598
 20
554.598018112242
 30
0.0
 11
-686.7799269794372
 21
554.6071846350999
 31
0.0
  0
LINE
  5
3F3
  8
MOSFET$TRACES
 10
-686.7799269794372
 20
554.6071846350999
 30
0.0
 11
-686.7834430088482
 21
554.6162929563707
 31
0.0
  0
LINE
  5
3F4
  8
MOSFET$TRACES
 10
-686.7834430088482
 20
554.6162929563707
 30
0.0
 11
-686.7871446044666
 21
554.625343132883
 31
0.0
  0
LINE
  5
3F5
  8
MOSFET$TRACES
 10
-686.7871446044666
 20
554.625343132883
 30
0.0
 11
-686.7910311872151
 21
554.6343353460832
 31
0.0
  0
LINE
  5
3F6
  8
MOSFET$TRACES
 10
-686.7910311872151
 20
554.6343353460832
 30
0.0
 11
-686.7951017913512
 21
554.643269898574
 31
0.0
  0
LINE
  5
3F7
  8
MOSFET$TRACES
 10
-686.7951017913512
 20
554.643269898574
 30
0.0
 11
-686.7993550755141
 21
554.6521472106533
 31
0.0
  0
LINE
  5
3F8
  8
MOSFET$TRACES
 10
-686.7993550755141
 20
554.6521472106533
 30
0.0
 11
-686.8037893337736
 21
554.6609678168522
 31
0.0
  0
LINE
  5
3F9
  8
MOSFET$TRACES
 10
-686.8037893337736
 20
554.6609678168522
 30
0.0
 11
-686.8084025066764
 21
554.6697323624737
 31
0.0
  0
LINE
  5
3FA
  8
MOSFET$TRACES
 10
-686.8084025066764
 20
554.6697323624737
 30
0.0
 11
-686.8131921922949
 21
554.6784416001307
 31
0.0
  0
LINE
  5
3FB
  8
MOSFET$TRACES
 10
-686.8131921922949
 20
554.6784416001307
 30
0.0
 11
-686.8181556572729
 21
554.6870963862846
 31
0.0
  0
LINE
  5
3FC
  8
MOSFET$TRACES
 10
-686.8181556572729
 20
554.6870963862846
 30
0.0
 11
-686.8285914010348
 21
554.7042465284012
 31
0.0
  0
LINE
  5
3FD
  8
MOSFET$TRACES
 10
-686.8285914010348
 20
554.7042465284012
 30
0.0
 11
-686.8396816623781
 21
554.721191585943
 31
0.0
  0
LINE
  5
3FE
  8
MOSFET$TRACES
 10
-686.8396816623781
 20
554.721191585943
 30
0.0
 11
-686.8513937699252
 21
554.7379417960614
 31
0.0
  0
LINE
  5
3FF
  8
MOSFET$TRACES
 10
-686.8513937699252
 20
554.7379417960614
 30
0.0
 11
-686.863690810027
 21
554.7545087251683
 31
0.0
  0
LINE
  5
400
  8
MOSFET$TRACES
 10
-686.863690810027
 20
554.7545087251683
 30
0.0
 11
-686.8765319802874
 21
554.770905158164
 31
0.0
  0
LINE
  5
401
  8
MOSFET$TRACES
 10
-686.8765319802874
 20
554.770905158164
 30
0.0
 11
-686.8898729430838
 21
554.7871449876666
 31
0.0
  0
LINE
  5
402
  8
MOSFET$TRACES
 10
-686.8898729430838
 20
554.7871449876666
 30
0.0
 11
-686.9036661790902
 21
554.8032431032385
 31
0.0
  0
LINE
  5
403
  8
MOSFET$TRACES
 10
-686.9036661790902
 20
554.8032431032385
 30
0.0
 11
-686.9178613408003
 21
554.8192152806166
 31
0.0
  0
LINE
  5
404
  8
MOSFET$TRACES
 10
-686.9178613408003
 20
554.8192152806166
 30
0.0
 11
-686.9472440315398
 21
554.8508486899748
 31
0.0
  0
LINE
  5
405
  8
MOSFET$TRACES
 10
-686.9472440315398
 20
554.8508486899748
 30
0.0
 11
-687.0083860274276
 21
554.9133708274641
 31
0.0
  0
LINE
  5
406
  8
MOSFET$TRACES
 10
-687.0083860274276
 20
554.9133708274641
 30
0.0
 11
-687.0695280233155
 21
554.9758929649533
 31
0.0
  0
LINE
  5
407
  8
MOSFET$TRACES
 10
-687.0695280233155
 20
554.9758929649533
 30
0.0
 11
-687.0989107140549
 21
555.0075263743115
 31
0.0
  0
LINE
  5
408
  8
MOSFET$TRACES
 10
-687.0989107140549
 20
555.0075263743115
 30
0.0
 11
-687.113105875765
 21
555.0234985516896
 31
0.0
  0
LINE
  5
409
  8
MOSFET$TRACES
 10
-687.113105875765
 20
555.0234985516896
 30
0.0
 11
-687.1268991117714
 21
555.0395966672615
 31
0.0
  0
LINE
  5
40A
  8
MOSFET$TRACES
 10
-687.1268991117714
 20
555.0395966672615
 30
0.0
 11
-687.1402400745678
 21
555.0558364967641
 31
0.0
  0
LINE
  5
40B
  8
MOSFET$TRACES
 10
-687.1402400745678
 20
555.0558364967641
 30
0.0
 11
-687.1530812448282
 21
555.0722329297598
 31
0.0
  0
LINE
  5
40C
  8
MOSFET$TRACES
 10
-687.1530812448282
 20
555.0722329297598
 30
0.0
 11
-687.1653782849301
 21
555.0887998588668
 31
0.0
  0
LINE
  5
40D
  8
MOSFET$TRACES
 10
-687.1653782849301
 20
555.0887998588668
 30
0.0
 11
-687.1770903924771
 21
555.1055500689852
 31
0.0
  0
LINE
  5
40E
  8
MOSFET$TRACES
 10
-687.1770903924771
 20
555.1055500689852
 30
0.0
 11
-687.1881806538204
 21
555.1224951265269
 31
0.0
  0
LINE
  5
40F
  8
MOSFET$TRACES
 10
-687.1881806538204
 20
555.1224951265269
 30
0.0
 11
-687.1986163975823
 21
555.1396452686436
 31
0.0
  0
LINE
  5
410
  8
MOSFET$TRACES
 10
-687.1986163975823
 20
555.1396452686436
 30
0.0
 11
-687.2035798625603
 21
555.1483000547975
 31
0.0
  0
LINE
  5
411
  8
MOSFET$TRACES
 10
-687.2035798625603
 20
555.1483000547975
 30
0.0
 11
-687.2083695481788
 21
555.1570092924544
 31
0.0
  0
LINE
  5
412
  8
MOSFET$TRACES
 10
-687.2083695481788
 20
555.1570092924544
 30
0.0
 11
-687.2129827210816
 21
555.1657738380759
 31
0.0
  0
LINE
  5
413
  8
MOSFET$TRACES
 10
-687.2129827210816
 20
555.1657738380759
 30
0.0
 11
-687.2174169793411
 21
555.1745944442748
 31
0.0
  0
LINE
  5
414
  8
MOSFET$TRACES
 10
-687.2174169793411
 20
555.1745944442748
 30
0.0
 11
-687.221670263504
 21
555.1834717563542
 31
0.0
  0
LINE
  5
415
  8
MOSFET$TRACES
 10
-687.221670263504
 20
555.1834717563542
 30
0.0
 11
-687.2257408676401
 21
555.192406308845
 31
0.0
  0
LINE
  5
416
  8
MOSFET$TRACES
 10
-687.2257408676401
 20
555.192406308845
 30
0.0
 11
-687.2296274503886
 21
555.2013985220451
 31
0.0
  0
LINE
  5
417
  8
MOSFET$TRACES
 10
-687.2296274503886
 20
555.2013985220451
 30
0.0
 11
-687.233329046007
 21
555.2104486985575
 31
0.0
  0
LINE
  5
418
  8
MOSFET$TRACES
 10
-687.233329046007
 20
555.2104486985575
 30
0.0
 11
-687.236845075418
 21
555.2195570198282
 31
0.0
  0
LINE
  5
419
  8
MOSFET$TRACES
 10
-687.236845075418
 20
555.2195570198282
 30
0.0
 11
-687.2401753572572
 21
555.2287235426861
 31
0.0
  0
LINE
  5
41A
  8
MOSFET$TRACES
 10
-687.2401753572572
 20
555.2287235426861
 30
0.0
 11
-687.2433201189206
 21
555.237948195879
 31
0.0
  0
LINE
  5
41B
  8
MOSFET$TRACES
 10
-687.2433201189206
 20
555.237948195879
 30
0.0
 11
-687.2462800076122
 21
555.2472307766142
 31
0.0
  0
LINE
  5
41C
  8
MOSFET$TRACES
 10
-687.2462800076122
 20
555.2472307766142
 30
0.0
 11
-687.2490561013917
 21
555.2565709470955
 31
0.0
  0
LINE
  5
41D
  8
MOSFET$TRACES
 10
-687.2490561013917
 20
555.2565709470955
 30
0.0
 11
-687.2516499202222
 21
555.2659682310624
 31
0.0
  0
LINE
  5
41E
  8
MOSFET$TRACES
 10
-687.2516499202222
 20
555.2659682310624
 30
0.0
 11
-687.2540634370173
 21
555.2754220103279
 31
0.0
  0
LINE
  5
41F
  8
MOSFET$TRACES
 10
-687.2540634370173
 20
555.2754220103279
 30
0.0
 11
-687.256299088689
 21
555.2849315213176
 31
0.0
  0
LINE
  5
420
  8
MOSFET$TRACES
 10
-687.256299088689
 20
555.2849315213176
 30
0.0
 11
-687.2583597871958
 21
555.2944958516068
 31
0.0
  0
LINE
  5
421
  8
MOSFET$TRACES
 10
-687.2583597871958
 20
555.2944958516068
 30
0.0
 11
-687.2602489305887
 21
555.3041139364609
 31
0.0
  0
LINE
  5
422
  8
MOSFET$TRACES
 10
-687.2602489305887
 20
555.3041139364609
 30
0.0
 11
-687.2635286409933
 21
555.3235063285958
 31
0.0
  0
LINE
  5
423
  8
MOSFET$TRACES
 10
-687.2635286409933
 20
555.3235063285958
 30
0.0
 11
-687.2661755459944
 21
555.3430970020769
 31
0.0
  0
LINE
  5
424
  8
MOSFET$TRACES
 10
-687.2661755459944
 20
555.3430970020769
 30
0.0
 11
-687.2682354562255
 21
555.3628716027379
 31
0.0
  0
LINE
  5
425
  8
MOSFET$TRACES
 10
-687.2682354562255
 20
555.3628716027379
 30
0.0
 11
-687.269763020384
 21
555.3828130071199
 31
0.0
  0
LINE
  5
426
  8
MOSFET$TRACES
 10
-687.269763020384
 20
555.3828130071199
 30
0.0
 11
-687.2708220787542
 21
555.4029012116996
 31
0.0
  0
LINE
  5
427
  8
MOSFET$TRACES
 10
-687.2708220787542
 20
555.4029012116996
 30
0.0
 11
-687.2718381183374
 21
555.4434229424082
 31
0.0
  0
LINE
  5
428
  8
MOSFET$TRACES
 10
-687.2718381183374
 20
555.4434229424082
 30
0.0
 11
-687.2719915628456
 21
555.4842149560691
 31
0.0
  0
LINE
  5
429
  8
MOSFET$TRACES
 10
-687.2719915628456
 20
555.4842149560691
 30
0.0
 11
-687.2719915628456
 21
557.8135742788418
 31
0.0
  0
ARC
  5
42A
  8
MOSFET$TRACES
 10
686.1883170830569
 20
557.813574367162
 30
0.0
 40
1.083674479788787
 50
359.9999953303536
 51
90.00000000000601
210
0.0
220
0.0
230
-1.0
  0
ARC
  5
42B
  8
MOSFET$TRACES
 10
686.1883170830571
 20
557.813574367162
 30
0.0
 40
1.083674479788783
 50
90.00000000001805
 51
180.0000046696464
210
0.0
220
0.0
230
-1.0
  0
LINE
  5
42C
  8
MOSFET$TRACES
 10
-685.1046426032683
 20
557.8135742788418
 30
0.0
 11
-685.1046426032683
 21
552.6004301341754
 31
0.0
  0
LINE
  5
42D
  8
MOSFET$TRACES
 10
-685.1046426032683
 20
552.6004301341754
 30
0.0
 11
-685.101921334831
 21
552.247885569803
 31
0.0
  0
LINE
  5
42E
  8
MOSFET$TRACES
 10
-685.101921334831
 20
552.247885569803
 30
0.0
 11
-685.0959025319269
 21
552.0933386350275
 31
0.0
  0
LINE
  5
42F
  8
MOSFET$TRACES
 10
-685.0959025319269
 20
552.0933386350275
 30
0.0
 11
-685.0911093340237
 21
552.0214338619671
 31
0.0
  0
LINE
  5
430
  8
MOSFET$TRACES
 10
-685.0911093340237
 20
552.0214338619671
 30
0.0
 11
-685.0849502600453
 21
551.953054214024
 31
0.0
  0
LINE
  5
431
  8
MOSFET$TRACES
 10
-685.0849502600453
 20
551.953054214024
 30
0.0
 11
-685.0773187133897
 21
551.8881462201093
 31
0.0
  0
LINE
  5
432
  8
MOSFET$TRACES
 10
-685.0773187133897
 20
551.8881462201093
 30
0.0
 11
-685.0681278401051
 21
551.8266466539377
 31
0.0
  0
LINE
  5
433
  8
MOSFET$TRACES
 10
-685.0681278401051
 20
551.8266466539377
 30
0.0
 11
-685.0629257100587
 21
551.7971527325509
 31
0.0
  0
LINE
  5
434
  8
MOSFET$TRACES
 10
-685.0629257100587
 20
551.7971527325509
 30
0.0
 11
-685.05730970628
 21
551.7684830498717
 31
0.0
  0
LINE
  5
435
  8
MOSFET$TRACES
 10
-685.05730970628
 20
551.7684830498717
 30
0.0
 11
-685.0512741583264
 21
551.7406271886775
 31
0.0
  0
LINE
  5
436
  8
MOSFET$TRACES
 10
-685.0512741583264
 20
551.7406271886775
 30
0.0
 11
-685.044814475432
 21
551.7135742187666
 31
0.0
  0
LINE
  5
437
  8
MOSFET$TRACES
 10
-685.044814475432
 20
551.7135742187666
 30
0.0
 11
-685.0379271208003
 21
551.6873127130789
 31
0.0
  0
LINE
  5
438
  8
MOSFET$TRACES
 10
-685.0379271208003
 20
551.6873127130789
 30
0.0
 11
-685.0306095858981
 21
551.661830763815
 31
0.0
  0
LINE
  5
439
  8
MOSFET$TRACES
 10
-685.0306095858981
 20
551.661830763815
 30
0.0
 11
-685.0228603647485
 21
551.6371159985578
 31
0.0
  0
LINE
  5
43A
  8
MOSFET$TRACES
 10
-685.0228603647485
 20
551.6371159985578
 30
0.0
 11
-685.0146789282244
 21
551.6131555963914
 31
0.0
  0
LINE
  5
43B
  8
MOSFET$TRACES
 10
-685.0146789282244
 20
551.6131555963914
 30
0.0
 11
-685.0060656983419
 21
551.5899363040216
 31
0.0
  0
LINE
  5
43C
  8
MOSFET$TRACES
 10
-685.0060656983419
 20
551.5899363040216
 30
0.0
 11
-684.9970220225543
 21
551.567444451897
 31
0.0
  0
LINE
  5
43D
  8
MOSFET$TRACES
 10
-684.9970220225543
 20
551.567444451897
 30
0.0
 11
-684.9875501480446
 21
551.5456659703273
 31
0.0
  0
LINE
  5
43E
  8
MOSFET$TRACES
 10
-684.9875501480446
 20
551.5456659703273
 30
0.0
 11
-684.9776531960199
 21
551.5245864056047
 31
0.0
  0
LINE
  5
43F
  8
MOSFET$TRACES
 10
-684.9776531960199
 20
551.5245864056047
 30
0.0
 11
-684.9673351360036
 21
551.5041909361242
 31
0.0
  0
LINE
  5
440
  8
MOSFET$TRACES
 10
-684.9673351360036
 20
551.5041909361242
 30
0.0
 11
-684.9566007601302
 21
551.4844643885028
 31
0.0
  0
LINE
  5
441
  8
MOSFET$TRACES
 10
-684.9566007601302
 20
551.4844643885028
 30
0.0
 11
-684.9454556574374
 21
551.4653912537009
 31
0.0
  0
LINE
  5
442
  8
MOSFET$TRACES
 10
-684.9454556574374
 20
551.4653912537009
 30
0.0
 11
-684.9339061881609
 21
551.446955703141
 31
0.0
  0
LINE
  5
443
  8
MOSFET$TRACES
 10
-684.9339061881609
 20
551.446955703141
 30
0.0
 11
-684.9219594580267
 21
551.429141604829
 31
0.0
  0
LINE
  5
444
  8
MOSFET$TRACES
 10
-684.9219594580267
 20
551.429141604829
 30
0.0
 11
-684.9096232925449
 21
551.4119325394738
 31
0.0
  0
LINE
  5
445
  8
MOSFET$TRACES
 10
-684.9096232925449
 20
551.4119325394738
 30
0.0
 11
-684.8969062113035
 21
551.3953118166075
 31
0.0
  0
LINE
  5
446
  8
MOSFET$TRACES
 10
-684.8969062113035
 20
551.3953118166075
 30
0.0
 11
-684.883817402261
 21
551.379262490706
 31
0.0
  0
LINE
  5
447
  8
MOSFET$TRACES
 10
-684.883817402261
 20
551.379262490706
 30
0.0
 11
-684.8703666960406
 21
551.3637673773081
 31
0.0
  0
LINE
  5
448
  8
MOSFET$TRACES
 10
-684.8703666960406
 20
551.3637673773081
 30
0.0
 11
-684.8565645402233
 21
551.3488090691371
 31
0.0
  0
LINE
  5
449
  8
MOSFET$TRACES
 10
-684.8565645402233
 20
551.3488090691371
 30
0.0
 11
-684.8424219736412
 21
551.3343699522195
 31
0.0
  0
LINE
  5
44A
  8
MOSFET$TRACES
 10
-684.8424219736412
 20
551.3343699522195
 30
0.0
 11
-684.8279506006712
 21
551.3204322220063
 31
0.0
  0
LINE
  5
44B
  8
MOSFET$TRACES
 10
-684.8279506006712
 20
551.3204322220063
 30
0.0
 11
-684.8131625655285
 21
551.306977899492
 31
0.0
  0
LINE
  5
44C
  8
MOSFET$TRACES
 10
-684.8131625655285
 20
551.306977899492
 30
0.0
 11
-684.7980705265592
 21
551.2939888473363
 31
0.0
  0
LINE
  5
44D
  8
MOSFET$TRACES
 10
-684.7980705265592
 20
551.2939888473363
 30
0.0
 11
-684.7826876305351
 21
551.2814467859828
 31
0.0
  0
LINE
  5
44E
  8
MOSFET$TRACES
 10
-684.7826876305351
 20
551.2814467859828
 30
0.0
 11
-684.7670274869458
 21
551.2693333097793
 31
0.0
  0
LINE
  5
44F
  8
MOSFET$TRACES
 10
-684.7670274869458
 20
551.2693333097793
 30
0.0
 11
-684.751104142293
 21
551.2576299030992
 31
0.0
  0
LINE
  5
450
  8
MOSFET$TRACES
 10
-684.751104142293
 20
551.2576299030992
 30
0.0
 11
-684.7349320543836
 21
551.2463179564602
 31
0.0
  0
LINE
  5
451
  8
MOSFET$TRACES
 10
-684.7349320543836
 20
551.2463179564602
 30
0.0
 11
-684.7185260666229
 21
551.2353787826453
 31
0.0
  0
LINE
  5
452
  8
MOSFET$TRACES
 10
-684.7185260666229
 20
551.2353787826453
 30
0.0
 11
-684.7019013823085
 21
551.2247936328223
 31
0.0
  0
LINE
  5
453
  8
MOSFET$TRACES
 10
-684.7019013823085
 20
551.2247936328223
 30
0.0
 11
-684.6850735389235
 21
551.214543712665
 31
0.0
  0
LINE
  5
454
  8
MOSFET$TRACES
 10
-684.6850735389235
 20
551.214543712665
 30
0.0
 11
-684.6680583824298
 21
551.2046101984721
 31
0.0
  0
LINE
  5
455
  8
MOSFET$TRACES
 10
-684.6680583824298
 20
551.2046101984721
 30
0.0
 11
-684.6335309021187
 21
551.185617043023
 31
0.0
  0
LINE
  5
456
  8
MOSFET$TRACES
 10
-684.6335309021187
 20
551.185617043023
 30
0.0
 11
-684.5984509017994
 21
551.1676636019406
 31
0.0
  0
LINE
  5
457
  8
MOSFET$TRACES
 10
-684.5984509017994
 20
551.1676636019406
 30
0.0
 11
-684.5629536323373
 21
551.1505998723876
 31
0.0
  0
LINE
  5
458
  8
MOSFET$TRACES
 10
-684.5629536323373
 20
551.1505998723876
 30
0.0
 11
-684.4912598059932
 21
551.1185474400722
 31
0.0
  0
LINE
  5
459
  8
MOSFET$TRACES
 10
-684.4912598059932
 20
551.1185474400722
 30
0.0
 11
-684.3489887098677
 21
551.0587020449474
 31
0.0
  0
LINE
  5
45A
  8
MOSFET$TRACES
 10
-684.3489887098677
 20
551.0587020449474
 30
0.0
 11
-684.2806182296779
 21
551.0287132194611
 31
0.0
  0
LINE
  5
45B
  8
MOSFET$TRACES
 10
-684.2806182296779
 20
551.0287132194611
 30
0.0
 11
-684.2475875576027
 21
551.0132547890767
 31
0.0
  0
LINE
  5
45C
  8
MOSFET$TRACES
 10
-684.2475875576027
 20
551.0132547890767
 30
0.0
 11
-684.2154921250406
 21
550.9973304210007
 31
0.0
  0
LINE
  5
45D
  8
MOSFET$TRACES
 10
-684.2154921250406
 20
550.9973304210007
 30
0.0
 11
-684.1844490854272
 21
550.9808303368095
 31
0.0
  0
LINE
  5
45E
  8
MOSFET$TRACES
 10
-684.1844490854272
 20
550.9808303368095
 30
0.0
 11
-684.1693570464579
 21
550.9723319275122
 31
0.0
  0
LINE
  5
45F
  8
MOSFET$TRACES
 10
-684.1693570464579
 20
550.9723319275122
 30
0.0
 11
-684.1545690113152
 21
550.9636515099116
 31
0.0
  0
LINE
  5
460
  8
MOSFET$TRACES
 10
-684.1545690113152
 20
550.9636515099116
 30
0.0
 11
-684.1400976383452
 21
550.9547773452887
 31
0.0
  0
LINE
  5
461
  8
MOSFET$TRACES
 10
-684.1400976383452
 20
550.9547773452887
 30
0.0
 11
-684.1259550717631
 21
550.9456981813942
 31
0.0
  0
LINE
  5
462
  8
MOSFET$TRACES
 10
-684.1259550717631
 20
550.9456981813942
 30
0.0
 11
-684.1121529159458
 21
550.9364032685694
 31
0.0
  0
LINE
  5
463
  8
MOSFET$TRACES
 10
-684.1121529159458
 20
550.9364032685694
 30
0.0
 11
-684.0987022097254
 21
550.9268823758657
 31
0.0
  0
LINE
  5
464
  8
MOSFET$TRACES
 10
-684.0987022097254
 20
550.9268823758657
 30
0.0
 11
-684.0856134006829
 21
550.9171258071658
 31
0.0
  0
LINE
  5
465
  8
MOSFET$TRACES
 10
-684.0856134006829
 20
550.9171258071658
 30
0.0
 11
-684.0728963194415
 21
550.9071244173024
 31
0.0
  0
LINE
  5
466
  8
MOSFET$TRACES
 10
-684.0728963194415
 20
550.9071244173024
 30
0.0
 11
-684.0605601539597
 21
550.8968696281795
 31
0.0
  0
LINE
  5
467
  8
MOSFET$TRACES
 10
-684.0605601539597
 20
550.8968696281795
 30
0.0
 11
-684.0486134238255
 21
550.8863534448917
 31
0.0
  0
LINE
  5
468
  8
MOSFET$TRACES
 10
-684.0486134238255
 20
550.8863534448917
 30
0.0
 11
-684.037063954549
 21
550.8755684718451
 31
0.0
  0
LINE
  5
469
  8
MOSFET$TRACES
 10
-684.037063954549
 20
550.8755684718451
 30
0.0
 11
-684.0259188518562
 21
550.8645079288772
 31
0.0
  0
LINE
  5
46A
  8
MOSFET$TRACES
 10
-684.0259188518562
 20
550.8645079288772
 30
0.0
 11
-684.0151844759828
 21
550.8531656673765
 31
0.0
  0
LINE
  5
46B
  8
MOSFET$TRACES
 10
-684.0151844759828
 20
550.8531656673765
 30
0.0
 11
-684.0048664159665
 21
550.8415361864038
 31
0.0
  0
LINE
  5
46C
  8
MOSFET$TRACES
 10
-684.0048664159665
 20
550.8415361864038
 30
0.0
 11
-683.9949694639417
 21
550.8296146488108
 31
0.0
  0
LINE
  5
46D
  8
MOSFET$TRACES
 10
-683.9949694639417
 20
550.8296146488108
 30
0.0
 11
-683.985497589432
 21
550.8173968973618
 31
0.0
  0
LINE
  5
46E
  8
MOSFET$TRACES
 10
-683.985497589432
 20
550.8173968973618
 30
0.0
 11
-683.9764539136445
 21
550.8048794708529
 31
0.0
  0
LINE
  5
46F
  8
MOSFET$TRACES
 10
-683.9764539136445
 20
550.8048794708529
 30
0.0
 11
-683.967840683762
 21
550.7920596202323
 31
0.0
  0
LINE
  5
470
  8
MOSFET$TRACES
 10
-683.967840683762
 20
550.7920596202323
 30
0.0
 11
-683.9596592472379
 21
550.7789353247204
 31
0.0
  0
LINE
  5
471
  8
MOSFET$TRACES
 10
-683.9596592472379
 20
550.7789353247204
 30
0.0
 11
-683.9519100260883
 21
550.7655053079304
 31
0.0
  0
LINE
  5
472
  8
MOSFET$TRACES
 10
-683.9519100260883
 20
550.7655053079304
 30
0.0
 11
-683.9445924911861
 21
550.7517690539881
 31
0.0
  0
LINE
  5
473
  8
MOSFET$TRACES
 10
-683.9445924911861
 20
550.7517690539881
 30
0.0
 11
-683.9377051365544
 21
550.7377268236521
 31
0.0
  0
LINE
  5
474
  8
MOSFET$TRACES
 10
-683.9377051365544
 20
550.7377268236521
 30
0.0
 11
-683.93124545366
 21
550.7233796704335
 31
0.0
  0
LINE
  5
475
  8
MOSFET$TRACES
 10
-683.93124545366
 20
550.7233796704335
 30
0.0
 11
-683.9252099057064
 21
550.708729456717
 31
0.0
  0
LINE
  5
476
  8
MOSFET$TRACES
 10
-683.9252099057064
 20
550.708729456717
 30
0.0
 11
-683.9195939019277
 21
550.6937788698801
 31
0.0
  0
LINE
  5
477
  8
MOSFET$TRACES
 10
-683.9195939019277
 20
550.6937788698801
 30
0.0
 11
-683.9143917718812
 21
550.6785314384139
 31
0.0
  0
LINE
  5
478
  8
MOSFET$TRACES
 10
-683.9143917718812
 20
550.6785314384139
 30
0.0
 11
-683.9095967397425
 21
550.6629915480428
 31
0.0
  0
LINE
  5
479
  8
MOSFET$TRACES
 10
-683.9095967397425
 20
550.6629915480428
 30
0.0
 11
-683.9052008985967
 21
550.6471644578453
 31
0.0
  0
LINE
  5
47A
  8
MOSFET$TRACES
 10
-683.9052008985967
 20
550.6471644578453
 30
0.0
 11
-683.9011951847339
 21
550.631056316373
 31
0.0
  0
LINE
  5
47B
  8
MOSFET$TRACES
 10
-683.9011951847339
 20
550.631056316373
 30
0.0
 11
-683.8975693519411
 21
550.614674177772
 31
0.0
  0
LINE
  5
47C
  8
MOSFET$TRACES
 10
-683.8975693519411
 20
550.614674177772
 30
0.0
 11
-683.8943119457965
 21
550.5980260179022
 31
0.0
  0
LINE
  5
47D
  8
MOSFET$TRACES
 10
-683.8943119457965
 20
550.5980260179022
 30
0.0
 11
-683.8914102779627
 21
550.5811207504581
 31
0.0
  0
LINE
  5
47E
  8
MOSFET$TRACES
 10
-683.8914102779627
 20
550.5811207504581
 30
0.0
 11
-683.8888504004799
 21
550.5639682430882
 31
0.0
  0
LINE
  5
47F
  8
MOSFET$TRACES
 10
-683.8888504004799
 20
550.5639682430882
 30
0.0
 11
-683.8866170800595
 21
550.5465793335154
 31
0.0
  0
LINE
  5
480
  8
MOSFET$TRACES
 10
-683.8866170800595
 20
550.5465793335154
 30
0.0
 11
-683.8846937723777
 21
550.5289658456577
 31
0.0
  0
LINE
  5
481
  8
MOSFET$TRACES
 10
-683.8846937723777
 20
550.5289658456577
 30
0.0
 11
-683.8830625963685
 21
550.5111406057478
 31
0.0
  0
LINE
  5
482
  8
MOSFET$TRACES
 10
-683.8830625963685
 20
550.5111406057478
 30
0.0
 11
-683.8805982771554
 21
550.4749112829963
 31
0.0
  0
LINE
  5
483
  8
MOSFET$TRACES
 10
-683.8805982771554
 20
550.4749112829963
 30
0.0
 11
-683.8790533622042
 21
550.4380146339843
 31
0.0
  0
LINE
  5
484
  8
MOSFET$TRACES
 10
-683.8790533622042
 20
550.4380146339843
 30
0.0
 11
-683.878234058207
 21
550.4005909961609
 31
0.0
  0
LINE
  5
485
  8
MOSFET$TRACES
 10
-683.878234058207
 20
550.4005909961609
 30
0.0
 11
-683.8778770087181
 21
550.3248125425775
 31
0.0
  0
LINE
  5
486
  8
MOSFET$TRACES
 10
-683.8778770087181
 20
550.3248125425775
 30
0.0
 11
-683.8778770087181
 21
549.8091899069341
 31
0.0
  0
ARC
  5
487
  8
MOSFET$TRACES
 10
684.3778770087181
 20
549.8091899069341
 30
0.0
 40
0.5
 50
180.0
 51
270.0
210
0.0
220
0.0
230
-1.0
  0
CIRCLE
  5
488
  8
HOLES
 10
688.8289099509741
 20
550.3248125426353
 30
0.0
 40
0.5
210
0.0
220
0.0
230
-1.0
  0
CIRCLE
  5
489
  8
HOLES
 10
-685.7023673439444
 20
550.3248125426353
 30
0.0
 40
0.5
  0
CIRCLE
  5
48A
  8
HOLES
 10
686.188317083057
 20
557.2076433272822
 30
0.0
 40
0.5
210
0.0
220
0.0
230
-1.0
  0
CIRCLE
  5
48B
  8
HOLES
 10
686.188317083057
 20
568.2076433272823
 30
0.0
 40
0.5
210
0.0
220
0.0
230
-1.0
  0
LINE
  5
48C
  8
HOLES
 10
-690.864501456761
 20
532.8412676025968
 30
0.0
 11
-689.664501456761
 21
532.8412676025968
 31
0.0
  0
LINE
  5
48D
  8
HOLES
 10
-689.664501456761
 20
532.8412676025968
 30
0.0
 11
-689.664501456761
 21
533.6712676025968
 31
0.0
  0
LINE
  5
48E
  8
HOLES
 10
-689.664501456761
 20
533.6712676025968
 30
0.0
 11
-690.864501456761
 21
533.6712676025968
 31
0.0
  0
LINE
  5
48F
  8
HOLES
 10
-690.864501456761
 20
533.6712676025968
 30
0.0
 11
-690.864501456761
 21
532.8412676025968
 31
0.0
  0
LINE
  5
490
  8
HOLES
 10
-690.864501456761
 20
542.1712676025968
 30
0.0
 11
-689.664501456761
 21
542.1712676025968
 31
0.0
  0
LINE
  5
491
  8
HOLES
 10
-689.664501456761
 20
542.1712676025968
 30
0.0
 11
-689.664501456761
 21
541.3412676025969
 31
0.0
  0
LINE
  5
492
  8
HOLES
 10
-689.664501456761
 20
541.3412676025969
 30
0.0
 11
-690.864501456761
 21
541.3412676025969
 31
0.0
  0
LINE
  5
493
  8
HOLES
 10
-690.864501456761
 20
541.3412676025969
 30
0.0
 11
-690.864501456761
 21
542.1712676025968
 31
0.0
  0
ARC
  5
494
  8
MOSFET$TRACES
 10
-692.0568780199472
 20
532.8517145510417
 30
0.0
 40
0.2012992047225173
 50
180.368639139901
 51
270.3639554661374
  0
LINE
  5
495
  8
MOSFET$TRACES
 10
-692.0555993314679
 20
532.6504194075887
 30
0.0
 11
-688.4734035820541
 21
532.6504194075887
 31
0.0
  0
ARC
  5
496
  8
MOSFET$TRACES
 10
-688.4721248935751
 20
532.8517145510418
 30
0.0
 40
0.2012992047227768
 50
269.6360445339924
 51
359.6313608600671
  0
LINE
  5
497
  8
MOSFET$TRACES
 10
-688.2708298553216
 20
532.8504194075888
 30
0.0
 11
-688.2708298553216
 21
533.5062676025968
 31
0.0
  0
LINE
  5
498
  8
MOSFET$TRACES
 10
-688.2708298553216
 20
533.5062676025968
 30
0.0
 11
-692.2581730582004
 21
533.5062676025968
 31
0.0
  0
LINE
  5
499
  8
MOSFET$TRACES
 10
-692.2581730582004
 20
533.5062676025968
 30
0.0
 11
-692.2581730582004
 21
532.8504194075888
 31
0.0
  0
CIRCLE
  5
49A
  8
HOLES
 10
690.2645014567613
 20
539.8362676025968
 30
0.0
 40
0.415
210
0.0
220
0.0
230
-1.0
  0
CIRCLE
  5
49B
  8
HOLES
 10
690.264501456761
 20
535.1762676025968
 30
0.0
 40
0.415
210
0.0
220
0.0
230
-1.0
  0
CIRCLE
  5
49C
  8
HOLES
 10
690.264501456761
 20
537.5062676025968
 30
0.0
 40
0.415
210
0.0
220
0.0
230
-1.0
  0
CIRCLE
  5
49D
  8
HOLES
 10
688.7033769169084
 20
580.713106426213
 30
0.0
 40
0.415
210
0.0
220
0.0
230
-1.0
  0
CIRCLE
  5
49E
  8
HOLES
 10
688.7033769169084
 20
583.2531064262131
 30
0.0
 40
0.415
210
0.0
220
0.0
230
-1.0
  0
CIRCLE
  5
49F
  8
HOLES
 10
688.7033769169084
 20
585.7931064262131
 30
0.0
 40
0.415
210
0.0
220
0.0
230
-1.0
  0
CIRCLE
  5
4A0
  8
HOLES
 10
688.7033769169084
 20
588.3331064262131
 30
0.0
 40
0.415
210
0.0
220
0.0
230
-1.0
  0
LINE
  5
4A1
  8
MOSFET$TRACES
 10
-646.1875271321817
 20
522.5477985561485
 30
0.0
 11
-642.4161726454349
 21
518.7764440694016
 31
0.0
  0
ARC
  5
4A2
  8
MOSFET$TRACES
 10
-642.0626192548416
 20
519.1299974599948
 30
0.0
 40
0.4999999999999765
 50
224.9999999999908
 51
270.0
  0
LINE
  5
4A3
  8
MOSFET$TRACES
 10
-642.0626192548417
 20
518.6299974599948
 30
0.0
 11
-640.0714880089289
 21
518.6299974599947
 31
0.0
  0
ARC
  5
4A4
  8
MOSFET$TRACES
 10
-640.0714880089289
 20
519.1299974599949
 30
0.0
 40
0.5000000000001279
 50
270.0
 51
316.1869385395773
  0
ARC
  5
4A5
  8
MOSFET$TRACES
 10
639.1334048569641
 20
518.2299974599948
 30
0.0
 40
0.7999999999999985
 50
43.81306146039257
 51
316.1869385396018
210
0.0
220
0.0
230
-1.0
  0
ARC
  5
4A6
  8
MOSFET$TRACES
 10
-640.0714880089289
 20
517.3299974599947
 30
0.0
 40
0.5000000000000213
 50
43.81306146041334
 51
90.0
  0
LINE
  5
4A7
  8
MOSFET$TRACES
 10
-640.0714880089288
 20
517.8299974599947
 30
0.0
 11
-642.6010968859267
 21
517.8299974599947
 31
0.0
  0
LINE
  5
4A8
  8
MOSFET$TRACES
 10
-642.6010968859267
 20
517.8299974599947
 30
0.0
 11
-647.2804203509953
 21
522.5093209250634
 31
0.0
  0
LINE
  5
4A9
  8
MOSFET$TRACES
 10
-647.2804203509953
 20
522.5093209250634
 30
0.0
 11
-647.2804203509952
 21
563.9887740711265
 31
0.0
  0
LINE
  5
4AA
  8
MOSFET$TRACES
 10
-647.2804203509952
 20
563.9887740711265
 30
0.0
 11
-639.2990902819132
 21
571.9701041402082
 31
0.0
  0
LINE
  5
4AB
  8
MOSFET$TRACES
 10
-639.2990902819132
 20
571.9701041402082
 30
0.0
 11
-637.571556734913
 21
571.9701041402082
 31
0.0
  0
ARC
  5
4AC
  8
MOSFET$TRACES
 10
-637.571556734913
 20
572.4701041402083
 30
0.0
 40
0.5000000000000835
 50
270.0
 51
316.1869385395867
  0
ARC
  5
4AD
  8
MOSFET$TRACES
 10
636.6334735829482
 20
571.5701041402083
 30
0.0
 40
0.8000000000000128
 50
43.81306146039257
 51
316.1869385395959
210
0.0
220
0.0
230
-1.0
  0
ARC
  5
4AE
  8
MOSFET$TRACES
 10
-637.571556734913
 20
570.6701041402081
 30
0.0
 40
0.5000000000001759
 50
43.81306146041372
 51
90.0
  0
LINE
  5
4AF
  8
MOSFET$TRACES
 10
-637.571556734913
 20
571.1701041402082
 30
0.0
 11
-638.7606126508282
 21
571.1701041402083
 31
0.0
  0
ARC
  5
4B0
  8
MOSFET$TRACES
 10
-638.7606126508281
 20
570.6701041402084
 30
0.0
 40
0.4999999999999147
 50
90.00000000001303
 51
135.0
  0
LINE
  5
4B1
  8
MOSFET$TRACES
 10
-639.1141660414214
 20
571.0236575308015
 30
0.0
 11
-646.3339737415884
 21
563.8038498306347
 31
0.0
  0
ARC
  5
4B2
  8
MOSFET$TRACES
 10
-645.9804203509951
 20
563.4502964400415
 30
0.0
 40
0.4999999999999086
 50
135.0
 51
180.000000000013
  0
LINE
  5
4B3
  8
MOSFET$TRACES
 10
-646.480420350995
 20
563.4502964400415
 30
0.0
 11
-646.4804203509951
 21
523.254905337335
 31
0.0
  0
ARC
  5
4B4
  8
MOSFET$TRACES
 10
-645.4804203509951
 20
523.254905337335
 30
0.0
 40
1.0
 50
180.0
 51
225.0
  0
CIRCLE
  5
4B6
  8
MOSFET
 10
-692.7911493550332
 20
596.5
 30
0.0
 40
3.000000000000024
  0
CIRCLE
  5
4B7
  8
MOSFET
 10
-692.791149355033
 20
507.5
 30
0.0
 40
3.000000000000115
  0
CIRCLE
  5
4B8
  8
HOLES
 10
692.791149355033
 20
507.5
 30
0.0
 40
1.5
210
0.0
220
0.0
230
-1.0
  0
CIRCLE
  5
4B9
  8
HOLES
 10
-692.7911493550332
 20
596.5
 30
0.0
 40
1.499999999999986
  0
CIRCLE
  5
4BA
  8
MOSFET
 10
624.5911493550319
 20
596.4999999999999
 30
0.0
 40
3.000000000000012
210
0.0
220
0.0
230
-1.0
  0
CIRCLE
  5
4BB
  8
MOSFET
 10
624.5911493550325
 20
507.4999999999999
 30
0.0
 40
3.00000000000011
210
0.0
220
0.0
230
-1.0
  0
CIRCLE
  5
4BC
  8
HOLES
 10
-624.5911493550325
 20
507.4999999999999
 30
0.0
 40
1.5
  0
LINE
  5
4BD
  8
MOSFET
 10
-695.7911493550328
 20
507.4999999999994
 30
0.0
 11
-695.7911493550328
 21
596.5000000000007
 31
0.0
  0
ARC
  5
4BE
  8
MOSFET
 10
692.791149355033
 20
596.5000000000007
 30
0.0
 40
2.999999999999618
 50
0.0
 51
90.0
210
0.0
220
0.0
230
-1.0
  0
LINE
  5
4BF
  8
MOSFET
 10
-692.7911493550331
 20
599.5000000000002
 30
0.0
 11
-624.5911493550318
 21
599.5000000000001
 31
0.0
  0
ARC
  5
4C0
  8
MOSFET
 10
624.5911493550318
 20
596.5000000000006
 30
0.0
 40
2.999999999999545
 50
90.0
 51
180.0
210
0.0
220
0.0
230
-1.0
  0
LINE
  5
4C1
  8
MOSFET
 10
-621.5911493550323
 20
596.5000000000006
 30
0.0
 11
-621.5911493550323
 21
507.4999999999994
 31
0.0
  0
ARC
  5
4C2
  8
MOSFET
 10
624.5911493550318
 20
507.4999999999994
 30
0.0
 40
2.999999999999588
 50
180.0
 51
270.0
210
0.0
220
0.0
230
-1.0
  0
LINE
  5
4C3
  8
MOSFET
 10
-624.5911493550318
 20
504.4999999999998
 30
0.0
 11
-692.7911493550332
 21
504.4999999999998
 31
0.0
  0
ARC
  5
4C4
  8
MOSFET
 10
692.7911493550332
 20
507.4999999999994
 30
0.0
 40
2.999999999999602
 50
270.0
 51
0.0
210
0.0
220
0.0
230
-1.0
  0
LINE
  5
4C5
  8
MOSFET$TRACES
 10
-635.9633769269698
 20
547.9100584201315
 30
0.0
 11
-640.133404877342
 21
547.9100584201171
 31
0.0
  0
ARC
  5
4C6
  8
MOSFET$TRACES
 10
640.133404877342
 20
548.7100584201172
 30
0.0
 40
0.8
 50
270.0
 51
0.0
210
0.0
220
0.0
230
-1.0
  0
ARC
  5
4C7
  8
MOSFET$TRACES
 10
640.133404877342
 20
548.7100584201401
 30
0.0
 40
0.7999999999999865
 50
359.9999999983553
 51
90.0
210
0.0
220
0.0
230
-1.0
  0
LINE
  5
4C8
  8
MOSFET$TRACES
 10
-640.133404877342
 20
549.5100584201401
 30
0.0
 11
-635.9633769169707
 21
549.5100584201401
 31
0.0
  0
ARC
  5
4C9
  8
MOSFET$TRACES
 10
635.9633769169125
 20
548.7100584201359
 30
0.0
 40
0.8000000000042851
 50
89.99999999582305
 51
270.0000007203015
210
0.0
220
0.0
230
-1.0
  0
LINE
  5
4CA
  8
MOSFET$TRACES
 10
-635.9633770971463
 20
545.3700533401213
 30
0.0
 11
-640.1334048774002
 21
545.370053340107
 31
0.0
  0
ARC
  5
4CB
  8
MOSFET$TRACES
 10
640.1334048774002
 20
546.170053340107
 30
0.0
 40
0.8
 50
270.0
 51
0.0
210
0.0
220
0.0
230
-1.0
  0
ARC
  5
4CC
  8
MOSFET$TRACES
 10
640.1334048774002
 20
546.1700533401299
 30
0.0
 40
0.7999999999999865
 50
359.9999999983553
 51
90.0
210
0.0
220
0.0
230
-1.0
  0
LINE
  5
4CD
  8
MOSFET$TRACES
 10
-640.1334048774002
 20
546.9700533401299
 30
0.0
 11
-635.9633769169125
 21
546.9700533401299
 31
0.0
  0
ARC
  5
4CE
  8
MOSFET$TRACES
 10
635.9633769169125
 20
546.1700533401256
 30
0.0
 40
0.8000000000042959
 50
90.0
 51
270.000012908301
210
0.0
220
0.0
230
-1.0
  0
LINE
  5
4CF
  8
MOSFET$TRACES
 10
-635.9633769047191
 20
540.2900431801008
 30
0.0
 11
-640.1334048774004
 21
540.2900431800865
 31
0.0
  0
ARC
  5
4D0
  8
MOSFET$TRACES
 10
640.1334048774004
 20
541.0900431800865
 30
0.0
 40
0.8
 50
270.0
 51
0.0
210
0.0
220
0.0
230
-1.0
  0
ARC
  5
4D1
  8
MOSFET$TRACES
 10
640.1334048774004
 20
541.0900431801094
 30
0.0
 40
0.7999999999999865
 50
359.9999999983553
 51
90.0
210
0.0
220
0.0
230
-1.0
  0
LINE
  5
4D2
  8
MOSFET$TRACES
 10
-640.1334048774004
 20
541.8900431801094
 30
0.0
 11
-635.9633769169125
 21
541.8900431801094
 31
0.0
  0
ARC
  5
4D3
  8
MOSFET$TRACES
 10
635.9633769169125
 20
541.0900431801051
 30
0.0
 40
0.8000000000042897
 50
90.0
 51
269.9999991267143
210
0.0
220
0.0
230
-1.0
  0
LINE
  5
4D4
  8
MOSFET$TRACES
 10
-635.9633771109867
 20
550.4500635001418
 30
0.0
 11
-640.1334048774002
 21
550.4500635001275
 31
0.0
  0
ARC
  5
4D5
  8
MOSFET$TRACES
 10
640.1334048774002
 20
551.2500635001275
 30
0.0
 40
0.8
 50
270.0
 51
0.0
210
0.0
220
0.0
230
-1.0
  0
ARC
  5
4D6
  8
MOSFET$TRACES
 10
640.1334048774002
 20
551.2500635001504
 30
0.0
 40
0.7999999999999865
 50
359.9999999983553
 51
90.0
210
0.0
220
0.0
230
-1.0
  0
LINE
  5
4D7
  8
MOSFET$TRACES
 10
-640.1334048774002
 20
552.0500635001504
 30
0.0
 11
-635.9633769169125
 21
552.0500635001504
 31
0.0
  0
ARC
  5
4D8
  8
MOSFET$TRACES
 10
635.9633769169125
 20
551.2500635001461
 30
0.0
 40
0.8000000000042923
 50
90.0
 51
270.000013899543
210
0.0
220
0.0
230
-1.0
  0
ARC
  5
4D9
  8
MOSFET$TRACES
 10
-639.133404856964
 20
538.5500381000762
 30
0.0
 40
0.8000000000000212
 50
82.90682107003312
 51
90.00000010849507
  0
CIRCLE
  5
4DA
  8
HOLES
 10
639.1334048569641
 20
520.770002540005
 30
0.0
 40
0.415000000000003
210
0.0
220
0.0
230
-1.0
  0
LINE
  5
4DB
  8
MOSFET$TRACES
 10
-635.890710874488
 20
528.9364643894421
 30
0.0
 11
-630.1949062223272
 21
534.6322690416027
 31
0.0
  0
ARC
  5
4DC
  8
MOSFET$TRACES
 10
-630.5484596129202
 20
534.9858224321958
 30
0.0
 40
0.4999999999996524
 50
315.0
 51
0.0000000000651378
  0
LINE
  5
4DD
  8
MOSFET$TRACES
 10
-630.0484596129206
 20
534.9858224321963
 30
0.0
 11
-630.0484596129202
 21
578.3093261581009
 31
0.0
  0
ARC
  5
4DE
  8
MOSFET$TRACES
 10
-630.5484596129202
 20
578.3093261581009
 30
0.0
 40
0.4999999999999751
 50
359.999999999987
 51
44.99999999999078
  0
LINE
  5
4DF
  8
MOSFET$TRACES
 10
-630.194906222327
 20
578.6628795486943
 30
0.0
 11
-635.0812112554886
 21
583.5491845818556
 31
0.0
  0
ARC
  5
4E0
  8
MOSFET$TRACES
 10
-635.4347646460818
 20
583.1956311912625
 30
0.0
 40
0.4999999999997981
 50
44.99999999999078
 51
90.00000000001303
  0
LINE
  5
4E1
  8
MOSFET$TRACES
 10
-635.4347646460819
 20
583.6956311912622
 30
0.0
 11
-636.6891802338102
 21
583.6956311912622
 31
0.0
  0
ARC
  5
4E2
  8
MOSFET$TRACES
 10
-636.6891802338104
 20
583.1956311912627
 30
0.0
 40
0.4999999999995595
 50
89.99999999998697
 51
135.0000000000184
  0
LINE
  5
4E3
  8
MOSFET$TRACES
 10
-637.0427336244034
 20
583.5491845818556
 30
0.0
 11
-637.7380302755481
 21
582.8538879307109
 31
0.0
  0
ARC
  5
4E4
  8
MOSFET$TRACES
 10
-637.3844768849546
 20
582.5003345401174
 30
0.0
 40
0.5000000000004085
 50
135.0
 51
179.9999999999609
  0
LINE
  5
4E5
  8
MOSFET$TRACES
 10
-637.884476884955
 20
582.5003345401177
 30
0.0
 11
-637.8844768849549
 21
581.2139148883812
 31
0.0
  0
ARC
  5
4E6
  8
MOSFET$TRACES
 10
-637.3844768849551
 20
581.213914888381
 30
0.0
 40
0.4999999999998046
 50
180.0
 51
225.0000000000276
  0
LINE
  5
4E7
  8
MOSFET$TRACES
 10
-637.7380302755482
 20
580.8603614977878
 30
0.0
 11
-637.0139558285448
 21
580.1362870507844
 31
0.0
  0
ARC
  5
4E8
  8
MOSFET$TRACES
 10
-636.6604024379515
 20
580.4898404413773
 30
0.0
 40
0.4999999999996824
 50
224.9999999999724
 51
271.1869385396159
  0
ARC
  5
4E9
  8
MOSFET$TRACES
 10
636.6334735829481
 20
579.1901193802387
 30
0.0
 40
0.800000000000057
 50
88.81306146039485
 51
0.0
210
0.0
220
0.0
230
-1.0
  0
ARC
  5
4EA
  8
MOSFET$TRACES
 10
636.6334735817798
 20
579.1901193802288
 30
0.0
 40
0.8000000011684705
 50
0.0000000007083731
 51
1.186938538571725
210
0.0
220
0.0
230
-1.0
  0
ARC
  5
4EB
  8
MOSFET$TRACES
 10
-637.9331946440868
 20
579.2170482352419
 30
0.0
 40
0.4999999999997402
 50
358.8130614603843
 51
45.00000000000922
  0
LINE
  5
4EC
  8
MOSFET$TRACES
 10
-637.579641253494
 20
579.570601625835
 30
0.0
 11
-638.684476884955
 21
580.675437257296
 31
0.0
  0
LINE
  5
4ED
  8
MOSFET$TRACES
 10
-638.684476884955
 20
580.675437257296
 30
0.0
 11
-638.6844768849548
 21
583.0388121712026
 31
0.0
  0
LINE
  5
4EE
  8
MOSFET$TRACES
 10
-638.6844768849548
 20
583.0388121712026
 30
0.0
 11
-637.2276578648953
 21
584.4956311912622
 31
0.0
  0
LINE
  5
4EF
  8
MOSFET$TRACES
 10
-637.2276578648953
 20
584.4956311912622
 30
0.0
 11
-634.8962870149968
 21
584.4956311912622
 31
0.0
  0
LINE
  5
4F0
  8
MOSFET$TRACES
 10
-634.8962870149968
 20
584.4956311912622
 30
0.0
 11
-629.2484596129204
 21
578.8478037891858
 31
0.0
  0
LINE
  5
4F1
  8
MOSFET$TRACES
 10
-629.2484596129204
 20
578.8478037891858
 30
0.0
 11
-629.2484596129206
 21
534.4473448011111
 31
0.0
  0
LINE
  5
4F2
  8
MOSFET$TRACES
 10
-629.2484596129206
 20
534.4473448011111
 30
0.0
 11
-635.7057866339962
 21
527.9900177800355
 31
0.0
  0
LINE
  5
4F3
  8
MOSFET$TRACES
 10
-635.7057866339962
 20
527.9900177800355
 30
0.0
 11
-638.1953217049994
 21
527.9900177800355
 31
0.0
  0
ARC
  5
4F4
  8
MOSFET$TRACES
 10
-638.1953217049995
 20
527.4900177800355
 30
0.0
 40
0.4999999999999574
 50
90.0
 51
136.1869385395961
  0
ARC
  5
4F5
  8
MOSFET$TRACES
 10
639.133404856964
 20
528.3900177800355
 30
0.0
 40
0.8000000000000577
 50
223.8130614603984
 51
136.1869385396074
210
0.0
220
0.0
230
-1.0
  0
ARC
  5
4F6
  8
MOSFET$TRACES
 10
-638.1953217049993
 20
529.2900177800352
 30
0.0
 40
0.4999999999999076
 50
223.8130614603946
 51
269.999999999987
  0
LINE
  5
4F7
  8
MOSFET$TRACES
 10
-638.1953217049993
 20
528.7900177800354
 30
0.0
 11
-636.2442642650813
 21
528.7900177800354
 31
0.0
  0
ARC
  5
4F8
  8
MOSFET$TRACES
 10
-636.2442642650813
 20
529.2900177800354
 30
0.0
 40
0.5000000000000853
 50
270.0
 51
314.9999999999816
  0
LINE
  5
4F9
  8
MOSFET$TRACES
 10
-642.1429653595715
 20
534.5052687876024
 30
0.0
 11
-639.5138871025606
 21
531.8761905305914
 31
0.0
  0
ARC
  5
4FA
  8
MOSFET$TRACES
 10
-639.1603337119673
 20
532.2297439211846
 30
0.0
 40
0.499999999999979
 50
225.0
 51
271.1869385395888
  0
ARC
  5
4FB
  8
MOSFET$TRACES
 10
639.133404856964
 20
530.9300228600457
 30
0.0
 40
0.8000000000000022
 50
88.81306146040299
 51
0.0
210
0.0
220
0.0
230
-1.0
  0
ARC
  5
4FC
  8
MOSFET$TRACES
 10
639.1334048563917
 20
530.9300228600367
 30
0.0
 40
0.8000000005723926
 50
0.0000000006350932
 51
1.186938539391065
210
0.0
220
0.0
230
-1.0
  0
ARC
  5
4FD
  8
MOSFET$TRACES
 10
-640.4331259181029
 20
530.956951715049
 30
0.0
 40
0.4999999999998859
 50
358.8130614603976
 51
45.0
  0
LINE
  5
4FE
  8
MOSFET$TRACES
 10
-640.0795725275098
 20
531.3105051056422
 30
0.0
 11
-643.0894119689782
 21
534.3203445471107
 31
0.0
  0
LINE
  5
4FF
  8
MOSFET$TRACES
 10
-643.0894119689782
 20
534.3203445471107
 30
0.0
 11
-643.0894119689781
 21
563.0997722931229
 31
0.0
  0
LINE
  5
500
  8
MOSFET$TRACES
 10
-643.0894119689781
 20
563.0997722931229
 30
0.0
 11
-639.2990902819131
 21
566.8900939801879
 31
0.0
  0
LINE
  5
501
  8
MOSFET$TRACES
 10
-639.2990902819131
 20
566.8900939801879
 30
0.0
 11
-637.571556734913
 21
566.8900939801879
 31
0.0
  0
ARC
  5
502
  8
MOSFET$TRACES
 10
-637.5715567349132
 20
567.3900939801881
 30
0.0
 40
0.5000000000002895
 50
270.000000000013
 51
316.1869385395953
  0
ARC
  5
503
  8
MOSFET$TRACES
 10
636.6334735829482
 20
566.4900939801879
 30
0.0
 40
0.8000000000000128
 50
43.81306146039844
 51
316.1869385396018
210
0.0
220
0.0
230
-1.0
  0
ARC
  5
504
  8
MOSFET$TRACES
 10
-637.5715567349129
 20
565.5900939801879
 30
0.0
 40
0.499999999999857
 50
43.81306146041295
 51
90.00000000001303
  0
LINE
  5
505
  8
MOSFET$TRACES
 10
-637.571556734913
 20
566.0900939801879
 30
0.0
 11
-638.7606126508281
 21
566.0900939801879
 31
0.0
  0
ARC
  5
506
  8
MOSFET$TRACES
 10
-638.7606126508283
 20
565.5900939801883
 30
0.0
 40
0.4999999999995879
 50
89.99999999998697
 51
135.0000000000184
  0
LINE
  5
507
  8
MOSFET$TRACES
 10
-639.1141660414214
 20
565.9436473707812
 30
0.0
 11
-642.1429653595715
 21
562.9148480526312
 31
0.0
  0
ARC
  5
508
  8
MOSFET$TRACES
 10
-641.7894119689784
 20
562.561294662038
 30
0.0
 40
0.4999999999998684
 50
134.9999999999908
 51
179.999999999987
  0
LINE
  5
509
  8
MOSFET$TRACES
 10
-642.2894119689781
 20
562.5612946620381
 30
0.0
 11
-642.2894119689784
 21
534.8588221781957
 31
0.0
  0
ARC
  5
50A
  8
MOSFET$TRACES
 10
-641.7894119689779
 20
534.8588221781959
 30
0.0
 40
0.5000000000003411
 50
180.000000000013
 51
224.9999999999908
  0
LINE
  5
50B
  8
MOSFET$TRACES
 10
-627.8894552949118
 20
530.0328125261761
 30
0.0
 11
-627.8894552949116
 21
581.7383330161147
 31
0.0
  0
ARC
  5
50C
  8
MOSFET$TRACES
 10
-628.3894552949114
 20
581.7383330161148
 30
0.0
 40
0.4999999999997371
 50
359.999999999987
 51
44.99999999998158
  0
LINE
  5
50D
  8
MOSFET$TRACES
 10
-628.0359019043183
 20
582.0918864067078
 30
0.0
 11
-631.9537030004717
 21
586.0096875028612
 31
0.0
  0
ARC
  5
50E
  8
MOSFET$TRACES
 10
-632.307256391065
 20
585.6561341122682
 30
0.0
 40
0.499999999999886
 50
44.99999999997237
 51
89.99999999998697
  0
LINE
  5
50F
  8
MOSFET$TRACES
 10
-632.307256391065
 20
586.1561341122681
 30
0.0
 11
-636.7686823928142
 21
586.1561341122681
 31
0.0
  0
ARC
  5
510
  8
MOSFET$TRACES
 10
-636.7686823928143
 20
585.6561341122679
 30
0.0
 40
0.5000000000002274
 50
89.99999999998697
 51
134.9999999999816
  0
LINE
  5
511
  8
MOSFET$TRACES
 10
-637.1222357834076
 20
586.0096875028614
 30
0.0
 11
-639.8970345935568
 21
583.2348886927125
 31
0.0
  0
ARC
  5
512
  8
MOSFET$TRACES
 10
-639.5434812029634
 20
582.8813353021192
 30
0.0
 40
0.5000000000001197
 50
135.0
 51
179.999999999987
  0
LINE
  5
513
  8
MOSFET$TRACES
 10
-640.0434812029634
 20
582.8813353021193
 30
0.0
 11
-640.0434812029634
 21
580.8329141263796
 31
0.0
  0
ARC
  5
514
  8
MOSFET$TRACES
 10
-639.5434812029634
 20
580.8329141263796
 30
0.0
 40
0.500000000000064
 50
180.0
 51
225.0
  0
LINE
  5
515
  8
MOSFET$TRACES
 10
-639.8970345935568
 20
580.4793607357863
 30
0.0
 11
-637.0139558285447
 21
577.5962819707743
 31
0.0
  0
ARC
  5
516
  8
MOSFET$TRACES
 10
-636.6604024379512
 20
577.9498353613676
 30
0.0
 40
0.5000000000001924
 50
225.0000000000092
 51
271.1869385395885
  0
ARC
  5
517
  8
MOSFET$TRACES
 10
636.6334735829482
 20
576.6501143002286
 30
0.0
 40
0.7999999999999525
 50
88.81306146040282
 51
1.186938539605322
210
0.0
220
0.0
230
-1.0
  0
ARC
  5
518
  8
MOSFET$TRACES
 10
-637.9331946440873
 20
576.6770431552317
 30
0.0
 40
0.500000000000112
 50
358.8130614604112
 51
45.0
  0
LINE
  5
519
  8
MOSFET$TRACES
 10
-637.579641253494
 20
577.030596545825
 30
0.0
 11
-640.8434812029635
 21
580.2944364952946
 31
0.0
  0
LINE
  5
51A
  8
MOSFET$TRACES
 10
-640.8434812029635
 20
580.2944364952946
 30
0.0
 11
-640.8434812029635
 21
583.4198129332042
 31
0.0
  0
LINE
  5
51B
  8
MOSFET$TRACES
 10
-640.8434812029635
 20
583.4198129332042
 30
0.0
 11
-637.3071600238995
 21
586.9561341122682
 31
0.0
  0
LINE
  5
51C
  8
MOSFET$TRACES
 10
-637.3071600238995
 20
586.9561341122682
 30
0.0
 11
-631.7687787599803
 21
586.9561341122682
 31
0.0
  0
LINE
  5
51D
  8
MOSFET$TRACES
 10
-631.7687787599803
 20
586.9561341122682
 30
0.0
 11
-627.0894552949117
 21
582.2768106471997
 31
0.0
  0
LINE
  5
51E
  8
MOSFET$TRACES
 10
-627.0894552949117
 20
582.2768106471997
 30
0.0
 11
-627.0894552949119
 21
529.4943348950912
 31
0.0
  0
LINE
  5
51F
  8
MOSFET$TRACES
 10
-627.0894552949119
 20
529.4943348950912
 30
0.0
 11
-633.6737825699881
 21
522.9100076200152
 31
0.0
  0
LINE
  5
520
  8
MOSFET$TRACES
 10
-633.6737825699881
 20
522.9100076200152
 30
0.0
 11
-638.1953217049994
 21
522.9100076200152
 31
0.0
  0
ARC
  5
521
  8
MOSFET$TRACES
 10
-638.1953217049993
 20
522.4100076200148
 30
0.0
 40
0.5000000000003197
 50
90.00000000001303
 51
136.1869385395769
  0
ARC
  5
522
  8
MOSFET$TRACES
 10
639.133404856964
 20
523.3100076200153
 30
0.0
 40
0.8000000000000886
 50
223.8130614604099
 51
359.9999999999919
210
0.0
220
0.0
230
-1.0
  0
ARC
  5
523
  8
MOSFET$TRACES
 10
639.1334048569643
 20
523.3100076200153
 30
0.0
 40
0.7999999999999723
 50
0.0
 51
136.1869385396133
210
0.0
220
0.0
230
-1.0
  0
ARC
  5
524
  8
MOSFET$TRACES
 10
-638.1953217049995
 20
524.2100076200147
 30
0.0
 40
0.4999999999996518
 50
223.8130614603847
 51
270.000000000013
  0
LINE
  5
525
  8
MOSFET$TRACES
 10
-638.1953217049994
 20
523.7100076200152
 30
0.0
 11
-634.2122602010731
 21
523.7100076200152
 31
0.0
  0
ARC
  5
526
  8
MOSFET$TRACES
 10
-634.212260201073
 20
524.210007620015
 30
0.0
 40
0.4999999999997371
 50
269.999999999987
 51
314.9999999999816
  0
LINE
  5
527
  8
MOSFET$TRACES
 10
-633.85870681048
 20
523.8564542294218
 30
0.0
 11
-628.0359019043185
 21
529.6792591355832
 31
0.0
  0
ARC
  5
528
  8
MOSFET$TRACES
 10
-628.3894552949116
 20
530.0328125261763
 30
0.0
 40
0.4999999999997352
 50
315.0
 51
0.0
  0
CIRCLE
  5
529
  8
HOLES
 10
639.133404856964
 20
513.1499872999743
 30
0.0
 40
0.4150000000000027
210
0.0
220
0.0
230
-1.0
  0
CIRCLE
  5
52A
  8
HOLES
 10
639.1334048569641
 20
515.6899923799845
 30
0.0
 40
0.414999999999992
210
0.0
220
0.0
230
-1.0
  0
CIRCLE
  5
52B
  8
HOLES
 10
639.133404856964
 20
538.5500381000762
 30
0.0
 40
0.4149999999999956
210
0.0
220
0.0
230
-1.0
  0
CIRCLE
  5
52C
  8
HOLES
 10
639.133404856964
 20
541.0900431800865
 30
0.0
 40
0.4149999999999885
210
0.0
220
0.0
230
-1.0
  0
CIRCLE
  5
52D
  8
HOLES
 10
639.133404856964
 20
543.6300482600967
 30
0.0
 40
0.4149999999999956
210
0.0
220
0.0
230
-1.0
  0
CIRCLE
  5
52E
  8
HOLES
 10
639.133404856964
 20
546.170053340107
 30
0.0
 40
0.4149999999999991
210
0.0
220
0.0
230
-1.0
  0
CIRCLE
  5
52F
  8
HOLES
 10
639.133404856964
 20
548.7100584201172
 30
0.0
 40
0.4149999999999885
210
0.0
220
0.0
230
-1.0
  0
CIRCLE
  5
530
  8
HOLES
 10
639.133404856964
 20
551.2500635001275
 30
0.0
 40
0.4149999999999991
210
0.0
220
0.0
230
-1.0
  0
CIRCLE
  5
531
  8
HOLES
 10
639.133404856964
 20
553.7900685801376
 30
0.0
 40
0.414999999999992
210
0.0
220
0.0
230
-1.0
  0
CIRCLE
  5
532
  8
HOLES
 10
639.1334048569643
 20
508.0699771399541
 30
0.0
 40
0.4149999999999991
210
0.0
220
0.0
230
-1.0
  0
CIRCLE
  5
533
  8
HOLES
 10
639.133404856964
 20
533.4700279400558
 30
0.0
 40
0.4149999999999956
210
0.0
220
0.0
230
-1.0
  0
CIRCLE
  5
534
  8
HOLES
 10
639.133404856964
 20
536.010033020066
 30
0.0
 40
0.4149999999999956
210
0.0
220
0.0
230
-1.0
  0
CIRCLE
  5
535
  8
HOLES
 10
639.133404856964
 20
530.9300228600457
 30
0.0
 40
0.4149999999999956
210
0.0
220
0.0
230
-1.0
  0
CIRCLE
  5
536
  8
HOLES
 10
639.133404856964
 20
525.8500127000252
 30
0.0
 40
0.4149999999999956
210
0.0
220
0.0
230
-1.0
  0
CIRCLE
  5
537
  8
HOLES
 10
639.1334048569641
 20
518.2299974599948
 30
0.0
 40
0.4149999999999956
210
0.0
220
0.0
230
-1.0
  0
CIRCLE
  5
538
  8
HOLES
 10
639.133404856964
 20
523.3100076200151
 30
0.0
 40
0.4149999999999956
210
0.0
220
0.0
230
-1.0
  0
CIRCLE
  5
539
  8
HOLES
 10
639.133404856964
 20
528.3900177800354
 30
0.0
 40
0.4149999999999885
210
0.0
220
0.0
230
-1.0
  0
CIRCLE
  5
53A
  8
HOLES
 10
664.5334556570656
 20
515.6899923799847
 30
0.0
 40
0.4149999999999991
210
0.0
220
0.0
230
-1.0
  0
CIRCLE
  5
53B
  8
HOLES
 10
664.5334556570656
 20
538.5500381000759
 30
0.0
 40
0.414999999999992
210
0.0
220
0.0
230
-1.0
  0
CIRCLE
  5
53C
  8
HOLES
 10
664.5334556570656
 20
518.2299974599946
 30
0.0
 40
0.4149999999999991
210
0.0
220
0.0
230
-1.0
  0
CIRCLE
  5
53D
  8
HOLES
 10
664.5334556570657
 20
520.7700025400048
 30
0.0
 40
0.414999999999992
210
0.0
220
0.0
230
-1.0
  0
CIRCLE
  5
53E
  8
HOLES
 10
664.5334556570657
 20
523.3100076200151
 30
0.0
 40
0.414999999999992
210
0.0
220
0.0
230
-1.0
  0
CIRCLE
  5
53F
  8
HOLES
 10
664.5334556570656
 20
525.8500127000253
 30
0.0
 40
0.4149999999999991
210
0.0
220
0.0
230
-1.0
  0
CIRCLE
  5
540
  8
HOLES
 10
664.5334556570656
 20
533.4700279400554
 30
0.0
 40
0.414999999999992
210
0.0
220
0.0
230
-1.0
  0
CIRCLE
  5
541
  8
HOLES
 10
664.5334556570656
 20
536.0100330200656
 30
0.0
 40
0.414999999999992
210
0.0
220
0.0
230
-1.0
  0
CIRCLE
  5
542
  8
HOLES
 10
664.5334556570656
 20
541.0900431800861
 30
0.0
 40
0.414999999999992
210
0.0
220
0.0
230
-1.0
  0
CIRCLE
  5
543
  8
HOLES
 10
664.5334556570656
 20
543.6300482600964
 30
0.0
 40
0.414999999999992
210
0.0
220
0.0
230
-1.0
  0
CIRCLE
  5
544
  8
HOLES
 10
664.5334556570656
 20
546.1700533401066
 30
0.0
 40
0.4149999999999991
210
0.0
220
0.0
230
-1.0
  0
CIRCLE
  5
545
  8
HOLES
 10
664.5334556570656
 20
553.7900685801374
 30
0.0
 40
0.414999999999992
210
0.0
220
0.0
230
-1.0
  0
CIRCLE
  5
546
  8
HOLES
 10
651.8334302570148
 20
566.490093980188
 30
0.0
 40
0.414999999999992
210
0.0
220
0.0
230
-1.0
  0
CIRCLE
  5
547
  8
HOLES
 10
651.8334302570148
 20
574.1101092202184
 30
0.0
 40
0.414999999999992
210
0.0
220
0.0
230
-1.0
  0
CIRCLE
  5
548
  8
HOLES
 10
651.8334302570147
 20
576.6501143002286
 30
0.0
 40
0.414999999999992
210
0.0
220
0.0
230
-1.0
  0
CIRCLE
  5
549
  8
HOLES
 10
651.8334302570147
 20
579.1901193802387
 30
0.0
 40
0.414999999999992
210
0.0
220
0.0
230
-1.0
  0
CIRCLE
  5
54A
  8
HOLES
 10
651.8334302570147
 20
581.7301244602488
 30
0.0
 40
0.414999999999992
210
0.0
220
0.0
230
-1.0
  0
CIRCLE
  5
54B
  8
HOLES
 10
636.6334735829482
 20
581.7301244602488
 30
0.0
 40
0.4149999999999885
210
0.0
220
0.0
230
-1.0
  0
CIRCLE
  5
54C
  8
HOLES
 10
636.6334735829482
 20
574.1101092202184
 30
0.0
 40
0.4149999999999991
210
0.0
220
0.0
230
-1.0
  0
CIRCLE
  5
54D
  8
HOLES
 10
636.6334735829482
 20
566.4900939801878
 30
0.0
 40
0.4149999999999991
210
0.0
220
0.0
230
-1.0
  0
CIRCLE
  5
54E
  8
HOLES
 10
636.6334735829482
 20
569.0300990601979
 30
0.0
 40
0.4149999999999956
210
0.0
220
0.0
230
-1.0
  0
CIRCLE
  5
54F
  8
HOLES
 10
636.6334735829482
 20
571.5701041402083
 30
0.0
 40
0.4149999999999991
210
0.0
220
0.0
230
-1.0
  0
CIRCLE
  5
550
  8
HOLES
 10
636.6334735829482
 20
576.6501143002286
 30
0.0
 40
0.414999999999992
210
0.0
220
0.0
230
-1.0
  0
CIRCLE
  5
551
  8
HOLES
 10
636.6334735829482
 20
579.1901193802387
 30
0.0
 40
0.4149999999999885
210
0.0
220
0.0
230
-1.0
  0
CIRCLE
  5
552
  8
HOLES
 10
664.5334556570658
 20
510.6099822199645
 30
0.0
 40
0.4149999999999991
210
0.0
220
0.0
230
-1.0
  0
CIRCLE
  5
553
  8
HOLES
 10
664.5334556570656
 20
513.1499872999747
 30
0.0
 40
0.4149999999999991
210
0.0
220
0.0
230
-1.0
  0
CIRCLE
  5
554
  8
HOLES
 10
664.5334556570656
 20
548.7100584201169
 30
0.0
 40
0.4149999999999991
210
0.0
220
0.0
230
-1.0
  0
CIRCLE
  5
555
  8
HOLES
 10
664.5334556570656
 20
528.3900177800356
 30
0.0
 40
0.414999999999992
210
0.0
220
0.0
230
-1.0
  0
CIRCLE
  5
556
  8
HOLES
 10
664.5334556570656
 20
530.9300228600458
 30
0.0
 40
0.414999999999992
210
0.0
220
0.0
230
-1.0
  0
CIRCLE
  5
557
  8
HOLES
 10
651.8334302570147
 20
584.270129540259
 30
0.0
 40
0.414999999999992
210
0.0
220
0.0
230
-1.0
  0
CIRCLE
  5
558
  8
HOLES
 10
639.133404856964
 20
510.609982219964
 30
0.0
 40
0.4150000000000027
210
0.0
220
0.0
230
-1.0
  0
CIRCLE
  5
559
  8
HOLES
 10
679.3924853751249
 20
569.1731013462028
 30
0.0
 40
0.414999999999992
210
0.0
220
0.0
230
-1.0
  0
CIRCLE
  5
55A
  8
HOLES
 10
661.612449815054
 20
569.1731013462028
 30
0.0
 40
0.4149999999999991
210
0.0
220
0.0
230
-1.0
  0
CIRCLE
  5
55B
  8
HOLES
 10
679.3924853751249
 20
571.713106426213
 30
0.0
 40
0.414999999999992
210
0.0
220
0.0
230
-1.0
  0
CIRCLE
  5
55C
  8
HOLES
 10
679.392485375125
 20
574.2531115062231
 30
0.0
 40
0.414999999999992
210
0.0
220
0.0
230
-1.0
  0
CIRCLE
  5
55D
  8
HOLES
 10
661.612449815054
 20
571.7131064262128
 30
0.0
 40
0.4149999999999991
210
0.0
220
0.0
230
-1.0
  0
CIRCLE
  5
55E
  8
HOLES
 10
635.9633769169081
 20
553.7900685801376
 30
0.0
 40
0.5
210
0.0
220
0.0
230
-1.0
  0
CIRCLE
  5
55F
  8
HOLES
 10
635.9633769169081
 20
551.2500635001275
 30
0.0
 40
0.5
210
0.0
220
0.0
230
-1.0
  0
CIRCLE
  5
560
  8
HOLES
 10
635.9633769169081
 20
548.7100584201172
 30
0.0
 40
0.5
210
0.0
220
0.0
230
-1.0
  0
CIRCLE
  5
561
  8
HOLES
 10
635.9633769169081
 20
546.170053340107
 30
0.0
 40
0.5
210
0.0
220
0.0
230
-1.0
  0
CIRCLE
  5
562
  8
HOLES
 10
635.9633769169083
 20
543.6300482600967
 30
0.0
 40
0.5
210
0.0
220
0.0
230
-1.0
  0
CIRCLE
  5
563
  8
HOLES
 10
635.9633769169083
 20
541.0900431800865
 30
0.0
 40
0.5
210
0.0
220
0.0
230
-1.0
  0
CIRCLE
  5
564
  8
HOLES
 10
635.9633769169083
 20
538.5500381000762
 30
0.0
 40
0.5
210
0.0
220
0.0
230
-1.0
  0
CIRCLE
  5
565
  8
HOLES
 10
635.9633769169084
 20
515.6899923799845
 30
0.0
 40
0.5
210
0.0
220
0.0
230
-1.0
  0
CIRCLE
  5
566
  8
HOLES
 10
635.9633769169084
 20
513.1499872999743
 30
0.0
 40
0.5
210
0.0
220
0.0
230
-1.0
  0
LINE
  5
567
  8
MOSFET$TRACES
 10
-640.0811431264133
 20
513.9499872999818
 30
0.0
 11
-635.0156386474592
 21
513.9499872999818
 31
0.0
  0
ARC
  5
568
  8
MOSFET$TRACES
 10
635.0156386474592
 20
513.1999872999818
 30
0.0
 40
0.75
 50
90.0
 51
180.0
210
0.0
220
0.0
230
-1.0
  0
LINE
  5
569
  8
MOSFET$TRACES
 10
-634.2656386474592
 20
513.1999872999818
 30
0.0
 11
-634.2656386474592
 21
513.0999872999733
 31
0.0
  0
ARC
  5
56A
  8
MOSFET$TRACES
 10
635.0156386474592
 20
513.0999872999733
 30
0.0
 40
0.75
 50
180.0
 51
270.0
210
0.0
220
0.0
230
-1.0
  0
LINE
  5
56B
  8
MOSFET$TRACES
 10
-635.0156386474592
 20
512.3499872999733
 30
0.0
 11
-640.0811431264133
 21
512.3499872999733
 31
0.0
  0
ARC
  5
56C
  8
MOSFET$TRACES
 10
640.0811431264133
 20
513.0999872999733
 30
0.0
 40
0.75
 50
270.0
 51
0.0
210
0.0
220
0.0
230
-1.0
  0
LINE
  5
56D
  8
MOSFET$TRACES
 10
-640.8311431264133
 20
513.0999872999733
 30
0.0
 11
-640.8311431264133
 21
513.1999872999818
 31
0.0
  0
ARC
  5
56E
  8
MOSFET$TRACES
 10
640.0811431264133
 20
513.1999872999818
 30
0.0
 40
0.75
 50
0.0
 51
90.0
210
0.0
220
0.0
230
-1.0
  0
LINE
  5
56F
  8
MOSFET$TRACES
 10
-640.0811431264133
 20
516.489992379992
 30
0.0
 11
-635.0156386474592
 21
516.489992379992
 31
0.0
  0
ARC
  5
570
  8
MOSFET$TRACES
 10
635.0156386474592
 20
515.739992379992
 30
0.0
 40
0.75
 50
90.0
 51
180.0
210
0.0
220
0.0
230
-1.0
  0
LINE
  5
571
  8
MOSFET$TRACES
 10
-634.2656386474592
 20
515.7399923799921
 30
0.0
 11
-634.2656386474592
 21
515.6399923799836
 31
0.0
  0
ARC
  5
572
  8
MOSFET$TRACES
 10
635.0156386474592
 20
515.6399923799836
 30
0.0
 40
0.75
 50
180.0
 51
270.0
210
0.0
220
0.0
230
-1.0
  0
LINE
  5
573
  8
MOSFET$TRACES
 10
-635.0156386474592
 20
514.8899923799836
 30
0.0
 11
-640.0811431264133
 21
514.8899923799836
 31
0.0
  0
ARC
  5
574
  8
MOSFET$TRACES
 10
640.0811431264133
 20
515.6399923799836
 30
0.0
 40
0.75
 50
270.0
 51
0.0
210
0.0
220
0.0
230
-1.0
  0
LINE
  5
575
  8
MOSFET$TRACES
 10
-640.8311431264133
 20
515.6399923799836
 30
0.0
 11
-640.8311431264133
 21
515.739992379992
 31
0.0
  0
ARC
  5
576
  8
MOSFET$TRACES
 10
640.0811431264133
 20
515.739992379992
 30
0.0
 40
0.75
 50
0.0
 51
90.0
210
0.0
220
0.0
230
-1.0
  0
CIRCLE
  5
577
  8
HOLES
 10
664.5334556570658
 20
508.0699771399544
 30
0.0
 40
0.4150000000000027
210
0.0
220
0.0
230
-1.0
  0
CIRCLE
  5
578
  8
HOLES
 10
624.591149355032
 20
596.4999999999999
 30
0.0
 40
1.5
210
0.0
220
0.0
230
-1.0
  0
ARC
  5
579
  8
MOSFET$TRACES
 10
-636.5285771305826
 20
538.5500381000762
 30
0.0
 40
0.8
 50
270.0
 51
315.2488190777951
  0
LINE
  5
57A
  8
MOSFET$TRACES
 10
-635.9604404385518
 20
537.9868146105374
 30
0.0
 11
-635.4448861248568
 21
538.5068662912383
 31
0.0
  0
ARC
  5
57B
  8
MOSFET$TRACES
 10
-635.834087595023
 20
538.8207487781989
 30
0.0
 40
0.5000000000000367
 50
321.1145818136097
 51
64.47122063313401
  0
ARC
  5
57C
  8
MOSFET$TRACES
 10
-635.9633769169125
 20
538.5500381000794
 30
0.0
 40
0.8000000000043548
 50
64.47122063314309
 51
90.00000082340642
  0
LINE
  5
57D
  8
MOSFET$TRACES
 10
-635.9633769284094
 20
539.3500381000838
 30
0.0
 11
-640.2321915483717
 21
539.3500381000991
 31
0.0
  0
ARC
  5
57E
  8
MOSFET$TRACES
 10
-640.2321915483717
 20
538.5500381000991
 30
0.0
 40
0.8000000000000682
 50
90.0
 51
180.0000000016366
  0
ARC
  5
57F
  8
MOSFET$TRACES
 10
-640.2321915483717
 20
538.5500381000762
 30
0.0
 40
0.7999999999999545
 50
180.0
 51
270.0
  0
LINE
  5
580
  8
MOSFET$TRACES
 10
-640.2321915483717
 20
537.7500381000762
 30
0.0
 11
-636.5285771305826
 21
537.7500381000762
 31
0.0
  0
LINE
  5
581
  8
MOSFET$TRACES
 10
-636.6527123984908
 20
536.5564796294727
 30
0.0
 11
-634.2589143503433
 21
538.9502776776202
 31
0.0
  0
ARC
  5
582
  8
MOSFET$TRACES
 10
-634.6124677409366
 20
539.3038310682134
 30
0.0
 40
0.4999999999999613
 50
315.0000000000092
 51
0.0000000000130276
  0
LINE
  5
583
  8
MOSFET$TRACES
 10
-634.1124677409366
 20
539.3038310682134
 30
0.0
 11
-634.1124677409366
 21
570.816311172071
 31
0.0
  0
ARC
  5
584
  8
MOSFET$TRACES
 10
-634.6124677409366
 20
570.816311172071
 30
0.0
 40
0.5000000000000107
 50
0.0
 51
44.99999999999078
  0
LINE
  5
585
  8
MOSFET$TRACES
 10
-634.2589143503433
 20
571.1698645626642
 30
0.0
 11
-636.2529913373519
 21
573.1639415496727
 31
0.0
  0
ARC
  5
586
  8
MOSFET$TRACES
 10
-636.606544727945
 20
572.8103881590796
 30
0.0
 40
0.4999999999998094
 50
44.99999999999078
 51
91.18693853960235
  0
ARC
  5
587
  8
MOSFET$TRACES
 10
636.6334735829483
 20
574.1101092202184
 30
0.0
 40
0.8000000000000156
 50
268.8130614603948
 51
181.186938539597
210
0.0
220
0.0
230
-1.0
  0
ARC
  5
588
  8
MOSFET$TRACES
 10
-635.333752521809
 20
574.0831803652155
 30
0.0
 40
0.5000000000003733
 50
178.8130614604381
 51
225.0000000000092
  0
LINE
  5
589
  8
MOSFET$TRACES
 10
-635.6873059124025
 20
573.729626974622
 30
0.0
 11
-633.3124677409364
 21
571.3547888031559
 31
0.0
  0
LINE
  5
58A
  8
MOSFET$TRACES
 10
-633.3124677409364
 20
571.3547888031559
 30
0.0
 11
-633.3124677409365
 21
538.7653534371284
 31
0.0
  0
LINE
  5
58B
  8
MOSFET$TRACES
 10
-633.3124677409365
 20
538.7653534371284
 30
0.0
 11
-636.4677881579992
 21
535.6100330200659
 31
0.0
  0
LINE
  5
58C
  8
MOSFET$TRACES
 10
-636.4677881579992
 20
535.6100330200659
 30
0.0
 11
-638.1953217049993
 21
535.6100330200659
 31
0.0
  0
ARC
  5
58D
  8
MOSFET$TRACES
 10
-638.1953217049993
 20
535.1100330200659
 30
0.0
 40
0.5000000000000107
 50
90.0
 51
136.1869385395867
  0
ARC
  5
58E
  8
MOSFET$TRACES
 10
639.133404856964
 20
536.010033020066
 30
0.0
 40
0.8000000000000187
 50
223.8130614603984
 51
0.0
210
0.0
220
0.0
230
-1.0
  0
ARC
  5
58F
  8
MOSFET$TRACES
 10
639.133404856964
 20
536.010033020066
 30
0.0
 40
0.8000000000000256
 50
0.0
 51
136.1869385396074
210
0.0
220
0.0
230
-1.0
  0
ARC
  5
590
  8
MOSFET$TRACES
 10
-638.1953217049993
 20
536.9100330200656
 30
0.0
 40
0.4999999999996589
 50
223.8130614603847
 51
270.000000000013
  0
LINE
  5
591
  8
MOSFET$TRACES
 10
-638.1953217049993
 20
536.4100330200658
 30
0.0
 11
-637.0062657890842
 21
536.410033020066
 31
0.0
  0
ARC
  5
592
  8
MOSFET$TRACES
 10
-637.0062657890842
 20
536.9100330200662
 30
0.0
 40
0.500000000000199
 50
270.000000000013
 51
314.9999999999816
  0
LINE
  5
593
  8
MOSFET$TRACES
 10
-636.6527123984908
 20
534.0164745494626
 30
0.0
 11
-632.2269102863353
 21
538.442276661618
 31
0.0
  0
ARC
  5
594
  8
MOSFET$TRACES
 10
-632.5804636769283
 20
538.7958300522113
 30
0.0
 40
0.4999999999996901
 50
314.9999999999908
 51
0.0000000000130276
  0
LINE
  5
595
  8
MOSFET$TRACES
 10
-632.0804636769285
 20
538.7958300522114
 30
0.0
 11
-632.0804636769283
 21
576.4043223480933
 31
0.0
  0
ARC
  5
596
  8
MOSFET$TRACES
 10
-632.5804636769285
 20
576.4043223480933
 30
0.0
 40
0.5000000000001208
 50
0.0
 51
44.99999999999078
  0
LINE
  5
597
  8
MOSFET$TRACES
 10
-632.226910286335
 20
576.7578757386866
 30
0.0
 11
-636.2530395094778
 21
580.7840049618293
 31
0.0
  0
ARC
  5
598
  8
MOSFET$TRACES
 10
-636.606592900071
 20
580.4304515712363
 30
0.0
 40
0.4999999999996623
 50
44.99999999999078
 51
91.1884730528742
  0
ARC
  5
599
  8
MOSFET$TRACES
 10
636.6335555815999
 20
581.7300899155352
 30
0.0
 40
0.7999180020942164
 50
268.8114755260377
 51
0.002474336470803
210
0.0
220
0.0
230
-1.0
  0
ARC
  5
59A
  8
MOSFET$TRACES
 10
636.6334735829482
 20
581.7301244602487
 30
0.0
 40
0.8000000000000433
 50
0.0000000000081422
 51
181.1869385395889
210
0.0
220
0.0
230
-1.0
  0
ARC
  5
59B
  8
MOSFET$TRACES
 10
-635.3337525218096
 20
581.7031956052454
 30
0.0
 40
0.499999999999602
 50
178.8130614603711
 51
225.0000000000184
  0
LINE
  5
59C
  8
MOSFET$TRACES
 10
-635.6873059124025
 20
581.3496422146524
 30
0.0
 11
-631.2804636769284
 21
576.9427999791783
 31
0.0
  0
LINE
  5
59D
  8
MOSFET$TRACES
 10
-631.2804636769284
 20
576.9427999791783
 30
0.0
 11
-631.2804636769285
 21
538.2573524211264
 31
0.0
  0
LINE
  5
59E
  8
MOSFET$TRACES
 10
-631.2804636769285
 20
538.2573524211264
 30
0.0
 11
-636.4677881579992
 21
533.070027940056
 31
0.0
  0
LINE
  5
59F
  8
MOSFET$TRACES
 10
-636.4677881579992
 20
533.070027940056
 30
0.0
 11
-638.1953217049993
 21
533.0700279400558
 31
0.0
  0
ARC
  5
5A0
  8
MOSFET$TRACES
 10
-638.1953217049995
 20
532.5700279400562
 30
0.0
 40
0.4999999999995346
 50
89.99999999997394
 51
136.1869385396247
  0
ARC
  5
5A1
  8
MOSFET$TRACES
 10
639.133404856964
 20
533.4700279400558
 30
0.0
 40
0.8000000000000588
 50
223.8130614603984
 51
136.1869385396016
210
0.0
220
0.0
230
-1.0
  0
ARC
  5
5A2
  8
MOSFET$TRACES
 10
-638.1953217049992
 20
534.3700279400559
 30
0.0
 40
0.5000000000002416
 50
223.8130614604047
 51
269.999999999987
  0
LINE
  5
5A3
  8
MOSFET$TRACES
 10
-638.1953217049993
 20
533.8700279400557
 30
0.0
 11
-637.0062657890842
 21
533.8700279400557
 31
0.0
  0
ARC
  5
5A4
  8
MOSFET$TRACES
 10
-637.0062657890842
 20
534.3700279400557
 30
0.0
 40
0.4999999999999005
 50
270.000000000013
 51
315.0
  0
LINE
  5
5A5
  8
MOSFET$TRACES
 10
-647.6085169807459
 20
597.0881508763017
 30
0.0
 11
-632.7665094837241
 21
597.0881508763016
 31
0.0
  0
ARC
  5
5A6
  8
MOSFET$TRACES
 10
632.7665094837243
 20
596.5881508763007
 30
0.0
 40
0.5000000000009095
 50
90.00000000002606
 51
134.9999999999355
210
0.0
220
0.0
230
-1.0
  0
LINE
  5
5A7
  8
MOSFET$TRACES
 10
-632.4129560931308
 20
596.9417042668949
 30
0.0
 11
-625.3901638869954
 21
589.9189120607596
 31
0.0
  0
ARC
  5
5A8
  8
MOSFET$TRACES
 10
625.7437172775896
 20
589.5653586701657
 30
0.0
 40
0.500000000001049
 50
135.0000000000184
 51
179.9999999999349
210
0.0
220
0.0
230
-1.0
  0
LINE
  5
5A9
  8
MOSFET$TRACES
 10
-625.2437172775885
 20
589.5653586701662
 30
0.0
 11
-625.2437172775888
 21
525.435244391572
 31
0.0
  0
ARC
  5
5AA
  8
MOSFET$TRACES
 10
625.7437172775869
 20
525.4352443915714
 30
0.0
 40
0.499999999998181
 50
179.9999999999218
 51
225.0000000000737
210
0.0
220
0.0
230
-1.0
  0
LINE
  5
5AB
  8
MOSFET$TRACES
 10
-625.3901638869954
 20
525.0816910009789
 30
0.0
 11
-629.1554057385629
 21
521.3164491494118
 31
0.0
  0
ARC
  5
5AC
  8
MOSFET$TRACES
 10
629.5089591291558
 20
521.6700025400041
 30
0.0
 40
0.4999999999990393
 50
224.999999999954
 51
270.000000000026
210
0.0
220
0.0
230
-1.0
  0
LINE
  5
5AD
  8
MOSFET$TRACES
 10
-629.508959129156
 20
521.170002540005
 30
0.0
 11
-637.9334048569642
 21
521.170002540005
 31
0.0
  0
ARC
  5
5AE
  8
MOSFET$TRACES
 10
637.9334048569642
 20
521.6700025400048
 30
0.0
 40
0.4999999999997726
 50
270.0
 51
323.1301023541794
210
0.0
220
0.0
230
-1.0
  0
ARC
  5
5AF
  8
MOSFET$TRACES
 10
-639.1412901973415
 20
520.7536048657279
 30
0.0
 40
1.016181487752516
 50
37.34278703741022
 51
91.29311995704721
  0
LINE
  5
5B0
  8
MOSFET$TRACES
 10
-639.1642226545006
 20
521.7695275588791
 30
0.0
 11
-640.4625611837496
 21
521.769527558879
 31
0.0
  0
ARC
  5
5B1
  8
MOSFET$TRACES
 10
-640.4625611837496
 20
520.9695275588791
 30
0.0
 40
0.7999999999998408
 50
90.0
 51
180.0000000000163
  0
LINE
  5
5B2
  8
MOSFET$TRACES
 10
-641.2625611837495
 20
520.9695275588789
 30
0.0
 11
-641.2625611837495
 21
520.570477521131
 31
0.0
  0
ARC
  5
5B3
  8
MOSFET$TRACES
 10
-640.4625611837495
 20
520.5704775211311
 30
0.0
 40
0.8000000000000682
 50
180.0000000000082
 51
269.9999999999919
  0
LINE
  5
5B4
  8
MOSFET$TRACES
 10
-640.4625611837496
 20
519.770477521131
 30
0.0
 11
-639.1642226544998
 21
519.770477521131
 31
0.0
  0
ARC
  5
5B5
  8
MOSFET$TRACES
 10
-639.1396438931549
 20
520.782976701977
 30
0.0
 40
1.01279746579604
 50
268.6093986150702
 51
322.7546943905232
  0
ARC
  5
5B6
  8
MOSFET$TRACES
 10
637.9373308832145
 20
519.8778545925055
 30
0.0
 40
0.4921636068525776
 50
36.41284003938132
 51
90.45705760649443
210
0.0
220
0.0
230
-1.0
  0
LINE
  5
5B7
  8
MOSFET$TRACES
 10
-637.9334048569641
 20
520.3700025400051
 30
0.0
 11
-628.9704814980712
 21
520.3700025400051
 31
0.0
  0
LINE
  5
5B8
  8
MOSFET$TRACES
 10
-628.9704814980712
 20
520.3700025400051
 30
0.0
 11
-624.4437172775888
 21
524.8967667604871
 31
0.0
  0
LINE
  5
5B9
  8
MOSFET$TRACES
 10
-624.4437172775888
 20
524.8967667604871
 30
0.0
 11
-624.4437172775886
 21
590.1038363012512
 31
0.0
  0
LINE
  5
5BA
  8
MOSFET$TRACES
 10
-624.4437172775886
 20
590.1038363012512
 30
0.0
 11
-632.2280318526391
 21
597.8881508763016
 31
0.0
  0
LINE
  5
5BB
  8
MOSFET$TRACES
 10
-632.2280318526391
 20
597.8881508763016
 30
0.0
 11
-648.1469946118309
 21
597.8881508763017
 31
0.0
  0
LINE
  5
5BC
  8
MOSFET$TRACES
 10
-648.1469946118309
 20
597.8881508763017
 30
0.0
 11
-652.2334302570148
 21
593.8017152311181
 31
0.0
  0
LINE
  5
5BD
  8
MOSFET$TRACES
 10
-652.2334302570148
 20
593.8017152311181
 30
0.0
 11
-652.2334302570148
 21
585.470129540259
 31
0.0
  0
ARC
  5
5BE
  8
MOSFET$TRACES
 10
652.7334302570148
 20
585.470129540259
 30
0.0
 40
0.5
 50
180.0
 51
233.1301023541586
210
0.0
220
0.0
230
-1.0
  0
ARC
  5
5BF
  8
MOSFET$TRACES
 10
-651.8334302570147
 20
584.270129540259
 30
0.0
 40
1.000000000000079
 50
126.8698976458427
 51
53.13010235415728
  0
ARC
  5
5C0
  8
MOSFET$TRACES
 10
650.9334302570147
 20
585.470129540259
 30
0.0
 40
0.5
 50
306.8698976458414
 51
0.0
210
0.0
220
0.0
230
-1.0
  0
LINE
  5
5C1
  8
MOSFET$TRACES
 10
-651.4334302570147
 20
585.470129540259
 30
0.0
 11
-651.4334302570147
 21
593.263237600033
 31
0.0
  0
ARC
  5
5C2
  8
MOSFET$TRACES
 10
650.9334302570147
 20
593.263237600033
 30
0.0
 40
0.5
 50
0.0
 51
45.00000000000922
210
0.0
220
0.0
230
-1.0
  0
LINE
  5
5C3
  8
MOSFET$TRACES
 10
-651.2869836476079
 20
593.6167909906263
 30
0.0
 11
-647.9620703713392
 21
596.9417042668949
 31
0.0
  0
ARC
  5
5C4
  8
MOSFET$TRACES
 10
647.608516980746
 20
596.5881508763017
 30
0.0
 40
0.5
 50
45.0
 51
90.0
210
0.0
220
0.0
230
-1.0
  0
LINE
  5
5C5
  8
MOSFET$TRACES
 10
-645.7978368337515
 20
579.423710093215
 30
0.0
 11
-645.7978368337515
 21
577.1216005807299
 31
0.0
  0
LINE
  5
5C6
  8
MOSFET$TRACES
 10
-645.7978368337515
 20
577.1216005807299
 30
0.0
 11
-649.3093281942631
 21
573.6101092202185
 31
0.0
  0
LINE
  5
5C7
  8
MOSFET$TRACES
 10
-649.3093281942631
 20
573.6101092202185
 30
0.0
 11
-650.8087351804186
 21
573.6101092202185
 31
0.0
  0
ARC
  5
5C8
  8
MOSFET$TRACES
 10
-650.8087351804186
 20
573.3101092202185
 30
0.0
 40
0.3
 50
90.0
 51
142.0201275551936
  0
ARC
  5
5C9
  8
MOSFET$TRACES
 10
651.8334302570149
 20
574.1101092202183
 30
0.0
 40
1.000000000000247
 50
217.9798724448449
 51
142.02012755515
210
0.0
220
0.0
230
-1.0
  0
ARC
  5
5CA
  8
MOSFET$TRACES
 10
-650.8087351804188
 20
574.9101092202184
 30
0.0
 40
0.3
 50
217.9798724448369
 51
270.0000000000434
  0
LINE
  5
5CB
  8
MOSFET$TRACES
 10
-650.8087351804186
 20
574.6101092202184
 30
0.0
 11
-649.5649631128732
 21
574.6101092202184
 31
0.0
  0
ARC
  5
5CC
  8
MOSFET$TRACES
 10
-649.5649631128737
 20
574.9101092202184
 30
0.0
 40
0.3
 50
270.0000000000868
 51
315.0000000000154
  0
LINE
  5
5CD
  8
MOSFET$TRACES
 10
-649.3528310785176
 20
574.6979771858626
 30
0.0
 11
-646.8857047993804
 21
577.1651034649996
 31
0.0
  0
ARC
  5
5CE
  8
MOSFET$TRACES
 10
-647.0978368337364
 20
577.3772354993555
 30
0.0
 40
0.3
 50
315.0
 51
0.0
  0
LINE
  5
5CF
  8
MOSFET$TRACES
 10
-646.7978368337364
 20
577.3772354993555
 30
0.0
 11
-646.7978368337364
 21
579.6793450118407
 31
0.0
  0
LINE
  5
5D0
  8
MOSFET$TRACES
 10
-646.7978368337364
 20
579.6793450118407
 30
0.0
 11
-637.5310198793364
 21
588.9461619662403
 31
0.0
  0
LINE
  5
5D1
  8
MOSFET$TRACES
 10
-637.5310198793364
 20
588.9461619662403
 30
0.0
 11
-635.2927044621149
 21
588.9461619662403
 31
0.0
  0
ARC
  5
5D2
  8
MOSFET$TRACES
 10
-635.2927044621149
 20
589.2461619662403
 30
0.0
 40
0.3
 50
270.0
 51
315.0
  0
LINE
  5
5D3
  8
MOSFET$TRACES
 10
-635.0805724277589
 20
589.0340299318843
 30
0.0
 11
-634.0152784106116
 21
590.0993239490315
 31
0.0
  0
ARC
  5
5D4
  8
MOSFET$TRACES
 10
-634.2274104449675
 20
590.3114559833875
 30
-0.0000000000000001
 40
0.3
 50
314.9999999999846
 51
0.0
  0
LINE
  5
5D5
  8
MOSFET$TRACES
 10
-633.9274104449676
 20
590.3114559833875
 30
0.0
 11
-633.9274104449676
 21
592.3381537140813
 31
-0.0000000000000003
  0
ARC
  5
5D6
  8
MOSFET$TRACES
 10
-634.2274104449675
 20
592.3381537140813
 30
-0.0000000000000004
 40
0.3
 50
0.0
 51
90.0
  0
LINE
  5
5D7
  8
MOSFET$TRACES
 10
-634.2274104449675
 20
592.6381537140812
 30
-0.0000000000000004
 11
-634.2774104449713
 21
592.6381537140812
 31
-0.0000000000000005
  0
ARC
  5
5D8
  8
MOSFET$TRACES
 10
634.2774104449713
 20
592.9381537140812
 30
0.0000000000000005
 40
0.3
 50
270.0
 51
0.0
210
0.0
220
0.0
230
-1.0
  0
LINE
  5
5D9
  8
MOSFET$TRACES
 10
-634.5774104449714
 20
592.9381537140812
 30
-0.0000000000000006
 11
-634.5774104449714
 21
594.9381480307586
 31
-0.0000000000000009
  0
ARC
  5
5DA
  8
MOSFET$TRACES
 10
633.4274104449751
 20
594.9381508763017
 30
0.0000000000000009
 40
1.149999999999846
 50
359.9998582281584
 51
179.9998586149804
210
0.0
220
0.0
230
-1.0
  0
LINE
  5
5DB
  8
MOSFET$TRACES
 10
-632.2774104449717
 20
594.938153714081
 30
-0.0000000000000006
 11
-632.2774104449721
 21
592.9381537140816
 31
-0.0000000000000006
  0
ARC
  5
5DC
  8
MOSFET$TRACES
 10
632.5774104449722
 20
592.9381537140812
 30
0.0000000000000005
 40
0.3
 50
179.9999999999131
 51
270.0
210
0.0
220
0.0
230
-1.0
  0
LINE
  5
5DD
  8
MOSFET$TRACES
 10
-632.5774104449722
 20
592.6381537140812
 30
-0.0000000000000005
 11
-632.6274104449826
 21
592.6381537140812
 31
-0.0000000000000004
  0
ARC
  5
5DE
  8
MOSFET$TRACES
 10
-632.6274104449826
 20
592.3381537140813
 30
-0.0000000000000004
 40
0.3
 50
90.0
 51
180.0
  0
LINE
  5
5DF
  8
MOSFET$TRACES
 10
-632.9274104449826
 20
592.3381537140813
 30
-0.0000000000000003
 11
-632.9274104449826
 21
590.0558210647619
 31
0.0
  0
LINE
  5
5E0
  8
MOSFET$TRACES
 10
-632.9274104449826
 20
590.0558210647619
 30
0.0
 11
-635.0370695435042
 21
587.9461619662403
 31
0.0
  0
LINE
  5
5E1
  8
MOSFET$TRACES
 10
-635.0370695435042
 20
587.9461619662403
 30
0.0
 11
-637.2753849607259
 21
587.9461619662403
 31
0.0
  0
ARC
  5
5E2
  8
MOSFET$TRACES
 10
-637.2753849607259
 20
587.6461619662404
 30
0.0
 40
0.3
 50
90.0
 51
135.0000000000154
  0
LINE
  5
5E3
  8
MOSFET$TRACES
 10
-637.4875169950818
 20
587.8582940005963
 30
0.0
 11
-645.7099688681075
 21
579.6358421275711
 31
0.0
  0
ARC
  5
5E4
  8
MOSFET$TRACES
 10
-645.4978368337515
 20
579.423710093215
 30
0.0
 40
0.3
 50
135.0
 51
180.0000000000217
  0
LINE
  5
5E5
  8
MOSFET$TRACES
 10
-661.6124498150266
 20
573.2531115062231
 30
0.0
 11
-664.2242159451353
 21
573.2531115062231
 31
0.0
  0
ARC
  5
5E6
  8
MOSFET$TRACES
 10
664.2242159451353
 20
573.7531115062231
 30
0.0
 40
0.5
 50
270.0
 51
0.0
210
0.0
220
0.0
230
-1.0
  0
LINE
  5
5E7
  8
MOSFET$TRACES
 10
-664.7242159451353
 20
573.7531115062231
 30
0.0
 11
-664.7242159451353
 21
574.7531115062231
 31
0.0
  0
ARC
  5
5E8
  8
MOSFET$TRACES
 10
664.2242159451353
 20
574.7531115062231
 30
0.0
 40
0.5
 50
0.0
 51
90.0
210
0.0
220
0.0
230
-1.0
  0
LINE
  5
5E9
  8
MOSFET$TRACES
 10
-664.2242159451353
 20
575.2531115062231
 30
0.0
 11
-661.6124498150266
 21
575.2531115062231
 31
0.0
  0
ARC
  5
5EA
  8
MOSFET$TRACES
 10
661.6124498150539
 20
574.2531115062231
 30
0.0
 40
1.0
 50
90.0
 51
269.9999999984367
210
0.0
220
0.0
230
-1.0
  0
CIRCLE
  5
5EB
  8
HOLES
 10
651.8153209088498
 20
541.0106580653447
 30
0.0
 40
0.8
210
0.0
220
0.0
230
-1.0
  0
CIRCLE
  5
5EC
  8
HOLES
 10
651.8153209088498
 20
523.0106580653447
 30
0.0
 40
0.8
210
0.0
220
0.0
230
-1.0
  0
LINE
  5
5ED
  8
MOSFET$TRACES
 10
-652.2162112717451
 20
519.8730655617255
 30
0.0
 11
-652.2162112717451
 21
517.7930925417749
 31
0.0
  0
LINE
  5
5EE
  8
MOSFET$TRACES
 10
-652.2162112717451
 20
517.7930925417749
 30
0.0
 11
-642.0930958699248
 21
507.6699771399542
 31
0.0
  0
LINE
  5
5EF
  8
MOSFET$TRACES
 10
-642.0930958699248
 20
507.6699771399542
 30
0.0
 11
-640.6356113633284
 21
507.6699771399541
 31
0.0
  0
ARC
  5
5F0
  8
MOSFET$TRACES
 10
640.6356113633285
 20
506.6699771399541
 30
0.0
 40
1.0
 50
90.0
 51
137.0169420476486
210
0.0
220
0.0
230
-1.0
  0
ARC
  5
5F1
  8
MOSFET$TRACES
 10
-639.1334048569643
 20
508.0699771399541
 30
0.0
 40
1.053442082884996
 50
222.9830579523534
 51
270.0000000000618
  0
LINE
  5
5F2
  8
MOSFET$TRACES
 10
-639.133404856963
 20
507.0165350570691
 30
0.0
 11
-637.4755428136523
 21
507.0165350570691
 31
0.0
  0
ARC
  5
5F3
  8
MOSFET$TRACES
 10
-637.4755428136523
 20
508.0165350570691
 30
0.0
 40
1.0
 50
270.0
 51
0.0
  0
LINE
  5
5F4
  8
MOSFET$TRACES
 10
-636.4755428136523
 20
508.0165350570692
 30
0.0
 11
-636.4755428136523
 21
508.1234192228392
 31
0.0
  0
ARC
  5
5F5
  8
MOSFET$TRACES
 10
-637.4755428136523
 20
508.1234192228392
 30
0.0
 40
1.0
 50
0.0
 51
90.0
  0
LINE
  5
5F6
  8
MOSFET$TRACES
 10
-637.4755428136523
 20
509.1234192228392
 30
0.0
 11
-639.1334048569629
 21
509.1234192228391
 31
0.0
  0
ARC
  5
5F7
  8
MOSFET$TRACES
 10
-639.1334048569643
 20
508.0699771399541
 30
0.0
 40
1.053442082884996
 50
89.99999999993199
 51
137.0169420476466
  0
ARC
  5
5F8
  8
MOSFET$TRACES
 10
640.6356113633285
 20
509.4699771399542
 30
0.0
 40
1.0
 50
222.9830579523514
 51
270.0
210
0.0
220
0.0
230
-1.0
  0
LINE
  5
5F9
  8
MOSFET$TRACES
 10
-640.6356113633285
 20
508.4699771399542
 30
0.0
 11
-641.4551620551506
 21
508.4699771399542
 31
0.0
  0
ARC
  5
5FA
  8
MOSFET$TRACES
 10
641.4551620551504
 20
508.9699771399542
 30
0.0
 40
0.5
 50
270.000000000013
 51
284.2434232032896
210
0.0
220
0.0
230
-1.0
  0
ARC
  5
5FB
  8
MOSFET$TRACES
 10
641.3321410368831
 20
509.454606719184
 30
0.0
 40
1.0
 50
284.2434232032832
 51
314.9999999999977
210
0.0
220
0.0
230
-1.0
  0
LINE
  5
5FC
  8
MOSFET$TRACES
 10
-642.0392478180696
 20
508.7474999379974
 30
0.0
 11
-651.1215373271414
 21
517.8297894470696
 31
0.0
  0
ARC
  5
5FD
  8
MOSFET$TRACES
 10
650.4144305459547
 20
518.5368962282562
 30
0.0
 40
1.0
 50
315.0000000000092
 51
0.0
210
0.0
220
0.0
230
-1.0
  0
LINE
  5
5FE
  8
MOSFET$TRACES
 10
-651.4144305459547
 20
518.5368962282562
 30
0.0
 11
-651.4144305459547
 21
519.8730655617255
 31
0.0
  0
ARC
  5
5FF
  8
MOSFET$TRACES
 10
649.4144305459547
 20
519.8730655617255
 30
0.0
 40
2.0
 50
0.0
 51
52.57673061467556
210
0.0
220
0.0
230
-1.0
  0
ARC
  5
600
  8
MOSFET$TRACES
 10
-651.8153209088498
 20
523.0106580653448
 30
0.0
 40
1.950792484225345
 50
307.4232693853234
 51
232.576730614674
  0
ARC
  5
601
  8
MOSFET$TRACES
 10
654.2162112717451
 20
519.8730655617255
 30
0.0
 40
2.0
 50
127.4232693853244
 51
180.0
210
0.0
220
0.0
230
-1.0
  0
LINE
  5
602
  8
MOSFET$TRACES
 10
-683.4960695134632
 20
520.1720256739578
 30
0.0
 11
-686.4486406553783
 21
520.1720256739578
 31
0.0
  0
ARC
  5
603
  8
MOSFET$TRACES
 10
686.4486406553781
 20
520.4720256739579
 30
0.0
 40
0.3000000000000682
 50
270.0000000000434
 51
359.9999999999783
210
0.0
220
0.0
230
-1.0
  0
LINE
  5
604
  8
MOSFET$TRACES
 10
-686.7486406553783
 20
520.4720256739578
 30
0.0
 11
-686.7486406553784
 21
521.896181553466
 31
0.0
  0
ARC
  5
605
  8
MOSFET$TRACES
 10
686.4486406553779
 20
521.8961815534655
 30
0.0
 40
0.300000000000523
 50
0.0000000001085629
 51
89.99999999991316
210
0.0
220
0.0
230
-1.0
  0
LINE
  5
606
  8
MOSFET$TRACES
 10
-686.4486406553783
 20
522.1961815534661
 30
0.0
 11
-683.4960695134632
 21
522.1961815534661
 31
0.0
  0
ARC
  5
607
  8
MOSFET$TRACES
 10
683.4960695134633
 20
521.8961815534661
 30
0.0
 40
0.2999999999999545
 50
90.00000000002173
 51
180.0
210
0.0
220
0.0
230
-1.0
  0
LINE
  5
608
  8
MOSFET$TRACES
 10
-683.1960695134633
 20
521.8961815534661
 30
0.0
 11
-683.1960695134633
 21
520.4720256739579
 31
0.0
  0
ARC
  5
609
  8
MOSFET$TRACES
 10
683.4960695134635
 20
520.472025673958
 30
0.0
 40
0.3000000000001819
 50
180.0000000000217
 51
269.9999999999566
210
0.0
220
0.0
230
-1.0
  0
CIRCLE
  5
60A
  8
HOLES
 10
671.8143957294378
 20
596.0
 30
0.0
 40
0.4999999999999891
210
0.0
220
0.0
230
-1.0
  0
CIRCLE
  5
60B
  8
HOLES
 10
669.2743957294379
 20
596.0
 30
0.0
 40
0.4999999999999891
210
0.0
220
0.0
230
-1.0
  0
CIRCLE
  5
60C
  8
HOLES
 10
674.3543957294378
 20
596.0
 30
0.0
 40
0.4999999999999891
210
0.0
220
0.0
230
-1.0
  0
CIRCLE
  5
60D
  8
HOLES
 10
666.7343957294378
 20
596.0
 30
0.0
 40
0.4999999999999891
210
0.0
220
0.0
230
-1.0
  0
LINE
  5
60E
  8
MOSFET$TRACES
 10
-671.0143957294379
 20
592.7352756333894
 30
0.0
 11
-671.0143957294381
 21
598.3490575396387
 31
0.0
  0
ARC
  5
60F
  8
MOSFET$TRACES
 10
-671.5143957294381
 20
598.3490575396386
 30
0.0
 40
0.5
 50
0.0000000000130276
 51
22.90335399591464
  0
ARC
  5
610
  8
MOSFET$TRACES
 10
-671.5143957294243
 20
598.3490575396567
 30
0.0
 40
0.4999999999803703
 50
22.90335399461497
 51
45.8067079914201
  0
LINE
  5
611
  8
MOSFET$TRACES
 10
-671.165855147105
 20
598.7075536518489
 30
0.0
 11
-671.408996204484
 21
598.9439426190995
 31
0.0
  0
ARC
  5
612
  8
MOSFET$TRACES
 10
-671.7575367868171
 20
598.5854465068934
 30
0.0
 40
0.5
 50
45.80670799139779
 51
90.0
  0
LINE
  5
613
  8
MOSFET$TRACES
 10
-671.7575367868171
 20
599.0854465068934
 30
0.0
 11
-681.9162703732702
 21
599.0854465068934
 31
0.0
  0
ARC
  5
614
  8
MOSFET$TRACES
 10
-681.9162703732707
 20
598.5854465068948
 30
0.0
 40
0.4999999999986358
 50
89.99999999994789
 51
135.0000000000737
  0
LINE
  5
615
  8
MOSFET$TRACES
 10
-682.2698237638634
 20
598.9389998974866
 30
0.0
 11
-694.8309891536468
 21
586.3778345077028
 31
0.0
  0
LINE
  5
616
  8
MOSFET$TRACES
 10
-694.8309891536468
 20
586.3778345077028
 30
0.0
 11
-694.8309891536468
 21
540.9135802680152
 31
0.0
  0
LINE
  5
617
  8
MOSFET$TRACES
 10
-694.8309891536468
 20
540.9135802680152
 30
0.0
 11
-693.253676488236
 21
539.3362676026044
 31
0.0
  0
LINE
  5
618
  8
MOSFET$TRACES
 10
-693.253676488236
 20
539.3362676026044
 30
0.0
 11
-692.3099544965991
 21
539.3362676026044
 31
0.0
  0
ARC
  5
619
  8
MOSFET$TRACES
 10
692.3099544965991
 20
538.8362676026046
 30
0.0
 40
0.4999999999997726
 50
90.0
 51
129.6251191984967
210
0.0
220
0.0
230
-1.0
  0
ARC
  5
61A
  8
MOSFET$TRACES
 10
-691.4819438295401
 20
539.8362676025965
 30
0.0
 40
0.798307230491994
 50
230.3748808015099
 51
270.0000000000081
  0
LINE
  5
61B
  8
MOSFET$TRACES
 10
-691.48194382954
 20
539.0379603721045
 30
0.0
 11
-689.0470590839825
 21
539.0379603721045
 31
0.0
  0
ARC
  5
61C
  8
MOSFET$TRACES
 10
-689.0470590839825
 20
539.8362676025968
 30
0.0
 40
0.7983072304922416
 50
270.0
 51
90.0
  0
LINE
  5
61D
  8
MOSFET$TRACES
 10
-689.0470590839825
 20
540.634574833089
 30
0.0
 11
-691.48194382954
 21
540.634574833089
 31
0.0
  0
ARC
  5
61E
  8
MOSFET$TRACES
 10
-691.4819438295391
 20
539.8362676025943
 30
0.0
 40
0.7983072304947427
 50
90.00000000006527
 51
129.6251191984218
  0
ARC
  5
61F
  8
MOSFET$TRACES
 10
692.3099544965987
 20
540.8362676025888
 30
0.0
 40
0.4999999999994901
 50
230.3748808015251
 51
270.0000000000521
210
0.0
220
0.0
230
-1.0
  0
LINE
  5
620
  8
MOSFET$TRACES
 10
-692.3099544965992
 20
540.3362676025893
 30
0.0
 11
-692.6306365181208
 21
540.3362676025893
 31
0.0
  0
ARC
  5
621
  8
MOSFET$TRACES
 10
692.6306365181213
 20
540.8362676025885
 30
0.0
 40
0.4999999999992042
 50
269.9999999999479
 51
315.0000000000276
210
0.0
220
0.0
230
-1.0
  0
LINE
  5
622
  8
MOSFET$TRACES
 10
-692.9841899087141
 20
540.4827142119959
 30
0.0
 11
-693.6845425442401
 21
541.183066847522
 31
0.0
  0
ARC
  5
623
  8
MOSFET$TRACES
 10
693.3309891536467
 20
541.5366202381156
 30
0.0
 40
0.5000000000003256
 50
314.9999999999908
 51
359.9999999999609
210
0.0
220
0.0
230
-1.0
  0
LINE
  5
624
  8
MOSFET$TRACES
 10
-693.8309891536469
 20
541.5366202381152
 30
0.0
 11
-693.8309891536469
 21
585.7547945376027
 31
0.0
  0
ARC
  5
625
  8
MOSFET$TRACES
 10
693.3309891536467
 20
585.7547945376026
 30
0.0
 40
0.5000000000002274
 50
0.0000000000130276
 51
45.0
210
0.0
220
0.0
230
-1.0
  0
LINE
  5
626
  8
MOSFET$TRACES
 10
-693.6845425442401
 20
586.108347928196
 30
0.0
 11
-692.4062306556299
 21
587.3866598168063
 31
0.0
  0
ARC
  5
627
  8
MOSFET$TRACES
 10
692.0526772650371
 20
587.0331064262139
 30
0.0
 40
0.4999999999990394
 50
44.99999999997237
 51
90.0000000000391
210
0.0
220
0.0
230
-1.0
  0
LINE
  5
628
  8
MOSFET$TRACES
 10
-692.0526772650368
 20
587.533106426213
 30
0.0
 11
-687.1633769169171
 21
587.533106426213
 31
0.0
  0
ARC
  5
629
  8
MOSFET$TRACES
 10
-687.1633769169171
 20
588.333106426213
 30
0.0
 40
0.8000000000000682
 50
270.0
 51
359.9999999999919
  0
LINE
  5
62A
  8
MOSFET$TRACES
 10
-686.363376916917
 20
588.3331064262129
 30
0.0
 11
-686.363376916917
 21
591.1276884078535
 31
0.0
  0
ARC
  5
62B
  8
MOSFET$TRACES
 10
683.3633769169169
 20
591.1276884078535
 30
0.0
 40
3.000000000000114
 50
0.0
 51
45.00000000000154
210
0.0
220
0.0
230
-1.0
  0
LINE
  5
62C
  8
MOSFET$TRACES
 10
-685.4846972604765
 20
593.2490087514133
 30
0.0
 11
-680.7947061143877
 21
597.9389998975018
 31
0.0
  0
ARC
  5
62D
  8
MOSFET$TRACES
 10
680.4411527237942
 20
597.5854465069077
 30
0.0
 40
0.5000000000008079
 50
45.00000000004606
 51
89.99999999996092
210
0.0
220
0.0
230
-1.0
  0
LINE
  5
62E
  8
MOSFET$TRACES
 10
-680.4411527237945
 20
598.0854465069085
 30
0.0
 11
-673.1143957294377
 21
598.0854465069085
 31
0.0
  0
ARC
  5
62F
  8
MOSFET$TRACES
 10
673.1143957294377
 20
597.5854465069085
 30
0.0
 40
0.5
 50
90.0
 51
180.000000000013
210
0.0
220
0.0
230
-1.0
  0
LINE
  5
630
  8
MOSFET$TRACES
 10
-672.6143957294377
 20
597.5854465069083
 30
0.0
 11
-672.6143957294378
 21
592.7116983550328
 31
0.0
  0
ARC
  5
631
  8
MOSFET$TRACES
 10
-672.3143957294378
 20
592.7116983550328
 30
0.0
 40
0.3
 50
180.0
 51
227.4335782266727
  0
LINE
  5
632
  8
MOSFET$TRACES
 10
-672.5173290684338
 20
592.4907502617532
 30
0.0
 11
-672.4414623904415
 21
592.4210692880231
 31
0.0
  0
ARC
  5
633
  8
MOSFET$TRACES
 10
672.6443957294377
 20
592.2001211947436
 30
0.0
 40
0.3
 50
132.5664217733579
 51
180.0
210
0.0
220
0.0
230
-1.0
  0
LINE
  5
634
  8
MOSFET$TRACES
 10
-672.3443957294378
 20
592.2001211947435
 30
0.0
 11
-672.3443957294378
 21
581.6285557211104
 31
0.0
  0
ARC
  5
635
  8
MOSFET$TRACES
 10
-672.0443957294378
 20
581.6285557211104
 30
0.0
 40
0.3
 50
180.0
 51
225.5055450971365
  0
LINE
  5
636
  8
MOSFET$TRACES
 10
-672.2546477991862
 20
581.4145602371241
 30
0.0
 11
-670.6294200113355
 21
579.8177624924125
 31
0.0
  0
LINE
  5
637
  8
MOSFET$TRACES
 10
-670.6294200113355
 20
579.8177624924125
 30
0.0
 11
-664.2334727251167
 21
579.8177624924125
 31
0.0
  0
ARC
  5
638
  8
MOSFET$TRACES
 10
664.2334727251166
 20
579.3177624924134
 30
0.0
 40
0.4999999999990905
 50
89.99999999998697
 51
135.0000000000553
210
0.0
220
0.0
230
-1.0
  0
LINE
  5
639
  8
MOSFET$TRACES
 10
-663.8799193345235
 20
579.6713158830057
 30
0.0
 11
-659.367112769668
 21
575.1585093181504
 31
0.0
  0
ARC
  5
63A
  8
MOSFET$TRACES
 10
659.7206661602592
 20
574.8049559275582
 30
0.0
 40
0.4999999999977531
 50
134.9999999999171
 51
180.0005674708103
210
0.0
220
0.0
230
-1.0
  0
LINE
  5
63B
  8
MOSFET$TRACES
 10
-659.2206661602859
 20
574.8049509754412
 30
0.0
 11
-659.2207018059582
 21
571.2059164772323
 31
0.0
  0
LINE
  5
63C
  8
MOSFET$TRACES
 10
-659.2207018059582
 20
571.2059164772323
 30
0.0
 11
-659.2211999518463
 21
570.7934822676091
 31
0.0
  0
LINE
  5
63D
  8
MOSFET$TRACES
 10
-659.2211999518463
 20
570.7934822676091
 30
0.0
 11
-654.4218618057596
 21
565.9941441215224
 31
0.0
  0
LINE
  5
63E
  8
MOSFET$TRACES
 10
-654.4218618057596
 20
565.9941441215224
 30
0.0
 11
-653.0589561003319
 21
565.9920112487439
 31
0.0
  0
ARC
  5
63F
  8
MOSFET$TRACES
 10
653.0597385719872
 20
565.4920118610054
 30
0.0
 40
0.5000000000007785
 50
90.08966468346995
 51
114.1845072355606
210
0.0
220
0.0
230
-1.0
  0
LINE
  5
640
  8
MOSFET$TRACES
 10
-652.8549003810831
 20
565.9481273239618
 30
0.0
 11
-652.6669769241784
 21
565.8637322440595
 31
0.0
  0
LINE
  5
641
  8
MOSFET$TRACES
 10
-652.6669769241784
 20
565.8637322440595
 30
0.0
 11
-652.5256868290599
 21
565.768442514132
 31
0.0
  0
ARC
  5
642
  8
MOSFET$TRACES
 10
-651.8334302570148
 20
566.4900939801879
 30
0.0
 40
1.000000000000132
 50
226.1909973892845
 51
133.6296732437463
  0
ARC
  5
643
  8
MOSFET$TRACES
 10
652.868422002219
 20
567.5758159000901
 30
0.0
 40
0.4999999999988957
 50
226.3703267562431
 51
245.9948221313995
210
0.0
220
0.0
230
-1.0
  0
LINE
  5
644
  8
MOSFET$TRACES
 10
-652.6650124025698
 20
567.1190615517041
 30
0.0
 11
-652.8531990857158
 21
567.0352550635703
 31
0.0
  0
ARC
  5
645
  8
MOSFET$TRACES
 10
653.0566086853656
 20
567.4920094119562
 30
0.0
 40
0.4999999999991973
 50
245.9948221313281
 51
270.0896646834963
210
0.0
220
0.0
230
-1.0
  0
LINE
  5
646
  8
MOSFET$TRACES
 10
-653.0573911570211
 20
566.9920100242193
 30
0.0
 11
-653.7010991970596
 21
566.9930173920442
 31
0.0
  0
ARC
  5
647
  8
MOSFET$TRACES
 10
653.700316725404
 20
567.4930167797828
 30
0.0
 40
0.5000000000008927
 50
270.089664683509
 51
292.5448323417302
210
0.0
220
0.0
230
-1.0
  0
LINE
  5
648
  8
MOSFET$TRACES
 10
-653.8920198378954
 20
567.0312268744557
 30
0.0
 11
-654.0614549154132
 21
567.1015645569184
 31
0.0
  0
ARC
  5
649
  8
MOSFET$TRACES
 10
653.8697518029231
 20
567.5633544622436
 30
0.0
 40
0.4999999999986086
 50
292.5448323416708
 51
315.0000000000092
210
0.0
220
0.0
230
-1.0
  0
LINE
  5
64A
  8
MOSFET$TRACES
 10
-654.2233051935154
 20
567.2098010716513
 30
0.0
 11
-658.0729739896897
 21
571.0594698678256
 31
0.0
  0
ARC
  5
64B
  8
MOSFET$TRACES
 10
657.7194205990952
 20
571.4130232584195
 30
0.0
 40
0.5000000000012902
 50
315.000000000046
 51
359.9999999999349
210
0.0
220
0.0
230
-1.0
  0
LINE
  5
64C
  8
MOSFET$TRACES
 10
-658.2194205990965
 20
571.4130232584189
 30
0.0
 11
-658.2194205990965
 21
575.4267503364923
 31
0.0
  0
LINE
  5
64D
  8
MOSFET$TRACES
 10
-658.2194205990965
 20
575.4267503364923
 30
0.0
 11
-663.3621959073844
 21
580.5695256447802
 31
0.0
  0
LINE
  5
64E
  8
MOSFET$TRACES
 10
-663.3621959073844
 20
580.5695256447802
 30
0.0
 11
-663.6104327550014
 21
580.8177624923974
 31
0.0
  0
LINE
  5
64F
  8
MOSFET$TRACES
 10
-663.6104327550014
 20
580.8177624923974
 30
0.0
 11
-670.0063800412202
 21
580.8177624923974
 31
0.0
  0
ARC
  5
650
  8
MOSFET$TRACES
 10
670.0063800412208
 20
581.3177624923958
 30
0.0
 40
0.4999999999984084
 50
269.9999999999218
 51
315.0000000000829
210
0.0
220
0.0
230
-1.0
  0
LINE
  5
651
  8
MOSFET$TRACES
 10
-670.3599334318135
 20
580.964209101804
 30
0.0
 11
-671.1679491200387
 21
581.7722247900291
 31
0.0
  0
ARC
  5
652
  8
MOSFET$TRACES
 10
670.8143957294452
 20
582.1257781806224
 30
0.0
 40
0.5000000000001649
 50
315.0000000000092
 51
0.0
210
0.0
220
0.0
230
-1.0
  0
LINE
  5
653
  8
MOSFET$TRACES
 10
-671.3143957294453
 20
582.1257781806224
 30
0.0
 11
-671.3143957294453
 21
592.1981843034764
 31
0.0
  0
ARC
  5
654
  8
MOSFET$TRACES
 10
671.0143957294454
 20
592.1981843034762
 30
0.0
 40
0.3
 50
0.0000000000651378
 51
48.05224993234457
210
0.0
220
0.0
230
-1.0
  0
LINE
  5
655
  8
MOSFET$TRACES
 10
-671.2149315183458
 20
592.4213107191468
 30
0.0
 11
-671.1138599405374
 21
592.5121492177186
 31
0.0
  0
ARC
  5
656
  8
MOSFET$TRACES
 10
-671.3143957294378
 20
592.7352756333894
 30
0.0
 40
0.3
 50
311.9477500676555
 51
0.0
  0
LINE
  5
657
  8
MOSFET$TRACES
 10
-677.6534708970961
 20
585.6655516717328
 30
0.0
 11
-677.6534708970961
 21
578.5250539137273
 31
0.0
  0
ARC
  5
658
  8
MOSFET$TRACES
 10
-676.6534708970955
 20
578.5250539137274
 30
0.0
 40
1.000000000000568
 50
180.0000000000065
 51
224.9999999999862
  0
LINE
  5
659
  8
MOSFET$TRACES
 10
-677.3605776782827
 20
577.8179471325407
 30
0.0
 11
-676.99946729113
 21
577.4568367453879
 31
0.0
  0
ARC
  5
65A
  8
MOSFET$TRACES
 10
677.7065740723165
 20
576.7497299642014
 30
0.0
 40
1.0
 50
134.9999999999954
 51
180.0
210
0.0
220
0.0
230
-1.0
  0
LINE
  5
65B
  8
MOSFET$TRACES
 10
-676.7065740723165
 20
576.7497299642014
 30
0.0
 11
-676.7065740723166
 21
574.2531115062231
 31
0.0
  0
ARC
  5
65C
  8
MOSFET$TRACES
 10
677.7065740723166
 20
574.2531115062231
 30
0.0
 40
1.0
 50
180.0
 51
270.0
210
0.0
220
0.0
230
-1.0
  0
LINE
  5
65D
  8
MOSFET$TRACES
 10
-677.7065740723166
 20
573.2531115062231
 30
0.0
 11
-679.3924853217588
 21
573.2531115062231
 31
0.0
  0
ARC
  5
65E
  8
MOSFET$TRACES
 10
679.3924853751249
 20
574.2531115062233
 30
0.0
 40
1.000000000000115
 50
269.9999969423488
 51
315.0000037314201
210
0.0
220
0.0
230
-1.0
  0
LINE
  5
65F
  8
MOSFET$TRACES
 10
-680.0995922023623
 20
573.5460047710874
 30
0.0
 11
-681.3855034591195
 21
574.8319160278444
 31
0.0
  0
ARC
  5
660
  8
MOSFET$TRACES
 10
680.6783966779328
 20
575.5390228090312
 30
0.0
 40
1.000000000000249
 50
314.9999999999953
 51
359.999999999987
210
0.0
220
0.0
230
-1.0
  0
LINE
  5
661
  8
MOSFET$TRACES
 10
-681.678396677933
 20
575.5390228090309
 30
0.0
 11
-681.678396677933
 21
582.7599636687332
 31
0.0
  0
ARC
  5
662
  8
MOSFET$TRACES
 10
-682.1783966779324
 20
582.7599636687335
 30
0.0
 40
0.4999999999993179
 50
359.999999999974
 51
45.00000000003685
  0
LINE
  5
663
  8
MOSFET$TRACES
 10
-681.8248432873397
 20
583.1135170593265
 30
0.0
 11
-683.8579860448272
 21
585.1466598168139
 31
0.0
  0
ARC
  5
664
  8
MOSFET$TRACES
 10
-684.2115394354208
 20
584.7931064262199
 30
0.0000000000000056
 40
0.5000000000008079
 50
45.00000000002764
 51
89.99999999996092
  0
LINE
  5
665
  8
MOSFET$TRACES
 10
-684.2115394354205
 20
585.2931064262207
 30
0.0
 11
-685.6828940814316
 21
585.2931064262207
 31
0.0
  0
LINE
  5
666
  8
MOSFET$TRACES
 10
-685.6828940814316
 20
585.2931064262207
 30
0.0
 11
-685.7090117801899
 21
585.2930191113766
 31
0.0
  0
LINE
  5
667
  8
MOSFET$TRACES
 10
-685.7090117801899
 20
585.2930191113766
 30
0.0
 11
-685.7351827036972
 21
585.2924409522827
 31
0.0
  0
LINE
  5
668
  8
MOSFET$TRACES
 10
-685.7351827036972
 20
585.2924409522827
 30
0.0
 11
-685.7483021662133
 21
585.29183831412
 31
0.0
  0
LINE
  5
669
  8
MOSFET$TRACES
 10
-685.7483021662133
 20
585.29183831412
 30
0.0
 11
-685.7614505369667
 21
585.2909690811451
 31
0.0
  0
LINE
  5
66A
  8
MOSFET$TRACES
 10
-685.7614505369667
 20
585.2909690811451
 30
0.0
 11
-685.7746317550979
 21
585.2897969261894
 31
0.0
  0
LINE
  5
66B
  8
MOSFET$TRACES
 10
-685.7746317550979
 20
585.2897969261894
 30
0.0
 11
-685.7878491925981
 21
585.2882907523924
 31
0.0
  0
LINE
  5
66C
  8
MOSFET$TRACES
 10
-685.7878491925981
 20
585.2882907523924
 30
0.0
 11
-685.8011056761234
 21
585.2864244920352
 31
0.0
  0
LINE
  5
66D
  8
MOSFET$TRACES
 10
-685.8011056761234
 20
585.2864244920352
 30
0.0
 11
-685.8144035088078
 21
585.284176905375
 31
0.0
  0
LINE
  5
66E
  8
MOSFET$TRACES
 10
-685.8144035088078
 20
585.284176905375
 30
0.0
 11
-685.8277444920759
 21
585.2815313794799
 31
0.0
  0
LINE
  5
66F
  8
MOSFET$TRACES
 10
-685.8277444920759
 20
585.2815313794799
 30
0.0
 11
-685.841129947458
 21
585.2784757270626
 31
0.0
  0
LINE
  5
670
  8
MOSFET$TRACES
 10
-685.841129947458
 20
585.2784757270626
 30
0.0
 11
-685.8545607384015
 21
585.2750019853152
 31
0.0
  0
LINE
  5
671
  8
MOSFET$TRACES
 10
-685.8545607384015
 20
585.2750019853152
 30
0.0
 11
-685.8680372920866
 21
585.271106214743
 31
0.0
  0
LINE
  5
672
  8
MOSFET$TRACES
 10
-685.8680372920866
 20
585.271106214743
 30
0.0
 11
-685.8815596212373
 21
585.2667882979993
 31
0.0
  0
LINE
  5
673
  8
MOSFET$TRACES
 10
-685.8815596212373
 20
585.2667882979993
 30
0.0
 11
-685.8951273459365
 21
585.26205173872
 31
0.0
  0
LINE
  5
674
  8
MOSFET$TRACES
 10
-685.8951273459365
 20
585.26205173872
 30
0.0
 11
-685.9087397154391
 21
585.2569034603567
 31
0.0
  0
LINE
  5
675
  8
MOSFET$TRACES
 10
-685.9087397154391
 20
585.2569034603567
 30
0.0
 11
-685.9223956299852
 21
585.2513536050126
 31
0.0
  0
LINE
  5
676
  8
MOSFET$TRACES
 10
-685.9223956299852
 20
585.2513536050126
 30
0.0
 11
-685.9360936626131
 21
585.2454153322755
 31
0.0
  0
LINE
  5
677
  8
MOSFET$TRACES
 10
-685.9360936626131
 20
585.2454153322755
 30
0.0
 11
-685.9498320809739
 21
585.2391046180528
 31
0.0
  0
LINE
  5
678
  8
MOSFET$TRACES
 10
-685.9498320809739
 20
585.2391046180528
 30
0.0
 11
-685.9636088691436
 21
585.2324400534059
 31
0.0
  0
LINE
  5
679
  8
MOSFET$TRACES
 10
-685.9636088691436
 20
585.2324400534059
 30
0.0
 11
-685.9774217494377
 21
585.225442643384
 31
0.0
  0
LINE
  5
67A
  8
MOSFET$TRACES
 10
-685.9774217494377
 20
585.225442643384
 30
0.0
 11
-686.0051454977342
 21
585.2105441703593
 31
0.0
  0
LINE
  5
67B
  8
MOSFET$TRACES
 10
-686.0051454977342
 20
585.2105441703593
 30
0.0
 11
-686.032980698074
 21
585.1946178748399
 31
0.0
  0
LINE
  5
67C
  8
MOSFET$TRACES
 10
-686.032980698074
 20
585.1946178748399
 30
0.0
 11
-686.0609019305496
 21
585.177898181894
 31
0.0
  0
LINE
  5
67D
  8
MOSFET$TRACES
 10
-686.0609019305496
 20
585.177898181894
 30
0.0
 11
-686.1168910398646
 21
585.1431064262168
 31
0.0
  0
LINE
  5
67E
  8
MOSFET$TRACES
 10
-686.1168910398646
 20
585.1431064262168
 30
0.0
 11
-686.1728801491797
 21
585.1083146705397
 31
0.0
  0
LINE
  5
67F
  8
MOSFET$TRACES
 10
-686.1728801491797
 20
585.1083146705397
 30
0.0
 11
-686.2008013816553
 21
585.0915949775938
 31
0.0
  0
LINE
  5
680
  8
MOSFET$TRACES
 10
-686.2008013816553
 20
585.0915949775938
 30
0.0
 11
-686.228636581995
 21
585.0756686820744
 31
0.0
  0
LINE
  5
681
  8
MOSFET$TRACES
 10
-686.228636581995
 20
585.0756686820744
 30
0.0
 11
-686.2563603302916
 21
585.0607702090497
 31
0.0
  0
LINE
  5
682
  8
MOSFET$TRACES
 10
-686.2563603302916
 20
585.0607702090497
 30
0.0
 11
-686.2701732105857
 21
585.0537727990278
 31
0.0
  0
LINE
  5
683
  8
MOSFET$TRACES
 10
-686.2701732105857
 20
585.0537727990278
 30
0.0
 11
-686.2839499987554
 21
585.0471082343809
 31
0.0
  0
LINE
  5
684
  8
MOSFET$TRACES
 10
-686.2839499987554
 20
585.0471082343809
 30
0.0
 11
-686.2976884171162
 21
585.0407975201582
 31
0.0
  0
LINE
  5
685
  8
MOSFET$TRACES
 10
-686.2976884171162
 20
585.0407975201582
 30
0.0
 11
-686.3113864497441
 21
585.0348592474211
 31
0.0
  0
LINE
  5
686
  8
MOSFET$TRACES
 10
-686.3113864497441
 20
585.0348592474211
 30
0.0
 11
-686.3250423642902
 21
585.0293093920769
 31
0.0
  0
LINE
  5
687
  8
MOSFET$TRACES
 10
-686.3250423642902
 20
585.0293093920769
 30
0.0
 11
-686.3386547337927
 21
585.0241611137137
 31
0.0
  0
LINE
  5
688
  8
MOSFET$TRACES
 10
-686.3386547337927
 20
585.0241611137137
 30
0.0
 11
-686.352222458492
 21
585.0194245544344
 31
0.0
  0
LINE
  5
689
  8
MOSFET$TRACES
 10
-686.352222458492
 20
585.0194245544344
 30
0.0
 11
-686.3657447876427
 21
585.0151066376907
 31
0.0
  0
LINE
  5
68A
  8
MOSFET$TRACES
 10
-686.3657447876427
 20
585.0151066376907
 30
0.0
 11
-686.3792213413278
 21
585.0112108671185
 31
0.0
  0
LINE
  5
68B
  8
MOSFET$TRACES
 10
-686.3792213413278
 20
585.0112108671185
 30
0.0
 11
-686.3926521322713
 21
585.007737125371
 31
0.0
  0
LINE
  5
68C
  8
MOSFET$TRACES
 10
-686.3926521322713
 20
585.007737125371
 30
0.0
 11
-686.4060375876534
 21
585.0046814729537
 31
0.0
  0
LINE
  5
68D
  8
MOSFET$TRACES
 10
-686.4060375876534
 20
585.0046814729537
 30
0.0
 11
-686.4193785709215
 21
585.0020359470586
 31
0.0
  0
LINE
  5
68E
  8
MOSFET$TRACES
 10
-686.4193785709215
 20
585.0020359470586
 30
0.0
 11
-686.4326764036059
 21
584.9997883603985
 31
0.0
  0
LINE
  5
68F
  8
MOSFET$TRACES
 10
-686.4326764036059
 20
584.9997883603985
 30
0.0
 11
-686.4459328871312
 21
584.9979221000413
 31
0.0
  0
LINE
  5
690
  8
MOSFET$TRACES
 10
-686.4459328871312
 20
584.9979221000413
 30
0.0
 11
-686.4591503246314
 21
584.9964159262443
 31
0.0
  0
LINE
  5
691
  8
MOSFET$TRACES
 10
-686.4591503246314
 20
584.9964159262443
 30
0.0
 11
-686.4723315427626
 21
584.9952437712885
 31
0.0
  0
LINE
  5
692
  8
MOSFET$TRACES
 10
-686.4723315427626
 20
584.9952437712885
 30
0.0
 11
-686.485479913516
 21
584.9943745383137
 31
0.0
  0
LINE
  5
693
  8
MOSFET$TRACES
 10
-686.485479913516
 20
584.9943745383137
 30
0.0
 11
-686.4985993760321
 21
584.9937719001509
 31
0.0
  0
LINE
  5
694
  8
MOSFET$TRACES
 10
-686.4985993760321
 20
584.9937719001509
 30
0.0
 11
-686.5247702995393
 21
584.9931937410571
 31
0.0
  0
LINE
  5
695
  8
MOSFET$TRACES
 10
-686.5247702995393
 20
584.9931937410571
 30
0.0
 11
-686.5508879982976
 21
584.993106426213
 31
0.0
  0
LINE
  5
696
  8
MOSFET$TRACES
 10
-686.5508879982976
 20
584.993106426213
 30
0.0
 11
-690.7826340470513
 21
584.993106426213
 31
0.0
  0
ARC
  5
697
  8
MOSFET$TRACES
 10
-690.7826340470499
 20
584.4931064262079
 30
0.0
 40
0.5000000000051159
 50
90.00000000015633
 51
118.6588142244048
  0
LINE
  5
698
  8
MOSFET$TRACES
 10
-691.0224304754233
 20
584.9318519936436
 30
0.0
 11
-691.1971701396232
 21
584.8022047628733
 31
0.0
  0
LINE
  5
699
  8
MOSFET$TRACES
 10
-691.1971701396232
 20
584.8022047628733
 30
0.0
 11
-691.7874483784392
 21
584.2119265240574
 31
0.0
  0
ARC
  5
69A
  8
MOSFET$TRACES
 10
-691.4338949878462
 20
583.8583731334643
 30
0.0
 40
0.4999999999996825
 50
134.9999999999908
 51
180.0000000000261
  0
LINE
  5
69B
  8
MOSFET$TRACES
 10
-691.9338949878459
 20
583.858373133464
 30
0.0
 11
-691.9338949878459
 21
554.4020747213117
 31
0.0
  0
ARC
  5
69C
  8
MOSFET$TRACES
 10
-690.9338949878463
 20
554.4020747213117
 30
0.0
 40
0.9999999999995453
 50
180.0
 51
225.0000000000138
  0
LINE
  5
69D
  8
MOSFET$TRACES
 10
-691.6410017690324
 20
553.6949679401253
 30
0.0
 11
-689.5789058692206
 21
551.6328720403135
 31
0.0
  0
ARC
  5
69E
  8
MOSFET$TRACES
 10
-688.8717990534301
 20
552.3399789076216
 30
-0.0000000000000029
 40
1.00000008536585
 50
225.0000020871932
 51
271.2192434060831
  0
ARC
  5
69F
  8
MOSFET$TRACES
 10
688.8289099509741
 20
550.3248125426353
 30
0.0000000000000003
 40
1.015622635701245
 50
88.78074150987872
 51
311.6900117020592
210
0.0
220
0.0
230
-1.0
  0
ARC
  5
6A0
  8
MOSFET$TRACES
 10
-689.8369508450176
 20
549.1930150652151
 30
-0.0000000000003557
 40
0.5000000000358467
 50
48.30998829820923
 51
56.4045142339624
  0
ARC
  5
6A1
  8
MOSFET$TRACES
 10
681.2105595766885
 20
561.5867182328473
 30
0.0
 40
14.60040340698798
 50
304.8816654934677
 51
312.6306532784831
210
0.0
220
0.0
230
-1.0
  0
ARC
  5
6A2
  8
MOSFET$TRACES
 10
-691.4338949878459
 20
550.4734441700637
 30
0.0
 40
0.5000000000000322
 50
47.94454333654721
 51
180.0
  0
LINE
  5
6A3
  8
MOSFET$TRACES
 10
-691.9338949878459
 20
550.4734441700637
 30
0.0
 11
-691.9338949878459
 21
549.6116391898016
 31
0.0
  0
ARC
  5
6A4
  8
MOSFET$TRACES
 10
-691.4338949878445
 20
549.6116391898022
 30
0.0
 40
0.5000000000013642
 50
180.0000000000651
 51
224.999999999954
  0
LINE
  5
6A5
  8
MOSFET$TRACES
 10
-691.7874483784391
 20
549.2580857992083
 30
0.0
 11
-683.7495021705356
 21
541.2201395913064
 31
0.0
  0
LINE
  5
6A6
  8
MOSFET$TRACES
 10
-683.7495021705356
 20
541.2201395913064
 30
0.0
 11
-683.7495021705356
 21
527.7928932188136
 31
0.0
  0
LINE
  5
6A7
  8
MOSFET$TRACES
 10
-683.7495021705356
 20
527.7928932188136
 30
0.0
 11
-687.6188588182051
 21
523.9235365711439
 31
0.0
  0
ARC
  5
6A8
  8
MOSFET$TRACES
 10
-687.4067267838499
 20
523.7114045367882
 30
0.0
 40
0.2999999999993111
 50
134.9999999999386
 51
180.0000000000434
  0
LINE
  5
6A9
  8
MOSFET$TRACES
 10
-687.7067267838493
 20
523.711404536788
 30
0.0
 11
-687.7067267838493
 21
518.7447608840978
 31
0.0
  0
ARC
  5
6AA
  8
MOSFET$TRACES
 10
-687.4067267838493
 20
518.7447608840978
 30
0.0
 40
0.2999999999999545
 50
180.0
 51
261.5737198925764
  0
ARC
  5
6AB
  8
MOSFET$TRACES
 10
687.494648844095
 20
518.1512377494837
 30
0.0
 40
0.2999999999999977
 50
98.42628010744508
 51
180.0
210
0.0
220
0.0
230
-1.0
  0
LINE
  5
6AC
  8
MOSFET$TRACES
 10
-687.194648844095
 20
518.1512377494837
 30
0.0
 11
-687.1946488440949
 21
514.9234463433261
 31
0.0
  0
ARC
  5
6AD
  8
MOSFET$TRACES
 10
687.494648844095
 20
514.9234463433262
 30
0.0
 40
0.3000000000000682
 50
180.0000000000217
 51
270.0
210
0.0
220
0.0
230
-1.0
  0
LINE
  5
6AE
  8
MOSFET$TRACES
 10
-687.494648844095
 20
514.6234463433261
 30
0.0
 11
-688.9188047236032
 21
514.6234463433261
 31
0.0
  0
ARC
  5
6AF
  8
MOSFET$TRACES
 10
688.9188047236032
 20
514.9234463433261
 30
0.0
 40
0.2999999999999545
 50
270.0
 51
0.0
210
0.0
220
0.0
230
-1.0
  0
LINE
  5
6B0
  8
MOSFET$TRACES
 10
-689.2188047236032
 20
514.9234463433261
 30
0.0
 11
-689.2188047236032
 21
518.1447608840979
 31
0.0
  0
ARC
  5
6B1
  8
MOSFET$TRACES
 10
688.9188047236034
 20
518.1447608840981
 30
0.0
 40
0.2999999999997272
 50
359.9999999999566
 51
81.57371989259153
210
0.0
220
0.0
230
-1.0
  0
ARC
  5
6B2
  8
MOSFET$TRACES
 10
-689.0067267838486
 20
518.7382840187117
 30
0.000000000000001
 40
0.2999999999998352
 50
278.4262801073838
 51
0.0000000000434252
  0
LINE
  5
6B3
  8
MOSFET$TRACES
 10
-688.7067267838489
 20
518.738284018712
 30
0.0000000000000009
 11
-688.7067267838489
 21
524.2498821678728
 31
0.0
  0
LINE
  5
6B4
  8
MOSFET$TRACES
 10
-688.7067267838489
 20
524.2498821678728
 30
0.0
 11
-684.8373701361793
 21
528.1192388155425
 31
0.0
  0
ARC
  5
6B5
  8
MOSFET$TRACES
 10
-685.0495021705331
 20
528.3313708498976
 30
0.0
 40
0.2999999999977837
 50
314.9999999998311
 51
0.0000000001519881
  0
LINE
  5
6B6
  8
MOSFET$TRACES
 10
-684.7495021705353
 20
528.3313708498983
 30
0.0
 11
-684.7495021705354
 21
540.6816619602209
 31
0.0
  0
ARC
  5
6B7
  8
MOSFET$TRACES
 10
-685.0495021705345
 20
540.6816619602214
 30
0.0
 40
0.2999999999991587
 50
359.9999999999131
 51
45.00000000006142
  0
LINE
  5
6B8
  8
MOSFET$TRACES
 10
-684.8373701361794
 20
540.893793994577
 30
0.0
 11
-692.8460270222015
 21
548.9024508805977
 31
0.0
  0
ARC
  5
6B9
  8
MOSFET$TRACES
 10
692.6338949878442
 20
549.1145829149541
 30
-0.000000000000003
 40
0.3000000000012404
 50
315.0000000001228
 51
359.9999999999131
210
0.0
220
0.0
230
-1.0
  0
LINE
  5
6BA
  8
MOSFET$TRACES
 10
-692.9338949878455
 20
549.1145829149536
 30
0.0000000000000009
 11
-692.9338949878456
 21
584.4814131035644
 31
0.0
  0
LINE
  5
6BB
  8
MOSFET$TRACES
 10
-692.9338949878456
 20
584.4814131035644
 30
0.0
 11
-691.2533512311991
 21
586.1619568602109
 31
0.0
  0
ARC
  5
6BC
  8
MOSFET$TRACES
 10
690.0855399038641
 20
584.8248560995689
 30
0.0
 40
1.775280749729844
 50
48.86634044536601
 51
84.89920033697852
210
0.0
220
0.0
230
-1.0
  0
LINE
  5
6BD
  8
MOSFET$TRACES
 10
-690.2433769168997
 20
586.5931064262131
 30
0.0
 11
-686.5508879982976
 21
586.5931064262131
 31
0.0
  0
LINE
  5
6BE
  8
MOSFET$TRACES
 10
-686.5508879982976
 20
586.5931064262131
 30
0.0
 11
-686.5247702995393
 21
586.593019111369
 31
0.0
  0
LINE
  5
6BF
  8
MOSFET$TRACES
 10
-686.5247702995393
 20
586.593019111369
 30
0.0
 11
-686.4985993760321
 21
586.5924409522752
 31
0.0
  0
LINE
  5
6C0
  8
MOSFET$TRACES
 10
-686.4985993760321
 20
586.5924409522752
 30
0.0
 11
-686.485479913516
 21
586.5918383141125
 31
0.0
  0
LINE
  5
6C1
  8
MOSFET$TRACES
 10
-686.485479913516
 20
586.5918383141125
 30
0.0
 11
-686.4723315427626
 21
586.5909690811376
 31
0.0
  0
LINE
  5
6C2
  8
MOSFET$TRACES
 10
-686.4723315427626
 20
586.5909690811376
 30
0.0
 11
-686.4591503246314
 21
586.5897969261819
 31
0.0
  0
LINE
  5
6C3
  8
MOSFET$TRACES
 10
-686.4591503246314
 20
586.5897969261819
 30
0.0
 11
-686.4459328871312
 21
586.5882907523849
 31
0.0
  0
LINE
  5
6C4
  8
MOSFET$TRACES
 10
-686.4459328871312
 20
586.5882907523849
 30
0.0
 11
-686.4326764036059
 21
586.5864244920276
 31
0.0
  0
LINE
  5
6C5
  8
MOSFET$TRACES
 10
-686.4326764036059
 20
586.5864244920276
 30
0.0
 11
-686.4193785709215
 21
586.5841769053675
 31
0.0
  0
LINE
  5
6C6
  8
MOSFET$TRACES
 10
-686.4193785709215
 20
586.5841769053675
 30
0.0
 11
-686.4060375876534
 21
586.5815313794724
 31
0.0
  0
LINE
  5
6C7
  8
MOSFET$TRACES
 10
-686.4060375876534
 20
586.5815313794724
 30
0.0
 11
-686.3926521322713
 21
586.5784757270551
 31
0.0
  0
LINE
  5
6C8
  8
MOSFET$TRACES
 10
-686.3926521322713
 20
586.5784757270551
 30
0.0
 11
-686.3792213413278
 21
586.5750019853076
 31
0.0
  0
LINE
  5
6C9
  8
MOSFET$TRACES
 10
-686.3792213413278
 20
586.5750019853076
 30
0.0
 11
-686.3657447876427
 21
586.5711062147354
 31
0.0
  0
LINE
  5
6CA
  8
MOSFET$TRACES
 10
-686.3657447876427
 20
586.5711062147354
 30
0.0
 11
-686.352222458492
 21
586.5667882979917
 31
0.0
  0
LINE
  5
6CB
  8
MOSFET$TRACES
 10
-686.352222458492
 20
586.5667882979917
 30
0.0
 11
-686.3386547337927
 21
586.5620517387124
 31
0.0
  0
LINE
  5
6CC
  8
MOSFET$TRACES
 10
-686.3386547337927
 20
586.5620517387124
 30
0.0
 11
-686.3250423642902
 21
586.5569034603492
 31
0.0
  0
LINE
  5
6CD
  8
MOSFET$TRACES
 10
-686.3250423642902
 20
586.5569034603492
 30
0.0
 11
-686.3113864497441
 21
586.551353605005
 31
0.0
  0
LINE
  5
6CE
  8
MOSFET$TRACES
 10
-686.3113864497441
 20
586.551353605005
 30
0.0
 11
-686.2976884171162
 21
586.5454153322679
 31
0.0
  0
LINE
  5
6CF
  8
MOSFET$TRACES
 10
-686.2976884171162
 20
586.5454153322679
 30
0.0
 11
-686.2839499987554
 21
586.5391046180453
 31
0.0
  0
LINE
  5
6D0
  8
MOSFET$TRACES
 10
-686.2839499987554
 20
586.5391046180453
 30
0.0
 11
-686.2701732105857
 21
586.5324400533983
 31
0.0
  0
LINE
  5
6D1
  8
MOSFET$TRACES
 10
-686.2701732105857
 20
586.5324400533983
 30
0.0
 11
-686.2563603302916
 21
586.5254426433764
 31
0.0
  0
LINE
  5
6D2
  8
MOSFET$TRACES
 10
-686.2563603302916
 20
586.5254426433764
 30
0.0
 11
-686.228636581995
 21
586.5105441703517
 31
0.0
  0
LINE
  5
6D3
  8
MOSFET$TRACES
 10
-686.228636581995
 20
586.5105441703517
 30
0.0
 11
-686.2008013816553
 21
586.4946178748323
 31
0.0
  0
LINE
  5
6D4
  8
MOSFET$TRACES
 10
-686.2008013816553
 20
586.4946178748323
 30
0.0
 11
-686.1728801491797
 21
586.4778981818864
 31
0.0
  0
LINE
  5
6D5
  8
MOSFET$TRACES
 10
-686.1728801491797
 20
586.4778981818864
 30
0.0
 11
-686.1168910398646
 21
586.4431064262093
 31
0.0
  0
LINE
  5
6D6
  8
MOSFET$TRACES
 10
-686.1168910398646
 20
586.4431064262093
 30
0.0
 11
-686.0609019305496
 21
586.4083146705321
 31
0.0
  0
LINE
  5
6D7
  8
MOSFET$TRACES
 10
-686.0609019305496
 20
586.4083146705321
 30
0.0
 11
-686.032980698074
 21
586.3915949775862
 31
0.0
  0
LINE
  5
6D8
  8
MOSFET$TRACES
 10
-686.032980698074
 20
586.3915949775862
 30
0.0
 11
-686.0051454977342
 21
586.3756686820668
 31
0.0
  0
LINE
  5
6D9
  8
MOSFET$TRACES
 10
-686.0051454977342
 20
586.3756686820668
 30
0.0
 11
-685.9774217494377
 21
586.3607702090421
 31
0.0
  0
LINE
  5
6DA
  8
MOSFET$TRACES
 10
-685.9774217494377
 20
586.3607702090421
 30
0.0
 11
-685.9636088691436
 21
586.3537727990202
 31
0.0
  0
LINE
  5
6DB
  8
MOSFET$TRACES
 10
-685.9636088691436
 20
586.3537727990202
 30
0.0
 11
-685.9498320809739
 21
586.3471082343733
 31
0.0
  0
LINE
  5
6DC
  8
MOSFET$TRACES
 10
-685.9498320809739
 20
586.3471082343733
 30
0.0
 11
-685.9360936626131
 21
586.3407975201507
 31
0.0
  0
LINE
  5
6DD
  8
MOSFET$TRACES
 10
-685.9360936626131
 20
586.3407975201507
 30
0.0
 11
-685.9223956299852
 21
586.3348592474135
 31
0.0
  0
LINE
  5
6DE
  8
MOSFET$TRACES
 10
-685.9223956299852
 20
586.3348592474135
 30
0.0
 11
-685.9087397154391
 21
586.3293093920694
 31
0.0
  0
LINE
  5
6DF
  8
MOSFET$TRACES
 10
-685.9087397154391
 20
586.3293093920694
 30
0.0
 11
-685.8951273459365
 21
586.3241611137062
 31
0.0
  0
LINE
  5
6E0
  8
MOSFET$TRACES
 10
-685.8951273459365
 20
586.3241611137062
 30
0.0
 11
-685.8815596212373
 21
586.3194245544269
 31
0.0
  0
LINE
  5
6E1
  8
MOSFET$TRACES
 10
-685.8815596212373
 20
586.3194245544269
 30
0.0
 11
-685.8680372920866
 21
586.3151066376831
 31
0.0
  0
LINE
  5
6E2
  8
MOSFET$TRACES
 10
-685.8680372920866
 20
586.3151066376831
 30
0.0
 11
-685.8545607384015
 21
586.311210867111
 31
0.0
  0
LINE
  5
6E3
  8
MOSFET$TRACES
 10
-685.8545607384015
 20
586.311210867111
 30
0.0
 11
-685.841129947458
 21
586.3077371253635
 31
0.0
  0
LINE
  5
6E4
  8
MOSFET$TRACES
 10
-685.841129947458
 20
586.3077371253635
 30
0.0
 11
-685.8277444920759
 21
586.3046814729462
 31
0.0
  0
LINE
  5
6E5
  8
MOSFET$TRACES
 10
-685.8277444920759
 20
586.3046814729462
 30
0.0
 11
-685.8144035088078
 21
586.3020359470511
 31
0.0
  0
LINE
  5
6E6
  8
MOSFET$TRACES
 10
-685.8144035088078
 20
586.3020359470511
 30
0.0
 11
-685.8011056761234
 21
586.299788360391
 31
0.0
  0
LINE
  5
6E7
  8
MOSFET$TRACES
 10
-685.8011056761234
 20
586.299788360391
 30
0.0
 11
-685.7878491925981
 21
586.2979221000337
 31
0.0
  0
LINE
  5
6E8
  8
MOSFET$TRACES
 10
-685.7878491925981
 20
586.2979221000337
 30
0.0
 11
-685.7746317550979
 21
586.2964159262367
 31
0.0
  0
LINE
  5
6E9
  8
MOSFET$TRACES
 10
-685.7746317550979
 20
586.2964159262367
 30
0.0
 11
-685.7614505369667
 21
586.295243771281
 31
0.0
  0
LINE
  5
6EA
  8
MOSFET$TRACES
 10
-685.7614505369667
 20
586.295243771281
 30
0.0
 11
-685.7483021662133
 21
586.2943745383061
 31
0.0
  0
LINE
  5
6EB
  8
MOSFET$TRACES
 10
-685.7483021662133
 20
586.2943745383061
 30
0.0
 11
-685.7351827036972
 21
586.2937719001434
 31
0.0
  0
LINE
  5
6EC
  8
MOSFET$TRACES
 10
-685.7351827036972
 20
586.2937719001434
 30
0.0
 11
-685.7090117801899
 21
586.2931937410495
 31
0.0
  0
LINE
  5
6ED
  8
MOSFET$TRACES
 10
-685.7090117801899
 20
586.2931937410495
 30
0.0
 11
-685.6828940814316
 21
586.2931064262054
 31
0.0
  0
LINE
  5
6EE
  8
MOSFET$TRACES
 10
-685.6828940814316
 20
586.2931064262054
 30
0.0
 11
-683.5884994653054
 21
586.2931064262054
 31
0.0
  0
LINE
  5
6EF
  8
MOSFET$TRACES
 10
-683.5884994653054
 20
586.2931064262054
 30
0.0
 11
-680.6783966779482
 21
583.3830036388483
 31
0.0
  0
LINE
  5
6F0
  8
MOSFET$TRACES
 10
-680.6783966779482
 20
583.3830036388483
 30
0.0
 11
-680.6783966779482
 21
578.0287134526615
 31
0.0
  0
ARC
  5
6F1
  8
MOSFET$TRACES
 10
-680.1783966779482
 20
578.0287134526615
 30
0.0
 40
0.5
 50
180.0
 51
289.1135449140535
  0
LINE
  5
6F2
  8
MOSFET$TRACES
 10
-680.0146760384886
 20
577.5562776874881
 30
0.0
 11
-678.9897502576376
 21
577.9114614322623
 31
0.0
  0
ARC
  5
6F3
  8
MOSFET$TRACES
 10
-679.1534708970971
 20
578.3838971974355
 30
0.0
 40
0.5
 50
289.1135449140535
 51
359.9999999999349
  0
LINE
  5
6F4
  8
MOSFET$TRACES
 10
-678.6534708970971
 20
578.3838971974351
 30
0.0
 11
-678.6534708970929
 21
588.6467114469264
 31
0.0
  0
LINE
  5
6F5
  8
MOSFET$TRACES
 10
-678.6534708970929
 20
588.6467114469264
 30
0.0
 11
-675.2908423388445
 21
592.0093400051745
 31
0.0
  0
ARC
  5
6F6
  8
MOSFET$TRACES
 10
-675.6443957294377
 20
592.3628933957679
 30
0.0
 40
0.5
 50
314.9999999999908
 51
0.0
  0
LINE
  5
6F7
  8
MOSFET$TRACES
 10
-675.1443957294377
 20
592.3628933957677
 30
0.0
 11
-675.1443957294377
 21
596.6499999999996
 31
0.0
  0
ARC
  5
6F8
  8
MOSFET$TRACES
 10
674.6443957294377
 20
596.6499999999999
 30
0.0
 40
0.5
 50
359.999999999974
 51
90.0
210
0.0
220
0.0
230
-1.0
  0
LINE
  5
6F9
  8
MOSFET$TRACES
 10
-674.6443957294377
 20
597.1499999999999
 30
0.0
 11
-674.0443957294378
 21
597.1499999999999
 31
0.0
  0
ARC
  5
6FA
  8
MOSFET$TRACES
 10
674.0443957294376
 20
596.6500000000001
 30
0.0
 40
0.4999999999997726
 50
89.99999999997394
 51
180.0000000000261
210
0.0
220
0.0
230
-1.0
  0
LINE
  5
6FB
  8
MOSFET$TRACES
 10
-673.5443957294378
 20
596.6499999999999
 30
0.0
 11
-673.5443957294378
 21
592.5486798334159
 31
0.0
  0
ARC
  5
6FC
  8
MOSFET$TRACES
 10
674.0443957294378
 20
592.548679833416
 30
0.0
 40
0.5
 50
180.000000000013
 51
225.0000000000092
210
0.0
220
0.0
230
-1.0
  0
LINE
  5
6FD
  8
MOSFET$TRACES
 10
-673.6908423388445
 20
592.1951264428228
 30
0.0
 11
-677.5070242876881
 21
588.3789444939796
 31
0.0
  0
ARC
  5
6FE
  8
MOSFET$TRACES
 10
-677.1534708970951
 20
588.0253911033863
 30
0.0
 40
0.4999999999998433
 50
134.9999999999724
 51
180.0
  0
LINE
  5
6FF
  8
MOSFET$TRACES
 10
-677.653470897095
 20
588.0253911033863
 30
0.0
 11
-677.653470897095
 21
584.28179336674
 31
0.0
  0
LINE
  5
700
  8
MOSFET$TRACES
 10
-649.519241423367
 20
567.5224824943839
 30
0.0
 11
-649.519241423367
 21
564.2884908162189
 31
0.0
  0
LINE
  5
701
  8
MOSFET$TRACES
 10
-649.519241423367
 20
564.2884908162189
 30
0.0
 11
-657.8393925382147
 21
555.968339701371
 31
0.0
  0
ARC
  5
702
  8
MOSFET$TRACES
 10
659.9607128817743
 20
558.0896600449307
 30
0.0
 40
3.0
 50
225.000000000003
 51
315.000000000003
210
0.0
220
0.0
230
-1.0
  0
LINE
  5
703
  8
MOSFET$TRACES
 10
-662.082033225334
 20
555.9683397013712
 30
0.0
 11
-678.3339067313623
 21
572.2202132073996
 31
0.0
  0
ARC
  5
704
  8
MOSFET$TRACES
 10
-679.0410135125488
 20
571.5131064262131
 30
0.0
 40
1.000000000000008
 50
45.0
 51
90.0
  0
LINE
  5
705
  8
MOSFET$TRACES
 10
-679.0410135125488
 20
572.5131064262131
 30
0.0
 11
-681.3451748480451
 21
572.5131064262131
 31
0.0
  0
ARC
  5
706
  8
MOSFET$TRACES
 10
681.3451748480454
 20
573.0131064262127
 30
0.0
 40
0.4999999999996589
 50
269.9999999999609
 51
315.0000000000276
210
0.0
220
0.0
230
-1.0
  0
LINE
  5
707
  8
MOSFET$TRACES
 10
-681.6987282386386
 20
572.6595530356199
 30
0.0
 11
-683.2515279318955
 21
574.2123527288766
 31
0.0
  0
ARC
  5
708
  8
MOSFET$TRACES
 10
682.8979745413042
 20
574.5659061194691
 30
0.0
 40
0.4999999999980748
 50
314.9999999998987
 51
0.0000000000911929
210
0.0
220
0.0
230
-1.0
  0
LINE
  5
709
  8
MOSFET$TRACES
 10
-683.3979745413022
 20
574.5659061194699
 30
0.0
 11
-683.3979745413022
 21
579.5854008828219
 31
0.0
  0
LINE
  5
70A
  8
MOSFET$TRACES
 10
-683.3979745413022
 20
579.5854008828219
 30
0.0
 11
-685.0256800846859
 21
581.2131064262055
 31
0.0
  0
LINE
  5
70B
  8
MOSFET$TRACES
 10
-685.0256800846859
 20
581.2131064262055
 30
0.0
 11
-685.6828940814316
 21
581.2131064262055
 31
0.0
  0
LINE
  5
70C
  8
MOSFET$TRACES
 10
-685.6828940814316
 20
581.2131064262055
 30
0.0
 11
-685.7090117801899
 21
581.2131937410496
 31
0.0
  0
LINE
  5
70D
  8
MOSFET$TRACES
 10
-685.7090117801899
 20
581.2131937410496
 30
0.0
 11
-685.7351827036972
 21
581.2137719001435
 31
0.0
  0
LINE
  5
70E
  8
MOSFET$TRACES
 10
-685.7351827036972
 20
581.2137719001435
 30
0.0
 11
-685.7483021662133
 21
581.2143745383062
 31
0.0
  0
LINE
  5
70F
  8
MOSFET$TRACES
 10
-685.7483021662133
 20
581.2143745383062
 30
0.0
 11
-685.7614505369667
 21
581.215243771281
 31
0.0
  0
LINE
  5
710
  8
MOSFET$TRACES
 10
-685.7614505369667
 20
581.215243771281
 30
0.0
 11
-685.7746317550979
 21
581.2164159262368
 31
0.0
  0
LINE
  5
711
  8
MOSFET$TRACES
 10
-685.7746317550979
 20
581.2164159262368
 30
0.0
 11
-685.7878491925981
 21
581.2179221000338
 31
0.0
  0
LINE
  5
712
  8
MOSFET$TRACES
 10
-685.7878491925981
 20
581.2179221000338
 30
0.0
 11
-685.8011056761234
 21
581.219788360391
 31
0.0
  0
LINE
  5
713
  8
MOSFET$TRACES
 10
-685.8011056761234
 20
581.219788360391
 30
0.0
 11
-685.8144035088078
 21
581.2220359470512
 31
0.0
  0
LINE
  5
714
  8
MOSFET$TRACES
 10
-685.8144035088078
 20
581.2220359470512
 30
0.0
 11
-685.8277444920759
 21
581.2246814729463
 31
0.0
  0
LINE
  5
715
  8
MOSFET$TRACES
 10
-685.8277444920759
 20
581.2246814729463
 30
0.0
 11
-685.841129947458
 21
581.2277371253635
 31
0.0
  0
LINE
  5
716
  8
MOSFET$TRACES
 10
-685.841129947458
 20
581.2277371253635
 30
0.0
 11
-685.8545607384015
 21
581.231210867111
 31
0.0
  0
LINE
  5
717
  8
MOSFET$TRACES
 10
-685.8545607384015
 20
581.231210867111
 30
0.0
 11
-685.8680372920866
 21
581.2351066376832
 31
0.0
  0
LINE
  5
718
  8
MOSFET$TRACES
 10
-685.8680372920866
 20
581.2351066376832
 30
0.0
 11
-685.8815596212373
 21
581.2394245544269
 31
0.0
  0
LINE
  5
719
  8
MOSFET$TRACES
 10
-685.8815596212373
 20
581.2394245544269
 30
0.0
 11
-685.8951273459365
 21
581.2441611137062
 31
0.0
  0
LINE
  5
71A
  8
MOSFET$TRACES
 10
-685.8951273459365
 20
581.2441611137062
 30
0.0
 11
-685.9087397154391
 21
581.2493093920694
 31
0.0
  0
LINE
  5
71B
  8
MOSFET$TRACES
 10
-685.9087397154391
 20
581.2493093920694
 30
0.0
 11
-685.9223956299852
 21
581.2548592474136
 31
0.0
  0
LINE
  5
71C
  8
MOSFET$TRACES
 10
-685.9223956299852
 20
581.2548592474136
 30
0.0
 11
-685.9360936626131
 21
581.2607975201507
 31
0.0
  0
LINE
  5
71D
  8
MOSFET$TRACES
 10
-685.9360936626131
 20
581.2607975201507
 30
0.0
 11
-685.9498320809739
 21
581.2671082343734
 31
0.0
  0
LINE
  5
71E
  8
MOSFET$TRACES
 10
-685.9498320809739
 20
581.2671082343734
 30
0.0
 11
-685.9636088691436
 21
581.2737727990203
 31
0.0
  0
LINE
  5
71F
  8
MOSFET$TRACES
 10
-685.9636088691436
 20
581.2737727990203
 30
0.0
 11
-685.9774217494377
 21
581.2807702090422
 31
0.0
  0
LINE
  5
720
  8
MOSFET$TRACES
 10
-685.9774217494377
 20
581.2807702090422
 30
0.0
 11
-686.0051454977342
 21
581.2956686820669
 31
0.0
  0
LINE
  5
721
  8
MOSFET$TRACES
 10
-686.0051454977342
 20
581.2956686820669
 30
0.0
 11
-686.0329806980742
 21
581.3115949775861
 31
0.0
  0
LINE
  5
722
  8
MOSFET$TRACES
 10
-686.0329806980742
 20
581.3115949775861
 30
0.0
 11
-686.0609019305498
 21
581.328314670532
 31
0.0
  0
LINE
  5
723
  8
MOSFET$TRACES
 10
-686.0609019305498
 20
581.328314670532
 30
0.0
 11
-686.1168910398649
 21
581.3631064262092
 31
0.0
  0
LINE
  5
724
  8
MOSFET$TRACES
 10
-686.1168910398649
 20
581.3631064262092
 30
0.0
 11
-686.17288014918
 21
581.3978981818865
 31
0.0
  0
LINE
  5
725
  8
MOSFET$TRACES
 10
-686.17288014918
 20
581.3978981818865
 30
0.0
 11
-686.2008013816555
 21
581.4146178748324
 31
0.0
  0
LINE
  5
726
  8
MOSFET$TRACES
 10
-686.2008013816555
 20
581.4146178748324
 30
0.0
 11
-686.2286365819955
 21
581.4305441703516
 31
0.0
  0
LINE
  5
727
  8
MOSFET$TRACES
 10
-686.2286365819955
 20
581.4305441703516
 30
0.0
 11
-686.256360330292
 21
581.4454426433763
 31
0.0
  0
LINE
  5
728
  8
MOSFET$TRACES
 10
-686.256360330292
 20
581.4454426433763
 30
0.0
 11
-686.2701732105859
 21
581.4524400533982
 31
0.0
  0
LINE
  5
729
  8
MOSFET$TRACES
 10
-686.2701732105859
 20
581.4524400533982
 30
0.0
 11
-686.2839499987556
 21
581.4591046180451
 31
0.0
  0
LINE
  5
72A
  8
MOSFET$TRACES
 10
-686.2839499987556
 20
581.4591046180451
 30
0.0
 11
-686.2976884171164
 21
581.4654153322678
 31
0.0
  0
LINE
  5
72B
  8
MOSFET$TRACES
 10
-686.2976884171164
 20
581.4654153322678
 30
0.0
 11
-686.3113864497445
 21
581.4713536050049
 31
0.0
  0
LINE
  5
72C
  8
MOSFET$TRACES
 10
-686.3113864497445
 20
581.4713536050049
 30
0.0
 11
-686.3250423642904
 21
581.476903460349
 31
0.0
  0
LINE
  5
72D
  8
MOSFET$TRACES
 10
-686.3250423642904
 20
581.476903460349
 30
0.0
 11
-686.3386547337931
 21
581.4820517387122
 31
0.0
  0
LINE
  5
72E
  8
MOSFET$TRACES
 10
-686.3386547337931
 20
581.4820517387122
 30
0.0
 11
-686.3522224584924
 21
581.4867882979916
 31
0.0
  0
LINE
  5
72F
  8
MOSFET$TRACES
 10
-686.3522224584924
 20
581.4867882979916
 30
0.0
 11
-686.365744787643
 21
581.4911062147353
 31
0.0
  0
LINE
  5
730
  8
MOSFET$TRACES
 10
-686.365744787643
 20
581.4911062147353
 30
0.0
 11
-686.379221341328
 21
581.4950019853075
 31
0.0
  0
LINE
  5
731
  8
MOSFET$TRACES
 10
-686.379221341328
 20
581.4950019853075
 30
0.0
 11
-686.3926521322716
 21
581.4984757270549
 31
0.0
  0
LINE
  5
732
  8
MOSFET$TRACES
 10
-686.3926521322716
 20
581.4984757270549
 30
0.0
 11
-686.4060375876536
 21
581.5015313794722
 31
0.0
  0
LINE
  5
733
  8
MOSFET$TRACES
 10
-686.4060375876536
 20
581.5015313794722
 30
0.0
 11
-686.4193785709217
 21
581.5041769053673
 31
0.0
  0
LINE
  5
734
  8
MOSFET$TRACES
 10
-686.4193785709217
 20
581.5041769053673
 30
0.0
 11
-686.4326764036061
 21
581.5064244920275
 31
0.0
  0
LINE
  5
735
  8
MOSFET$TRACES
 10
-686.4326764036061
 20
581.5064244920275
 30
0.0
 11
-686.4459328871314
 21
581.5082907523848
 31
0.0
  0
LINE
  5
736
  8
MOSFET$TRACES
 10
-686.4459328871314
 20
581.5082907523848
 30
0.0
 11
-686.4591503246317
 21
581.5097969261818
 31
0.0
  0
LINE
  5
737
  8
MOSFET$TRACES
 10
-686.4591503246317
 20
581.5097969261818
 30
0.0
 11
-686.4723315427628
 21
581.5109690811374
 31
0.0
  0
LINE
  5
738
  8
MOSFET$TRACES
 10
-686.4723315427628
 20
581.5109690811374
 30
0.0
 11
-686.4854799135163
 21
581.5118383141123
 31
0.0
  0
LINE
  5
739
  8
MOSFET$TRACES
 10
-686.4854799135163
 20
581.5118383141123
 30
0.0
 11
-686.4985993760324
 21
581.512440952275
 31
0.0
  0
LINE
  5
73A
  8
MOSFET$TRACES
 10
-686.4985993760324
 20
581.512440952275
 30
0.0
 11
-686.5247702995398
 21
581.513019111369
 31
0.0
  0
LINE
  5
73B
  8
MOSFET$TRACES
 10
-686.5247702995398
 20
581.513019111369
 30
0.0
 11
-686.550887998298
 21
581.5131064262131
 31
0.0
  0
LINE
  5
73C
  8
MOSFET$TRACES
 10
-686.550887998298
 20
581.5131064262131
 30
0.0
 11
-690.2433769168997
 21
581.5131064262131
 31
0.0
  0
ARC
  5
73D
  8
MOSFET$TRACES
 10
-690.2433769168996
 20
580.713106426213
 30
0.0
 40
0.8000000000000682
 50
90.00000000000813
 51
269.9999999999919
  0
LINE
  5
73E
  8
MOSFET$TRACES
 10
-690.2433769168997
 20
579.9131064262131
 30
0.0
 11
-689.5034759245373
 21
579.9131064262131
 31
0.0
  0
ARC
  5
73F
  8
MOSFET$TRACES
 10
689.5034759245368
 20
579.6131064262136
 30
0.0
 40
0.2999999999994998
 50
89.99999999991316
 51
180.0000000000869
210
0.0
220
0.0
230
-1.0
  0
LINE
  5
740
  8
MOSFET$TRACES
 10
-689.2034759245373
 20
579.6131064262131
 30
0.0
 11
-689.2034759245372
 21
575.1998658531206
 31
0.0
  0
LINE
  5
741
  8
MOSFET$TRACES
 10
-689.2034759245372
 20
575.1998658531206
 30
0.0
 11
-686.8347636924639
 21
572.8311536210476
 31
0.0
  0
ARC
  5
742
  8
MOSFET$TRACES
 10
687.1883170830585
 20
572.4776002304536
 30
0.0
 40
0.500000000001451
 50
135.0000000000461
 51
179.9999999999088
210
0.0
220
0.0
230
-1.0
  0
LINE
  5
743
  8
MOSFET$TRACES
 10
-686.6883170830571
 20
572.4776002304544
 30
0.0
 11
-686.6883170830571
 21
571.0727599557054
 31
0.0
  0
LINE
  5
744
  8
MOSFET$TRACES
 10
-686.6883170830571
 20
571.0727599557054
 30
0.0
 11
-686.6884869612112
 21
571.0319679420445
 31
0.0
  0
LINE
  5
745
  8
MOSFET$TRACES
 10
-686.6884869612112
 20
571.0319679420445
 30
0.0
 11
-686.6896118169057
 21
570.9914462113359
 31
0.0
  0
LINE
  5
746
  8
MOSFET$TRACES
 10
-686.6896118169057
 20
570.9914462113359
 30
0.0
 11
-686.6907842986261
 21
570.9713580067562
 31
0.0
  0
LINE
  5
747
  8
MOSFET$TRACES
 10
-686.6907842986261
 20
570.9713580067562
 30
0.0
 11
-686.6924754623077
 21
570.9514166023741
 31
0.0
  0
LINE
  5
748
  8
MOSFET$TRACES
 10
-686.6924754623077
 20
570.9514166023741
 30
0.0
 11
-686.6947559854206
 21
570.9316420017132
 31
0.0
  0
LINE
  5
749
  8
MOSFET$TRACES
 10
-686.6947559854206
 20
570.9316420017132
 30
0.0
 11
-686.6961365502742
 21
570.9218227133325
 31
0.0
  0
LINE
  5
74A
  8
MOSFET$TRACES
 10
-686.6961365502742
 20
570.9218227133325
 30
0.0
 11
-686.6976863694454
 21
570.9120513282321
 31
0.0
  0
LINE
  5
74B
  8
MOSFET$TRACES
 10
-686.6976863694454
 20
570.9120513282321
 30
0.0
 11
-686.6994114798321
 21
570.9023295550076
 31
0.0
  0
LINE
  5
74C
  8
MOSFET$TRACES
 10
-686.6994114798321
 20
570.9023295550076
 30
0.0
 11
-686.7013173312558
 21
570.8926589360972
 31
0.0
  0
LINE
  5
74D
  8
MOSFET$TRACES
 10
-686.7013173312558
 20
570.8926589360972
 30
0.0
 11
-686.7034087986929
 21
570.8830408512431
 31
0.0
  0
LINE
  5
74E
  8
MOSFET$TRACES
 10
-686.7034087986929
 20
570.8830408512431
 30
0.0
 11
-686.7056901945045
 21
570.8734765209539
 31
0.0
  0
LINE
  5
74F
  8
MOSFET$TRACES
 10
-686.7056901945045
 20
570.8734765209539
 30
0.0
 11
-686.7081652806678
 21
570.8639670099642
 31
0.0
  0
LINE
  5
750
  8
MOSFET$TRACES
 10
-686.7081652806678
 20
570.8639670099642
 30
0.0
 11
-686.7108372810064
 21
570.8545132306987
 31
0.0
  0
LINE
  5
751
  8
MOSFET$TRACES
 10
-686.7108372810064
 20
570.8545132306987
 30
0.0
 11
-686.7137088934218
 21
570.8451159467318
 31
0.0
  0
LINE
  5
752
  8
MOSFET$TRACES
 10
-686.7137088934218
 20
570.8451159467318
 30
0.0
 11
-686.7167823021232
 21
570.8357757762504
 31
0.0
  0
LINE
  5
753
  8
MOSFET$TRACES
 10
-686.7167823021232
 20
570.8357757762504
 30
0.0
 11
-686.7200591898593
 21
570.8264931955152
 31
0.0
  0
LINE
  5
754
  8
MOSFET$TRACES
 10
-686.7200591898593
 20
570.8264931955152
 30
0.0
 11
-686.7235407501478
 21
570.8172685423224
 31
0.0
  0
LINE
  5
755
  8
MOSFET$TRACES
 10
-686.7235407501478
 20
570.8172685423224
 30
0.0
 11
-686.7272276995075
 21
570.8081020194645
 31
0.0
  0
LINE
  5
756
  8
MOSFET$TRACES
 10
-686.7272276995075
 20
570.8081020194645
 30
0.0
 11
-686.7311202896879
 21
570.7989936981937
 31
0.0
  0
LINE
  5
757
  8
MOSFET$TRACES
 10
-686.7311202896879
 20
570.7989936981937
 30
0.0
 11
-686.7352183199012
 21
570.7899435216814
 31
0.0
  0
LINE
  5
758
  8
MOSFET$TRACES
 10
-686.7352183199012
 20
570.7899435216814
 30
0.0
 11
-686.7395211490513
 21
570.7809513084812
 31
0.0
  0
LINE
  5
759
  8
MOSFET$TRACES
 10
-686.7395211490513
 20
570.7809513084812
 30
0.0
 11
-686.7440277079666
 21
570.7720167559904
 31
0.0
  0
LINE
  5
75A
  8
MOSFET$TRACES
 10
-686.7440277079666
 20
570.7720167559904
 30
0.0
 11
-686.748736511629
 21
570.7631394439111
 31
0.0
  0
LINE
  5
75B
  8
MOSFET$TRACES
 10
-686.748736511629
 20
570.7631394439111
 30
0.0
 11
-686.7536456714059
 21
570.7543188377122
 31
0.0
  0
LINE
  5
75C
  8
MOSFET$TRACES
 10
-686.7536456714059
 20
570.7543188377122
 30
0.0
 11
-686.7587529072802
 21
570.7455542920907
 31
0.0
  0
LINE
  5
75D
  8
MOSFET$TRACES
 10
-686.7587529072802
 20
570.7455542920907
 30
0.0
 11
-686.7640555600814
 21
570.7368450544337
 31
0.0
  0
LINE
  5
75E
  8
MOSFET$TRACES
 10
-686.7640555600814
 20
570.7368450544337
 30
0.0
 11
-686.7695506037162
 21
570.7281902682798
 31
0.0
  0
LINE
  5
75F
  8
MOSFET$TRACES
 10
-686.7695506037162
 20
570.7281902682798
 30
0.0
 11
-686.7752346573996
 21
570.7195889767809
 31
0.0
  0
LINE
  5
760
  8
MOSFET$TRACES
 10
-686.7752346573996
 20
570.7195889767809
 30
0.0
 11
-686.7811039978848
 21
570.7110401261632
 31
0.0
  0
LINE
  5
761
  8
MOSFET$TRACES
 10
-686.7811039978848
 20
570.7110401261632
 30
0.0
 11
-686.7933820073545
 21
570.6940950686214
 31
0.0
  0
LINE
  5
762
  8
MOSFET$TRACES
 10
-686.7933820073545
 20
570.6940950686214
 30
0.0
 11
-686.8063484616986
 21
570.677344858503
 31
0.0
  0
LINE
  5
763
  8
MOSFET$TRACES
 10
-686.8063484616986
 20
570.677344858503
 30
0.0
 11
-686.8199624938795
 21
570.6607779293961
 31
0.0
  0
LINE
  5
764
  8
MOSFET$TRACES
 10
-686.8199624938795
 20
570.6607779293961
 30
0.0
 11
-686.8341789316333
 21
570.6443814964003
 31
0.0
  0
LINE
  5
765
  8
MOSFET$TRACES
 10
-686.8341789316333
 20
570.6443814964003
 30
0.0
 11
-686.8489486888534
 21
570.6281416668978
 31
0.0
  0
LINE
  5
766
  8
MOSFET$TRACES
 10
-686.8489486888534
 20
570.6281416668978
 30
0.0
 11
-686.8642191569751
 21
570.6120435513259
 31
0.0
  0
LINE
  5
767
  8
MOSFET$TRACES
 10
-686.8642191569751
 20
570.6120435513259
 30
0.0
 11
-686.8799345963599
 21
570.5960713739478
 31
0.0
  0
LINE
  5
768
  8
MOSFET$TRACES
 10
-686.8799345963599
 20
570.5960713739478
 30
0.0
 11
-686.9124641233004
 21
570.5644379645896
 31
0.0
  0
LINE
  5
769
  8
MOSFET$TRACES
 10
-686.9124641233004
 20
570.5644379645896
 30
0.0
 11
-686.9801543229514
 21
570.5019158271003
 31
0.0
  0
LINE
  5
76A
  8
MOSFET$TRACES
 10
-686.9801543229514
 20
570.5019158271003
 30
0.0
 11
-687.0478445226023
 21
570.439393689611
 31
0.0
  0
LINE
  5
76B
  8
MOSFET$TRACES
 10
-687.0478445226023
 20
570.439393689611
 30
0.0
 11
-687.0803740495428
 21
570.4077602802529
 31
0.0
  0
LINE
  5
76C
  8
MOSFET$TRACES
 10
-687.0803740495428
 20
570.4077602802529
 30
0.0
 11
-687.0960894889275
 21
570.3917881028748
 31
0.0
  0
LINE
  5
76D
  8
MOSFET$TRACES
 10
-687.0960894889275
 20
570.3917881028748
 30
0.0
 11
-687.1113599570492
 21
570.3756899873028
 31
0.0
  0
LINE
  5
76E
  8
MOSFET$TRACES
 10
-687.1113599570492
 20
570.3756899873028
 30
0.0
 11
-687.1261297142693
 21
570.3594501578003
 31
0.0
  0
LINE
  5
76F
  8
MOSFET$TRACES
 10
-687.1261297142693
 20
570.3594501578003
 30
0.0
 11
-687.1403461520231
 21
570.3430537248046
 31
0.0
  0
LINE
  5
770
  8
MOSFET$TRACES
 10
-687.1403461520231
 20
570.3430537248046
 30
0.0
 11
-687.153960184204
 21
570.3264867956976
 31
0.0
  0
LINE
  5
771
  8
MOSFET$TRACES
 10
-687.153960184204
 20
570.3264867956976
 30
0.0
 11
-687.1669266385481
 21
570.3097365855792
 31
0.0
  0
LINE
  5
772
  8
MOSFET$TRACES
 10
-687.1669266385481
 20
570.3097365855792
 30
0.0
 11
-687.1792046480178
 21
570.2927915280375
 31
0.0
  0
LINE
  5
773
  8
MOSFET$TRACES
 10
-687.1792046480178
 20
570.2927915280375
 30
0.0
 11
-687.1850739885031
 21
570.2842426774198
 31
0.0
  0
LINE
  5
774
  8
MOSFET$TRACES
 10
-687.1850739885031
 20
570.2842426774198
 30
0.0
 11
-687.1907580421864
 21
570.2756413859208
 31
0.0
  0
LINE
  5
775
  8
MOSFET$TRACES
 10
-687.1907580421864
 20
570.2756413859208
 30
0.0
 11
-687.1962530858214
 21
570.2669865997669
 31
0.0
  0
LINE
  5
776
  8
MOSFET$TRACES
 10
-687.1962530858214
 20
570.2669865997669
 30
0.0
 11
-687.2015557386226
 21
570.25827736211
 31
0.0
  0
LINE
  5
777
  8
MOSFET$TRACES
 10
-687.2015557386226
 20
570.25827736211
 30
0.0
 11
-687.2066629744969
 21
570.2495128164885
 31
0.0
  0
LINE
  5
778
  8
MOSFET$TRACES
 10
-687.2066629744969
 20
570.2495128164885
 30
0.0
 11
-687.2115721342738
 21
570.2406922102896
 31
0.0
  0
LINE
  5
779
  8
MOSFET$TRACES
 10
-687.2115721342738
 20
570.2406922102896
 30
0.0
 11
-687.2162809379361
 21
570.2318148982102
 31
0.0
  0
LINE
  5
77A
  8
MOSFET$TRACES
 10
-687.2162809379361
 20
570.2318148982102
 30
0.0
 11
-687.2207874968515
 21
570.2228803457194
 31
0.0
  0
LINE
  5
77B
  8
MOSFET$TRACES
 10
-687.2207874968515
 20
570.2228803457194
 30
0.0
 11
-687.2250903260017
 21
570.2138881325193
 31
0.0
  0
LINE
  5
77C
  8
MOSFET$TRACES
 10
-687.2250903260017
 20
570.2138881325193
 30
0.0
 11
-687.2291883562149
 21
570.2048379560069
 31
0.0
  0
LINE
  5
77D
  8
MOSFET$TRACES
 10
-687.2291883562149
 20
570.2048379560069
 30
0.0
 11
-687.2330809463954
 21
570.1957296347362
 31
0.0
  0
LINE
  5
77E
  8
MOSFET$TRACES
 10
-687.2330809463954
 20
570.1957296347362
 30
0.0
 11
-687.2367678957551
 21
570.1865631118783
 31
0.0
  0
LINE
  5
77F
  8
MOSFET$TRACES
 10
-687.2367678957551
 20
570.1865631118783
 30
0.0
 11
-687.2402494560436
 21
570.1773384586854
 31
0.0
  0
LINE
  5
780
  8
MOSFET$TRACES
 10
-687.2402494560436
 20
570.1773384586854
 30
0.0
 11
-687.2435263437796
 21
570.1680558779502
 31
0.0
  0
LINE
  5
781
  8
MOSFET$TRACES
 10
-687.2435263437796
 20
570.1680558779502
 30
0.0
 11
-687.2465997524811
 21
570.1587157074689
 31
0.0
  0
LINE
  5
782
  8
MOSFET$TRACES
 10
-687.2465997524811
 20
570.1587157074689
 30
0.0
 11
-687.2494713648964
 21
570.149318423502
 31
0.0
  0
LINE
  5
783
  8
MOSFET$TRACES
 10
-687.2494713648964
 20
570.149318423502
 30
0.0
 11
-687.252143365235
 21
570.1398646442365
 31
0.0
  0
LINE
  5
784
  8
MOSFET$TRACES
 10
-687.252143365235
 20
570.1398646442365
 30
0.0
 11
-687.2546184513983
 21
570.1303551332468
 31
0.0
  0
LINE
  5
785
  8
MOSFET$TRACES
 10
-687.2546184513983
 20
570.1303551332468
 30
0.0
 11
-687.25689984721
 21
570.1207908029576
 31
0.0
  0
LINE
  5
786
  8
MOSFET$TRACES
 10
-687.25689984721
 20
570.1207908029576
 30
0.0
 11
-687.258991314647
 21
570.1111727181035
 31
0.0
  0
LINE
  5
787
  8
MOSFET$TRACES
 10
-687.258991314647
 20
570.1111727181035
 30
0.0
 11
-687.2608971660708
 21
570.1015020991931
 31
0.0
  0
LINE
  5
788
  8
MOSFET$TRACES
 10
-687.2608971660708
 20
570.1015020991931
 30
0.0
 11
-687.2626222764575
 21
570.0917803259686
 31
0.0
  0
LINE
  5
789
  8
MOSFET$TRACES
 10
-687.2626222764575
 20
570.0917803259686
 30
0.0
 11
-687.2641720956286
 21
570.0820089408681
 31
0.0
  0
LINE
  5
78A
  8
MOSFET$TRACES
 10
-687.2641720956286
 20
570.0820089408681
 30
0.0
 11
-687.2655526604823
 21
570.0721896524875
 31
0.0
  0
LINE
  5
78B
  8
MOSFET$TRACES
 10
-687.2655526604823
 20
570.0721896524875
 30
0.0
 11
-687.2678331835951
 21
570.0524150518265
 31
0.0
  0
LINE
  5
78C
  8
MOSFET$TRACES
 10
-687.2678331835951
 20
570.0524150518265
 30
0.0
 11
-687.2695243472767
 21
570.0324736474446
 31
0.0
  0
LINE
  5
78D
  8
MOSFET$TRACES
 10
-687.2695243472767
 20
570.0324736474446
 30
0.0
 11
-687.2706968289972
 21
570.0123854428649
 31
0.0
  0
LINE
  5
78E
  8
MOSFET$TRACES
 10
-687.2706968289972
 20
570.0123854428649
 30
0.0
 11
-687.2718216846915
 21
569.9718637121562
 31
0.0
  0
LINE
  5
78F
  8
MOSFET$TRACES
 10
-687.2718216846915
 20
569.9718637121562
 30
0.0
 11
-687.2719915628456
 21
569.9310716984953
 31
0.0
  0
LINE
  5
790
  8
MOSFET$TRACES
 10
-687.2719915628456
 20
569.9310716984953
 30
0.0
 11
-687.2719915628456
 21
567.6017123757227
 31
0.0
  0
ARC
  5
791
  8
MOSFET$TRACES
 10
-686.1883170830572
 20
567.6017122874023
 30
0.0
 40
1.083674479788446
 50
179.9999953303415
 51
270.000000000012
  0
ARC
  5
792
  8
MOSFET$TRACES
 10
-686.1883170830572
 20
567.6017122874027
 30
0.0
 40
1.083674479789011
 50
270.000000000012
 51
0.0000046696344333
  0
LINE
  5
793
  8
MOSFET$TRACES
 10
-685.1046426032683
 20
567.6017123757227
 30
0.0
 11
-685.1046426032683
 21
569.9310716984953
 31
0.0
  0
LINE
  5
794
  8
MOSFET$TRACES
 10
-685.1046426032683
 20
569.9310716984953
 30
0.0
 11
-685.1048124814224
 21
569.9718637121562
 31
0.0
  0
LINE
  5
795
  8
MOSFET$TRACES
 10
-685.1048124814224
 20
569.9718637121562
 30
0.0
 11
-685.1059373371168
 21
570.0123854428649
 31
0.0
  0
LINE
  5
796
  8
MOSFET$TRACES
 10
-685.1059373371168
 20
570.0123854428649
 30
0.0
 11
-685.1071098188372
 21
570.0324736474446
 31
0.0
  0
LINE
  5
797
  8
MOSFET$TRACES
 10
-685.1071098188372
 20
570.0324736474446
 30
0.0
 11
-685.1088009825188
 21
570.0524150518265
 31
0.0
  0
LINE
  5
798
  8
MOSFET$TRACES
 10
-685.1088009825188
 20
570.0524150518265
 30
0.0
 11
-685.1110815056317
 21
570.0721896524875
 31
0.0
  0
LINE
  5
799
  8
MOSFET$TRACES
 10
-685.1110815056317
 20
570.0721896524875
 30
0.0
 11
-685.1124620704853
 21
570.0820089408681
 31
0.0
  0
LINE
  5
79A
  8
MOSFET$TRACES
 10
-685.1124620704853
 20
570.0820089408681
 30
0.0
 11
-685.1140118896565
 21
570.0917803259686
 31
0.0
  0
LINE
  5
79B
  8
MOSFET$TRACES
 10
-685.1140118896565
 20
570.0917803259686
 30
0.0
 11
-685.1157370000432
 21
570.1015020991931
 31
0.0
  0
LINE
  5
79C
  8
MOSFET$TRACES
 10
-685.1157370000432
 20
570.1015020991931
 30
0.0
 11
-685.1176428514669
 21
570.1111727181035
 31
0.0
  0
LINE
  5
79D
  8
MOSFET$TRACES
 10
-685.1176428514669
 20
570.1111727181035
 30
0.0
 11
-685.119734318904
 21
570.1207908029576
 31
0.0
  0
LINE
  5
79E
  8
MOSFET$TRACES
 10
-685.119734318904
 20
570.1207908029576
 30
0.0
 11
-685.1220157147156
 21
570.1303551332468
 31
0.0
  0
LINE
  5
79F
  8
MOSFET$TRACES
 10
-685.1220157147156
 20
570.1303551332468
 30
0.0
 11
-685.1244908008789
 21
570.1398646442365
 31
0.0
  0
LINE
  5
7A0
  8
MOSFET$TRACES
 10
-685.1244908008789
 20
570.1398646442365
 30
0.0
 11
-685.1271628012175
 21
570.149318423502
 31
0.0
  0
LINE
  5
7A1
  8
MOSFET$TRACES
 10
-685.1271628012175
 20
570.149318423502
 30
0.0
 11
-685.1300344136329
 21
570.1587157074689
 31
0.0
  0
LINE
  5
7A2
  8
MOSFET$TRACES
 10
-685.1300344136329
 20
570.1587157074689
 30
0.0
 11
-685.1331078223343
 21
570.1680558779502
 31
0.0
  0
LINE
  5
7A3
  8
MOSFET$TRACES
 10
-685.1331078223343
 20
570.1680558779502
 30
0.0
 11
-685.1363847100704
 21
570.1773384586854
 31
0.0
  0
LINE
  5
7A4
  8
MOSFET$TRACES
 10
-685.1363847100704
 20
570.1773384586854
 30
0.0
 11
-685.1398662703589
 21
570.1865631118783
 31
0.0
  0
LINE
  5
7A5
  8
MOSFET$TRACES
 10
-685.1398662703589
 20
570.1865631118783
 30
0.0
 11
-685.1435532197186
 21
570.1957296347362
 31
0.0
  0
LINE
  5
7A6
  8
MOSFET$TRACES
 10
-685.1435532197186
 20
570.1957296347362
 30
0.0
 11
-685.1474458098991
 21
570.2048379560069
 31
0.0
  0
LINE
  5
7A7
  8
MOSFET$TRACES
 10
-685.1474458098991
 20
570.2048379560069
 30
0.0
 11
-685.1515438401123
 21
570.2138881325193
 31
0.0
  0
LINE
  5
7A8
  8
MOSFET$TRACES
 10
-685.1515438401123
 20
570.2138881325193
 30
0.0
 11
-685.1558466692625
 21
570.2228803457194
 31
0.0
  0
LINE
  5
7A9
  8
MOSFET$TRACES
 10
-685.1558466692625
 20
570.2228803457194
 30
0.0
 11
-685.1603532281779
 21
570.2318148982102
 31
0.0
  0
LINE
  5
7AA
  8
MOSFET$TRACES
 10
-685.1603532281779
 20
570.2318148982102
 30
0.0
 11
-685.1650620318402
 21
570.2406922102896
 31
0.0
  0
LINE
  5
7AB
  8
MOSFET$TRACES
 10
-685.1650620318402
 20
570.2406922102896
 30
0.0
 11
-685.169971191617
 21
570.2495128164885
 31
0.0
  0
LINE
  5
7AC
  8
MOSFET$TRACES
 10
-685.169971191617
 20
570.2495128164885
 30
0.0
 11
-685.1750784274914
 21
570.25827736211
 31
0.0
  0
LINE
  5
7AD
  8
MOSFET$TRACES
 10
-685.1750784274914
 20
570.25827736211
 30
0.0
 11
-685.1803810802926
 21
570.2669865997669
 31
0.0
  0
LINE
  5
7AE
  8
MOSFET$TRACES
 10
-685.1803810802926
 20
570.2669865997669
 30
0.0
 11
-685.1858761239275
 21
570.2756413859208
 31
0.0
  0
LINE
  5
7AF
  8
MOSFET$TRACES
 10
-685.1858761239275
 20
570.2756413859208
 30
0.0
 11
-685.1915601776109
 21
570.2842426774198
 31
0.0
  0
LINE
  5
7B0
  8
MOSFET$TRACES
 10
-685.1915601776109
 20
570.2842426774198
 30
0.0
 11
-685.1974295180961
 21
570.2927915280375
 31
0.0
  0
LINE
  5
7B1
  8
MOSFET$TRACES
 10
-685.1974295180961
 20
570.2927915280375
 30
0.0
 11
-685.2097075275658
 21
570.3097365855792
 31
0.0
  0
LINE
  5
7B2
  8
MOSFET$TRACES
 10
-685.2097075275658
 20
570.3097365855792
 30
0.0
 11
-685.2226739819099
 21
570.3264867956976
 31
0.0
  0
LINE
  5
7B3
  8
MOSFET$TRACES
 10
-685.2226739819099
 20
570.3264867956976
 30
0.0
 11
-685.2362880140909
 21
570.3430537248046
 31
0.0
  0
LINE
  5
7B4
  8
MOSFET$TRACES
 10
-685.2362880140909
 20
570.3430537248046
 30
0.0
 11
-685.2505044518447
 21
570.3594501578003
 31
0.0
  0
LINE
  5
7B5
  8
MOSFET$TRACES
 10
-685.2505044518447
 20
570.3594501578003
 30
0.0
 11
-685.2652742090647
 21
570.3756899873028
 31
0.0
  0
LINE
  5
7B6
  8
MOSFET$TRACES
 10
-685.2652742090647
 20
570.3756899873028
 30
0.0
 11
-685.2805446771864
 21
570.3917881028748
 31
0.0
  0
LINE
  5
7B7
  8
MOSFET$TRACES
 10
-685.2805446771864
 20
570.3917881028748
 30
0.0
 11
-685.2962601165711
 21
570.4077602802529
 31
0.0
  0
LINE
  5
7B8
  8
MOSFET$TRACES
 10
-685.2962601165711
 20
570.4077602802529
 30
0.0
 11
-685.3287896435116
 21
570.439393689611
 31
0.0
  0
LINE
  5
7B9
  8
MOSFET$TRACES
 10
-685.3287896435116
 20
570.439393689611
 30
0.0
 11
-685.3964798431626
 21
570.5019158271003
 31
0.0
  0
LINE
  5
7BA
  8
MOSFET$TRACES
 10
-685.3964798431626
 20
570.5019158271003
 30
0.0
 11
-685.4641700428136
 21
570.5644379645896
 31
0.0
  0
LINE
  5
7BB
  8
MOSFET$TRACES
 10
-685.4641700428136
 20
570.5644379645896
 30
0.0
 11
-685.4966995697541
 21
570.5960713739478
 31
0.0
  0
LINE
  5
7BC
  8
MOSFET$TRACES
 10
-685.4966995697541
 20
570.5960713739478
 30
0.0
 11
-685.5124150091389
 21
570.6120435513259
 31
0.0
  0
LINE
  5
7BD
  8
MOSFET$TRACES
 10
-685.5124150091389
 20
570.6120435513259
 30
0.0
 11
-685.5276854772605
 21
570.6281416668978
 31
0.0
  0
LINE
  5
7BE
  8
MOSFET$TRACES
 10
-685.5276854772605
 20
570.6281416668978
 30
0.0
 11
-685.5424552344806
 21
570.6443814964003
 31
0.0
  0
LINE
  5
7BF
  8
MOSFET$TRACES
 10
-685.5424552344806
 20
570.6443814964003
 30
0.0
 11
-685.5566716722344
 21
570.6607779293961
 31
0.0
  0
LINE
  5
7C0
  8
MOSFET$TRACES
 10
-685.5566716722344
 20
570.6607779293961
 30
0.0
 11
-685.5702857044154
 21
570.677344858503
 31
0.0
  0
LINE
  5
7C1
  8
MOSFET$TRACES
 10
-685.5702857044154
 20
570.677344858503
 30
0.0
 11
-685.5832521587595
 21
570.6940950686214
 31
0.0
  0
LINE
  5
7C2
  8
MOSFET$TRACES
 10
-685.5832521587595
 20
570.6940950686214
 30
0.0
 11
-685.5955301682292
 21
570.7110401261632
 31
0.0
  0
LINE
  5
7C3
  8
MOSFET$TRACES
 10
-685.5955301682292
 20
570.7110401261632
 30
0.0
 11
-685.6013995087144
 21
570.7195889767809
 31
0.0
  0
LINE
  5
7C4
  8
MOSFET$TRACES
 10
-685.6013995087144
 20
570.7195889767809
 30
0.0
 11
-685.6070835623977
 21
570.7281902682798
 31
0.0
  0
LINE
  5
7C5
  8
MOSFET$TRACES
 10
-685.6070835623977
 20
570.7281902682798
 30
0.0
 11
-685.6125786060327
 21
570.7368450544337
 31
0.0
  0
LINE
  5
7C6
  8
MOSFET$TRACES
 10
-685.6125786060327
 20
570.7368450544337
 30
0.0
 11
-685.6178812588339
 21
570.7455542920907
 31
0.0
  0
LINE
  5
7C7
  8
MOSFET$TRACES
 10
-685.6178812588339
 20
570.7455542920907
 30
0.0
 11
-685.6229884947082
 21
570.7543188377122
 31
0.0
  0
LINE
  5
7C8
  8
MOSFET$TRACES
 10
-685.6229884947082
 20
570.7543188377122
 30
0.0
 11
-685.6278976544851
 21
570.7631394439111
 31
0.0
  0
LINE
  5
7C9
  8
MOSFET$TRACES
 10
-685.6278976544851
 20
570.7631394439111
 30
0.0
 11
-685.6326064581474
 21
570.7720167559904
 31
0.0
  0
LINE
  5
7CA
  8
MOSFET$TRACES
 10
-685.6326064581474
 20
570.7720167559904
 30
0.0
 11
-685.6371130170628
 21
570.7809513084812
 31
0.0
  0
LINE
  5
7CB
  8
MOSFET$TRACES
 10
-685.6371130170628
 20
570.7809513084812
 30
0.0
 11
-685.641415846213
 21
570.7899435216814
 31
0.0
  0
LINE
  5
7CC
  8
MOSFET$TRACES
 10
-685.641415846213
 20
570.7899435216814
 30
0.0
 11
-685.6455138764262
 21
570.7989936981937
 31
0.0
  0
LINE
  5
7CD
  8
MOSFET$TRACES
 10
-685.6455138764262
 20
570.7989936981937
 30
0.0
 11
-685.6494064666067
 21
570.8081020194645
 31
0.0
  0
LINE
  5
7CE
  8
MOSFET$TRACES
 10
-685.6494064666067
 20
570.8081020194645
 30
0.0
 11
-685.6530934159664
 21
570.8172685423224
 31
0.0
  0
LINE
  5
7CF
  8
MOSFET$TRACES
 10
-685.6530934159664
 20
570.8172685423224
 30
0.0
 11
-685.6565749762549
 21
570.8264931955152
 31
0.0
  0
LINE
  5
7D0
  8
MOSFET$TRACES
 10
-685.6565749762549
 20
570.8264931955152
 30
0.0
 11
-685.659851863991
 21
570.8357757762504
 31
0.0
  0
LINE
  5
7D1
  8
MOSFET$TRACES
 10
-685.659851863991
 20
570.8357757762504
 30
0.0
 11
-685.6629252726924
 21
570.8451159467318
 31
0.0
  0
LINE
  5
7D2
  8
MOSFET$TRACES
 10
-685.6629252726924
 20
570.8451159467318
 30
0.0
 11
-685.6657968851077
 21
570.8545132306987
 31
0.0
  0
LINE
  5
7D3
  8
MOSFET$TRACES
 10
-685.6657968851077
 20
570.8545132306987
 30
0.0
 11
-685.6684688854464
 21
570.8639670099642
 31
0.0
  0
LINE
  5
7D4
  8
MOSFET$TRACES
 10
-685.6684688854464
 20
570.8639670099642
 30
0.0
 11
-685.6709439716096
 21
570.8734765209539
 31
0.0
  0
LINE
  5
7D5
  8
MOSFET$TRACES
 10
-685.6709439716096
 20
570.8734765209539
 30
0.0
 11
-685.6732253674213
 21
570.8830408512431
 31
0.0
  0
LINE
  5
7D6
  8
MOSFET$TRACES
 10
-685.6732253674213
 20
570.8830408512431
 30
0.0
 11
-685.6753168348583
 21
570.8926589360972
 31
0.0
  0
LINE
  5
7D7
  8
MOSFET$TRACES
 10
-685.6753168348583
 20
570.8926589360972
 30
0.0
 11
-685.6772226862821
 21
570.9023295550076
 31
0.0
  0
LINE
  5
7D8
  8
MOSFET$TRACES
 10
-685.6772226862821
 20
570.9023295550076
 30
0.0
 11
-685.6789477966688
 21
570.9120513282321
 31
0.0
  0
LINE
  5
7D9
  8
MOSFET$TRACES
 10
-685.6789477966688
 20
570.9120513282321
 30
0.0
 11
-685.68049761584
 21
570.9218227133325
 31
0.0
  0
LINE
  5
7DA
  8
MOSFET$TRACES
 10
-685.68049761584
 20
570.9218227133325
 30
0.0
 11
-685.6818781806936
 21
570.9316420017132
 31
0.0
  0
LINE
  5
7DB
  8
MOSFET$TRACES
 10
-685.6818781806936
 20
570.9316420017132
 30
0.0
 11
-685.6841587038065
 21
570.9514166023741
 31
0.0
  0
LINE
  5
7DC
  8
MOSFET$TRACES
 10
-685.6841587038065
 20
570.9514166023741
 30
0.0
 11
-685.6858498674881
 21
570.9713580067562
 31
0.0
  0
LINE
  5
7DD
  8
MOSFET$TRACES
 10
-685.6858498674881
 20
570.9713580067562
 30
0.0
 11
-685.6870223492085
 21
570.9914462113359
 31
0.0
  0
LINE
  5
7DE
  8
MOSFET$TRACES
 10
-685.6870223492085
 20
570.9914462113359
 30
0.0
 11
-685.6881472049029
 21
571.0319679420445
 31
0.0
  0
LINE
  5
7DF
  8
MOSFET$TRACES
 10
-685.6881472049029
 20
571.0319679420445
 30
0.0
 11
-685.688317083057
 21
571.0727599557054
 31
0.0
  0
LINE
  5
7E0
  8
MOSFET$TRACES
 10
-685.688317083057
 20
571.0727599557054
 30
0.0
 11
-685.688317083057
 21
573.0989205740141
 31
0.0
  0
LINE
  5
7E1
  8
MOSFET$TRACES
 10
-685.688317083057
 20
573.0989205740141
 30
0.0
 11
-687.5700976474391
 21
574.9807011383958
 31
0.0
  0
LINE
  5
7E2
  8
MOSFET$TRACES
 10
-687.5700976474391
 20
574.9807011383958
 30
0.0
 11
-688.2034759245523
 21
575.614079415509
 31
0.0
  0
LINE
  5
7E3
  8
MOSFET$TRACES
 10
-688.2034759245523
 20
575.614079415509
 30
0.0
 11
-688.2034759245523
 21
579.613106426213
 31
0.0
  0
ARC
  5
7E4
  8
MOSFET$TRACES
 10
687.9034759245527
 20
579.6131064262134
 30
0.0
 40
0.2999999999996135
 50
359.9999999999131
 51
90.00000000006513
210
0.0
220
0.0
230
-1.0
  0
LINE
  5
7E5
  8
MOSFET$TRACES
 10
-687.9034759245524
 20
579.9131064262131
 30
0.0
 11
-686.5508879982974
 21
579.9131064262131
 31
0.0
  0
LINE
  5
7E6
  8
MOSFET$TRACES
 10
-686.5508879982974
 20
579.9131064262131
 30
0.0
 11
-686.5247702995391
 21
579.9131937410572
 31
0.0
  0
LINE
  5
7E7
  8
MOSFET$TRACES
 10
-686.5247702995391
 20
579.9131937410572
 30
0.0
 11
-686.4985993760318
 21
579.913771900151
 31
0.0
  0
LINE
  5
7E8
  8
MOSFET$TRACES
 10
-686.4985993760318
 20
579.913771900151
 30
0.0
 11
-686.4854799135157
 21
579.9143745383137
 31
0.0
  0
LINE
  5
7E9
  8
MOSFET$TRACES
 10
-686.4854799135157
 20
579.9143745383137
 30
0.0
 11
-686.4723315427624
 21
579.9152437712886
 31
0.0
  0
LINE
  5
7EA
  8
MOSFET$TRACES
 10
-686.4723315427624
 20
579.9152437712886
 30
0.0
 11
-686.4591503246312
 21
579.9164159262443
 31
0.0
  0
LINE
  5
7EB
  8
MOSFET$TRACES
 10
-686.4591503246312
 20
579.9164159262443
 30
0.0
 11
-686.445932887131
 21
579.9179221000413
 31
0.0
  0
LINE
  5
7EC
  8
MOSFET$TRACES
 10
-686.445932887131
 20
579.9179221000413
 30
0.0
 11
-686.4326764036057
 21
579.9197883603986
 31
0.0
  0
LINE
  5
7ED
  8
MOSFET$TRACES
 10
-686.4326764036057
 20
579.9197883603986
 30
0.0
 11
-686.4193785709213
 21
579.9220359470587
 31
0.0
  0
LINE
  5
7EE
  8
MOSFET$TRACES
 10
-686.4193785709213
 20
579.9220359470587
 30
0.0
 11
-686.4060375876531
 21
579.9246814729538
 31
0.0
  0
LINE
  5
7EF
  8
MOSFET$TRACES
 10
-686.4060375876531
 20
579.9246814729538
 30
0.0
 11
-686.3926521322711
 21
579.9277371253711
 31
0.0
  0
LINE
  5
7F0
  8
MOSFET$TRACES
 10
-686.3926521322711
 20
579.9277371253711
 30
0.0
 11
-686.3792213413276
 21
579.9312108671186
 31
0.0
  0
LINE
  5
7F1
  8
MOSFET$TRACES
 10
-686.3792213413276
 20
579.9312108671186
 30
0.0
 11
-686.3657447876426
 21
579.9351066376908
 31
0.0
  0
LINE
  5
7F2
  8
MOSFET$TRACES
 10
-686.3657447876426
 20
579.9351066376908
 30
0.0
 11
-686.352222458492
 21
579.9394245544345
 31
0.0
  0
LINE
  5
7F3
  8
MOSFET$TRACES
 10
-686.352222458492
 20
579.9394245544345
 30
0.0
 11
-686.3386547337926
 21
579.9441611137138
 31
0.0
  0
LINE
  5
7F4
  8
MOSFET$TRACES
 10
-686.3386547337926
 20
579.9441611137138
 30
0.0
 11
-686.32504236429
 21
579.949309392077
 31
0.0
  0
LINE
  5
7F5
  8
MOSFET$TRACES
 10
-686.32504236429
 20
579.949309392077
 30
0.0
 11
-686.3113864497441
 21
579.9548592474212
 31
0.0
  0
LINE
  5
7F6
  8
MOSFET$TRACES
 10
-686.3113864497441
 20
579.9548592474212
 30
0.0
 11
-686.2976884171162
 21
579.9607975201583
 31
0.0
  0
LINE
  5
7F7
  8
MOSFET$TRACES
 10
-686.2976884171162
 20
579.9607975201583
 30
0.0
 11
-686.2839499987554
 21
579.9671082343809
 31
0.0
  0
LINE
  5
7F8
  8
MOSFET$TRACES
 10
-686.2839499987554
 20
579.9671082343809
 30
0.0
 11
-686.2701732105857
 21
579.9737727990279
 31
0.0
  0
LINE
  5
7F9
  8
MOSFET$TRACES
 10
-686.2701732105857
 20
579.9737727990279
 30
0.0
 11
-686.2563603302916
 21
579.9807702090498
 31
0.0
  0
LINE
  5
7FA
  8
MOSFET$TRACES
 10
-686.2563603302916
 20
579.9807702090498
 30
0.0
 11
-686.228636581995
 21
579.9956686820744
 31
0.0
  0
LINE
  5
7FB
  8
MOSFET$TRACES
 10
-686.228636581995
 20
579.9956686820744
 30
0.0
 11
-686.2008013816553
 21
580.0115949775936
 31
0.0
  0
LINE
  5
7FC
  8
MOSFET$TRACES
 10
-686.2008013816553
 20
580.0115949775936
 30
0.0
 11
-686.1728801491797
 21
580.0283146705395
 31
0.0
  0
LINE
  5
7FD
  8
MOSFET$TRACES
 10
-686.1728801491797
 20
580.0283146705395
 30
0.0
 11
-686.1168910398646
 21
580.0631064262168
 31
0.0
  0
LINE
  5
7FE
  8
MOSFET$TRACES
 10
-686.1168910398646
 20
580.0631064262168
 30
0.0
 11
-686.0609019305496
 21
580.097898181894
 31
0.0
  0
LINE
  5
7FF
  8
MOSFET$TRACES
 10
-686.0609019305496
 20
580.097898181894
 30
0.0
 11
-686.032980698074
 21
580.11461787484
 31
0.0
  0
LINE
  5
800
  8
MOSFET$TRACES
 10
-686.032980698074
 20
580.11461787484
 30
0.0
 11
-686.0051454977342
 21
580.1305441703591
 31
0.0
  0
LINE
  5
801
  8
MOSFET$TRACES
 10
-686.0051454977342
 20
580.1305441703591
 30
0.0
 11
-685.9774217494377
 21
580.1454426433838
 31
0.0
  0
LINE
  5
802
  8
MOSFET$TRACES
 10
-685.9774217494377
 20
580.1454426433838
 30
0.0
 11
-685.9636088691436
 21
580.1524400534057
 31
0.0
  0
LINE
  5
803
  8
MOSFET$TRACES
 10
-685.9636088691436
 20
580.1524400534057
 30
0.0
 11
-685.9498320809739
 21
580.1591046180527
 31
0.0
  0
LINE
  5
804
  8
MOSFET$TRACES
 10
-685.9498320809739
 20
580.1591046180527
 30
0.0
 11
-685.9360936626131
 21
580.1654153322753
 31
0.0
  0
LINE
  5
805
  8
MOSFET$TRACES
 10
-685.9360936626131
 20
580.1654153322753
 30
0.0
 11
-685.9223956299852
 21
580.1713536050124
 31
0.0
  0
LINE
  5
806
  8
MOSFET$TRACES
 10
-685.9223956299852
 20
580.1713536050124
 30
0.0
 11
-685.9087397154391
 21
580.1769034603566
 31
0.0
  0
LINE
  5
807
  8
MOSFET$TRACES
 10
-685.9087397154391
 20
580.1769034603566
 30
0.0
 11
-685.8951273459365
 21
580.1820517387198
 31
0.0
  0
LINE
  5
808
  8
MOSFET$TRACES
 10
-685.8951273459365
 20
580.1820517387198
 30
0.0
 11
-685.8815596212373
 21
580.1867882979991
 31
0.0
  0
LINE
  5
809
  8
MOSFET$TRACES
 10
-685.8815596212373
 20
580.1867882979991
 30
0.0
 11
-685.8680372920866
 21
580.1911062147428
 31
0.0
  0
LINE
  5
80A
  8
MOSFET$TRACES
 10
-685.8680372920866
 20
580.1911062147428
 30
0.0
 11
-685.8545607384015
 21
580.195001985315
 31
0.0
  0
LINE
  5
80B
  8
MOSFET$TRACES
 10
-685.8545607384015
 20
580.195001985315
 30
0.0
 11
-685.841129947458
 21
580.1984757270625
 31
0.0
  0
LINE
  5
80C
  8
MOSFET$TRACES
 10
-685.841129947458
 20
580.1984757270625
 30
0.0
 11
-685.8277444920759
 21
580.2015313794798
 31
0.0
  0
LINE
  5
80D
  8
MOSFET$TRACES
 10
-685.8277444920759
 20
580.2015313794798
 30
0.0
 11
-685.8144035088078
 21
580.2041769053749
 31
0.0
  0
LINE
  5
80E
  8
MOSFET$TRACES
 10
-685.8144035088078
 20
580.2041769053749
 30
0.0
 11
-685.8011056761234
 21
580.206424492035
 31
0.0
  0
LINE
  5
80F
  8
MOSFET$TRACES
 10
-685.8011056761234
 20
580.206424492035
 30
0.0
 11
-685.7878491925981
 21
580.2082907523924
 31
0.0
  0
LINE
  5
810
  8
MOSFET$TRACES
 10
-685.7878491925981
 20
580.2082907523924
 30
0.0
 11
-685.7746317550979
 21
580.2097969261894
 31
0.0
  0
LINE
  5
811
  8
MOSFET$TRACES
 10
-685.7746317550979
 20
580.2097969261894
 30
0.0
 11
-685.7614505369667
 21
580.210969081145
 31
0.0
  0
LINE
  5
812
  8
MOSFET$TRACES
 10
-685.7614505369667
 20
580.210969081145
 30
0.0
 11
-685.7483021662133
 21
580.2118383141199
 31
0.0
  0
LINE
  5
813
  8
MOSFET$TRACES
 10
-685.7483021662133
 20
580.2118383141199
 30
0.0
 11
-685.7351827036972
 21
580.2124409522826
 31
0.0
  0
LINE
  5
814
  8
MOSFET$TRACES
 10
-685.7351827036972
 20
580.2124409522826
 30
0.0
 11
-685.7090117801899
 21
580.2130191113765
 31
0.0
  0
LINE
  5
815
  8
MOSFET$TRACES
 10
-685.7090117801899
 20
580.2130191113765
 30
0.0
 11
-685.6828940814316
 21
580.2131064262206
 31
0.0
  0
LINE
  5
816
  8
MOSFET$TRACES
 10
-685.6828940814316
 20
580.2131064262206
 30
0.0
 11
-685.648720054801
 21
580.2131064262206
 31
0.0
  0
ARC
  5
817
  8
MOSFET$TRACES
 10
685.6487200548003
 20
579.7131064262225
 30
0.0
 40
0.499999999998181
 50
89.99999999992183
 51
135.0000000000921
210
0.0
220
0.0
230
-1.0
  0
LINE
  5
818
  8
MOSFET$TRACES
 10
-685.2951666642077
 20
580.0666598168139
 30
0.0
 11
-684.5444211506938
 21
579.3159143033001
 31
0.0
  0
ARC
  5
819
  8
MOSFET$TRACES
 10
684.8979745412865
 20
578.962360912707
 30
0.0
 40
0.4999999999995217
 50
134.9999999999724
 51
180.0000000000261
210
0.0
220
0.0
230
-1.0
  0
LINE
  5
81A
  8
MOSFET$TRACES
 10
-684.3979745412871
 20
578.9623609127068
 30
0.0
 11
-684.3979745412871
 21
573.9428661493548
 31
0.0
  0
LINE
  5
81B
  8
MOSFET$TRACES
 10
-684.3979745412871
 20
573.9428661493548
 30
0.0
 11
-681.514661427552
 21
571.0595530356196
 31
0.0
  0
ARC
  5
81C
  8
MOSFET$TRACES
 10
-681.1611080369589
 20
571.413106426213
 30
0.0
 40
0.4999999999999236
 50
225.0000000000184
 51
270.000000000026
  0
LINE
  5
81D
  8
MOSFET$TRACES
 10
-681.1611080369587
 20
570.913106426213
 30
0.0
 11
-678.5719909367094
 21
570.9131064262131
 31
0.0
  0
ARC
  5
81E
  8
MOSFET$TRACES
 10
678.5719909367094
 20
569.9131064262127
 30
0.0
 40
1.000000000000341
 50
90.0
 51
135.0007292320423
210
0.0
220
0.0
230
-1.0
  0
LINE
  5
81F
  8
MOSFET$TRACES
 10
-677.8648751558783
 20
570.6202042076405
 30
0.0
 11
-662.4093414363617
 21
555.1642770625001
 31
0.0
  0
ARC
  5
820
  8
MOSFET$TRACES
 10
663.8235549987347
 20
553.750063500127
 30
0.0
 40
1.999999999999936
 50
134.9999999999977
 51
270.0000000000032
210
0.0
220
0.0
230
-1.0
  0
LINE
  5
821
  8
MOSFET$TRACES
 10
-663.8235549987348
 20
551.750063500127
 30
0.0
 11
-673.2005573582423
 21
551.750063500127
 31
0.0
  0
LINE
  5
822
  8
MOSFET$TRACES
 10
-673.2005573582423
 20
551.750063500127
 30
0.0
 11
-675.5033769169083
 21
549.4472439414611
 31
0.0
  0
LINE
  5
823
  8
MOSFET$TRACES
 10
-675.5033769169083
 20
549.4472439414611
 30
0.0
 11
-675.5033769169083
 21
517.9299974599942
 31
0.0
  0
ARC
  5
824
  8
MOSFET$TRACES
 10
-675.0033769169083
 20
517.9299974599942
 30
0.0
 40
0.5
 50
180.000000000013
 51
270.000000000013
  0
LINE
  5
825
  8
MOSFET$TRACES
 10
-675.0033769169082
 20
517.4299974599942
 30
0.0
 11
-674.4033769169082
 21
517.4299974599942
 31
0.0
  0
ARC
  5
826
  8
MOSFET$TRACES
 10
-674.4033769169082
 20
517.9299974599942
 30
0.0
 40
0.5
 50
269.999999999987
 51
0.0
  0
LINE
  5
827
  8
MOSFET$TRACES
 10
-673.9033769169082
 20
517.9299974599942
 30
0.0
 11
-673.9033769169082
 21
549.2188168167149
 31
0.0
  0
ARC
  5
828
  8
MOSFET$TRACES
 10
673.4033769169082
 20
549.2188168167148
 30
0.0
 40
0.5
 50
0.0000000000130276
 51
45.00000000000922
210
0.0
220
0.0
230
-1.0
  0
LINE
  5
829
  8
MOSFET$TRACES
 10
-673.7569303075014
 20
549.5723702073082
 30
0.0
 11
-672.7256836240892
 21
550.6036168907203
 31
0.0
  0
ARC
  5
82A
  8
MOSFET$TRACES
 10
672.372130233496
 20
550.250063500127
 30
0.0
 40
0.5
 50
45.00000000000922
 51
90.0
210
0.0
220
0.0
230
-1.0
  0
LINE
  5
82B
  8
MOSFET$TRACES
 10
-672.372130233496
 20
550.750063500127
 30
0.0
 11
-658.8235549987348
 21
550.750063500127
 31
0.0
  0
ARC
  5
82C
  8
MOSFET$TRACES
 10
658.7964399369126
 20
548.8155250501223
 30
0.0
 40
1.934728467026839
 50
89.19697802917868
 51
135.8030219708107
210
0.0
220
0.0
230
-1.0
  0
LINE
  5
82D
  8
MOSFET$TRACES
 10
-657.4093414363617
 20
550.1642770625002
 30
0.0
 11
-652.3626578811512
 21
545.1175935072894
 31
0.0
  0
ARC
  5
82E
  8
MOSFET$TRACES
 10
652.7162112717434
 20
544.7640401166973
 30
0.0
 40
0.4999999999983963
 50
135.0000000000092
 51
180.0000000000782
210
0.0
220
0.0
230
-1.0
  0
LINE
  5
82F
  8
MOSFET$TRACES
 10
-652.216211271745
 20
544.7640401166966
 30
0.0
 11
-652.216211271745
 21
544.1482505689642
 31
0.0
  0
ARC
  5
830
  8
MOSFET$TRACES
 10
654.2162112717457
 20
544.1482505689646
 30
0.0
 40
2.000000000000682
 50
180.000000000013
 51
232.5767306146777
210
0.0
220
0.0
230
-1.0
  0
ARC
  5
831
  8
MOSFET$TRACES
 10
-651.8153209088492
 20
541.0106580653429
 30
0.0
 40
1.950792484227244
 50
127.4232693853141
 51
52.57673061470989
  0
ARC
  5
832
  8
MOSFET$TRACES
 10
649.4144305459547
 20
544.1482505689648
 30
0.0
 40
2.000000000000035
 50
307.4232693852945
 51
359.9999999999935
210
0.0
220
0.0
230
-1.0
  0
LINE
  5
833
  8
MOSFET$TRACES
 10
-651.4144305459547
 20
544.1482505689646
 30
0.0
 11
-651.4144305459547
 21
545.3007370219914
 31
0.0
  0
LINE
  5
834
  8
MOSFET$TRACES
 10
-651.4144305459547
 20
545.3007370219914
 30
0.0
 11
-657.2737071132651
 21
551.1600135893023
 31
0.0
  0
ARC
  5
835
  8
MOSFET$TRACES
 10
655.1523867697057
 20
553.281333932862
 30
0.0
 40
3.0
 50
314.9999999999953
 51
44.99999999999846
210
0.0
220
0.0
230
-1.0
  0
LINE
  5
836
  8
MOSFET$TRACES
 10
-657.2737071132653
 20
555.4026542764216
 30
0.0
 11
-648.7192414233668
 21
563.9571199663204
 31
0.0
  0
LINE
  5
837
  8
MOSFET$TRACES
 10
-648.7192414233668
 20
563.9571199663204
 30
0.0
 11
-648.7192414233668
 21
568.4300990601979
 31
0.0
  0
ARC
  5
838
  8
MOSFET$TRACES
 10
-649.7192414233668
 20
568.4300990601979
 30
0.0
 40
1.0
 50
0.0
 51
89.99999999999349
  0
LINE
  5
839
  8
MOSFET$TRACES
 10
-649.7192414233667
 20
569.4300990601979
 30
0.0
 11
-650.405144571305
 21
569.4300990601979
 31
0.0
  0
ARC
  5
83A
  8
MOSFET$TRACES
 10
650.4051445713054
 20
570.4300990601979
 30
0.0
 40
1.0
 50
269.999999999974
 51
315.5729959992276
210
0.0
220
0.0
230
-1.0
  0
ARC
  5
83B
  8
MOSFET$TRACES
 10
-651.8334302570147
 20
569.0300990601982
 30
0.0
 40
1.000000000000326
 50
44.42700400080018
 51
311.0786511650216
  0
ARC
  5
83C
  8
MOSFET$TRACES
 10
650.519241423367
 20
567.522482494384
 30
0.0
 40
1.0
 50
48.92134883499801
 51
180.0000000000065
210
0.0
220
0.0
230
-1.0
  0
ENDSEC
  0
EOF
