ISO-10303-21;
HEADER;
/* Generated by software containing ST-Developer
 * from STEP Tools, Inc. (www.steptools.com) 
 */
/* OPTION: using custom schema-name function */

FILE_DESCRIPTION(
/* description */ (''),
/* implementation_level */ '2;1');

FILE_NAME(
/* name */ '12VDC_WheelHolder',
/* time_stamp */ '2026-02-02T14:28:34+03:00',
/* author */ (''),
/* organization */ (''),
/* preprocessor_version */ 'ST-DEVELOPER v16.5',
/* originating_system */ 'Rhino 7.23',
/* authorisation */ '');

FILE_SCHEMA (('CONFIG_CONTROL_DESIGN'));
ENDSEC;

DATA;
#10=SHAPE_REPRESENTATION_RELATIONSHIP('','',#810,#12);
#11=MANIFOLD_SOLID_BREP('brep_1',#13);
#12=ADVANCED_BREP_SHAPE_REPRESENTATION('brep_rep_0',(#11,#852),#809);
#13=CLOSED_SHELL('',(#27,#28,#29,#30,#31,#32,#33,#34,#35,#36,#37,#38,#39,
#40,#41,#42,#43,#44,#45,#46,#47,#48,#49,#50,#51,#52,#53,#54,#55,#56,#57,
#58,#59,#60,#61,#62,#63,#64,#65,#66,#67,#68));
#14=FACE_BOUND('',#121,.T.);
#15=FACE_BOUND('',#129,.T.);
#16=FACE_BOUND('',#131,.T.);
#17=FACE_BOUND('',#133,.T.);
#18=FACE_BOUND('',#142,.T.);
#19=FACE_BOUND('',#144,.T.);
#20=FACE_BOUND('',#148,.T.);
#21=FACE_BOUND('',#149,.T.);
#22=FACE_BOUND('',#150,.T.);
#23=FACE_BOUND('',#151,.T.);
#24=FACE_BOUND('',#153,.T.);
#25=FACE_BOUND('',#154,.T.);
#26=FACE_BOUND('',#155,.T.);
#27=ADVANCED_FACE('',(#69),#696,.T.);
#28=ADVANCED_FACE('',(#70),#702,.T.);
#29=ADVANCED_FACE('',(#71),#703,.T.);
#30=ADVANCED_FACE('',(#72),#697,.T.);
#31=ADVANCED_FACE('',(#73),#704,.T.);
#32=ADVANCED_FACE('',(#74),#705,.T.);
#33=ADVANCED_FACE('',(#75),#688,.T.);
#34=ADVANCED_FACE('',(#76),#706,.T.);
#35=ADVANCED_FACE('',(#77),#689,.F.);
#36=ADVANCED_FACE('',(#78,#14),#707,.T.);
#37=ADVANCED_FACE('',(#79),#708,.T.);
#38=ADVANCED_FACE('',(#80),#709,.T.);
#39=ADVANCED_FACE('',(#81),#710,.T.);
#40=ADVANCED_FACE('',(#82),#711,.T.);
#41=ADVANCED_FACE('',(#83),#712,.T.);
#42=ADVANCED_FACE('',(#84),#713,.T.);
#43=ADVANCED_FACE('',(#85,#15),#714,.T.);
#44=ADVANCED_FACE('',(#86,#16),#690,.T.);
#45=ADVANCED_FACE('',(#87,#17),#691,.T.);
#46=ADVANCED_FACE('',(#88),#715,.T.);
#47=ADVANCED_FACE('',(#89),#692,.T.);
#48=ADVANCED_FACE('',(#90),#716,.T.);
#49=ADVANCED_FACE('',(#91),#717,.T.);
#50=ADVANCED_FACE('',(#92),#718,.T.);
#51=ADVANCED_FACE('',(#93),#719,.T.);
#52=ADVANCED_FACE('',(#94),#720,.T.);
#53=ADVANCED_FACE('',(#95,#18),#698,.T.);
#54=ADVANCED_FACE('',(#96,#19),#699,.T.);
#55=ADVANCED_FACE('',(#97),#694,.T.);
#56=ADVANCED_FACE('',(#98),#695,.T.);
#57=ADVANCED_FACE('',(#99,#20,#21,#22,#23),#700,.T.);
#58=ADVANCED_FACE('',(#100,#24,#25,#26),#701,.T.);
#59=ADVANCED_FACE('',(#101),#682,.T.);
#60=ADVANCED_FACE('',(#102),#683,.F.);
#61=ADVANCED_FACE('',(#103),#684,.F.);
#62=ADVANCED_FACE('',(#104),#685,.F.);
#63=ADVANCED_FACE('',(#105),#686,.F.);
#64=ADVANCED_FACE('',(#106),#721,.T.);
#65=ADVANCED_FACE('',(#107),#722,.T.);
#66=ADVANCED_FACE('',(#108),#723,.T.);
#67=ADVANCED_FACE('',(#109),#693,.F.);
#68=ADVANCED_FACE('',(#110),#687,.F.);
#69=FACE_OUTER_BOUND('',#111,.T.);
#70=FACE_OUTER_BOUND('',#112,.T.);
#71=FACE_OUTER_BOUND('',#113,.T.);
#72=FACE_OUTER_BOUND('',#114,.T.);
#73=FACE_OUTER_BOUND('',#115,.T.);
#74=FACE_OUTER_BOUND('',#116,.T.);
#75=FACE_OUTER_BOUND('',#117,.T.);
#76=FACE_OUTER_BOUND('',#118,.T.);
#77=FACE_OUTER_BOUND('',#119,.T.);
#78=FACE_OUTER_BOUND('',#120,.T.);
#79=FACE_OUTER_BOUND('',#122,.T.);
#80=FACE_OUTER_BOUND('',#123,.T.);
#81=FACE_OUTER_BOUND('',#124,.T.);
#82=FACE_OUTER_BOUND('',#125,.T.);
#83=FACE_OUTER_BOUND('',#126,.T.);
#84=FACE_OUTER_BOUND('',#127,.T.);
#85=FACE_OUTER_BOUND('',#128,.T.);
#86=FACE_OUTER_BOUND('',#130,.T.);
#87=FACE_OUTER_BOUND('',#132,.T.);
#88=FACE_OUTER_BOUND('',#134,.T.);
#89=FACE_OUTER_BOUND('',#135,.T.);
#90=FACE_OUTER_BOUND('',#136,.T.);
#91=FACE_OUTER_BOUND('',#137,.T.);
#92=FACE_OUTER_BOUND('',#138,.T.);
#93=FACE_OUTER_BOUND('',#139,.T.);
#94=FACE_OUTER_BOUND('',#140,.T.);
#95=FACE_OUTER_BOUND('',#141,.T.);
#96=FACE_OUTER_BOUND('',#143,.T.);
#97=FACE_OUTER_BOUND('',#145,.T.);
#98=FACE_OUTER_BOUND('',#146,.T.);
#99=FACE_OUTER_BOUND('',#147,.T.);
#100=FACE_OUTER_BOUND('',#152,.T.);
#101=FACE_OUTER_BOUND('',#156,.T.);
#102=FACE_OUTER_BOUND('',#157,.T.);
#103=FACE_OUTER_BOUND('',#158,.T.);
#104=FACE_OUTER_BOUND('',#159,.T.);
#105=FACE_OUTER_BOUND('',#160,.T.);
#106=FACE_OUTER_BOUND('',#161,.T.);
#107=FACE_OUTER_BOUND('',#162,.T.);
#108=FACE_OUTER_BOUND('',#163,.T.);
#109=FACE_OUTER_BOUND('',#164,.T.);
#110=FACE_OUTER_BOUND('',#165,.T.);
#111=EDGE_LOOP('',(#166,#167,#168,#169));
#112=EDGE_LOOP('',(#170,#171,#172));
#113=EDGE_LOOP('',(#173,#174,#175));
#114=EDGE_LOOP('',(#176,#177,#178,#179));
#115=EDGE_LOOP('',(#180,#181,#182));
#116=EDGE_LOOP('',(#183,#184,#185));
#117=EDGE_LOOP('',(#186,#187,#188,#189));
#118=EDGE_LOOP('',(#190,#191,#192,#193));
#119=EDGE_LOOP('',(#194,#195,#196,#197));
#120=EDGE_LOOP('',(#198));
#121=EDGE_LOOP('',(#199));
#122=EDGE_LOOP('',(#200,#201,#202));
#123=EDGE_LOOP('',(#203,#204,#205,#206));
#124=EDGE_LOOP('',(#207,#208,#209,#210));
#125=EDGE_LOOP('',(#211,#212,#213,#214));
#126=EDGE_LOOP('',(#215,#216,#217,#218));
#127=EDGE_LOOP('',(#219,#220,#221));
#128=EDGE_LOOP('',(#222,#223,#224,#225,#226,#227,#228));
#129=EDGE_LOOP('',(#229));
#130=EDGE_LOOP('',(#230,#231,#232,#233,#234));
#131=EDGE_LOOP('',(#235,#236,#237,#238,#239,#240,#241));
#132=EDGE_LOOP('',(#242,#243,#244,#245,#246));
#133=EDGE_LOOP('',(#247));
#134=EDGE_LOOP('',(#248,#249,#250,#251,#252,#253,#254,#255,#256,#257,#258));
#135=EDGE_LOOP('',(#259,#260,#261,#262));
#136=EDGE_LOOP('',(#263,#264,#265,#266,#267,#268));
#137=EDGE_LOOP('',(#269,#270,#271,#272,#273,#274));
#138=EDGE_LOOP('',(#275,#276,#277,#278));
#139=EDGE_LOOP('',(#279,#280,#281,#282,#283,#284,#285,#286,#287));
#140=EDGE_LOOP('',(#288,#289,#290,#291));
#141=EDGE_LOOP('',(#292,#293,#294,#295));
#142=EDGE_LOOP('',(#296));
#143=EDGE_LOOP('',(#297,#298,#299,#300));
#144=EDGE_LOOP('',(#301));
#145=EDGE_LOOP('',(#302,#303,#304,#305));
#146=EDGE_LOOP('',(#306,#307,#308,#309));
#147=EDGE_LOOP('',(#310));
#148=EDGE_LOOP('',(#311));
#149=EDGE_LOOP('',(#312));
#150=EDGE_LOOP('',(#313));
#151=EDGE_LOOP('',(#314));
#152=EDGE_LOOP('',(#315,#316,#317,#318,#319,#320,#321,#322,#323,#324,#325,
#326,#327));
#153=EDGE_LOOP('',(#328));
#154=EDGE_LOOP('',(#329));
#155=EDGE_LOOP('',(#330));
#156=EDGE_LOOP('',(#331,#332,#333,#334,#335,#336,#337,#338));
#157=EDGE_LOOP('',(#339,#340,#341,#342));
#158=EDGE_LOOP('',(#343,#344,#345,#346));
#159=EDGE_LOOP('',(#347,#348,#349,#350));
#160=EDGE_LOOP('',(#351,#352,#353,#354,#355,#356,#357,#358,#359,#360,#361,
#362));
#161=EDGE_LOOP('',(#363,#364,#365,#366));
#162=EDGE_LOOP('',(#367,#368,#369,#370,#371,#372,#373,#374,#375));
#163=EDGE_LOOP('',(#376,#377,#378,#379));
#164=EDGE_LOOP('',(#380,#381,#382,#383));
#165=EDGE_LOOP('',(#384,#385,#386,#387));
#166=ORIENTED_EDGE('',*,*,#394,.T.);
#167=ORIENTED_EDGE('',*,*,#390,.T.);
#168=ORIENTED_EDGE('',*,*,#395,.F.);
#169=ORIENTED_EDGE('',*,*,#392,.F.);
#170=ORIENTED_EDGE('',*,*,#394,.F.);
#171=ORIENTED_EDGE('',*,*,#391,.F.);
#172=ORIENTED_EDGE('',*,*,#388,.F.);
#173=ORIENTED_EDGE('',*,*,#389,.T.);
#174=ORIENTED_EDGE('',*,*,#393,.T.);
#175=ORIENTED_EDGE('',*,*,#395,.T.);
#176=ORIENTED_EDGE('',*,*,#396,.T.);
#177=ORIENTED_EDGE('',*,*,#397,.T.);
#178=ORIENTED_EDGE('',*,*,#398,.F.);
#179=ORIENTED_EDGE('',*,*,#399,.T.);
#180=ORIENTED_EDGE('',*,*,#402,.F.);
#181=ORIENTED_EDGE('',*,*,#400,.F.);
#182=ORIENTED_EDGE('',*,*,#396,.F.);
#183=ORIENTED_EDGE('',*,*,#398,.T.);
#184=ORIENTED_EDGE('',*,*,#401,.T.);
#185=ORIENTED_EDGE('',*,*,#403,.T.);
#186=ORIENTED_EDGE('',*,*,#404,.T.);
#187=ORIENTED_EDGE('',*,*,#405,.T.);
#188=ORIENTED_EDGE('',*,*,#406,.T.);
#189=ORIENTED_EDGE('',*,*,#407,.T.);
#190=ORIENTED_EDGE('',*,*,#408,.T.);
#191=ORIENTED_EDGE('',*,*,#409,.T.);
#192=ORIENTED_EDGE('',*,*,#410,.T.);
#193=ORIENTED_EDGE('',*,*,#474,.T.);
#194=ORIENTED_EDGE('',*,*,#416,.F.);
#195=ORIENTED_EDGE('',*,*,#415,.F.);
#196=ORIENTED_EDGE('',*,*,#416,.T.);
#197=ORIENTED_EDGE('',*,*,#414,.F.);
#198=ORIENTED_EDGE('',*,*,#415,.T.);
#199=ORIENTED_EDGE('',*,*,#493,.T.);
#200=ORIENTED_EDGE('',*,*,#417,.T.);
#201=ORIENTED_EDGE('',*,*,#418,.T.);
#202=ORIENTED_EDGE('',*,*,#419,.T.);
#203=ORIENTED_EDGE('',*,*,#420,.T.);
#204=ORIENTED_EDGE('',*,*,#421,.T.);
#205=ORIENTED_EDGE('',*,*,#417,.F.);
#206=ORIENTED_EDGE('',*,*,#436,.T.);
#207=ORIENTED_EDGE('',*,*,#422,.T.);
#208=ORIENTED_EDGE('',*,*,#423,.T.);
#209=ORIENTED_EDGE('',*,*,#420,.F.);
#210=ORIENTED_EDGE('',*,*,#424,.T.);
#211=ORIENTED_EDGE('',*,*,#425,.T.);
#212=ORIENTED_EDGE('',*,*,#426,.T.);
#213=ORIENTED_EDGE('',*,*,#422,.F.);
#214=ORIENTED_EDGE('',*,*,#427,.T.);
#215=ORIENTED_EDGE('',*,*,#428,.T.);
#216=ORIENTED_EDGE('',*,*,#429,.T.);
#217=ORIENTED_EDGE('',*,*,#425,.F.);
#218=ORIENTED_EDGE('',*,*,#435,.T.);
#219=ORIENTED_EDGE('',*,*,#430,.T.);
#220=ORIENTED_EDGE('',*,*,#428,.F.);
#221=ORIENTED_EDGE('',*,*,#431,.T.);
#222=ORIENTED_EDGE('',*,*,#432,.T.);
#223=ORIENTED_EDGE('',*,*,#418,.F.);
#224=ORIENTED_EDGE('',*,*,#421,.F.);
#225=ORIENTED_EDGE('',*,*,#423,.F.);
#226=ORIENTED_EDGE('',*,*,#426,.F.);
#227=ORIENTED_EDGE('',*,*,#429,.F.);
#228=ORIENTED_EDGE('',*,*,#430,.F.);
#229=ORIENTED_EDGE('',*,*,#494,.T.);
#230=ORIENTED_EDGE('',*,*,#466,.T.);
#231=ORIENTED_EDGE('',*,*,#465,.T.);
#232=ORIENTED_EDGE('',*,*,#434,.T.);
#233=ORIENTED_EDGE('',*,*,#405,.F.);
#234=ORIENTED_EDGE('',*,*,#433,.T.);
#235=ORIENTED_EDGE('',*,*,#432,.F.);
#236=ORIENTED_EDGE('',*,*,#431,.F.);
#237=ORIENTED_EDGE('',*,*,#435,.F.);
#238=ORIENTED_EDGE('',*,*,#427,.F.);
#239=ORIENTED_EDGE('',*,*,#424,.F.);
#240=ORIENTED_EDGE('',*,*,#436,.F.);
#241=ORIENTED_EDGE('',*,*,#419,.F.);
#242=ORIENTED_EDGE('',*,*,#460,.T.);
#243=ORIENTED_EDGE('',*,*,#459,.T.);
#244=ORIENTED_EDGE('',*,*,#438,.T.);
#245=ORIENTED_EDGE('',*,*,#439,.T.);
#246=ORIENTED_EDGE('',*,*,#437,.T.);
#247=ORIENTED_EDGE('',*,*,#414,.T.);
#248=ORIENTED_EDGE('',*,*,#464,.T.);
#249=ORIENTED_EDGE('',*,*,#484,.T.);
#250=ORIENTED_EDGE('',*,*,#485,.T.);
#251=ORIENTED_EDGE('',*,*,#455,.T.);
#252=ORIENTED_EDGE('',*,*,#462,.T.);
#253=ORIENTED_EDGE('',*,*,#437,.F.);
#254=ORIENTED_EDGE('',*,*,#440,.T.);
#255=ORIENTED_EDGE('',*,*,#409,.F.);
#256=ORIENTED_EDGE('',*,*,#441,.T.);
#257=ORIENTED_EDGE('',*,*,#465,.F.);
#258=ORIENTED_EDGE('',*,*,#469,.T.);
#259=ORIENTED_EDGE('',*,*,#442,.T.);
#260=ORIENTED_EDGE('',*,*,#443,.T.);
#261=ORIENTED_EDGE('',*,*,#444,.T.);
#262=ORIENTED_EDGE('',*,*,#438,.F.);
#263=ORIENTED_EDGE('',*,*,#445,.T.);
#264=ORIENTED_EDGE('',*,*,#412,.F.);
#265=ORIENTED_EDGE('',*,*,#410,.F.);
#266=ORIENTED_EDGE('',*,*,#440,.F.);
#267=ORIENTED_EDGE('',*,*,#439,.F.);
#268=ORIENTED_EDGE('',*,*,#444,.F.);
#269=ORIENTED_EDGE('',*,*,#434,.F.);
#270=ORIENTED_EDGE('',*,*,#441,.F.);
#271=ORIENTED_EDGE('',*,*,#408,.F.);
#272=ORIENTED_EDGE('',*,*,#411,.F.);
#273=ORIENTED_EDGE('',*,*,#446,.T.);
#274=ORIENTED_EDGE('',*,*,#406,.F.);
#275=ORIENTED_EDGE('',*,*,#388,.T.);
#276=ORIENTED_EDGE('',*,*,#492,.T.);
#277=ORIENTED_EDGE('',*,*,#404,.F.);
#278=ORIENTED_EDGE('',*,*,#449,.T.);
#279=ORIENTED_EDGE('',*,*,#392,.T.);
#280=ORIENTED_EDGE('',*,*,#393,.F.);
#281=ORIENTED_EDGE('',*,*,#450,.F.);
#282=ORIENTED_EDGE('',*,*,#413,.T.);
#283=ORIENTED_EDGE('',*,*,#456,.T.);
#284=ORIENTED_EDGE('',*,*,#468,.T.);
#285=ORIENTED_EDGE('',*,*,#433,.F.);
#286=ORIENTED_EDGE('',*,*,#492,.F.);
#287=ORIENTED_EDGE('',*,*,#391,.T.);
#288=ORIENTED_EDGE('',*,*,#402,.T.);
#289=ORIENTED_EDGE('',*,*,#489,.T.);
#290=ORIENTED_EDGE('',*,*,#442,.F.);
#291=ORIENTED_EDGE('',*,*,#490,.F.);
#292=ORIENTED_EDGE('',*,*,#455,.F.);
#293=ORIENTED_EDGE('',*,*,#453,.T.);
#294=ORIENTED_EDGE('',*,*,#458,.F.);
#295=ORIENTED_EDGE('',*,*,#461,.F.);
#296=ORIENTED_EDGE('',*,*,#495,.F.);
#297=ORIENTED_EDGE('',*,*,#456,.F.);
#298=ORIENTED_EDGE('',*,*,#454,.T.);
#299=ORIENTED_EDGE('',*,*,#464,.F.);
#300=ORIENTED_EDGE('',*,*,#467,.F.);
#301=ORIENTED_EDGE('',*,*,#496,.F.);
#302=ORIENTED_EDGE('',*,*,#462,.F.);
#303=ORIENTED_EDGE('',*,*,#461,.T.);
#304=ORIENTED_EDGE('',*,*,#463,.F.);
#305=ORIENTED_EDGE('',*,*,#460,.F.);
#306=ORIENTED_EDGE('',*,*,#468,.F.);
#307=ORIENTED_EDGE('',*,*,#467,.T.);
#308=ORIENTED_EDGE('',*,*,#469,.F.);
#309=ORIENTED_EDGE('',*,*,#466,.F.);
#310=ORIENTED_EDGE('',*,*,#472,.T.);
#311=ORIENTED_EDGE('',*,*,#486,.T.);
#312=ORIENTED_EDGE('',*,*,#475,.F.);
#313=ORIENTED_EDGE('',*,*,#478,.F.);
#314=ORIENTED_EDGE('',*,*,#481,.F.);
#315=ORIENTED_EDGE('',*,*,#487,.T.);
#316=ORIENTED_EDGE('',*,*,#491,.F.);
#317=ORIENTED_EDGE('',*,*,#390,.F.);
#318=ORIENTED_EDGE('',*,*,#449,.F.);
#319=ORIENTED_EDGE('',*,*,#407,.F.);
#320=ORIENTED_EDGE('',*,*,#446,.F.);
#321=ORIENTED_EDGE('',*,*,#470,.F.);
#322=ORIENTED_EDGE('',*,*,#473,.F.);
#323=ORIENTED_EDGE('',*,*,#445,.F.);
#324=ORIENTED_EDGE('',*,*,#443,.F.);
#325=ORIENTED_EDGE('',*,*,#489,.F.);
#326=ORIENTED_EDGE('',*,*,#399,.F.);
#327=ORIENTED_EDGE('',*,*,#451,.F.);
#328=ORIENTED_EDGE('',*,*,#476,.T.);
#329=ORIENTED_EDGE('',*,*,#479,.T.);
#330=ORIENTED_EDGE('',*,*,#482,.T.);
#331=ORIENTED_EDGE('',*,*,#473,.T.);
#332=ORIENTED_EDGE('',*,*,#471,.T.);
#333=ORIENTED_EDGE('',*,*,#472,.F.);
#334=ORIENTED_EDGE('',*,*,#471,.F.);
#335=ORIENTED_EDGE('',*,*,#470,.T.);
#336=ORIENTED_EDGE('',*,*,#411,.T.);
#337=ORIENTED_EDGE('',*,*,#474,.F.);
#338=ORIENTED_EDGE('',*,*,#412,.T.);
#339=ORIENTED_EDGE('',*,*,#475,.T.);
#340=ORIENTED_EDGE('',*,*,#477,.T.);
#341=ORIENTED_EDGE('',*,*,#476,.F.);
#342=ORIENTED_EDGE('',*,*,#477,.F.);
#343=ORIENTED_EDGE('',*,*,#478,.T.);
#344=ORIENTED_EDGE('',*,*,#480,.T.);
#345=ORIENTED_EDGE('',*,*,#479,.F.);
#346=ORIENTED_EDGE('',*,*,#480,.F.);
#347=ORIENTED_EDGE('',*,*,#481,.T.);
#348=ORIENTED_EDGE('',*,*,#483,.T.);
#349=ORIENTED_EDGE('',*,*,#482,.F.);
#350=ORIENTED_EDGE('',*,*,#483,.F.);
#351=ORIENTED_EDGE('',*,*,#447,.F.);
#352=ORIENTED_EDGE('',*,*,#457,.F.);
#353=ORIENTED_EDGE('',*,*,#453,.F.);
#354=ORIENTED_EDGE('',*,*,#485,.F.);
#355=ORIENTED_EDGE('',*,*,#488,.T.);
#356=ORIENTED_EDGE('',*,*,#486,.F.);
#357=ORIENTED_EDGE('',*,*,#488,.F.);
#358=ORIENTED_EDGE('',*,*,#484,.F.);
#359=ORIENTED_EDGE('',*,*,#454,.F.);
#360=ORIENTED_EDGE('',*,*,#413,.F.);
#361=ORIENTED_EDGE('',*,*,#448,.F.);
#362=ORIENTED_EDGE('',*,*,#487,.F.);
#363=ORIENTED_EDGE('',*,*,#452,.F.);
#364=ORIENTED_EDGE('',*,*,#447,.T.);
#365=ORIENTED_EDGE('',*,*,#451,.T.);
#366=ORIENTED_EDGE('',*,*,#403,.F.);
#367=ORIENTED_EDGE('',*,*,#400,.T.);
#368=ORIENTED_EDGE('',*,*,#490,.T.);
#369=ORIENTED_EDGE('',*,*,#459,.F.);
#370=ORIENTED_EDGE('',*,*,#463,.T.);
#371=ORIENTED_EDGE('',*,*,#458,.T.);
#372=ORIENTED_EDGE('',*,*,#457,.T.);
#373=ORIENTED_EDGE('',*,*,#452,.T.);
#374=ORIENTED_EDGE('',*,*,#401,.F.);
#375=ORIENTED_EDGE('',*,*,#397,.F.);
#376=ORIENTED_EDGE('',*,*,#491,.T.);
#377=ORIENTED_EDGE('',*,*,#448,.T.);
#378=ORIENTED_EDGE('',*,*,#450,.T.);
#379=ORIENTED_EDGE('',*,*,#389,.F.);
#380=ORIENTED_EDGE('',*,*,#497,.F.);
#381=ORIENTED_EDGE('',*,*,#495,.T.);
#382=ORIENTED_EDGE('',*,*,#497,.T.);
#383=ORIENTED_EDGE('',*,*,#493,.F.);
#384=ORIENTED_EDGE('',*,*,#496,.T.);
#385=ORIENTED_EDGE('',*,*,#498,.F.);
#386=ORIENTED_EDGE('',*,*,#494,.F.);
#387=ORIENTED_EDGE('',*,*,#498,.T.);
#388=EDGE_CURVE('',#610,#611,#538,.T.);
#389=EDGE_CURVE('',#613,#612,#539,.T.);
#390=EDGE_CURVE('',#610,#613,#540,.T.);
#391=EDGE_CURVE('',#611,#614,#541,.T.);
#392=EDGE_CURVE('',#614,#615,#542,.T.);
#393=EDGE_CURVE('',#612,#615,#543,.T.);
#394=EDGE_CURVE('',#614,#610,#544,.T.);
#395=EDGE_CURVE('',#615,#613,#545,.T.);
#396=EDGE_CURVE('',#616,#617,#546,.T.);
#397=EDGE_CURVE('',#617,#618,#547,.T.);
#398=EDGE_CURVE('',#619,#618,#548,.T.);
#399=EDGE_CURVE('',#619,#616,#549,.T.);
#400=EDGE_CURVE('',#617,#620,#550,.T.);
#401=EDGE_CURVE('',#618,#621,#551,.T.);
#402=EDGE_CURVE('',#620,#616,#552,.T.);
#403=EDGE_CURVE('',#621,#619,#553,.T.);
#404=EDGE_CURVE('',#622,#623,#499,.T.);
#405=EDGE_CURVE('',#623,#624,#500,.T.);
#406=EDGE_CURVE('',#624,#625,#501,.T.);
#407=EDGE_CURVE('',#625,#622,#502,.T.);
#408=EDGE_CURVE('',#626,#627,#554,.T.);
#409=EDGE_CURVE('',#627,#628,#555,.T.);
#410=EDGE_CURVE('',#628,#629,#556,.T.);
#411=EDGE_CURVE('',#630,#626,#557,.T.);
#412=EDGE_CURVE('',#629,#631,#558,.T.);
#413=EDGE_CURVE('',#632,#658,#503,.T.);
#414=EDGE_CURVE('',#634,#634,#559,.T.);
#415=EDGE_CURVE('',#635,#635,#504,.T.);
#416=EDGE_CURVE('',#635,#634,#560,.T.);
#417=EDGE_CURVE('',#636,#637,#561,.T.);
#418=EDGE_CURVE('',#637,#638,#562,.T.);
#419=EDGE_CURVE('',#638,#636,#563,.T.);
#420=EDGE_CURVE('',#639,#640,#564,.T.);
#421=EDGE_CURVE('',#640,#637,#565,.T.);
#422=EDGE_CURVE('',#641,#642,#566,.T.);
#423=EDGE_CURVE('',#642,#640,#567,.T.);
#424=EDGE_CURVE('',#639,#641,#568,.T.);
#425=EDGE_CURVE('',#643,#644,#569,.T.);
#426=EDGE_CURVE('',#644,#642,#570,.T.);
#427=EDGE_CURVE('',#641,#643,#571,.T.);
#428=EDGE_CURVE('',#645,#646,#572,.T.);
#429=EDGE_CURVE('',#646,#644,#573,.T.);
#430=EDGE_CURVE('',#647,#646,#574,.T.);
#431=EDGE_CURVE('',#645,#647,#575,.T.);
#432=EDGE_CURVE('',#647,#638,#576,.T.);
#433=EDGE_CURVE('',#623,#664,#505,.T.);
#434=EDGE_CURVE('',#648,#624,#577,.T.);
#435=EDGE_CURVE('',#643,#645,#506,.T.);
#436=EDGE_CURVE('',#636,#639,#507,.T.);
#437=EDGE_CURVE('',#649,#660,#508,.T.);
#438=EDGE_CURVE('',#650,#651,#509,.T.);
#439=EDGE_CURVE('',#651,#649,#578,.T.);
#440=EDGE_CURVE('',#649,#628,#579,.T.);
#441=EDGE_CURVE('',#627,#648,#580,.T.);
#442=EDGE_CURVE('',#650,#652,#581,.T.);
#443=EDGE_CURVE('',#652,#653,#510,.T.);
#444=EDGE_CURVE('',#653,#651,#582,.T.);
#445=EDGE_CURVE('',#653,#631,#583,.T.);
#446=EDGE_CURVE('',#630,#625,#584,.T.);
#447=EDGE_CURVE('',#633,#654,#585,.T.);
#448=EDGE_CURVE('',#655,#632,#586,.T.);
#449=EDGE_CURVE('',#622,#610,#587,.T.);
#450=EDGE_CURVE('',#632,#612,#588,.T.);
#451=EDGE_CURVE('',#654,#619,#589,.T.);
#452=EDGE_CURVE('',#633,#621,#590,.T.);
#453=EDGE_CURVE('',#656,#657,#591,.T.);
#454=EDGE_CURVE('',#658,#659,#592,.T.);
#455=EDGE_CURVE('',#656,#661,#593,.T.);
#456=EDGE_CURVE('',#658,#666,#594,.T.);
#457=EDGE_CURVE('',#657,#633,#511,.T.);
#458=EDGE_CURVE('',#662,#657,#595,.T.);
#459=EDGE_CURVE('',#663,#650,#512,.T.);
#460=EDGE_CURVE('',#660,#663,#596,.T.);
#461=EDGE_CURVE('',#661,#662,#597,.T.);
#462=EDGE_CURVE('',#661,#660,#598,.T.);
#463=EDGE_CURVE('',#663,#662,#599,.T.);
#464=EDGE_CURVE('',#665,#659,#600,.T.);
#465=EDGE_CURVE('',#667,#648,#513,.T.);
#466=EDGE_CURVE('',#664,#667,#601,.T.);
#467=EDGE_CURVE('',#666,#665,#602,.T.);
#468=EDGE_CURVE('',#666,#664,#603,.T.);
#469=EDGE_CURVE('',#667,#665,#604,.T.);
#470=EDGE_CURVE('',#669,#630,#514,.T.);
#471=EDGE_CURVE('',#669,#668,#515,.T.);
#472=EDGE_CURVE('',#668,#668,#516,.T.);
#473=EDGE_CURVE('',#631,#669,#517,.T.);
#474=EDGE_CURVE('',#629,#626,#605,.T.);
#475=EDGE_CURVE('',#670,#670,#518,.T.);
#476=EDGE_CURVE('',#671,#671,#519,.T.);
#477=EDGE_CURVE('',#670,#671,#520,.T.);
#478=EDGE_CURVE('',#672,#672,#521,.T.);
#479=EDGE_CURVE('',#673,#673,#522,.T.);
#480=EDGE_CURVE('',#672,#673,#523,.T.);
#481=EDGE_CURVE('',#674,#674,#524,.T.);
#482=EDGE_CURVE('',#675,#675,#525,.T.);
#483=EDGE_CURVE('',#674,#675,#526,.T.);
#484=EDGE_CURVE('',#659,#676,#527,.T.);
#485=EDGE_CURVE('',#676,#656,#528,.T.);
#486=EDGE_CURVE('',#677,#677,#529,.T.);
#487=EDGE_CURVE('',#654,#655,#530,.T.);
#488=EDGE_CURVE('',#676,#677,#531,.T.);
#489=EDGE_CURVE('',#616,#652,#606,.T.);
#490=EDGE_CURVE('',#620,#650,#607,.T.);
#491=EDGE_CURVE('',#613,#655,#608,.T.);
#492=EDGE_CURVE('',#611,#623,#609,.T.);
#493=EDGE_CURVE('',#678,#678,#532,.T.);
#494=EDGE_CURVE('',#679,#679,#533,.T.);
#495=EDGE_CURVE('',#680,#680,#534,.T.);
#496=EDGE_CURVE('',#681,#681,#535,.T.);
#497=EDGE_CURVE('',#680,#678,#536,.T.);
#498=EDGE_CURVE('',#679,#681,#537,.T.);
#499=(
BOUNDED_CURVE()
B_SPLINE_CURVE(1,(#1066,#1067),.UNSPECIFIED.,.F.,.F.)
B_SPLINE_CURVE_WITH_KNOTS((2,2),(0.,0.642584745402601),.UNSPECIFIED.)
CURVE()
GEOMETRIC_REPRESENTATION_ITEM()
RATIONAL_B_SPLINE_CURVE((1.,1.))
REPRESENTATION_ITEM('')
);
#500=(
BOUNDED_CURVE()
B_SPLINE_CURVE(2,(#1068,#1069,#1070),.UNSPECIFIED.,.F.,.F.)
B_SPLINE_CURVE_WITH_KNOTS((3,3),(0.,7.40827066228428),.UNSPECIFIED.)
CURVE()
GEOMETRIC_REPRESENTATION_ITEM()
RATIONAL_B_SPLINE_CURVE((1.,0.907448240331593,1.))
REPRESENTATION_ITEM('')
);
#501=(
BOUNDED_CURVE()
B_SPLINE_CURVE(1,(#1071,#1072),.UNSPECIFIED.,.F.,.F.)
B_SPLINE_CURVE_WITH_KNOTS((2,2),(0.,0.642584745402601),.UNSPECIFIED.)
CURVE()
GEOMETRIC_REPRESENTATION_ITEM()
RATIONAL_B_SPLINE_CURVE((1.,1.))
REPRESENTATION_ITEM('')
);
#502=(
BOUNDED_CURVE()
B_SPLINE_CURVE(2,(#1073,#1074,#1075),.UNSPECIFIED.,.F.,.F.)
B_SPLINE_CURVE_WITH_KNOTS((3,3),(0.,7.40827066228436),.UNSPECIFIED.)
CURVE()
GEOMETRIC_REPRESENTATION_ITEM()
RATIONAL_B_SPLINE_CURVE((1.,0.907448240331574,1.))
REPRESENTATION_ITEM('')
);
#503=(
BOUNDED_CURVE()
B_SPLINE_CURVE(2,(#1086,#1087,#1088),.UNSPECIFIED.,.F.,.F.)
B_SPLINE_CURVE_WITH_KNOTS((3,3),(-2.50187026816126,-0.861855089242259),
 .UNSPECIFIED.)
CURVE()
GEOMETRIC_REPRESENTATION_ITEM()
RATIONAL_B_SPLINE_CURVE((1.,0.937983247006755,1.))
REPRESENTATION_ITEM('')
);
#504=(
BOUNDED_CURVE()
B_SPLINE_CURVE(2,(#1132,#1133,#1134,#1135,#1136,#1137,#1138,#1139,#1140),
 .UNSPECIFIED.,.T.,.F.)
B_SPLINE_CURVE_WITH_KNOTS((3,2,2,2,3),(-24.1558910376044,-18.1169182782038,
-12.0779455188022,-6.0389727594006,0.),.UNSPECIFIED.)
CURVE()
GEOMETRIC_REPRESENTATION_ITEM()
RATIONAL_B_SPLINE_CURVE((1.,0.707106781186548,1.,0.707106781186548,1.,0.707106781186548,
1.,0.707106781186548,1.))
REPRESENTATION_ITEM('')
);
#505=(
BOUNDED_CURVE()
B_SPLINE_CURVE(2,(#1183,#1184,#1185),.UNSPECIFIED.,.F.,.F.)
B_SPLINE_CURVE_WITH_KNOTS((3,3),(0.,11.5073266884652),.UNSPECIFIED.)
CURVE()
GEOMETRIC_REPRESENTATION_ITEM()
RATIONAL_B_SPLINE_CURVE((1.,0.827872177892309,1.))
REPRESENTATION_ITEM('')
);
#506=(
BOUNDED_CURVE()
B_SPLINE_CURVE(2,(#1188,#1189,#1190),.UNSPECIFIED.,.F.,.F.)
B_SPLINE_CURVE_WITH_KNOTS((3,3),(-4.41058359547726,0.),.UNSPECIFIED.)
CURVE()
GEOMETRIC_REPRESENTATION_ITEM()
RATIONAL_B_SPLINE_CURVE((1.,0.96404217545054,1.))
REPRESENTATION_ITEM('')
);
#507=(
BOUNDED_CURVE()
B_SPLINE_CURVE(2,(#1191,#1192,#1193),.UNSPECIFIED.,.F.,.F.)
B_SPLINE_CURVE_WITH_KNOTS((3,3),(-4.41058359547734,0.),.UNSPECIFIED.)
CURVE()
GEOMETRIC_REPRESENTATION_ITEM()
RATIONAL_B_SPLINE_CURVE((1.,0.964042175450527,1.))
REPRESENTATION_ITEM('')
);
#508=(
BOUNDED_CURVE()
B_SPLINE_CURVE(2,(#1194,#1195,#1196,#1197,#1198),.UNSPECIFIED.,.F.,.F.)
B_SPLINE_CURVE_WITH_KNOTS((3,2,3),(0.,10.4411269079419,18.534869875851),
 .UNSPECIFIED.)
CURVE()
GEOMETRIC_REPRESENTATION_ITEM()
RATIONAL_B_SPLINE_CURVE((1.,0.837458623506537,1.,0.899863529519182,1.))
REPRESENTATION_ITEM('')
);
#509=(
BOUNDED_CURVE()
B_SPLINE_CURVE(2,(#1199,#1200,#1201),.UNSPECIFIED.,.F.,.F.)
B_SPLINE_CURVE_WITH_KNOTS((3,3),(0.,7.40827066228551),.UNSPECIFIED.)
CURVE()
GEOMETRIC_REPRESENTATION_ITEM()
RATIONAL_B_SPLINE_CURVE((1.,0.907448240331543,1.))
REPRESENTATION_ITEM('')
);
#510=(
BOUNDED_CURVE()
B_SPLINE_CURVE(2,(#1210,#1211,#1212),.UNSPECIFIED.,.F.,.F.)
B_SPLINE_CURVE_WITH_KNOTS((3,3),(0.,7.40827066228443),.UNSPECIFIED.)
CURVE()
GEOMETRIC_REPRESENTATION_ITEM()
RATIONAL_B_SPLINE_CURVE((1.,0.907448240331564,1.))
REPRESENTATION_ITEM('')
);
#511=(
BOUNDED_CURVE()
B_SPLINE_CURVE(2,(#1239,#1240,#1241),.UNSPECIFIED.,.F.,.F.)
B_SPLINE_CURVE_WITH_KNOTS((3,3),(-1.64873992955365,0.),.UNSPECIFIED.)
CURVE()
GEOMETRIC_REPRESENTATION_ITEM()
RATIONAL_B_SPLINE_CURVE((1.,0.937320900218417,1.))
REPRESENTATION_ITEM('')
);
#512=(
BOUNDED_CURVE()
B_SPLINE_CURVE(2,(#1244,#1245,#1246),.UNSPECIFIED.,.F.,.F.)
B_SPLINE_CURVE_WITH_KNOTS((3,3),(2.59543195042457,14.110673659008),
 .UNSPECIFIED.)
CURVE()
GEOMETRIC_REPRESENTATION_ITEM()
RATIONAL_B_SPLINE_CURVE((1.,0.827647094131643,1.))
REPRESENTATION_ITEM('')
);
#513=(
BOUNDED_CURVE()
B_SPLINE_CURVE(2,(#1265,#1266,#1267,#1268,#1269),.UNSPECIFIED.,.F.,.F.)
B_SPLINE_CURVE_WITH_KNOTS((3,2,3),(2.35461357200576,10.4411269079421,20.8822538158842),
 .UNSPECIFIED.)
CURVE()
GEOMETRIC_REPRESENTATION_ITEM()
RATIONAL_B_SPLINE_CURVE((1.,0.900038431509881,1.,0.837458623506528,1.))
REPRESENTATION_ITEM('')
);
#514=(
BOUNDED_CURVE()
B_SPLINE_CURVE(2,(#1286,#1287,#1288,#1289,#1290),.UNSPECIFIED.,.F.,.F.)
B_SPLINE_CURVE_WITH_KNOTS((3,2,3),(9.85566647261027,26.6439411739618,43.4322158753132),
 .UNSPECIFIED.)
CURVE()
GEOMETRIC_REPRESENTATION_ITEM()
RATIONAL_B_SPLINE_CURVE((1.,0.867790285893675,1.,0.867790285893675,1.))
REPRESENTATION_ITEM('')
);
#515=(
BOUNDED_CURVE()
B_SPLINE_CURVE(1,(#1291,#1292),.UNSPECIFIED.,.F.,.F.)
B_SPLINE_CURVE_WITH_KNOTS((2,2),(1.69776272582571,4.6977627258257),
 .UNSPECIFIED.)
CURVE()
GEOMETRIC_REPRESENTATION_ITEM()
RATIONAL_B_SPLINE_CURVE((1.,1.))
REPRESENTATION_ITEM('')
);
#516=(
BOUNDED_CURVE()
B_SPLINE_CURVE(2,(#1293,#1294,#1295,#1296,#1297,#1298,#1299,#1300,#1301,
#1302,#1303,#1304,#1305),.UNSPECIFIED.,.T.,.F.)
B_SPLINE_CURVE_WITH_KNOTS((3,2,2,2,2,2,3),(-43.2872963568463,-21.6436481784231,
-3.5527136788005E-15,24.7307947443389,47.6817914429807,52.0860914795837,
60.8000708780481),.UNSPECIFIED.)
CURVE()
GEOMETRIC_REPRESENTATION_ITEM()
RATIONAL_B_SPLINE_CURVE((1.,0.775242636925492,1.,0.775242636925492,1.,0.768805765695157,
1.,0.785444092552258,0.969118163106694,0.957392712125077,0.969118163106694,
0.946749729742526,1.))
REPRESENTATION_ITEM('')
);
#517=(
BOUNDED_CURVE()
B_SPLINE_CURVE(2,(#1306,#1307,#1308,#1309,#1310,#1311,#1312,#1313,#1314),
 .UNSPECIFIED.,.F.,.F.)
B_SPLINE_CURVE_WITH_KNOTS((3,2,2,2,3),(0.,22.8274203552323,45.6548407104645,
50.0591407470676,58.6124878048584),.UNSPECIFIED.)
CURVE()
GEOMETRIC_REPRESENTATION_ITEM()
RATIONAL_B_SPLINE_CURVE((1.,0.792261215454445,1.,0.792261215454445,1.,0.987900906795473,
1.,0.96171595972951,1.))
REPRESENTATION_ITEM('')
);
#518=(
BOUNDED_CURVE()
B_SPLINE_CURVE(2,(#1325,#1326,#1327,#1328,#1329,#1330,#1331,#1332,#1333),
 .UNSPECIFIED.,.T.,.F.)
B_SPLINE_CURVE_WITH_KNOTS((3,2,2,2,3),(-10.2101761241668,-7.65763209312512,
-5.10508806208341,-2.55254403104171,0.),.UNSPECIFIED.)
CURVE()
GEOMETRIC_REPRESENTATION_ITEM()
RATIONAL_B_SPLINE_CURVE((1.,0.707106781186548,1.,0.707106781186548,1.,0.707106781186548,
1.,0.707106781186548,1.))
REPRESENTATION_ITEM('')
);
#519=(
BOUNDED_CURVE()
B_SPLINE_CURVE(2,(#1334,#1335,#1336,#1337,#1338,#1339,#1340,#1341,#1342),
 .UNSPECIFIED.,.T.,.F.)
B_SPLINE_CURVE_WITH_KNOTS((3,2,2,2,3),(-10.2101761241668,-7.65763209312512,
-5.10508806208341,-2.55254403104171,0.),.UNSPECIFIED.)
CURVE()
GEOMETRIC_REPRESENTATION_ITEM()
RATIONAL_B_SPLINE_CURVE((1.,0.707106781186548,1.,0.707106781186548,1.,0.707106781186548,
1.,0.707106781186548,1.))
REPRESENTATION_ITEM('')
);
#520=(
BOUNDED_CURVE()
B_SPLINE_CURVE(1,(#1343,#1344),.UNSPECIFIED.,.F.,.F.)
B_SPLINE_CURVE_WITH_KNOTS((2,2),(1.65840944270871,4.65840944270871),
 .UNSPECIFIED.)
CURVE()
GEOMETRIC_REPRESENTATION_ITEM()
RATIONAL_B_SPLINE_CURVE((1.,1.))
REPRESENTATION_ITEM('')
);
#521=(
BOUNDED_CURVE()
B_SPLINE_CURVE(2,(#1345,#1346,#1347,#1348,#1349,#1350,#1351,#1352,#1353),
 .UNSPECIFIED.,.T.,.F.)
B_SPLINE_CURVE_WITH_KNOTS((3,2,2,2,3),(-10.2101761241668,-7.65763209312512,
-5.10508806208341,-2.55254403104171,0.),.UNSPECIFIED.)
CURVE()
GEOMETRIC_REPRESENTATION_ITEM()
RATIONAL_B_SPLINE_CURVE((1.,0.707106781186548,1.,0.707106781186548,1.,0.707106781186548,
1.,0.707106781186548,1.))
REPRESENTATION_ITEM('')
);
#522=(
BOUNDED_CURVE()
B_SPLINE_CURVE(2,(#1354,#1355,#1356,#1357,#1358,#1359,#1360,#1361,#1362),
 .UNSPECIFIED.,.T.,.F.)
B_SPLINE_CURVE_WITH_KNOTS((3,2,2,2,3),(-10.2101761241668,-7.65763209312512,
-5.10508806208341,-2.55254403104171,0.),.UNSPECIFIED.)
CURVE()
GEOMETRIC_REPRESENTATION_ITEM()
RATIONAL_B_SPLINE_CURVE((1.,0.707106781186548,1.,0.707106781186548,1.,0.707106781186548,
1.,0.707106781186548,1.))
REPRESENTATION_ITEM('')
);
#523=(
BOUNDED_CURVE()
B_SPLINE_CURVE(1,(#1363,#1364),.UNSPECIFIED.,.F.,.F.)
B_SPLINE_CURVE_WITH_KNOTS((2,2),(1.65840944270871,4.65840944270871),
 .UNSPECIFIED.)
CURVE()
GEOMETRIC_REPRESENTATION_ITEM()
RATIONAL_B_SPLINE_CURVE((1.,1.))
REPRESENTATION_ITEM('')
);
#524=(
BOUNDED_CURVE()
B_SPLINE_CURVE(2,(#1365,#1366,#1367,#1368,#1369,#1370,#1371,#1372,#1373),
 .UNSPECIFIED.,.T.,.F.)
B_SPLINE_CURVE_WITH_KNOTS((3,2,2,2,3),(-10.2101761241668,-7.65763209312512,
-5.10508806208341,-2.55254403104171,0.),.UNSPECIFIED.)
CURVE()
GEOMETRIC_REPRESENTATION_ITEM()
RATIONAL_B_SPLINE_CURVE((1.,0.707106781186548,1.,0.707106781186548,1.,0.707106781186548,
1.,0.707106781186548,1.))
REPRESENTATION_ITEM('')
);
#525=(
BOUNDED_CURVE()
B_SPLINE_CURVE(2,(#1374,#1375,#1376,#1377,#1378,#1379,#1380,#1381,#1382),
 .UNSPECIFIED.,.T.,.F.)
B_SPLINE_CURVE_WITH_KNOTS((3,2,2,2,3),(-10.2101761241668,-7.65763209312512,
-5.10508806208341,-2.55254403104171,0.),.UNSPECIFIED.)
CURVE()
GEOMETRIC_REPRESENTATION_ITEM()
RATIONAL_B_SPLINE_CURVE((1.,0.707106781186548,1.,0.707106781186548,1.,0.707106781186548,
1.,0.707106781186548,1.))
REPRESENTATION_ITEM('')
);
#526=(
BOUNDED_CURVE()
B_SPLINE_CURVE(1,(#1383,#1384),.UNSPECIFIED.,.F.,.F.)
B_SPLINE_CURVE_WITH_KNOTS((2,2),(2.57535323202744,5.57535323202744),
 .UNSPECIFIED.)
CURVE()
GEOMETRIC_REPRESENTATION_ITEM()
RATIONAL_B_SPLINE_CURVE((1.,1.))
REPRESENTATION_ITEM('')
);
#527=(
BOUNDED_CURVE()
B_SPLINE_CURVE(2,(#1385,#1386,#1387,#1388,#1389),.UNSPECIFIED.,.F.,.F.)
B_SPLINE_CURVE_WITH_KNOTS((3,2,3),(-12.1469759480114,-9.21417266859697,
-6.28136938918252),.UNSPECIFIED.)
CURVE()
GEOMETRIC_REPRESENTATION_ITEM()
RATIONAL_B_SPLINE_CURVE((1.,0.828642137099631,1.,0.828642137099631,1.))
REPRESENTATION_ITEM('')
);
#528=(
BOUNDED_CURVE()
B_SPLINE_CURVE(2,(#1390,#1391,#1392,#1393,#1394),.UNSPECIFIED.,.F.,.F.)
B_SPLINE_CURVE_WITH_KNOTS((3,2,3),(-6.28136938918252,-3.268525177426,-0.917849323155386),
 .UNSPECIFIED.)
CURVE()
GEOMETRIC_REPRESENTATION_ITEM()
RATIONAL_B_SPLINE_CURVE((1.,0.81820787258843,1.,0.886988059606516,1.))
REPRESENTATION_ITEM('')
);
#529=(
BOUNDED_CURVE()
B_SPLINE_CURVE(2,(#1395,#1396,#1397,#1398,#1399,#1400,#1401,#1402,#1403,
#1404,#1405,#1406,#1407),.UNSPECIFIED.,.T.,.F.)
B_SPLINE_CURVE_WITH_KNOTS((3,2,2,2,2,2,3),(-6.51990745010964,-3.25995372505482,
0.,2.13668769316912,3.53289958631608,6.29111981072395,8.0458730338379),
 .UNSPECIFIED.)
CURVE()
GEOMETRIC_REPRESENTATION_ITEM()
RATIONAL_B_SPLINE_CURVE((1.,0.773961090667589,1.,0.773961090667589,1.,0.879342157743819,
1.,0.948939748555529,1.,0.835868005430918,1.,0.93167293934414,1.))
REPRESENTATION_ITEM('')
);
#530=(
BOUNDED_CURVE()
B_SPLINE_CURVE(2,(#1408,#1409,#1410,#1411,#1412,#1413,#1414,#1415,#1416),
 .UNSPECIFIED.,.F.,.F.)
B_SPLINE_CURVE_WITH_KNOTS((3,2,2,2,3),(-2.50187026816168,0.,2.13668769316901,
4.49677279333377,4.60300044309957),.UNSPECIFIED.)
CURVE()
GEOMETRIC_REPRESENTATION_ITEM()
RATIONAL_B_SPLINE_CURVE((1.,0.859124692984098,1.,0.879342157743782,1.,0.871789641449209,
1.,0.999680303216407,1.))
REPRESENTATION_ITEM('')
);
#531=(
BOUNDED_CURVE()
B_SPLINE_CURVE(1,(#1417,#1418,#1419,#1420),.UNSPECIFIED.,.F.,.F.)
B_SPLINE_CURVE_WITH_KNOTS((2,1,1,2),(4.31780382732265,10.6385988649119,
12.2187976243092,13.5166028127543),.UNSPECIFIED.)
CURVE()
GEOMETRIC_REPRESENTATION_ITEM()
RATIONAL_B_SPLINE_CURVE((1.,1.,1.,1.))
REPRESENTATION_ITEM('')
);
#532=(
BOUNDED_CURVE()
B_SPLINE_CURVE(2,(#1429,#1430,#1431,#1432,#1433,#1434,#1435,#1436,#1437),
 .UNSPECIFIED.,.T.,.F.)
B_SPLINE_CURVE_WITH_KNOTS((3,2,2,2,3),(-10.2101761241668,-7.65763209312512,
-5.10508806208341,-2.55254403104171,0.),.UNSPECIFIED.)
CURVE()
GEOMETRIC_REPRESENTATION_ITEM()
RATIONAL_B_SPLINE_CURVE((1.,0.707106781186548,1.,0.707106781186548,1.,0.707106781186548,
1.,0.707106781186548,1.))
REPRESENTATION_ITEM('')
);
#533=(
BOUNDED_CURVE()
B_SPLINE_CURVE(2,(#1438,#1439,#1440,#1441,#1442,#1443,#1444,#1445,#1446),
 .UNSPECIFIED.,.T.,.F.)
B_SPLINE_CURVE_WITH_KNOTS((3,2,2,2,3),(0.,2.55254403104171,5.10508806208341,
7.65763209312512,10.2101761241668),.UNSPECIFIED.)
CURVE()
GEOMETRIC_REPRESENTATION_ITEM()
RATIONAL_B_SPLINE_CURVE((1.,0.707106781186548,1.,0.707106781186548,1.,0.707106781186548,
1.,0.707106781186548,1.))
REPRESENTATION_ITEM('')
);
#534=(
BOUNDED_CURVE()
B_SPLINE_CURVE(2,(#1447,#1448,#1449,#1450,#1451,#1452,#1453,#1454,#1455),
 .UNSPECIFIED.,.T.,.F.)
B_SPLINE_CURVE_WITH_KNOTS((3,2,2,2,3),(-10.2101761241668,-7.65763209312512,
-5.10508806208341,-2.55254403104171,0.),.UNSPECIFIED.)
CURVE()
GEOMETRIC_REPRESENTATION_ITEM()
RATIONAL_B_SPLINE_CURVE((1.,0.707106781186548,1.,0.707106781186548,1.,0.707106781186548,
1.,0.707106781186548,1.))
REPRESENTATION_ITEM('')
);
#535=(
BOUNDED_CURVE()
B_SPLINE_CURVE(2,(#1456,#1457,#1458,#1459,#1460,#1461,#1462,#1463,#1464),
 .UNSPECIFIED.,.T.,.F.)
B_SPLINE_CURVE_WITH_KNOTS((3,2,2,2,3),(0.,2.55254403104171,5.10508806208341,
7.65763209312512,10.2101761241668),.UNSPECIFIED.)
CURVE()
GEOMETRIC_REPRESENTATION_ITEM()
RATIONAL_B_SPLINE_CURVE((1.,0.707106781186548,1.,0.707106781186548,1.,0.707106781186548,
1.,0.707106781186548,1.))
REPRESENTATION_ITEM('')
);
#536=(
BOUNDED_CURVE()
B_SPLINE_CURVE(1,(#1465,#1466),.UNSPECIFIED.,.F.,.F.)
B_SPLINE_CURVE_WITH_KNOTS((2,2),(12.5482753744408,15.5958087759528),
 .UNSPECIFIED.)
CURVE()
GEOMETRIC_REPRESENTATION_ITEM()
RATIONAL_B_SPLINE_CURVE((1.,1.))
REPRESENTATION_ITEM('')
);
#537=(
BOUNDED_CURVE()
B_SPLINE_CURVE(1,(#1467,#1468),.UNSPECIFIED.,.F.,.F.)
B_SPLINE_CURVE_WITH_KNOTS((2,2),(6.00724975349066,9.36306659950347),
 .UNSPECIFIED.)
CURVE()
GEOMETRIC_REPRESENTATION_ITEM()
RATIONAL_B_SPLINE_CURVE((1.,1.))
REPRESENTATION_ITEM('')
);
#538=B_SPLINE_CURVE_WITH_KNOTS('',1,(#1034,#1035),.UNSPECIFIED.,.F.,.F.,
(2,2),(-23.6153437707161,-22.6435521862773),.UNSPECIFIED.);
#539=B_SPLINE_CURVE_WITH_KNOTS('',1,(#1036,#1037),.UNSPECIFIED.,.F.,.F.,
(2,2),(-23.6153437707161,-22.6435521862773),.UNSPECIFIED.);
#540=B_SPLINE_CURVE_WITH_KNOTS('',1,(#1038,#1039),.UNSPECIFIED.,.F.,.F.,
(2,2),(0.,5.65762877950107),.UNSPECIFIED.);
#541=B_SPLINE_CURVE_WITH_KNOTS('',1,(#1040,#1041),.UNSPECIFIED.,.F.,.F.,
(2,2),(-22.6435521862773,-10.5450192983883),.UNSPECIFIED.);
#542=B_SPLINE_CURVE_WITH_KNOTS('',1,(#1042,#1043),.UNSPECIFIED.,.F.,.F.,
(2,2),(0.,5.65762877950107),.UNSPECIFIED.);
#543=B_SPLINE_CURVE_WITH_KNOTS('',1,(#1044,#1045),.UNSPECIFIED.,.F.,.F.,
(2,2),(-22.6435521862773,-10.5450192983883),.UNSPECIFIED.);
#544=B_SPLINE_CURVE_WITH_KNOTS('',1,(#1046,#1047),.UNSPECIFIED.,.F.,.F.,
(2,2),(-10.5450192983883,0.),.UNSPECIFIED.);
#545=B_SPLINE_CURVE_WITH_KNOTS('',1,(#1048,#1049),.UNSPECIFIED.,.F.,.F.,
(2,2),(-10.5450192983883,0.),.UNSPECIFIED.);
#546=B_SPLINE_CURVE_WITH_KNOTS('',1,(#1050,#1051),.UNSPECIFIED.,.F.,.F.,
(2,2),(-23.6153437707161,-13.0703244723278),.UNSPECIFIED.);
#547=B_SPLINE_CURVE_WITH_KNOTS('',1,(#1052,#1053),.UNSPECIFIED.,.F.,.F.,
(2,2),(0.,5.65762877950107),.UNSPECIFIED.);
#548=B_SPLINE_CURVE_WITH_KNOTS('',1,(#1054,#1055),.UNSPECIFIED.,.F.,.F.,
(2,2),(-23.6153437707161,-13.0703244723278),.UNSPECIFIED.);
#549=B_SPLINE_CURVE_WITH_KNOTS('',1,(#1056,#1057),.UNSPECIFIED.,.F.,.F.,
(2,2),(-5.65762877950107,0.),.UNSPECIFIED.);
#550=B_SPLINE_CURVE_WITH_KNOTS('',1,(#1058,#1059),.UNSPECIFIED.,.F.,.F.,
(2,2),(-13.0703244723278,-0.97179158443875),.UNSPECIFIED.);
#551=B_SPLINE_CURVE_WITH_KNOTS('',1,(#1060,#1061),.UNSPECIFIED.,.F.,.F.,
(2,2),(-13.0703244723278,-0.97179158443875),.UNSPECIFIED.);
#552=B_SPLINE_CURVE_WITH_KNOTS('',1,(#1062,#1063),.UNSPECIFIED.,.F.,.F.,
(2,2),(-0.97179158443875,0.),.UNSPECIFIED.);
#553=B_SPLINE_CURVE_WITH_KNOTS('',1,(#1064,#1065),.UNSPECIFIED.,.F.,.F.,
(2,2),(-0.97179158443875,0.),.UNSPECIFIED.);
#554=B_SPLINE_CURVE_WITH_KNOTS('',1,(#1076,#1077),.UNSPECIFIED.,.F.,.F.,
(2,2),(0.,9.33726430874191),.UNSPECIFIED.);
#555=B_SPLINE_CURVE_WITH_KNOTS('',1,(#1078,#1079),.UNSPECIFIED.,.F.,.F.,
(2,2),(0.,10.3507938841866),.UNSPECIFIED.);
#556=B_SPLINE_CURVE_WITH_KNOTS('',1,(#1080,#1081),.UNSPECIFIED.,.F.,.F.,
(2,2),(0.,9.33726430874183),.UNSPECIFIED.);
#557=B_SPLINE_CURVE_WITH_KNOTS('',1,(#1082,#1083),.UNSPECIFIED.,.F.,.F.,
(2,2),(0.,1.2189791962969),.UNSPECIFIED.);
#558=B_SPLINE_CURVE_WITH_KNOTS('',1,(#1084,#1085),.UNSPECIFIED.,.F.,.F.,
(2,2),(0.,1.218979196297),.UNSPECIFIED.);
#559=B_SPLINE_CURVE_WITH_KNOTS('',3,(#1089,#1090,#1091,#1092,#1093,#1094,
#1095,#1096,#1097,#1098,#1099,#1100,#1101,#1102,#1103,#1104,#1105,#1106,
#1107,#1108,#1109,#1110,#1111,#1112,#1113,#1114,#1115,#1116,#1117,#1118,
#1119,#1120,#1121,#1122,#1123,#1124,#1125,#1126,#1127,#1128,#1129,#1130,
#1131),.UNSPECIFIED.,.T.,.F.,(4,2,2,2,3,2,3,2,2,3,2,2,3,2,3,2,2,2,4),(-20.7500519689154,
-19.5303467893861,-18.3094784948889,-17.0856642444309,-15.8630781603421,
-14.849927851218,-13.8388714613726,-12.9772740100462,-12.1175134723457,
-10.3750259844577,-8.63253849656948,-7.77277795886919,-6.91118050754271,
-5.90012411769744,-4.88697380857325,-3.66438772448452,-2.44057347402678,
-1.21970517952914,0.),.UNSPECIFIED.);
#560=B_SPLINE_CURVE_WITH_KNOTS('',1,(#1141,#1142),.UNSPECIFIED.,.F.,.F.,
(2,2),(0.346982062541088,3.69680268795199),.UNSPECIFIED.);
#561=B_SPLINE_CURVE_WITH_KNOTS('',1,(#1143,#1144),.UNSPECIFIED.,.F.,.F.,
(2,2),(0.,0.980666413467098),.UNSPECIFIED.);
#562=B_SPLINE_CURVE_WITH_KNOTS('',1,(#1145,#1146),.UNSPECIFIED.,.F.,.F.,
(2,2),(0.,1.83186744561432),.UNSPECIFIED.);
#563=B_SPLINE_CURVE_WITH_KNOTS('',3,(#1147,#1148,#1149,#1150),
 .UNSPECIFIED.,.F.,.F.,(4,4),(0.,2.08128452338219),.UNSPECIFIED.);
#564=B_SPLINE_CURVE_WITH_KNOTS('',1,(#1151,#1152),.UNSPECIFIED.,.F.,.F.,
(2,2),(0.,2.8933143656953),.UNSPECIFIED.);
#565=B_SPLINE_CURVE_WITH_KNOTS('',1,(#1153,#1154),.UNSPECIFIED.,.F.,.F.,
(2,2),(0.,3.797523522337),.UNSPECIFIED.);
#566=B_SPLINE_CURVE_WITH_KNOTS('',1,(#1155,#1156),.UNSPECIFIED.,.F.,.F.,
(2,2),(0.,3.0422301217283),.UNSPECIFIED.);
#567=B_SPLINE_CURVE_WITH_KNOTS('',1,(#1157,#1158),.UNSPECIFIED.,.F.,.F.,
(2,2),(0.,3.79752352233623),.UNSPECIFIED.);
#568=B_SPLINE_CURVE_WITH_KNOTS('',3,(#1159,#1160,#1161,#1162),
 .UNSPECIFIED.,.F.,.F.,(4,4),(0.,3.80501666095884),.UNSPECIFIED.);
#569=B_SPLINE_CURVE_WITH_KNOTS('',1,(#1163,#1164),.UNSPECIFIED.,.F.,.F.,
(2,2),(0.,2.8933143656953),.UNSPECIFIED.);
#570=B_SPLINE_CURVE_WITH_KNOTS('',1,(#1165,#1166),.UNSPECIFIED.,.F.,.F.,
(2,2),(0.,3.79752352233623),.UNSPECIFIED.);
#571=B_SPLINE_CURVE_WITH_KNOTS('',3,(#1167,#1168,#1169,#1170),
 .UNSPECIFIED.,.F.,.F.,(4,4),(0.,3.80501666095884),.UNSPECIFIED.);
#572=B_SPLINE_CURVE_WITH_KNOTS('',1,(#1171,#1172),.UNSPECIFIED.,.F.,.F.,
(2,2),(0.,0.980666413467098),.UNSPECIFIED.);
#573=B_SPLINE_CURVE_WITH_KNOTS('',1,(#1173,#1174),.UNSPECIFIED.,.F.,.F.,
(2,2),(0.,3.797523522337),.UNSPECIFIED.);
#574=B_SPLINE_CURVE_WITH_KNOTS('',1,(#1175,#1176),.UNSPECIFIED.,.F.,.F.,
(2,2),(0.,1.83186744561432),.UNSPECIFIED.);
#575=B_SPLINE_CURVE_WITH_KNOTS('',3,(#1177,#1178,#1179,#1180),
 .UNSPECIFIED.,.F.,.F.,(4,4),(0.,2.08128452338219),.UNSPECIFIED.);
#576=B_SPLINE_CURVE_WITH_KNOTS('',1,(#1181,#1182),.UNSPECIFIED.,.F.,.F.,
(2,2),(0.,3.4046161950888),.UNSPECIFIED.);
#577=B_SPLINE_CURVE_WITH_KNOTS('',1,(#1186,#1187),.UNSPECIFIED.,.F.,.F.,
(2,2),(0.,8.),.UNSPECIFIED.);
#578=B_SPLINE_CURVE_WITH_KNOTS('',1,(#1202,#1203),.UNSPECIFIED.,.F.,.F.,
(2,2),(0.,8.),.UNSPECIFIED.);
#579=B_SPLINE_CURVE_WITH_KNOTS('',1,(#1204,#1205),.UNSPECIFIED.,.F.,.F.,
(2,2),(0.,2.17223919222099),.UNSPECIFIED.);
#580=B_SPLINE_CURVE_WITH_KNOTS('',1,(#1206,#1207),.UNSPECIFIED.,.F.,.F.,
(2,2),(0.,2.17223919222099),.UNSPECIFIED.);
#581=B_SPLINE_CURVE_WITH_KNOTS('',1,(#1208,#1209),.UNSPECIFIED.,.F.,.F.,
(2,2),(0.,0.642584745402601),.UNSPECIFIED.);
#582=B_SPLINE_CURVE_WITH_KNOTS('',1,(#1213,#1214),.UNSPECIFIED.,.F.,.F.,
(2,2),(0.,0.642584745402601),.UNSPECIFIED.);
#583=B_SPLINE_CURVE_WITH_KNOTS('',1,(#1215,#1216),.UNSPECIFIED.,.F.,.F.,
(2,2),(0.,7.83568208701399),.UNSPECIFIED.);
#584=B_SPLINE_CURVE_WITH_KNOTS('',1,(#1217,#1218),.UNSPECIFIED.,.F.,.F.,
(2,2),(0.,7.83568208701399),.UNSPECIFIED.);
#585=B_SPLINE_CURVE_WITH_KNOTS('',1,(#1219,#1220),.UNSPECIFIED.,.F.,.F.,
(2,2),(-0.642584745402601,0.),.UNSPECIFIED.);
#586=B_SPLINE_CURVE_WITH_KNOTS('',1,(#1221,#1222),.UNSPECIFIED.,.F.,.F.,
(2,2),(-0.642584745402601,0.),.UNSPECIFIED.);
#587=B_SPLINE_CURVE_WITH_KNOTS('',1,(#1223,#1224),.UNSPECIFIED.,.F.,.F.,
(2,2),(0.,0.269749872641909),.UNSPECIFIED.);
#588=B_SPLINE_CURVE_WITH_KNOTS('',1,(#1225,#1226),.UNSPECIFIED.,.F.,.F.,
(2,2),(0.,0.212004337253973),.UNSPECIFIED.);
#589=B_SPLINE_CURVE_WITH_KNOTS('',1,(#1227,#1228),.UNSPECIFIED.,.F.,.F.,
(2,2),(0.,0.212004337254144),.UNSPECIFIED.);
#590=B_SPLINE_CURVE_WITH_KNOTS('',1,(#1229,#1230),.UNSPECIFIED.,.F.,.F.,
(2,2),(0.,0.212004337254144),.UNSPECIFIED.);
#591=B_SPLINE_CURVE_WITH_KNOTS('',1,(#1231,#1232),.UNSPECIFIED.,.F.,.F.,
(2,2),(0.812000000000001,8.812),.UNSPECIFIED.);
#592=B_SPLINE_CURVE_WITH_KNOTS('',1,(#1233,#1234),.UNSPECIFIED.,.F.,.F.,
(2,2),(-8.812,-0.812000000000001),.UNSPECIFIED.);
#593=B_SPLINE_CURVE_WITH_KNOTS('',1,(#1235,#1236),.UNSPECIFIED.,.F.,.F.,
(2,2),(-11.5398393288451,-5.65721219885001),.UNSPECIFIED.);
#594=B_SPLINE_CURVE_WITH_KNOTS('',1,(#1237,#1238),.UNSPECIFIED.,.F.,.F.,
(2,2),(15.5648757819808,21.4520767378205),.UNSPECIFIED.);
#595=B_SPLINE_CURVE_WITH_KNOTS('',1,(#1242,#1243),.UNSPECIFIED.,.F.,.F.,
(2,2),(5.65721219885001,11.539839328845),.UNSPECIFIED.);
#596=B_SPLINE_CURVE_WITH_KNOTS('',1,(#1247,#1248),.UNSPECIFIED.,.F.,.F.,
(2,2),(-1.72084568816899E-15,8.),.UNSPECIFIED.);
#597=B_SPLINE_CURVE_WITH_KNOTS('',1,(#1249,#1250),.UNSPECIFIED.,.F.,.F.,
(2,2),(1.77635683940025E-15,8.),.UNSPECIFIED.);
#598=B_SPLINE_CURVE_WITH_KNOTS('',5,(#1251,#1252,#1253,#1254,#1255,#1256),
 .UNSPECIFIED.,.F.,.F.,(6,6),(-2.64963060673087,0.),.UNSPECIFIED.);
#599=B_SPLINE_CURVE_WITH_KNOTS('',5,(#1257,#1258,#1259,#1260,#1261,#1262),
 .UNSPECIFIED.,.F.,.F.,(6,6),(0.,2.64963060673087),.UNSPECIFIED.);
#600=B_SPLINE_CURVE_WITH_KNOTS('',1,(#1263,#1264),.UNSPECIFIED.,.F.,.F.,
(2,2),(1.59820939576034,6.73359473995232),.UNSPECIFIED.);
#601=B_SPLINE_CURVE_WITH_KNOTS('',1,(#1270,#1271),.UNSPECIFIED.,.F.,.F.,
(2,2),(9.99200722162641E-16,8.),.UNSPECIFIED.);
#602=B_SPLINE_CURVE_WITH_KNOTS('',1,(#1272,#1273),.UNSPECIFIED.,.F.,.F.,
(2,2),(2.22044604925031E-16,8.),.UNSPECIFIED.);
#603=B_SPLINE_CURVE_WITH_KNOTS('',5,(#1274,#1275,#1276,#1277,#1278,#1279),
 .UNSPECIFIED.,.F.,.F.,(6,6),(-2.65167958384757,0.),.UNSPECIFIED.);
#604=B_SPLINE_CURVE_WITH_KNOTS('',5,(#1280,#1281,#1282,#1283,#1284,#1285),
 .UNSPECIFIED.,.F.,.F.,(6,6),(0.,2.65167958384757),.UNSPECIFIED.);
#605=B_SPLINE_CURVE_WITH_KNOTS('',3,(#1315,#1316,#1317,#1318,#1319,#1320,
#1321,#1322,#1323,#1324),.UNSPECIFIED.,.F.,.F.,(4,3,3,4),(0.,5.53744734602712,
10.1706303563306,11.0482980114313),.UNSPECIFIED.);
#606=B_SPLINE_CURVE_WITH_KNOTS('',1,(#1421,#1422),.UNSPECIFIED.,.F.,.F.,
(2,2),(5.63025012735769,5.8999999999994),.UNSPECIFIED.);
#607=B_SPLINE_CURVE_WITH_KNOTS('',1,(#1423,#1424),.UNSPECIFIED.,.F.,.F.,
(2,2),(5.63025012735768,5.8999999999992),.UNSPECIFIED.);
#608=B_SPLINE_CURVE_WITH_KNOTS('',1,(#1425,#1426),.UNSPECIFIED.,.F.,.F.,
(2,2),(5.68799566274543,5.8999999999994),.UNSPECIFIED.);
#609=B_SPLINE_CURVE_WITH_KNOTS('',1,(#1427,#1428),.UNSPECIFIED.,.F.,.F.,
(2,2),(5.63025012735752,5.8999999999996),.UNSPECIFIED.);
#610=VERTEX_POINT('',#962);
#611=VERTEX_POINT('',#963);
#612=VERTEX_POINT('',#964);
#613=VERTEX_POINT('',#965);
#614=VERTEX_POINT('',#966);
#615=VERTEX_POINT('',#967);
#616=VERTEX_POINT('',#968);
#617=VERTEX_POINT('',#969);
#618=VERTEX_POINT('',#970);
#619=VERTEX_POINT('',#971);
#620=VERTEX_POINT('',#972);
#621=VERTEX_POINT('',#973);
#622=VERTEX_POINT('',#974);
#623=VERTEX_POINT('',#975);
#624=VERTEX_POINT('',#976);
#625=VERTEX_POINT('',#977);
#626=VERTEX_POINT('',#978);
#627=VERTEX_POINT('',#979);
#628=VERTEX_POINT('',#980);
#629=VERTEX_POINT('',#981);
#630=VERTEX_POINT('',#982);
#631=VERTEX_POINT('',#983);
#632=VERTEX_POINT('',#984);
#633=VERTEX_POINT('',#985);
#634=VERTEX_POINT('',#986);
#635=VERTEX_POINT('',#987);
#636=VERTEX_POINT('',#988);
#637=VERTEX_POINT('',#989);
#638=VERTEX_POINT('',#990);
#639=VERTEX_POINT('',#991);
#640=VERTEX_POINT('',#992);
#641=VERTEX_POINT('',#993);
#642=VERTEX_POINT('',#994);
#643=VERTEX_POINT('',#995);
#644=VERTEX_POINT('',#996);
#645=VERTEX_POINT('',#997);
#646=VERTEX_POINT('',#998);
#647=VERTEX_POINT('',#999);
#648=VERTEX_POINT('',#1000);
#649=VERTEX_POINT('',#1001);
#650=VERTEX_POINT('',#1002);
#651=VERTEX_POINT('',#1003);
#652=VERTEX_POINT('',#1004);
#653=VERTEX_POINT('',#1005);
#654=VERTEX_POINT('',#1006);
#655=VERTEX_POINT('',#1007);
#656=VERTEX_POINT('',#1008);
#657=VERTEX_POINT('',#1009);
#658=VERTEX_POINT('',#1010);
#659=VERTEX_POINT('',#1011);
#660=VERTEX_POINT('',#1012);
#661=VERTEX_POINT('',#1013);
#662=VERTEX_POINT('',#1014);
#663=VERTEX_POINT('',#1015);
#664=VERTEX_POINT('',#1016);
#665=VERTEX_POINT('',#1017);
#666=VERTEX_POINT('',#1018);
#667=VERTEX_POINT('',#1019);
#668=VERTEX_POINT('',#1020);
#669=VERTEX_POINT('',#1021);
#670=VERTEX_POINT('',#1022);
#671=VERTEX_POINT('',#1023);
#672=VERTEX_POINT('',#1024);
#673=VERTEX_POINT('',#1025);
#674=VERTEX_POINT('',#1026);
#675=VERTEX_POINT('',#1027);
#676=VERTEX_POINT('',#1028);
#677=VERTEX_POINT('',#1029);
#678=VERTEX_POINT('',#1030);
#679=VERTEX_POINT('',#1031);
#680=VERTEX_POINT('',#1032);
#681=VERTEX_POINT('',#1033);
#682=CYLINDRICAL_SURFACE('',#818,14.8660687473191);
#683=CYLINDRICAL_SURFACE('',#819,1.62499999999999);
#684=CYLINDRICAL_SURFACE('',#820,1.62499999999999);
#685=CYLINDRICAL_SURFACE('',#821,1.625);
#686=CYLINDRICAL_SURFACE('',#822,2.10000000000008);
#687=CYLINDRICAL_SURFACE('',#823,1.625);
#688=CYLINDRICAL_SURFACE('',#828,7.9999999999993);
#689=CYLINDRICAL_SURFACE('',#830,3.01948637970062);
#690=CYLINDRICAL_SURFACE('',#839,8.);
#691=CYLINDRICAL_SURFACE('',#840,8.00000000000002);
#692=CYLINDRICAL_SURFACE('',#842,7.99999999999929);
#693=CYLINDRICAL_SURFACE('',#851,1.625);
#694=B_SPLINE_SURFACE_WITH_KNOTS('',5,1,((#902,#903),(#904,#905),(#906,
#907),(#908,#909),(#910,#911),(#912,#913)),.UNSPECIFIED.,.F.,.F.,.F.,(6,
6),(2,2),(0.,2.64963060673087),(-1.,9.00000000000001),.UNSPECIFIED.);
#695=B_SPLINE_SURFACE_WITH_KNOTS('',5,1,((#914,#915),(#916,#917),(#918,
#919),(#920,#921),(#922,#923),(#924,#925)),.UNSPECIFIED.,.F.,.F.,.F.,(6,
6),(2,2),(0.,2.65167958384757),(-1.,9.),.UNSPECIFIED.);
#696=PLANE('',#812);
#697=PLANE('',#813);
#698=PLANE('',#814);
#699=PLANE('',#815);
#700=PLANE('',#816);
#701=PLANE('',#817);
#702=PLANE('',#824);
#703=PLANE('',#825);
#704=PLANE('',#826);
#705=PLANE('',#827);
#706=PLANE('',#829);
#707=PLANE('',#831);
#708=PLANE('',#832);
#709=PLANE('',#833);
#710=PLANE('',#834);
#711=PLANE('',#835);
#712=PLANE('',#836);
#713=PLANE('',#837);
#714=PLANE('',#838);
#715=PLANE('',#841);
#716=PLANE('',#843);
#717=PLANE('',#844);
#718=PLANE('',#845);
#719=PLANE('',#846);
#720=PLANE('',#847);
#721=PLANE('',#848);
#722=PLANE('',#849);
#723=PLANE('',#850);
#724=SHAPE_DEFINITION_REPRESENTATION(#725,#810);
#725=PRODUCT_DEFINITION_SHAPE('Document','',#727);
#726=PRODUCT_DEFINITION_CONTEXT('3D Mechanical Parts',#799,'design');
#727=PRODUCT_DEFINITION('A','First version',#769,#726);
#728=DATE_TIME_ROLE('classification_date');
#729=DATE_TIME_ROLE('creation_date');
#730=APPLIED_DATE_AND_TIME_ASSIGNMENT(#754,#728,(#733));
#731=APPLIED_DATE_AND_TIME_ASSIGNMENT(#756,#729,(#727));
#732=SECURITY_CLASSIFICATION_LEVEL('unclassified');
#733=SECURITY_CLASSIFICATION('A','Security for version',#732);
#734=APPLIED_SECURITY_CLASSIFICATION_ASSIGNMENT(#733,(#769));
#735=APPROVAL_ROLE('Version approval');
#736=APPROVAL_ROLE('Version Security approval');
#737=APPROVAL_ROLE('Definition approval');
#738=APPROVAL_PERSON_ORGANIZATION(#787,#763,#735);
#739=APPROVAL_PERSON_ORGANIZATION(#788,#764,#736);
#740=APPROVAL_PERSON_ORGANIZATION(#791,#765,#737);
#741=COORDINATED_UNIVERSAL_TIME_OFFSET(5,0,.BEHIND.);
#742=LOCAL_TIME(0,0,0.,#741);
#743=LOCAL_TIME(0,0,0.,#741);
#744=LOCAL_TIME(0,0,0.,#741);
#745=LOCAL_TIME(0,0,0.,#741);
#746=LOCAL_TIME(0,0,0.,#741);
#747=CALENDAR_DATE(1999,1,1);
#748=CALENDAR_DATE(1999,1,1);
#749=CALENDAR_DATE(1999,1,1);
#750=CALENDAR_DATE(1999,1,1);
#751=CALENDAR_DATE(1999,1,1);
#752=DATE_AND_TIME(#747,#742);
#753=DATE_AND_TIME(#748,#743);
#754=DATE_AND_TIME(#749,#744);
#755=DATE_AND_TIME(#750,#745);
#756=DATE_AND_TIME(#751,#746);
#757=APPROVAL_DATE_TIME(#752,#763);
#758=APPROVAL_DATE_TIME(#753,#764);
#759=APPROVAL_DATE_TIME(#755,#765);
#760=APPROVAL_STATUS('not_yet_approved');
#761=APPROVAL_STATUS('not_yet_approved');
#762=APPROVAL_STATUS('approved');
#763=APPROVAL(#760,'Version approval');
#764=APPROVAL(#761,'Version Security approval');
#765=APPROVAL(#762,'Definition approval');
#766=APPLIED_APPROVAL_ASSIGNMENT(#763,(#769));
#767=APPLIED_APPROVAL_ASSIGNMENT(#764,(#733));
#768=APPLIED_APPROVAL_ASSIGNMENT(#765,(#727));
#769=PRODUCT_DEFINITION_FORMATION_WITH_SPECIFIED_SOURCE('A',
'First version',#801,.MADE.);
#770=PERSON_AND_ORGANIZATION_ROLE('design_owner');
#771=PERSON_AND_ORGANIZATION_ROLE('creator');
#772=PERSON_AND_ORGANIZATION_ROLE('design_supplier');
#773=PERSON_AND_ORGANIZATION_ROLE('classification_officer');
#774=PERSON_AND_ORGANIZATION_ROLE('creator');
#775=ORGANIZATION('STI','lab','lab');
#776=ORGANIZATION('STI','unknown','unknown');
#777=ORGANIZATION('STI','unknown','unknown');
#778=ORGANIZATION('STI','unknown','unknown');
#779=ORGANIZATION('STI','unknown','unknown');
#780=ORGANIZATION('STI','unknown','unknown');
#781=ORGANIZATION('STI','unknown','unknown');
#782=PERSON('1','Box','vc60',$,$,$);
#783=PERSON('2','last','first',$,$,$);
#784=PERSON('3','President','Mr.',$,$,$);
#785=PERSON_AND_ORGANIZATION(#782,#775);
#786=PERSON_AND_ORGANIZATION(#783,#776);
#787=PERSON_AND_ORGANIZATION(#784,#777);
#788=PERSON_AND_ORGANIZATION(#784,#778);
#789=PERSON_AND_ORGANIZATION(#784,#779);
#790=PERSON_AND_ORGANIZATION(#783,#780);
#791=PERSON_AND_ORGANIZATION(#784,#781);
#792=APPLIED_PERSON_AND_ORGANIZATION_ASSIGNMENT(#785,#770,(#801));
#793=APPLIED_PERSON_AND_ORGANIZATION_ASSIGNMENT(#786,#771,(#769));
#794=APPLIED_PERSON_AND_ORGANIZATION_ASSIGNMENT(#786,#772,(#769));
#795=APPLIED_PERSON_AND_ORGANIZATION_ASSIGNMENT(#789,#773,(#733));
#796=APPLIED_PERSON_AND_ORGANIZATION_ASSIGNMENT(#790,#774,(#727));
#797=PRODUCT_RELATED_PRODUCT_CATEGORY('detail','detail',(#801));
#798=APPLICATION_PROTOCOL_DEFINITION('International Standard',
'config_control_design',1994,#799);
#799=APPLICATION_CONTEXT(
'configuration controlled 3d designs of mechanical parts and assemblie
s');
#800=PRODUCT_CONTEXT('3D Mechanical Parts',#799,'mechanical');
#801=PRODUCT('Document','Document','',(#800));
#802=(
LENGTH_UNIT()
NAMED_UNIT(*)
SI_UNIT(.MILLI.,.METRE.)
);
#803=(
NAMED_UNIT(*)
PLANE_ANGLE_UNIT()
SI_UNIT($,.RADIAN.)
);
#804=DIMENSIONAL_EXPONENTS(0.,0.,0.,0.,0.,0.,0.);
#805=PLANE_ANGLE_MEASURE_WITH_UNIT(PLANE_ANGLE_MEASURE(0.01745329252),#803);
#806=(
CONVERSION_BASED_UNIT('DEGREES',#805)
NAMED_UNIT(#804)
PLANE_ANGLE_UNIT()
);
#807=(
NAMED_UNIT(*)
SI_UNIT($,.STERADIAN.)
SOLID_ANGLE_UNIT()
);
#808=UNCERTAINTY_MEASURE_WITH_UNIT(LENGTH_MEASURE(0.001),#802,
'DISTANCE_ACCURACY_VALUE',
'Maximum model space distance between geometric entities at asserted c
onnectivities');
#809=(
GEOMETRIC_REPRESENTATION_CONTEXT(3)
GLOBAL_UNCERTAINTY_ASSIGNED_CONTEXT((#808))
GLOBAL_UNIT_ASSIGNED_CONTEXT((#807,#806,#802))
REPRESENTATION_CONTEXT('ID1','3D')
);
#810=SHAPE_REPRESENTATION('Document',(#811,#852),#809);
#811=AXIS2_PLACEMENT_3D('',#897,#853,#854);
#812=AXIS2_PLACEMENT_3D('',#898,#855,$);
#813=AXIS2_PLACEMENT_3D('',#899,#856,$);
#814=AXIS2_PLACEMENT_3D('',#900,#857,$);
#815=AXIS2_PLACEMENT_3D('',#901,#858,$);
#816=AXIS2_PLACEMENT_3D('',#926,#859,$);
#817=AXIS2_PLACEMENT_3D('',#927,#860,$);
#818=AXIS2_PLACEMENT_3D('',#928,#861,$);
#819=AXIS2_PLACEMENT_3D('',#929,#862,$);
#820=AXIS2_PLACEMENT_3D('',#930,#863,$);
#821=AXIS2_PLACEMENT_3D('',#931,#864,$);
#822=AXIS2_PLACEMENT_3D('',#932,#865,$);
#823=AXIS2_PLACEMENT_3D('',#933,#866,$);
#824=AXIS2_PLACEMENT_3D('',#934,#867,$);
#825=AXIS2_PLACEMENT_3D('',#935,#868,$);
#826=AXIS2_PLACEMENT_3D('',#936,#869,$);
#827=AXIS2_PLACEMENT_3D('',#937,#870,$);
#828=AXIS2_PLACEMENT_3D('',#938,#871,$);
#829=AXIS2_PLACEMENT_3D('',#939,#872,$);
#830=AXIS2_PLACEMENT_3D('',#940,#873,$);
#831=AXIS2_PLACEMENT_3D('',#941,#874,$);
#832=AXIS2_PLACEMENT_3D('',#942,#875,$);
#833=AXIS2_PLACEMENT_3D('',#943,#876,$);
#834=AXIS2_PLACEMENT_3D('',#944,#877,$);
#835=AXIS2_PLACEMENT_3D('',#945,#878,$);
#836=AXIS2_PLACEMENT_3D('',#946,#879,$);
#837=AXIS2_PLACEMENT_3D('',#947,#880,$);
#838=AXIS2_PLACEMENT_3D('',#948,#881,$);
#839=AXIS2_PLACEMENT_3D('',#949,#882,$);
#840=AXIS2_PLACEMENT_3D('',#950,#883,$);
#841=AXIS2_PLACEMENT_3D('',#951,#884,$);
#842=AXIS2_PLACEMENT_3D('',#952,#885,$);
#843=AXIS2_PLACEMENT_3D('',#953,#886,$);
#844=AXIS2_PLACEMENT_3D('',#954,#887,$);
#845=AXIS2_PLACEMENT_3D('',#955,#888,$);
#846=AXIS2_PLACEMENT_3D('',#956,#889,$);
#847=AXIS2_PLACEMENT_3D('',#957,#890,$);
#848=AXIS2_PLACEMENT_3D('',#958,#891,$);
#849=AXIS2_PLACEMENT_3D('',#959,#892,$);
#850=AXIS2_PLACEMENT_3D('',#960,#893,$);
#851=AXIS2_PLACEMENT_3D('',#961,#894,$);
#852=AXIS2_PLACEMENT_3D('',#1469,#895,#896);
#853=DIRECTION('',(0.,0.,1.));
#854=DIRECTION('',(1.,0.,0.));
#855=DIRECTION('',(-0.761813487536682,-0.64779642651623,0.));
#856=DIRECTION('',(-0.761813487536696,-0.647796426516214,0.));
#857=DIRECTION('',(0.,0.,1.));
#858=DIRECTION('',(0.,0.,-1.));
#859=DIRECTION('',(-1.,0.,0.));
#860=DIRECTION('',(1.,0.,0.));
#861=DIRECTION('',(1.,-2.15043426965734E-16,2.69520042791939E-15));
#862=DIRECTION('',(1.,0.,0.));
#863=DIRECTION('',(1.,-1.74902827264025E-14,-1.74902827264025E-14));
#864=DIRECTION('',(1.,0.,0.));
#865=DIRECTION('',(-1.,0.,0.));
#866=DIRECTION('',(0.,0.,-1.));
#867=DIRECTION('',(0.,0.,1.));
#868=DIRECTION('',(0.,0.,-1.));
#869=DIRECTION('',(0.,0.,-1.));
#870=DIRECTION('',(0.,0.,1.));
#871=DIRECTION('',(-1.,0.,0.));
#872=DIRECTION('',(0.606541992122002,0.795051452292664,0.));
#873=DIRECTION('',(0.,0.,-1.));
#874=DIRECTION('',(0.,0.,-1.));
#875=DIRECTION('',(-0.500000000000016,0.866025403784429,0.));
#876=DIRECTION('',(-1.,0.,0.));
#877=DIRECTION('',(-0.499999999999996,-0.866025403784441,0.));
#878=DIRECTION('',(0.500000000000003,-0.866025403784437,0.));
#879=DIRECTION('',(1.,0.,0.));
#880=DIRECTION('',(0.500000000000016,0.866025403784429,0.));
#881=DIRECTION('',(0.,0.,1.));
#882=DIRECTION('',(1.,0.,0.));
#883=DIRECTION('',(1.,0.,0.));
#884=DIRECTION('',(1.,0.,0.));
#885=DIRECTION('',(-1.,0.,0.));
#886=DIRECTION('',(0.,0.,-1.));
#887=DIRECTION('',(0.,0.,1.));
#888=DIRECTION('',(0.,-1.,0.));
#889=DIRECTION('',(-1.,0.,0.));
#890=DIRECTION('',(0.,-1.,0.));
#891=DIRECTION('',(0.,-1.,0.));
#892=DIRECTION('',(-1.,0.,0.));
#893=DIRECTION('',(0.,-1.,0.));
#894=DIRECTION('',(0.,0.,-1.));
#895=DIRECTION('',(0.,0.,1.));
#896=DIRECTION('',(1.,0.,0.));
#897=CARTESIAN_POINT('',(0.,0.,0.));
#898=CARTESIAN_POINT('',(-337.376717622761,69.3208671835511,-30.2350041854636));
#899=CARTESIAN_POINT('',(-338.019302368164,70.0765516947574,-45.6955044401786));
#900=CARTESIAN_POINT('',(-338.019302368164,61.3149021950401,-39.555250286764));
#901=CARTESIAN_POINT('',(-338.019302368164,69.1251004759255,-36.3700415118267));
#902=CARTESIAN_POINT('',(-328.376717622761,62.6442958300061,-40.925249711613));
#903=CARTESIAN_POINT('',(-338.376717622761,62.6442958300061,-40.925249711613));
#904=CARTESIAN_POINT('',(-328.376717622761,62.4260475851827,-40.3772499416734));
#905=CARTESIAN_POINT('',(-338.376717622761,62.4260475851827,-40.3772499416735));
#906=CARTESIAN_POINT('',(-328.376717622761,62.2583061705396,-39.8091351504453));
#907=CARTESIAN_POINT('',(-338.376717622761,62.2583061705396,-39.8091351504453));
#908=CARTESIAN_POINT('',(-328.376717622761,62.3936057369781,-39.555250286764));
#909=CARTESIAN_POINT('',(-338.376717622761,62.3936057369781,-39.555250286764));
#910=CARTESIAN_POINT('',(-328.376717622761,62.983466775039,-39.555250286764));
#911=CARTESIAN_POINT('',(-338.376717622761,62.9834667750391,-39.555250286764));
#912=CARTESIAN_POINT('',(-328.376717622761,63.5733278131,-39.555250286764));
#913=CARTESIAN_POINT('',(-338.376717622761,63.5733278131,-39.555250286764));
#914=CARTESIAN_POINT('',(-338.376717622761,62.6466730829497,-34.9992968259705));
#915=CARTESIAN_POINT('',(-328.376717622761,62.6466730829497,-34.9992968259704));
#916=CARTESIAN_POINT('',(-338.376717622761,62.4277962653869,-35.547594700313));
#917=CARTESIAN_POINT('',(-328.376717622761,62.4277962653869,-35.5475947003129));
#918=CARTESIAN_POINT('',(-338.376717622761,62.2594974206814,-36.1160829606771));
#919=CARTESIAN_POINT('',(-328.376717622761,62.2594974206814,-36.116082960677));
#920=CARTESIAN_POINT('',(-338.376717622761,62.3946664131194,-36.3700415118267));
#921=CARTESIAN_POINT('',(-328.376717622761,62.3946664131193,-36.3700415118267));
#922=CARTESIAN_POINT('',(-338.376717622761,62.9850371612725,-36.3700415118267));
#923=CARTESIAN_POINT('',(-328.376717622761,62.9850371612725,-36.3700415118267));
#924=CARTESIAN_POINT('',(-338.376717622761,63.5754079094257,-36.3700415118267));
#925=CARTESIAN_POINT('',(-328.376717622761,63.5754079094257,-36.3700415118267));
#926=CARTESIAN_POINT('',(-341.019302368164,52.4223110869727,-20.1259718160388));
#927=CARTESIAN_POINT('',(-338.019302368164,52.5153065865654,-21.7125786907709));
#928=CARTESIAN_POINT('',(-341.511656997039,70.07655169476,-37.9652543128188));
#929=CARTESIAN_POINT('',(-332.302956497387,75.9118281776224,-48.0722496573547));
#930=CARTESIAN_POINT('',(-332.302956497387,75.9118281776221,-27.8582589682872));
#931=CARTESIAN_POINT('',(-333.219900286706,58.4059987290277,-37.9652543128212));
#932=CARTESIAN_POINT('',(-337.042780452064,70.0765516947574,-37.9652543128211));
#933=CARTESIAN_POINT('',(-333.376717622761,66.6073546403084,-37.3817302258087));
#934=CARTESIAN_POINT('',(-338.09962546134,69.2264066196509,-30.2350041854636));
#935=CARTESIAN_POINT('',(-338.09962546134,69.2264066196509,-35.6532499755671));
#936=CARTESIAN_POINT('',(-338.099625461339,70.1710122586582,-45.6955044401786));
#937=CARTESIAN_POINT('',(-338.099625461339,70.1710122586582,-40.2772586500751));
#938=CARTESIAN_POINT('',(-337.698009995463,70.0765516947573,-37.965254312821));
#939=CARTESIAN_POINT('',(-338.896933442666,85.6121621412213,-31.742777982309));
#940=CARTESIAN_POINT('',(-333.376717620853,66.6073543371303,-44.2776940009815));
#941=CARTESIAN_POINT('',(-337.012101276494,62.9719706814893,-42.602783688276));
#942=CARTESIAN_POINT('',(-331.847250052067,63.6928696316303,-31.9234916110001));
#943=CARTESIAN_POINT('',(-330.087965780949,64.3168405269067,-33.3155561023834));
#944=CARTESIAN_POINT('',(-329.744894444346,68.3080440729375,-29.6272112820522));
#945=CARTESIAN_POINT('',(-333.033646286157,70.6029504911845,-29.6272112820522));
#946=CARTESIAN_POINT('',(-336.665469464574,64.3168405269067,-29.8195788635491));
#947=CARTESIAN_POINT('',(-336.838309991423,64.8083824038442,-31.9234916110001));
#948=CARTESIAN_POINT('',(-337.335219832936,71.0781000632766,-33.0142246658139));
#949=CARTESIAN_POINT('',(-333.376717622761,70.0765516947573,-37.9652543128208));
#950=CARTESIAN_POINT('',(-333.376717622761,70.0765516947574,-37.9652543128208));
#951=CARTESIAN_POINT('',(-329.376717622761,60.5063052825841,-26.9656243922328));
#952=CARTESIAN_POINT('',(-337.698009995463,70.0765516947573,-37.965254312821));
#953=CARTESIAN_POINT('',(-338.895560842704,75.3814151504339,-43.1406512549143));
#954=CARTESIAN_POINT('',(-338.895560842704,84.8082336548518,-32.7898573707277));
#955=CARTESIAN_POINT('',(-336.700459148221,70.0765516947573,-29.3632543128215));
#956=CARTESIAN_POINT('',(-337.376717622761,61.3335723682451,-37.6772543128211));
#957=CARTESIAN_POINT('',(-336.700459148221,70.0765516947573,-39.463254312821));
#958=CARTESIAN_POINT('',(-336.700459148221,70.0765516947573,-39.463254312821));
#959=CARTESIAN_POINT('',(-337.376717622761,61.3335723682451,-46.67725431282));
#960=CARTESIAN_POINT('',(-336.700459148221,70.0765516947573,-29.3632543128215));
#961=CARTESIAN_POINT('',(-333.376717622761,66.6073546403084,-37.3817302258087));
#962=CARTESIAN_POINT('',(-338.019302368164,70.0765516947573,-30.2350041854636));
#963=CARTESIAN_POINT('',(-337.376717622761,70.0765516947569,-30.2350041854636));
#964=CARTESIAN_POINT('',(-337.376717622761,70.0765516947569,-35.6532499755671));
#965=CARTESIAN_POINT('',(-338.019302368164,70.0765516947573,-35.6532499755671));
#966=CARTESIAN_POINT('',(-337.376717622761,69.3208671835511,-30.2350041854636));
#967=CARTESIAN_POINT('',(-337.376717622761,69.3208671835511,-35.6532499755671));
#968=CARTESIAN_POINT('',(-338.019302368164,70.0765516947574,-45.6955044401786));
#969=CARTESIAN_POINT('',(-337.376717622761,69.3208671835512,-45.6955044401786));
#970=CARTESIAN_POINT('',(-337.376717622761,69.3208671835512,-40.2772586500751));
#971=CARTESIAN_POINT('',(-338.019302368164,70.0765516947574,-40.2772586500751));
#972=CARTESIAN_POINT('',(-337.376717622761,70.0765516947569,-45.6955044401786));
#973=CARTESIAN_POINT('',(-337.376717622761,70.0765516947569,-40.2772586500751));
#974=CARTESIAN_POINT('',(-338.019302368164,70.0765516947574,-29.9652543128217));
#975=CARTESIAN_POINT('',(-337.376717622761,70.0765516947573,-29.9652543128215));
#976=CARTESIAN_POINT('',(-337.376717622761,76.1769833591364,-32.7898573707277));
#977=CARTESIAN_POINT('',(-338.019302368164,76.1769833591364,-32.7898573707277));
#978=CARTESIAN_POINT('',(-336.800323171867,84.0126654461504,-32.7898573707277));
#979=CARTESIAN_POINT('',(-329.376717622761,78.3492225513564,-32.7898573707277));
#980=CARTESIAN_POINT('',(-329.376717622761,78.3492225513564,-43.1406512549143));
#981=CARTESIAN_POINT('',(-336.800323171867,84.0126654461504,-43.1406512549143));
#982=CARTESIAN_POINT('',(-338.019302368164,84.0126654461503,-32.7898573707277));
#983=CARTESIAN_POINT('',(-338.019302368164,84.0126654461504,-43.1406512549143));
#984=CARTESIAN_POINT('',(-337.376717622761,70.0765516947573,-35.8652543128211));
#985=CARTESIAN_POINT('',(-337.376717622761,70.0765516947573,-40.0652543128209));
#986=CARTESIAN_POINT('',(-333.376717620853,69.6268407168303,-45.9526043136869));
#987=CARTESIAN_POINT('',(-333.376717620853,69.6268407168303,-42.602783688276));
#988=CARTESIAN_POINT('',(-330.087965780949,64.7085928791404,-32.0335582523468));
#989=CARTESIAN_POINT('',(-330.087965780949,64.7085928791404,-33.0142246658139));
#990=CARTESIAN_POINT('',(-331.674409525217,63.7926591563333,-33.0142246658139));
#991=CARTESIAN_POINT('',(-330.087965780949,68.5061164014774,-30.1209103001186));
#992=CARTESIAN_POINT('',(-330.087965780949,68.5061164014774,-33.0142246658139));
#993=CARTESIAN_POINT('',(-333.376717622761,70.4048781626454,-29.9719945440856));
#994=CARTESIAN_POINT('',(-333.376717622761,70.4048781626454,-33.0142246658139));
#995=CARTESIAN_POINT('',(-336.665469464574,68.5061164014774,-30.1209103001186));
#996=CARTESIAN_POINT('',(-336.665469464574,68.5061164014774,-33.0142246658139));
#997=CARTESIAN_POINT('',(-336.665469464574,64.7085928791404,-32.0335582523468));
#998=CARTESIAN_POINT('',(-336.665469464574,64.7085928791404,-33.0142246658139));
#999=CARTESIAN_POINT('',(-335.079025720306,63.7926591563333,-33.0142246658139));
#1000=CARTESIAN_POINT('',(-329.376717622761,76.1769833591354,-32.7898573707277));
#1001=CARTESIAN_POINT('',(-329.376717622761,76.1769833591354,-43.1406512549143));
#1002=CARTESIAN_POINT('',(-337.376717622761,70.0765516947563,-45.9652543128201));
#1003=CARTESIAN_POINT('',(-337.376717622761,76.1769833591364,-43.1406512549143));
#1004=CARTESIAN_POINT('',(-338.019302368164,70.0765516947574,-45.9652543128203));
#1005=CARTESIAN_POINT('',(-338.019302368164,76.1769833591364,-43.1406512549143));
#1006=CARTESIAN_POINT('',(-338.019302368164,70.0765516947574,-40.0652543128209));
#1007=CARTESIAN_POINT('',(-338.019302368164,70.0765516947574,-35.8652543128211));
#1008=CARTESIAN_POINT('',(-329.376717622761,68.7047234245846,-39.555250286764));
#1009=CARTESIAN_POINT('',(-337.376717622761,68.7047234245845,-39.555250286764));
#1010=CARTESIAN_POINT('',(-337.376717622761,68.7107932536178,-36.3700415118267));
#1011=CARTESIAN_POINT('',(-329.376717622761,68.7107932536177,-36.3700415118267));
#1012=CARTESIAN_POINT('',(-329.376717622761,62.6442958300062,-40.9252497116135));
#1013=CARTESIAN_POINT('',(-329.376717622761,63.5733278131,-39.555250286764));
#1014=CARTESIAN_POINT('',(-337.376717622761,63.5733278131,-39.555250286764));
#1015=CARTESIAN_POINT('',(-337.376717622761,62.6442958300065,-40.9252497116129));
#1016=CARTESIAN_POINT('',(-337.376717622761,62.6466730829502,-34.9992968259707));
#1017=CARTESIAN_POINT('',(-329.376717622761,63.5754079094257,-36.3700415118267));
#1018=CARTESIAN_POINT('',(-337.376717622761,63.5754079094257,-36.3700415118267));
#1019=CARTESIAN_POINT('',(-329.376717622761,62.6466730829498,-34.99929682597));
#1020=CARTESIAN_POINT('',(-341.019302368164,58.7618928508824,-28.3227185858074));
#1021=CARTESIAN_POINT('',(-338.019302368164,58.7618928508827,-28.3227185858076));
#1022=CARTESIAN_POINT('',(-341.019302368164,74.5045368964727,-47.2597496573547));
#1023=CARTESIAN_POINT('',(-338.019302368164,74.5045368964727,-47.2597496573547));
#1024=CARTESIAN_POINT('',(-341.019302368164,75.9118281776221,-29.4832589682872));
#1025=CARTESIAN_POINT('',(-338.019302368164,75.9118281776221,-29.4832589682873));
#1026=CARTESIAN_POINT('',(-341.019302368164,59.8132900101774,-37.1527543128212));
#1027=CARTESIAN_POINT('',(-338.019302368164,59.8132900101774,-37.1527543128212));
#1028=CARTESIAN_POINT('',(-329.376717622761,72.1665537360079,-38.1699283648375));
#1029=CARTESIAN_POINT('',(-341.019302368164,72.166553736008,-38.1699283648364));
#1030=CARTESIAN_POINT('',(-333.376717622761,68.2323546403084,-42.602783688276));
#1031=CARTESIAN_POINT('',(-333.376717622761,68.2323546403084,-33.0142246658139));
#1032=CARTESIAN_POINT('',(-333.376717622761,68.2323546403084,-39.555250286764));
#1033=CARTESIAN_POINT('',(-333.376717622761,68.2323546403084,-36.3700415118267));
#1034=CARTESIAN_POINT('',(-338.019302368164,70.0765516947573,-30.2350041854636));
#1035=CARTESIAN_POINT('',(-337.376717622761,70.0765516947569,-30.2350041854636));
#1036=CARTESIAN_POINT('',(-338.019302368164,70.0765516947573,-35.6532499755671));
#1037=CARTESIAN_POINT('',(-337.376717622761,70.0765516947569,-35.6532499755671));
#1038=CARTESIAN_POINT('',(-338.019302368164,70.0765516947573,-30.2350041854636));
#1039=CARTESIAN_POINT('',(-338.019302368164,70.0765516947573,-35.6532499755671));
#1040=CARTESIAN_POINT('',(-337.376717622761,70.0765516947569,-30.2350041854636));
#1041=CARTESIAN_POINT('',(-337.376717622761,69.3208671835511,-30.2350041854636));
#1042=CARTESIAN_POINT('',(-337.376717622761,69.3208671835511,-30.2350041854636));
#1043=CARTESIAN_POINT('',(-337.376717622761,69.3208671835511,-35.6532499755671));
#1044=CARTESIAN_POINT('',(-337.376717622761,70.0765516947569,-35.6532499755671));
#1045=CARTESIAN_POINT('',(-337.376717622761,69.3208671835511,-35.6532499755671));
#1046=CARTESIAN_POINT('',(-337.376717622761,69.3208671835511,-30.2350041854636));
#1047=CARTESIAN_POINT('',(-338.019302368164,70.0765516947573,-30.2350041854636));
#1048=CARTESIAN_POINT('',(-337.376717622761,69.3208671835511,-35.6532499755671));
#1049=CARTESIAN_POINT('',(-338.019302368164,70.0765516947573,-35.6532499755671));
#1050=CARTESIAN_POINT('',(-338.019302368164,70.0765516947574,-45.6955044401786));
#1051=CARTESIAN_POINT('',(-337.376717622761,69.3208671835512,-45.6955044401786));
#1052=CARTESIAN_POINT('',(-337.376717622761,69.3208671835512,-45.6955044401786));
#1053=CARTESIAN_POINT('',(-337.376717622761,69.3208671835512,-40.2772586500751));
#1054=CARTESIAN_POINT('',(-338.019302368164,70.0765516947574,-40.2772586500751));
#1055=CARTESIAN_POINT('',(-337.376717622761,69.3208671835512,-40.2772586500751));
#1056=CARTESIAN_POINT('',(-338.019302368164,70.0765516947574,-40.2772586500751));
#1057=CARTESIAN_POINT('',(-338.019302368164,70.0765516947574,-45.6955044401786));
#1058=CARTESIAN_POINT('',(-337.376717622761,69.3208671835512,-45.6955044401786));
#1059=CARTESIAN_POINT('',(-337.376717622761,70.0765516947569,-45.6955044401786));
#1060=CARTESIAN_POINT('',(-337.376717622761,69.3208671835512,-40.2772586500751));
#1061=CARTESIAN_POINT('',(-337.376717622761,70.0765516947569,-40.2772586500751));
#1062=CARTESIAN_POINT('',(-337.376717622761,70.0765516947569,-45.6955044401786));
#1063=CARTESIAN_POINT('',(-338.019302368164,70.0765516947574,-45.6955044401786));
#1064=CARTESIAN_POINT('',(-337.376717622761,70.0765516947569,-40.2772586500751));
#1065=CARTESIAN_POINT('',(-338.019302368164,70.0765516947574,-40.2772586500751));
#1066=CARTESIAN_POINT('',(-338.019302368164,70.0765516947574,-29.9652543128217));
#1067=CARTESIAN_POINT('',(-337.376717622761,70.0765516947573,-29.9652543128215));
#1068=CARTESIAN_POINT('',(-337.376717622761,70.0765516947573,-29.9652543128215));
#1069=CARTESIAN_POINT('',(-337.376717622761,73.7806870258995,-29.9652543128219));
#1070=CARTESIAN_POINT('',(-337.376717622761,76.1769833591364,-32.7898573707277));
#1071=CARTESIAN_POINT('',(-337.376717622761,76.1769833591364,-32.7898573707277));
#1072=CARTESIAN_POINT('',(-338.019302368164,76.1769833591364,-32.7898573707277));
#1073=CARTESIAN_POINT('',(-338.019302368164,76.1769833591364,-32.7898573707277));
#1074=CARTESIAN_POINT('',(-338.019302368164,73.7806870258996,-29.9652543128218));
#1075=CARTESIAN_POINT('',(-338.019302368164,70.0765516947574,-29.9652543128217));
#1076=CARTESIAN_POINT('',(-336.800323171867,84.0126654461504,-32.7898573707277));
#1077=CARTESIAN_POINT('',(-329.376717622761,78.3492225513564,-32.7898573707277));
#1078=CARTESIAN_POINT('',(-329.376717622761,78.3492225513564,-32.7898573707277));
#1079=CARTESIAN_POINT('',(-329.376717622761,78.3492225513564,-43.1406512549143));
#1080=CARTESIAN_POINT('',(-329.376717622761,78.3492225513564,-43.1406512549143));
#1081=CARTESIAN_POINT('',(-336.800323171867,84.0126654461504,-43.1406512549143));
#1082=CARTESIAN_POINT('',(-338.019302368164,84.0126654461503,-32.7898573707277));
#1083=CARTESIAN_POINT('',(-336.800323171867,84.0126654461504,-32.7898573707277));
#1084=CARTESIAN_POINT('',(-336.800323171867,84.0126654461504,-43.1406512549143));
#1085=CARTESIAN_POINT('',(-338.019302368164,84.0126654461504,-43.1406512549143));
#1086=CARTESIAN_POINT('',(-337.376717622761,70.0765516947573,-35.8652543128211));
#1087=CARTESIAN_POINT('',(-337.376717622761,69.3003872677394,-35.8652543128211));
#1088=CARTESIAN_POINT('',(-337.376717622762,68.7107932536178,-36.3700415118267));
#1089=CARTESIAN_POINT('',(-333.376717620853,69.6268407168303,-45.9526043136869));
#1090=CARTESIAN_POINT('',(-333.782467099218,69.6268407168303,-45.9526043136869));
#1091=CARTESIAN_POINT('',(-334.184298375674,69.5449690926513,-45.9491607372151));
#1092=CARTESIAN_POINT('',(-334.931155194309,69.2276224119344,-45.921679972897));
#1093=CARTESIAN_POINT('',(-335.267915901155,68.9954954104093,-45.8973360224528));
#1094=CARTESIAN_POINT('',(-335.82891759391,68.4149354362524,-45.7963495617512));
#1095=CARTESIAN_POINT('',(-336.043718071567,68.0762125169643,-45.7205094067935));
#1096=CARTESIAN_POINT('',(-336.329903826209,67.3481780561123,-45.4952625546903));
#1097=CARTESIAN_POINT('',(-336.396204000554,66.9733252780433,-45.3500319415521));
#1098=CARTESIAN_POINT('',(-336.396204000554,66.6073543371303,-45.1739067315352));
#1099=CARTESIAN_POINT('',(-336.396204000554,66.3035628735544,-45.0277056829214));
#1100=CARTESIAN_POINT('',(-336.350531610589,66.0108781468454,-44.8628556476785));
#1101=CARTESIAN_POINT('',(-336.185487469832,65.4628777746003,-44.5089671988231));
#1102=CARTESIAN_POINT('',(-336.066286573121,65.2075343981143,-44.3200408154293));
#1103=CARTESIAN_POINT('',(-335.917327617146,64.9756071618804,-44.1280754908621));
#1104=CARTESIAN_POINT('',(-335.792367432054,64.7810457125334,-43.967037691341));
#1105=CARTESIAN_POINT('',(-335.645298866658,64.6012217022283,-43.8024180936129));
#1106=CARTESIAN_POINT('',(-335.312862929254,64.2788051108814,-43.4822855601944));
#1107=CARTESIAN_POINT('',(-335.124310744702,64.1331273326913,-43.3235694862688));
#1108=CARTESIAN_POINT('',(-334.494079724775,63.7596476574824,-42.8890654869246));
#1109=CARTESIAN_POINT('',(-333.968450675005,63.5878679574294,-42.6446755758555));
#1110=CARTESIAN_POINT('',(-333.376717620853,63.5878679574294,-42.6446755758555));
#1111=CARTESIAN_POINT('',(-332.784984566702,63.5878679574294,-42.6446755758555));
#1112=CARTESIAN_POINT('',(-332.259355516932,63.7596476574824,-42.8890654869246));
#1113=CARTESIAN_POINT('',(-331.629124497004,64.1331273326913,-43.3235694862687));
#1114=CARTESIAN_POINT('',(-331.440572312453,64.2788051108814,-43.4822855601945));
#1115=CARTESIAN_POINT('',(-331.108136375049,64.6012217022283,-43.8024180936129));
#1116=CARTESIAN_POINT('',(-330.961067809653,64.7810457125334,-43.9670376913411));
#1117=CARTESIAN_POINT('',(-330.836107624561,64.9756071618804,-44.1280754908621));
#1118=CARTESIAN_POINT('',(-330.687148668586,65.2075343981143,-44.3200408154293));
#1119=CARTESIAN_POINT('',(-330.567947771875,65.4628777746003,-44.5089671988231));
#1120=CARTESIAN_POINT('',(-330.402903631118,66.0108781468454,-44.8628556476785));
#1121=CARTESIAN_POINT('',(-330.357231241153,66.3035628735544,-45.0277056829214));
#1122=CARTESIAN_POINT('',(-330.357231241153,66.6073543371303,-45.1739067315352));
#1123=CARTESIAN_POINT('',(-330.357231241153,66.9733252780433,-45.3500319415521));
#1124=CARTESIAN_POINT('',(-330.423531415498,67.3481780561123,-45.4952625546903));
#1125=CARTESIAN_POINT('',(-330.709717170139,68.0762125169643,-45.7205094067935));
#1126=CARTESIAN_POINT('',(-330.924517647797,68.4149354362524,-45.7963495617512));
#1127=CARTESIAN_POINT('',(-331.485519340551,68.9954954104093,-45.8973360224528));
#1128=CARTESIAN_POINT('',(-331.822280047397,69.2276224119344,-45.921679972897));
#1129=CARTESIAN_POINT('',(-332.569136866032,69.5449690926513,-45.9491607372151));
#1130=CARTESIAN_POINT('',(-332.970968142489,69.6268407168303,-45.9526043136869));
#1131=CARTESIAN_POINT('',(-333.376717620853,69.6268407168303,-45.9526043136869));
#1132=CARTESIAN_POINT('',(-333.376717620853,69.6268407168303,-42.602783688276));
#1133=CARTESIAN_POINT('',(-330.357231241153,69.6268407168303,-42.602783688276));
#1134=CARTESIAN_POINT('',(-330.357231241153,66.6073543371303,-42.602783688276));
#1135=CARTESIAN_POINT('',(-330.357231241153,63.5878679574293,-42.602783688276));
#1136=CARTESIAN_POINT('',(-333.376717620853,63.5878679574294,-42.602783688276));
#1137=CARTESIAN_POINT('',(-336.396204000554,63.5878679574293,-42.602783688276));
#1138=CARTESIAN_POINT('',(-336.396204000554,66.6073543371303,-42.602783688276));
#1139=CARTESIAN_POINT('',(-336.396204000554,69.6268407168303,-42.602783688276));
#1140=CARTESIAN_POINT('',(-333.376717620853,69.6268407168303,-42.602783688276));
#1141=CARTESIAN_POINT('',(-333.376717620853,69.6268407168303,-42.602783688276));
#1142=CARTESIAN_POINT('',(-333.376717620853,69.6268407168303,-45.9526043136869));
#1143=CARTESIAN_POINT('',(-330.087965780949,64.7085928791404,-32.0335582523468));
#1144=CARTESIAN_POINT('',(-330.087965780949,64.7085928791404,-33.0142246658139));
#1145=CARTESIAN_POINT('',(-330.087965780949,64.7085928791404,-33.0142246658139));
#1146=CARTESIAN_POINT('',(-331.674409525217,63.7926591563333,-33.0142246658139));
#1147=CARTESIAN_POINT('',(-331.674409525217,63.7926591563333,-33.0142246658139));
#1148=CARTESIAN_POINT('',(-331.169212342739,64.0843348856304,-32.6440271372901));
#1149=CARTESIAN_POINT('',(-330.632813826649,64.3940247132884,-32.3182304509528));
#1150=CARTESIAN_POINT('',(-330.087965780949,64.7085928791404,-32.0335582523468));
#1151=CARTESIAN_POINT('',(-330.087965780949,68.5061164014774,-30.1209103001186));
#1152=CARTESIAN_POINT('',(-330.087965780949,68.5061164014774,-33.0142246658139));
#1153=CARTESIAN_POINT('',(-330.087965780949,68.5061164014774,-33.0142246658139));
#1154=CARTESIAN_POINT('',(-330.087965780949,64.7085928791404,-33.0142246658139));
#1155=CARTESIAN_POINT('',(-333.376717622761,70.4048781626454,-29.9719945440856));
#1156=CARTESIAN_POINT('',(-333.376717622761,70.4048781626454,-33.0142246658139));
#1157=CARTESIAN_POINT('',(-333.376717622761,70.4048781626454,-33.0142246658139));
#1158=CARTESIAN_POINT('',(-330.087965780949,68.5061164014774,-33.0142246658139));
#1159=CARTESIAN_POINT('',(-330.087965780949,68.5061164014774,-30.1209103001186));
#1160=CARTESIAN_POINT('',(-331.17763998343,69.1352400956084,-29.9949599272764));
#1161=CARTESIAN_POINT('',(-332.281884375654,69.7727758927094,-29.946030680576));
#1162=CARTESIAN_POINT('',(-333.376717622761,70.4048781626454,-29.9719945440856));
#1163=CARTESIAN_POINT('',(-336.665469464574,68.5061164014774,-30.1209103001186));
#1164=CARTESIAN_POINT('',(-336.665469464574,68.5061164014774,-33.0142246658139));
#1165=CARTESIAN_POINT('',(-336.665469464574,68.5061164014774,-33.0142246658139));
#1166=CARTESIAN_POINT('',(-333.376717622761,70.4048781626454,-33.0142246658139));
#1167=CARTESIAN_POINT('',(-333.376717622761,70.4048781626454,-29.9719945440856));
#1168=CARTESIAN_POINT('',(-334.471550869869,69.7727758927094,-29.946030680576));
#1169=CARTESIAN_POINT('',(-335.575795262093,69.1352400956084,-29.9949599272764));
#1170=CARTESIAN_POINT('',(-336.665469464574,68.5061164014774,-30.1209103001186));
#1171=CARTESIAN_POINT('',(-336.665469464574,64.7085928791404,-32.0335582523468));
#1172=CARTESIAN_POINT('',(-336.665469464574,64.7085928791404,-33.0142246658139));
#1173=CARTESIAN_POINT('',(-336.665469464574,64.7085928791404,-33.0142246658139));
#1174=CARTESIAN_POINT('',(-336.665469464574,68.5061164014774,-33.0142246658139));
#1175=CARTESIAN_POINT('',(-335.079025720306,63.7926591563333,-33.0142246658139));
#1176=CARTESIAN_POINT('',(-336.665469464574,64.7085928791404,-33.0142246658139));
#1177=CARTESIAN_POINT('',(-336.665469464574,64.7085928791404,-32.0335582523468));
#1178=CARTESIAN_POINT('',(-336.120621418874,64.3940247132884,-32.3182304509528));
#1179=CARTESIAN_POINT('',(-335.584222902783,64.0843348856304,-32.6440271372901));
#1180=CARTESIAN_POINT('',(-335.079025720306,63.7926591563333,-33.0142246658139));
#1181=CARTESIAN_POINT('',(-335.079025720306,63.7926591563333,-33.0142246658139));
#1182=CARTESIAN_POINT('',(-331.674409525217,63.7926591563333,-33.0142246658139));
#1183=CARTESIAN_POINT('',(-337.376717622761,70.0765516947573,-29.9652543128215));
#1184=CARTESIAN_POINT('',(-337.376717622761,64.6562289399288,-29.9652543128216));
#1185=CARTESIAN_POINT('',(-337.376717622761,62.6466730829502,-34.9992968259707));
#1186=CARTESIAN_POINT('',(-329.376717622761,76.1769833591354,-32.7898573707277));
#1187=CARTESIAN_POINT('',(-337.376717622761,76.1769833591364,-32.7898573707277));
#1188=CARTESIAN_POINT('',(-336.665469464574,68.5061164014774,-30.1209103001186));
#1189=CARTESIAN_POINT('',(-336.665469464574,66.3437329627457,-30.5538188090121));
#1190=CARTESIAN_POINT('',(-336.665469464574,64.7085928791404,-32.0335582523468));
#1191=CARTESIAN_POINT('',(-330.087965780949,64.7085928791404,-32.0335582523468));
#1192=CARTESIAN_POINT('',(-330.087965780949,66.3437329627457,-30.553818809012));
#1193=CARTESIAN_POINT('',(-330.087965780949,68.5061164014774,-30.1209103001186));
#1194=CARTESIAN_POINT('',(-329.376717622761,76.1769833591354,-43.1406512549143));
#1195=CARTESIAN_POINT('',(-329.376717622761,72.7996723421743,-47.1216125799776));
#1196=CARTESIAN_POINT('',(-329.376717622761,67.7957702677421,-45.6332420594315));
#1197=CARTESIAN_POINT('',(-329.376717622761,64.079030946169,-44.5277277714823));
#1198=CARTESIAN_POINT('',(-329.376717622761,62.6442958300062,-40.9252497116135));
#1199=CARTESIAN_POINT('',(-337.376717622761,70.0765516947563,-45.9652543128201));
#1200=CARTESIAN_POINT('',(-337.376717622761,73.7806870258991,-45.9652543128206));
#1201=CARTESIAN_POINT('',(-337.376717622761,76.1769833591364,-43.1406512549143));
#1202=CARTESIAN_POINT('',(-337.376717622761,76.1769833591364,-43.1406512549143));
#1203=CARTESIAN_POINT('',(-329.376717622761,76.1769833591354,-43.1406512549143));
#1204=CARTESIAN_POINT('',(-329.376717622761,76.1769833591354,-43.1406512549143));
#1205=CARTESIAN_POINT('',(-329.376717622761,78.3492225513564,-43.1406512549143));
#1206=CARTESIAN_POINT('',(-329.376717622761,78.3492225513564,-32.7898573707277));
#1207=CARTESIAN_POINT('',(-329.376717622761,76.1769833591354,-32.7898573707277));
#1208=CARTESIAN_POINT('',(-337.376717622761,70.0765516947563,-45.9652543128201));
#1209=CARTESIAN_POINT('',(-338.019302368164,70.0765516947574,-45.9652543128203));
#1210=CARTESIAN_POINT('',(-338.019302368164,70.0765516947574,-45.9652543128203));
#1211=CARTESIAN_POINT('',(-338.019302368164,73.7806870258996,-45.9652543128203));
#1212=CARTESIAN_POINT('',(-338.019302368164,76.1769833591364,-43.1406512549143));
#1213=CARTESIAN_POINT('',(-338.019302368164,76.1769833591364,-43.1406512549143));
#1214=CARTESIAN_POINT('',(-337.376717622761,76.1769833591364,-43.1406512549143));
#1215=CARTESIAN_POINT('',(-338.019302368164,76.1769833591364,-43.1406512549143));
#1216=CARTESIAN_POINT('',(-338.019302368164,84.0126654461504,-43.1406512549143));
#1217=CARTESIAN_POINT('',(-338.019302368164,84.0126654461503,-32.7898573707277));
#1218=CARTESIAN_POINT('',(-338.019302368164,76.1769833591364,-32.7898573707277));
#1219=CARTESIAN_POINT('',(-337.376717622761,70.0765516947573,-40.0652543128209));
#1220=CARTESIAN_POINT('',(-338.019302368164,70.0765516947574,-40.0652543128209));
#1221=CARTESIAN_POINT('',(-338.019302368164,70.0765516947574,-35.8652543128211));
#1222=CARTESIAN_POINT('',(-337.376717622761,70.0765516947573,-35.8652543128211));
#1223=CARTESIAN_POINT('',(-338.019302368164,70.0765516947574,-29.9652543128217));
#1224=CARTESIAN_POINT('',(-338.019302368164,70.0765516947573,-30.2350041854636));
#1225=CARTESIAN_POINT('',(-337.376717622761,70.0765516947573,-35.8652543128211));
#1226=CARTESIAN_POINT('',(-337.376717622761,70.0765516947569,-35.6532499755671));
#1227=CARTESIAN_POINT('',(-338.019302368164,70.0765516947574,-40.0652543128209));
#1228=CARTESIAN_POINT('',(-338.019302368164,70.0765516947574,-40.2772586500751));
#1229=CARTESIAN_POINT('',(-337.376717622761,70.0765516947573,-40.0652543128209));
#1230=CARTESIAN_POINT('',(-337.376717622761,70.0765516947569,-40.2772586500751));
#1231=CARTESIAN_POINT('',(-329.376717622761,68.7047234245846,-39.555250286764));
#1232=CARTESIAN_POINT('',(-337.376717622761,68.7047234245845,-39.555250286764));
#1233=CARTESIAN_POINT('',(-337.376717622761,68.7107932536178,-36.3700415118267));
#1234=CARTESIAN_POINT('',(-329.376717622761,68.7107932536177,-36.3700415118267));
#1235=CARTESIAN_POINT('',(-329.376717622761,68.7047234245846,-39.555250286764));
#1236=CARTESIAN_POINT('',(-329.376717622761,63.5733278131,-39.555250286764));
#1237=CARTESIAN_POINT('',(-337.376717622761,68.7107932536178,-36.3700415118267));
#1238=CARTESIAN_POINT('',(-337.376717622761,63.5754079094257,-36.3700415118267));
#1239=CARTESIAN_POINT('',(-337.376717622761,68.7047234245845,-39.555250286764));
#1240=CARTESIAN_POINT('',(-337.376717622761,69.2958355672314,-40.0652543128212));
#1241=CARTESIAN_POINT('',(-337.376717622761,70.0765516947573,-40.0652543128209));
#1242=CARTESIAN_POINT('',(-337.376717622761,63.5733278131,-39.555250286764));
#1243=CARTESIAN_POINT('',(-337.376717622761,68.7047234245845,-39.555250286764));
#1244=CARTESIAN_POINT('',(-337.376717622761,62.6442958300065,-40.9252497116129));
#1245=CARTESIAN_POINT('',(-337.376717622761,64.6515451364003,-45.9652543128196));
#1246=CARTESIAN_POINT('',(-337.376717622761,70.0765516947563,-45.9652543128201));
#1247=CARTESIAN_POINT('',(-329.376717622761,62.6442958300062,-40.9252497116135));
#1248=CARTESIAN_POINT('',(-337.376717622761,62.6442958300065,-40.9252497116129));
#1249=CARTESIAN_POINT('',(-329.376717622761,63.5733278131,-39.555250286764));
#1250=CARTESIAN_POINT('',(-337.376717622761,63.5733278131,-39.555250286764));
#1251=CARTESIAN_POINT('',(-329.376717622761,63.5733278131,-39.555250286764));
#1252=CARTESIAN_POINT('',(-329.376717622761,62.9834667750391,-39.5552502867641));
#1253=CARTESIAN_POINT('',(-329.376717622761,62.3936057369781,-39.5552502867642));
#1254=CARTESIAN_POINT('',(-329.376717622761,62.2583061705396,-39.8091351504456));
#1255=CARTESIAN_POINT('',(-329.376717622761,62.4260475851828,-40.3772499416738));
#1256=CARTESIAN_POINT('',(-329.376717622761,62.6442958300062,-40.9252497116135));
#1257=CARTESIAN_POINT('',(-337.376717622761,62.6442958300065,-40.9252497116129));
#1258=CARTESIAN_POINT('',(-337.376717622761,62.426047585183,-40.3772499416733));
#1259=CARTESIAN_POINT('',(-337.376717622761,62.2583061705398,-39.8091351504453));
#1260=CARTESIAN_POINT('',(-337.376717622761,62.3936057369783,-39.555250286764));
#1261=CARTESIAN_POINT('',(-337.376717622761,62.9834667750391,-39.555250286764));
#1262=CARTESIAN_POINT('',(-337.376717622761,63.5733278131,-39.555250286764));
#1263=CARTESIAN_POINT('',(-329.376717622761,63.5754079094257,-36.3700415118267));
#1264=CARTESIAN_POINT('',(-329.376717622761,68.7107932536177,-36.3700415118267));
#1265=CARTESIAN_POINT('',(-329.376717622761,62.6466730829498,-34.99929682597));
#1266=CARTESIAN_POINT('',(-329.376717622761,64.0828289978499,-31.4016511541627));
#1267=CARTESIAN_POINT('',(-329.376717622761,67.7957702677421,-30.2972665662102));
#1268=CARTESIAN_POINT('',(-329.376717622761,72.7996723421743,-28.8088960456641));
#1269=CARTESIAN_POINT('',(-329.376717622761,76.1769833591354,-32.7898573707277));
#1270=CARTESIAN_POINT('',(-337.376717622761,62.6466730829502,-34.9992968259707));
#1271=CARTESIAN_POINT('',(-329.376717622761,62.6466730829498,-34.99929682597));
#1272=CARTESIAN_POINT('',(-337.376717622761,63.5754079094257,-36.3700415118267));
#1273=CARTESIAN_POINT('',(-329.376717622761,63.5754079094257,-36.3700415118267));
#1274=CARTESIAN_POINT('',(-337.376717622761,63.5754079094257,-36.3700415118267));
#1275=CARTESIAN_POINT('',(-337.376717622761,62.9850371612726,-36.3700415118268));
#1276=CARTESIAN_POINT('',(-337.376717622761,62.3946664131196,-36.3700415118268));
#1277=CARTESIAN_POINT('',(-337.376717622761,62.2594974206817,-36.1160829606772));
#1278=CARTESIAN_POINT('',(-337.376717622761,62.4277962653873,-35.5475947003131));
#1279=CARTESIAN_POINT('',(-337.376717622761,62.6466730829502,-34.9992968259707));
#1280=CARTESIAN_POINT('',(-329.376717622761,62.6466730829498,-34.99929682597));
#1281=CARTESIAN_POINT('',(-329.376717622761,62.427796265387,-35.5475947003126));
#1282=CARTESIAN_POINT('',(-329.376717622761,62.2594974206815,-36.1160829606768));
#1283=CARTESIAN_POINT('',(-329.376717622761,62.3946664131194,-36.3700415118266));
#1284=CARTESIAN_POINT('',(-329.376717622761,62.9850371612725,-36.3700415118266));
#1285=CARTESIAN_POINT('',(-329.376717622761,63.5754079094257,-36.3700415118267));
#1286=CARTESIAN_POINT('',(-338.019302368164,58.7618928508827,-28.3227185858076));
#1287=CARTESIAN_POINT('',(-338.019302368164,64.2835852777379,-21.8435031782209));
#1288=CARTESIAN_POINT('',(-338.019302368164,72.6663081869728,-23.326498856464));
#1289=CARTESIAN_POINT('',(-338.019302368164,81.0490310962076,-24.8094945347071));
#1290=CARTESIAN_POINT('',(-338.019302368164,84.0126654461503,-32.7898573707277));
#1291=CARTESIAN_POINT('',(-338.019302368164,58.7618928508827,-28.3227185858076));
#1292=CARTESIAN_POINT('',(-341.019302368164,58.7618928508824,-28.3227185858074));
#1293=CARTESIAN_POINT('',(-341.019302368164,58.7618928508824,-28.3227185858074));
#1294=CARTESIAN_POINT('',(-341.019302368164,66.6185794689964,-19.1035949814061));
#1295=CARTESIAN_POINT('',(-341.019302368164,77.2347199968538,-24.9360322885073));
#1296=CARTESIAN_POINT('',(-341.019302368164,87.8508605247111,-30.7684695956085));
#1297=CARTESIAN_POINT('',(-341.019302368164,84.2831433487914,-42.343924610472));
#1298=CARTESIAN_POINT('',(-341.019302368164,80.6410238945852,-54.1607777471132));
#1299=CARTESIAN_POINT('',(-341.019302368164,68.3584826275361,-52.731710850537));
#1300=CARTESIAN_POINT('',(-341.019302368164,57.2013379815372,-51.4335832296117));
#1301=CARTESIAN_POINT('',(-341.019302368164,55.4023822571771,-40.3461682796001));
#1302=CARTESIAN_POINT('',(-341.019302368164,55.0286125540133,-38.0425319317817));
#1303=CARTESIAN_POINT('',(-341.019302368164,55.3787028465275,-35.7351782525465));
#1304=CARTESIAN_POINT('',(-341.019302368164,56.0141797888588,-31.5469157034344));
#1305=CARTESIAN_POINT('',(-341.019302368164,58.7618928508824,-28.3227185858073));
#1306=CARTESIAN_POINT('',(-338.019302368164,84.0126654461504,-43.1406512549143));
#1307=CARTESIAN_POINT('',(-338.019302368164,80.0266891150391,-53.8739380312238));
#1308=CARTESIAN_POINT('',(-338.019302368164,68.6313993416094,-52.7609136315599));
#1309=CARTESIAN_POINT('',(-338.019302368164,57.2361095681797,-51.647889231896));
#1310=CARTESIAN_POINT('',(-338.019302368164,55.4023822571773,-40.3461682796001));
#1311=CARTESIAN_POINT('',(-338.019302368164,55.0286125540133,-38.0425319317817));
#1312=CARTESIAN_POINT('',(-338.019302368164,55.3787028465278,-35.7351782525465));
#1313=CARTESIAN_POINT('',(-338.019302368164,56.0141797888594,-31.5469157034346));
#1314=CARTESIAN_POINT('',(-338.019302368164,58.7618928508827,-28.3227185858076));
#1315=CARTESIAN_POINT('',(-336.800323171867,84.0126654461504,-43.1406512549143));
#1316=CARTESIAN_POINT('',(-337.564200445763,84.5954247658264,-41.5713334350434));
#1317=CARTESIAN_POINT('',(-338.019301787688,84.9426199992324,-39.8224983347738));
#1318=CARTESIAN_POINT('',(-338.019302368164,84.9426204420754,-37.9652578584287));
#1319=CARTESIAN_POINT('',(-338.019302852818,84.9426208118164,-36.4146023178521));
#1320=CARTESIAN_POINT('',(-337.701664061314,84.7002952807854,-34.9291825344613));
#1321=CARTESIAN_POINT('',(-337.141922917226,84.2732707056724,-33.554679596855));
#1322=CARTESIAN_POINT('',(-337.035892242732,84.1923802722954,-33.2943101830522));
#1323=CARTESIAN_POINT('',(-336.921755105539,84.1053054466744,-33.0393149276352));
#1324=CARTESIAN_POINT('',(-336.800323171867,84.0126654461504,-32.7898573707277));
#1325=CARTESIAN_POINT('',(-341.019302368164,74.5045368964727,-47.2597496573547));
#1326=CARTESIAN_POINT('',(-341.019302368164,75.3170368964726,-45.8524583762049));
#1327=CARTESIAN_POINT('',(-341.019302368164,76.7243281776224,-46.6649583762049));
#1328=CARTESIAN_POINT('',(-341.019302368164,78.1316194587721,-47.477458376205));
#1329=CARTESIAN_POINT('',(-341.019302368164,77.3191194587721,-48.8847496573547));
#1330=CARTESIAN_POINT('',(-341.019302368164,76.5066194587721,-50.2920409385044));
#1331=CARTESIAN_POINT('',(-341.019302368164,75.0993281776224,-49.4795409385044));
#1332=CARTESIAN_POINT('',(-341.019302368164,73.6920368964727,-48.6670409385044));
#1333=CARTESIAN_POINT('',(-341.019302368164,74.5045368964727,-47.2597496573547));
#1334=CARTESIAN_POINT('',(-338.019302368164,74.5045368964727,-47.2597496573547));
#1335=CARTESIAN_POINT('',(-338.019302368164,75.3170368964726,-45.8524583762049));
#1336=CARTESIAN_POINT('',(-338.019302368164,76.7243281776224,-46.6649583762049));
#1337=CARTESIAN_POINT('',(-338.019302368164,78.1316194587721,-47.477458376205));
#1338=CARTESIAN_POINT('',(-338.019302368164,77.3191194587721,-48.8847496573547));
#1339=CARTESIAN_POINT('',(-338.019302368164,76.5066194587721,-50.2920409385044));
#1340=CARTESIAN_POINT('',(-338.019302368164,75.0993281776224,-49.4795409385044));
#1341=CARTESIAN_POINT('',(-338.019302368164,73.6920368964727,-48.6670409385044));
#1342=CARTESIAN_POINT('',(-338.019302368164,74.5045368964727,-47.2597496573547));
#1343=CARTESIAN_POINT('',(-341.019302368164,74.5045368964727,-47.2597496573547));
#1344=CARTESIAN_POINT('',(-338.019302368164,74.5045368964727,-47.2597496573547));
#1345=CARTESIAN_POINT('',(-341.019302368164,75.9118281776221,-29.4832589682872));
#1346=CARTESIAN_POINT('',(-341.019302368164,74.2868281776221,-29.4832589682872));
#1347=CARTESIAN_POINT('',(-341.019302368164,74.2868281776221,-27.8582589682872));
#1348=CARTESIAN_POINT('',(-341.019302368164,74.2868281776221,-26.2332589682872));
#1349=CARTESIAN_POINT('',(-341.019302368164,75.9118281776221,-26.2332589682872));
#1350=CARTESIAN_POINT('',(-341.019302368164,77.5368281776221,-26.2332589682872));
#1351=CARTESIAN_POINT('',(-341.019302368164,77.5368281776221,-27.8582589682872));
#1352=CARTESIAN_POINT('',(-341.019302368164,77.5368281776221,-29.4832589682872));
#1353=CARTESIAN_POINT('',(-341.019302368164,75.9118281776221,-29.4832589682872));
#1354=CARTESIAN_POINT('',(-338.019302368164,75.9118281776221,-29.4832589682872));
#1355=CARTESIAN_POINT('',(-338.019302368164,74.2868281776221,-29.4832589682872));
#1356=CARTESIAN_POINT('',(-338.019302368164,74.2868281776221,-27.8582589682872));
#1357=CARTESIAN_POINT('',(-338.019302368164,74.2868281776221,-26.2332589682872));
#1358=CARTESIAN_POINT('',(-338.019302368164,75.9118281776221,-26.2332589682872));
#1359=CARTESIAN_POINT('',(-338.019302368164,77.5368281776221,-26.2332589682872));
#1360=CARTESIAN_POINT('',(-338.019302368164,77.5368281776221,-27.8582589682872));
#1361=CARTESIAN_POINT('',(-338.019302368164,77.5368281776221,-29.4832589682872));
#1362=CARTESIAN_POINT('',(-338.019302368164,75.9118281776221,-29.4832589682872));
#1363=CARTESIAN_POINT('',(-341.019302368164,75.9118281776221,-29.4832589682872));
#1364=CARTESIAN_POINT('',(-338.019302368164,75.9118281776221,-29.4832589682873));
#1365=CARTESIAN_POINT('',(-341.019302368164,59.8132900101774,-37.1527543128212));
#1366=CARTESIAN_POINT('',(-341.019302368164,60.6257900101774,-38.5600455939709));
#1367=CARTESIAN_POINT('',(-341.019302368164,59.2184987290277,-39.3725455939709));
#1368=CARTESIAN_POINT('',(-341.019302368164,57.811207447878,-40.1850455939709));
#1369=CARTESIAN_POINT('',(-341.019302368164,56.998707447878,-38.7777543128212));
#1370=CARTESIAN_POINT('',(-341.019302368164,56.186207447878,-37.3704630316715));
#1371=CARTESIAN_POINT('',(-341.019302368164,57.5934987290277,-36.5579630316715));
#1372=CARTESIAN_POINT('',(-341.019302368164,59.0007900101774,-35.7454630316715));
#1373=CARTESIAN_POINT('',(-341.019302368164,59.8132900101774,-37.1527543128212));
#1374=CARTESIAN_POINT('',(-338.019302368164,59.8132900101774,-37.1527543128212));
#1375=CARTESIAN_POINT('',(-338.019302368164,60.6257900101774,-38.5600455939709));
#1376=CARTESIAN_POINT('',(-338.019302368164,59.2184987290277,-39.3725455939709));
#1377=CARTESIAN_POINT('',(-338.019302368164,57.811207447878,-40.1850455939709));
#1378=CARTESIAN_POINT('',(-338.019302368164,56.998707447878,-38.7777543128212));
#1379=CARTESIAN_POINT('',(-338.019302368164,56.186207447878,-37.3704630316715));
#1380=CARTESIAN_POINT('',(-338.019302368164,57.5934987290277,-36.5579630316715));
#1381=CARTESIAN_POINT('',(-338.019302368164,59.0007900101774,-35.7454630316715));
#1382=CARTESIAN_POINT('',(-338.019302368164,59.8132900101774,-37.1527543128212));
#1383=CARTESIAN_POINT('',(-341.019302368164,59.8132900101774,-37.1527543128212));
#1384=CARTESIAN_POINT('',(-338.019302368164,59.8132900101774,-37.1527543128212));
#1385=CARTESIAN_POINT('',(-329.376717622761,68.7107932536177,-36.3700415118267));
#1386=CARTESIAN_POINT('',(-329.376717622761,69.7884190830106,-35.4474206727974));
#1387=CARTESIAN_POINT('',(-329.376717622761,71.0466188929379,-36.1027372978612));
#1388=CARTESIAN_POINT('',(-329.376717622761,72.3048187028651,-36.758053922925));
#1389=CARTESIAN_POINT('',(-329.376717622761,72.1665537360079,-38.1699283648375));
#1390=CARTESIAN_POINT('',(-329.376717622761,72.1665537360079,-38.1699283648375));
#1391=CARTESIAN_POINT('',(-329.376717622761,72.0227373282938,-39.6384906116216));
#1392=CARTESIAN_POINT('',(-329.376717622761,70.5923525692962,-40.0009236027169));
#1393=CARTESIAN_POINT('',(-329.376717622761,69.5325226067989,-40.2694648752271));
#1394=CARTESIAN_POINT('',(-329.376717622761,68.7047234245846,-39.555250286764));
#1395=CARTESIAN_POINT('',(-341.019302368164,72.166553736008,-38.1699283648364));
#1396=CARTESIAN_POINT('',(-341.019302368164,72.3340122781961,-36.4599475853896));
#1397=CARTESIAN_POINT('',(-341.019302368164,70.6910586321742,-35.9571753243679));
#1398=CARTESIAN_POINT('',(-341.019302368164,69.0481049861524,-35.4544030633463));
#1399=CARTESIAN_POINT('',(-341.019302368164,68.2299331634954,-36.965254312821));
#1400=CARTESIAN_POINT('',(-341.019302368164,67.6884028024216,-37.965254312821));
#1401=CARTESIAN_POINT('',(-341.019302368164,68.2299331634954,-38.965254312821));
#1402=CARTESIAN_POINT('',(-341.019302368164,68.5623645666254,-39.5791283022148));
#1403=CARTESIAN_POINT('',(-341.019302368164,69.1961596479863,-39.8717982656274));
#1404=CARTESIAN_POINT('',(-341.019302368164,70.4482234787847,-40.449968539154));
#1405=CARTESIAN_POINT('',(-341.019302368164,71.4762995486695,-39.5307273868368));
#1406=CARTESIAN_POINT('',(-341.019302368164,72.0867427873216,-38.9849073229718));
#1407=CARTESIAN_POINT('',(-341.019302368164,72.166553736008,-38.1699283648364));
#1408=CARTESIAN_POINT('',(-338.019302368164,70.0765516947574,-40.0652543128209));
#1409=CARTESIAN_POINT('',(-338.019302368164,68.8256165606765,-40.0652543128212));
#1410=CARTESIAN_POINT('',(-338.019302368164,68.2299331634954,-38.9652543128209));
#1411=CARTESIAN_POINT('',(-338.019302368164,67.6884028024215,-37.9652543128209));
#1412=CARTESIAN_POINT('',(-338.019302368164,68.2299331634954,-36.965254312821));
#1413=CARTESIAN_POINT('',(-338.019302368164,68.791858187344,-35.9275931506021));
#1414=CARTESIAN_POINT('',(-338.019302368164,69.9703919554103,-35.8679393365379));
#1415=CARTESIAN_POINT('',(-338.019302368164,70.0234378698745,-35.8652543128211));
#1416=CARTESIAN_POINT('',(-338.019302368164,70.0765516947574,-35.8652543128211));
#1417=CARTESIAN_POINT('',(-329.376717622761,72.1665537360079,-38.1699283648375));
#1418=CARTESIAN_POINT('',(-337.376717622761,72.1665537360065,-38.1699283648489));
#1419=CARTESIAN_POINT('',(-339.376717622761,72.1665537360076,-38.1699283648363));
#1420=CARTESIAN_POINT('',(-341.019302368164,72.166553736008,-38.1699283648364));
#1421=CARTESIAN_POINT('',(-338.019302368164,70.0765516947574,-45.6955044401786));
#1422=CARTESIAN_POINT('',(-338.019302368164,70.0765516947574,-45.9652543128203));
#1423=CARTESIAN_POINT('',(-337.376717622761,70.0765516947569,-45.6955044401786));
#1424=CARTESIAN_POINT('',(-337.376717622761,70.0765516947563,-45.9652543128201));
#1425=CARTESIAN_POINT('',(-338.019302368164,70.0765516947573,-35.6532499755671));
#1426=CARTESIAN_POINT('',(-338.019302368164,70.0765516947574,-35.8652543128211));
#1427=CARTESIAN_POINT('',(-337.376717622761,70.0765516947569,-30.2350041854636));
#1428=CARTESIAN_POINT('',(-337.376717622761,70.0765516947573,-29.9652543128215));
#1429=CARTESIAN_POINT('',(-333.376717622761,68.2323546403084,-42.6027836882753));
#1430=CARTESIAN_POINT('',(-335.001717622761,68.2323546403083,-42.6027836882753));
#1431=CARTESIAN_POINT('',(-335.001717622761,66.6073546403084,-42.6027836882753));
#1432=CARTESIAN_POINT('',(-335.001717622761,64.9823546403084,-42.6027836882753));
#1433=CARTESIAN_POINT('',(-333.376717622761,64.9823546403084,-42.6027836882753));
#1434=CARTESIAN_POINT('',(-331.751717622761,64.9823546403084,-42.6027836882753));
#1435=CARTESIAN_POINT('',(-331.751717622761,66.6073546403084,-42.6027836882753));
#1436=CARTESIAN_POINT('',(-331.751717622761,68.2323546403083,-42.6027836882753));
#1437=CARTESIAN_POINT('',(-333.376717622761,68.2323546403084,-42.6027836882753));
#1438=CARTESIAN_POINT('',(-333.376717622761,68.2323546403084,-33.0142246658139));
#1439=CARTESIAN_POINT('',(-331.751717622761,68.2323546403083,-33.0142246658139));
#1440=CARTESIAN_POINT('',(-331.751717622761,66.6073546403084,-33.0142246658139));
#1441=CARTESIAN_POINT('',(-331.751717622761,64.9823546403084,-33.0142246658139));
#1442=CARTESIAN_POINT('',(-333.376717622761,64.9823546403084,-33.0142246658139));
#1443=CARTESIAN_POINT('',(-335.001717622761,64.9823546403084,-33.0142246658139));
#1444=CARTESIAN_POINT('',(-335.001717622761,66.6073546403084,-33.0142246658139));
#1445=CARTESIAN_POINT('',(-335.001717622761,68.2323546403083,-33.0142246658139));
#1446=CARTESIAN_POINT('',(-333.376717622761,68.2323546403084,-33.0142246658139));
#1447=CARTESIAN_POINT('',(-333.376717622761,68.2323546403084,-39.555250286764));
#1448=CARTESIAN_POINT('',(-335.001717622761,68.2323546403083,-39.555250286764));
#1449=CARTESIAN_POINT('',(-335.001717622761,66.6073546403084,-39.555250286764));
#1450=CARTESIAN_POINT('',(-335.001717622761,64.9823546403084,-39.555250286764));
#1451=CARTESIAN_POINT('',(-333.376717622761,64.9823546403084,-39.555250286764));
#1452=CARTESIAN_POINT('',(-331.751717622761,64.9823546403084,-39.555250286764));
#1453=CARTESIAN_POINT('',(-331.751717622761,66.6073546403084,-39.555250286764));
#1454=CARTESIAN_POINT('',(-331.751717622761,68.2323546403083,-39.555250286764));
#1455=CARTESIAN_POINT('',(-333.376717622761,68.2323546403084,-39.555250286764));
#1456=CARTESIAN_POINT('',(-333.376717622761,68.2323546403084,-36.3700415118267));
#1457=CARTESIAN_POINT('',(-331.751717622761,68.2323546403083,-36.3700415118267));
#1458=CARTESIAN_POINT('',(-331.751717622761,66.6073546403084,-36.3700415118267));
#1459=CARTESIAN_POINT('',(-331.751717622761,64.9823546403084,-36.3700415118267));
#1460=CARTESIAN_POINT('',(-333.376717622761,64.9823546403084,-36.3700415118267));
#1461=CARTESIAN_POINT('',(-335.001717622761,64.9823546403084,-36.3700415118267));
#1462=CARTESIAN_POINT('',(-335.001717622761,66.6073546403084,-36.3700415118267));
#1463=CARTESIAN_POINT('',(-335.001717622761,68.2323546403083,-36.3700415118267));
#1464=CARTESIAN_POINT('',(-333.376717622761,68.2323546403084,-36.3700415118267));
#1465=CARTESIAN_POINT('',(-333.376717622761,68.2323546403084,-39.555250286764));
#1466=CARTESIAN_POINT('',(-333.376717622761,68.2323546403084,-42.602783688276));
#1467=CARTESIAN_POINT('',(-333.376717622761,68.2323546403084,-33.0142246658139));
#1468=CARTESIAN_POINT('',(-333.376717622761,68.2323546403084,-36.3700415118267));
#1469=CARTESIAN_POINT('',(0.,0.,0.));
ENDSEC;
END-ISO-10303-21;
