ISO-10303-21;
HEADER;
/* Generated by software containing ST-Developer
 * from STEP Tools, Inc. (www.steptools.com) 
 */
/* OPTION: using custom schema-name function */

FILE_DESCRIPTION(
/* description */ (''),
/* implementation_level */ '2;1');

FILE_NAME(
/* name */ '12VDC_MotorHolder',
/* time_stamp */ '2026-02-02T14:16:45+03:00',
/* author */ (''),
/* organization */ (''),
/* preprocessor_version */ 'ST-DEVELOPER v16.5',
/* originating_system */ 'Rhino 7.23',
/* authorisation */ '');

FILE_SCHEMA (('CONFIG_CONTROL_DESIGN'));
ENDSEC;

DATA;
#10=SHAPE_REPRESENTATION_RELATIONSHIP('','',#773,#12);
#11=MANIFOLD_SOLID_BREP('brep_1',#13);
#12=ADVANCED_BREP_SHAPE_REPRESENTATION('brep_rep_0',(#11,#804),#772);
#13=CLOSED_SHELL('',(#31,#32,#33,#34,#35,#36,#37,#38,#39,#40,#41,#42,#43,
#44,#45,#46,#47,#48,#49,#50,#51,#52,#53,#54,#55,#56,#57,#58,#59,#60,#61,
#62,#63,#64,#65,#66,#67,#68,#69,#70));
#14=FACE_BOUND('',#115,.T.);
#15=FACE_BOUND('',#116,.T.);
#16=FACE_BOUND('',#117,.T.);
#17=FACE_BOUND('',#118,.T.);
#18=FACE_BOUND('',#131,.T.);
#19=FACE_BOUND('',#137,.T.);
#20=FACE_BOUND('',#138,.T.);
#21=FACE_BOUND('',#140,.T.);
#22=FACE_BOUND('',#141,.T.);
#23=FACE_BOUND('',#153,.T.);
#24=FACE_BOUND('',#154,.T.);
#25=FACE_BOUND('',#155,.T.);
#26=FACE_BOUND('',#157,.T.);
#27=FACE_BOUND('',#158,.T.);
#28=FACE_BOUND('',#159,.T.);
#29=FACE_BOUND('',#162,.T.);
#30=FACE_BOUND('',#165,.T.);
#31=ADVANCED_FACE('',(#71),#666,.T.);
#32=ADVANCED_FACE('',(#72),#677,.T.);
#33=ADVANCED_FACE('',(#73),#678,.T.);
#34=ADVANCED_FACE('',(#74,#14,#15,#16,#17),#667,.T.);
#35=ADVANCED_FACE('',(#75),#679,.T.);
#36=ADVANCED_FACE('',(#76),#680,.T.);
#37=ADVANCED_FACE('',(#77),#658,.F.);
#38=ADVANCED_FACE('',(#78),#659,.F.);
#39=ADVANCED_FACE('',(#79),#660,.F.);
#40=ADVANCED_FACE('',(#80),#661,.F.);
#41=ADVANCED_FACE('',(#81),#650,.T.);
#42=ADVANCED_FACE('',(#82),#651,.T.);
#43=ADVANCED_FACE('',(#83),#669,.T.);
#44=ADVANCED_FACE('',(#84),#652,.T.);
#45=ADVANCED_FACE('',(#85),#653,.T.);
#46=ADVANCED_FACE('',(#86,#18),#674,.T.);
#47=ADVANCED_FACE('',(#87),#670,.T.);
#48=ADVANCED_FACE('',(#88),#681,.T.);
#49=ADVANCED_FACE('',(#89),#662,.F.);
#50=ADVANCED_FACE('',(#90),#663,.F.);
#51=ADVANCED_FACE('',(#91,#19,#20),#668,.T.);
#52=ADVANCED_FACE('',(#92,#21,#22),#668,.T.);
#53=ADVANCED_FACE('',(#93),#682,.T.);
#54=ADVANCED_FACE('',(#94),#671,.T.);
#55=ADVANCED_FACE('',(#95),#683,.T.);
#56=ADVANCED_FACE('',(#96),#684,.T.);
#57=ADVANCED_FACE('',(#97),#673,.T.);
#58=ADVANCED_FACE('',(#98),#654,.T.);
#59=ADVANCED_FACE('',(#99),#655,.T.);
#60=ADVANCED_FACE('',(#100),#672,.T.);
#61=ADVANCED_FACE('',(#101),#656,.T.);
#62=ADVANCED_FACE('',(#102),#657,.T.);
#63=ADVANCED_FACE('',(#103,#23,#24,#25),#675,.T.);
#64=ADVANCED_FACE('',(#104,#26,#27,#28),#676,.T.);
#65=ADVANCED_FACE('',(#105),#648,.T.);
#66=ADVANCED_FACE('',(#106,#29),#685,.T.);
#67=ADVANCED_FACE('',(#107),#649,.T.);
#68=ADVANCED_FACE('',(#108,#30),#686,.T.);
#69=ADVANCED_FACE('',(#109),#664,.F.);
#70=ADVANCED_FACE('',(#110),#665,.F.);
#71=FACE_OUTER_BOUND('',#111,.T.);
#72=FACE_OUTER_BOUND('',#112,.T.);
#73=FACE_OUTER_BOUND('',#113,.T.);
#74=FACE_OUTER_BOUND('',#114,.T.);
#75=FACE_OUTER_BOUND('',#119,.T.);
#76=FACE_OUTER_BOUND('',#120,.T.);
#77=FACE_OUTER_BOUND('',#121,.T.);
#78=FACE_OUTER_BOUND('',#122,.T.);
#79=FACE_OUTER_BOUND('',#123,.T.);
#80=FACE_OUTER_BOUND('',#124,.T.);
#81=FACE_OUTER_BOUND('',#125,.T.);
#82=FACE_OUTER_BOUND('',#126,.T.);
#83=FACE_OUTER_BOUND('',#127,.T.);
#84=FACE_OUTER_BOUND('',#128,.T.);
#85=FACE_OUTER_BOUND('',#129,.T.);
#86=FACE_OUTER_BOUND('',#130,.T.);
#87=FACE_OUTER_BOUND('',#132,.T.);
#88=FACE_OUTER_BOUND('',#133,.T.);
#89=FACE_OUTER_BOUND('',#134,.T.);
#90=FACE_OUTER_BOUND('',#135,.T.);
#91=FACE_OUTER_BOUND('',#136,.T.);
#92=FACE_OUTER_BOUND('',#139,.T.);
#93=FACE_OUTER_BOUND('',#142,.T.);
#94=FACE_OUTER_BOUND('',#143,.T.);
#95=FACE_OUTER_BOUND('',#144,.T.);
#96=FACE_OUTER_BOUND('',#145,.T.);
#97=FACE_OUTER_BOUND('',#146,.T.);
#98=FACE_OUTER_BOUND('',#147,.T.);
#99=FACE_OUTER_BOUND('',#148,.T.);
#100=FACE_OUTER_BOUND('',#149,.T.);
#101=FACE_OUTER_BOUND('',#150,.T.);
#102=FACE_OUTER_BOUND('',#151,.T.);
#103=FACE_OUTER_BOUND('',#152,.T.);
#104=FACE_OUTER_BOUND('',#156,.T.);
#105=FACE_OUTER_BOUND('',#160,.T.);
#106=FACE_OUTER_BOUND('',#161,.T.);
#107=FACE_OUTER_BOUND('',#163,.T.);
#108=FACE_OUTER_BOUND('',#164,.T.);
#109=FACE_OUTER_BOUND('',#166,.T.);
#110=FACE_OUTER_BOUND('',#167,.T.);
#111=EDGE_LOOP('',(#168,#169,#170,#171));
#112=EDGE_LOOP('',(#172,#173,#174));
#113=EDGE_LOOP('',(#175,#176,#177));
#114=EDGE_LOOP('',(#178,#179,#180,#181,#182,#183,#184,#185));
#115=EDGE_LOOP('',(#186));
#116=EDGE_LOOP('',(#187));
#117=EDGE_LOOP('',(#188));
#118=EDGE_LOOP('',(#189));
#119=EDGE_LOOP('',(#190,#191,#192,#193));
#120=EDGE_LOOP('',(#194,#195,#196,#197));
#121=EDGE_LOOP('',(#198,#199,#200,#201));
#122=EDGE_LOOP('',(#202,#203,#204,#205));
#123=EDGE_LOOP('',(#206,#207,#208,#209));
#124=EDGE_LOOP('',(#210,#211,#212,#213));
#125=EDGE_LOOP('',(#214,#215,#216,#217));
#126=EDGE_LOOP('',(#218,#219,#220,#221));
#127=EDGE_LOOP('',(#222,#223,#224,#225,#226,#227));
#128=EDGE_LOOP('',(#228,#229,#230,#231));
#129=EDGE_LOOP('',(#232,#233,#234,#235));
#130=EDGE_LOOP('',(#236,#237,#238,#239,#240,#241,#242,#243,#244,#245));
#131=EDGE_LOOP('',(#246));
#132=EDGE_LOOP('',(#247,#248,#249,#250));
#133=EDGE_LOOP('',(#251,#252,#253,#254,#255,#256,#257,#258));
#134=EDGE_LOOP('',(#259,#260,#261,#262));
#135=EDGE_LOOP('',(#263,#264,#265,#266));
#136=EDGE_LOOP('',(#267,#268,#269,#270,#271,#272,#273,#274,#275,#276));
#137=EDGE_LOOP('',(#277));
#138=EDGE_LOOP('',(#278));
#139=EDGE_LOOP('',(#279,#280,#281,#282,#283,#284,#285,#286,#287,#288));
#140=EDGE_LOOP('',(#289));
#141=EDGE_LOOP('',(#290));
#142=EDGE_LOOP('',(#291,#292,#293,#294,#295,#296,#297,#298));
#143=EDGE_LOOP('',(#299,#300,#301,#302));
#144=EDGE_LOOP('',(#303,#304,#305));
#145=EDGE_LOOP('',(#306,#307,#308));
#146=EDGE_LOOP('',(#309,#310,#311,#312));
#147=EDGE_LOOP('',(#313,#314,#315,#316));
#148=EDGE_LOOP('',(#317,#318,#319,#320));
#149=EDGE_LOOP('',(#321,#322,#323,#324));
#150=EDGE_LOOP('',(#325,#326,#327,#328));
#151=EDGE_LOOP('',(#329,#330,#331,#332));
#152=EDGE_LOOP('',(#333,#334,#335,#336,#337,#338,#339,#340,#341,#342,#343,
#344,#345,#346));
#153=EDGE_LOOP('',(#347));
#154=EDGE_LOOP('',(#348));
#155=EDGE_LOOP('',(#349));
#156=EDGE_LOOP('',(#350));
#157=EDGE_LOOP('',(#351));
#158=EDGE_LOOP('',(#352));
#159=EDGE_LOOP('',(#353));
#160=EDGE_LOOP('',(#354,#355,#356,#357));
#161=EDGE_LOOP('',(#358));
#162=EDGE_LOOP('',(#359));
#163=EDGE_LOOP('',(#360,#361,#362,#363));
#164=EDGE_LOOP('',(#364));
#165=EDGE_LOOP('',(#365));
#166=EDGE_LOOP('',(#366,#367,#368,#369));
#167=EDGE_LOOP('',(#370,#371,#372,#373));
#168=ORIENTED_EDGE('',*,*,#380,.T.);
#169=ORIENTED_EDGE('',*,*,#376,.T.);
#170=ORIENTED_EDGE('',*,*,#381,.F.);
#171=ORIENTED_EDGE('',*,*,#378,.F.);
#172=ORIENTED_EDGE('',*,*,#380,.F.);
#173=ORIENTED_EDGE('',*,*,#377,.F.);
#174=ORIENTED_EDGE('',*,*,#374,.F.);
#175=ORIENTED_EDGE('',*,*,#375,.T.);
#176=ORIENTED_EDGE('',*,*,#379,.T.);
#177=ORIENTED_EDGE('',*,*,#381,.T.);
#178=ORIENTED_EDGE('',*,*,#394,.F.);
#179=ORIENTED_EDGE('',*,*,#400,.T.);
#180=ORIENTED_EDGE('',*,*,#396,.T.);
#181=ORIENTED_EDGE('',*,*,#406,.T.);
#182=ORIENTED_EDGE('',*,*,#401,.T.);
#183=ORIENTED_EDGE('',*,*,#411,.T.);
#184=ORIENTED_EDGE('',*,*,#413,.F.);
#185=ORIENTED_EDGE('',*,*,#416,.T.);
#186=ORIENTED_EDGE('',*,*,#382,.T.);
#187=ORIENTED_EDGE('',*,*,#385,.T.);
#188=ORIENTED_EDGE('',*,*,#388,.T.);
#189=ORIENTED_EDGE('',*,*,#391,.T.);
#190=ORIENTED_EDGE('',*,*,#396,.F.);
#191=ORIENTED_EDGE('',*,*,#398,.F.);
#192=ORIENTED_EDGE('',*,*,#403,.F.);
#193=ORIENTED_EDGE('',*,*,#405,.F.);
#194=ORIENTED_EDGE('',*,*,#415,.T.);
#195=ORIENTED_EDGE('',*,*,#413,.T.);
#196=ORIENTED_EDGE('',*,*,#410,.T.);
#197=ORIENTED_EDGE('',*,*,#408,.T.);
#198=ORIENTED_EDGE('',*,*,#384,.F.);
#199=ORIENTED_EDGE('',*,*,#383,.F.);
#200=ORIENTED_EDGE('',*,*,#384,.T.);
#201=ORIENTED_EDGE('',*,*,#382,.F.);
#202=ORIENTED_EDGE('',*,*,#387,.F.);
#203=ORIENTED_EDGE('',*,*,#386,.F.);
#204=ORIENTED_EDGE('',*,*,#387,.T.);
#205=ORIENTED_EDGE('',*,*,#385,.F.);
#206=ORIENTED_EDGE('',*,*,#390,.F.);
#207=ORIENTED_EDGE('',*,*,#389,.F.);
#208=ORIENTED_EDGE('',*,*,#390,.T.);
#209=ORIENTED_EDGE('',*,*,#388,.F.);
#210=ORIENTED_EDGE('',*,*,#393,.F.);
#211=ORIENTED_EDGE('',*,*,#392,.F.);
#212=ORIENTED_EDGE('',*,*,#393,.T.);
#213=ORIENTED_EDGE('',*,*,#391,.F.);
#214=ORIENTED_EDGE('',*,*,#399,.F.);
#215=ORIENTED_EDGE('',*,*,#398,.T.);
#216=ORIENTED_EDGE('',*,*,#400,.F.);
#217=ORIENTED_EDGE('',*,*,#397,.F.);
#218=ORIENTED_EDGE('',*,*,#406,.F.);
#219=ORIENTED_EDGE('',*,*,#405,.T.);
#220=ORIENTED_EDGE('',*,*,#407,.F.);
#221=ORIENTED_EDGE('',*,*,#404,.F.);
#222=ORIENTED_EDGE('',*,*,#401,.F.);
#223=ORIENTED_EDGE('',*,*,#404,.T.);
#224=ORIENTED_EDGE('',*,*,#402,.T.);
#225=ORIENTED_EDGE('',*,*,#429,.T.);
#226=ORIENTED_EDGE('',*,*,#428,.T.);
#227=ORIENTED_EDGE('',*,*,#409,.F.);
#228=ORIENTED_EDGE('',*,*,#409,.T.);
#229=ORIENTED_EDGE('',*,*,#412,.F.);
#230=ORIENTED_EDGE('',*,*,#410,.F.);
#231=ORIENTED_EDGE('',*,*,#411,.F.);
#232=ORIENTED_EDGE('',*,*,#414,.T.);
#233=ORIENTED_EDGE('',*,*,#416,.F.);
#234=ORIENTED_EDGE('',*,*,#415,.F.);
#235=ORIENTED_EDGE('',*,*,#417,.F.);
#236=ORIENTED_EDGE('',*,*,#419,.F.);
#237=ORIENTED_EDGE('',*,*,#429,.F.);
#238=ORIENTED_EDGE('',*,*,#418,.T.);
#239=ORIENTED_EDGE('',*,*,#460,.T.);
#240=ORIENTED_EDGE('',*,*,#452,.T.);
#241=ORIENTED_EDGE('',*,*,#448,.T.);
#242=ORIENTED_EDGE('',*,*,#441,.T.);
#243=ORIENTED_EDGE('',*,*,#450,.T.);
#244=ORIENTED_EDGE('',*,*,#443,.T.);
#245=ORIENTED_EDGE('',*,*,#462,.T.);
#246=ORIENTED_EDGE('',*,*,#421,.T.);
#247=ORIENTED_EDGE('',*,*,#444,.T.);
#248=ORIENTED_EDGE('',*,*,#442,.T.);
#249=ORIENTED_EDGE('',*,*,#445,.T.);
#250=ORIENTED_EDGE('',*,*,#441,.F.);
#251=ORIENTED_EDGE('',*,*,#456,.T.);
#252=ORIENTED_EDGE('',*,*,#455,.T.);
#253=ORIENTED_EDGE('',*,*,#426,.T.);
#254=ORIENTED_EDGE('',*,*,#435,.F.);
#255=ORIENTED_EDGE('',*,*,#432,.F.);
#256=ORIENTED_EDGE('',*,*,#434,.T.);
#257=ORIENTED_EDGE('',*,*,#439,.T.);
#258=ORIENTED_EDGE('',*,*,#419,.T.);
#259=ORIENTED_EDGE('',*,*,#420,.F.);
#260=ORIENTED_EDGE('',*,*,#464,.F.);
#261=ORIENTED_EDGE('',*,*,#420,.T.);
#262=ORIENTED_EDGE('',*,*,#421,.F.);
#263=ORIENTED_EDGE('',*,*,#424,.F.);
#264=ORIENTED_EDGE('',*,*,#423,.F.);
#265=ORIENTED_EDGE('',*,*,#424,.T.);
#266=ORIENTED_EDGE('',*,*,#422,.F.);
#267=ORIENTED_EDGE('',*,*,#436,.T.);
#268=ORIENTED_EDGE('',*,*,#438,.F.);
#269=ORIENTED_EDGE('',*,*,#426,.F.);
#270=ORIENTED_EDGE('',*,*,#427,.T.);
#271=ORIENTED_EDGE('',*,*,#417,.T.);
#272=ORIENTED_EDGE('',*,*,#408,.F.);
#273=ORIENTED_EDGE('',*,*,#412,.T.);
#274=ORIENTED_EDGE('',*,*,#428,.F.);
#275=ORIENTED_EDGE('',*,*,#439,.F.);
#276=ORIENTED_EDGE('',*,*,#437,.T.);
#277=ORIENTED_EDGE('',*,*,#383,.T.);
#278=ORIENTED_EDGE('',*,*,#386,.T.);
#279=ORIENTED_EDGE('',*,*,#376,.F.);
#280=ORIENTED_EDGE('',*,*,#374,.T.);
#281=ORIENTED_EDGE('',*,*,#430,.T.);
#282=ORIENTED_EDGE('',*,*,#402,.F.);
#283=ORIENTED_EDGE('',*,*,#407,.T.);
#284=ORIENTED_EDGE('',*,*,#403,.T.);
#285=ORIENTED_EDGE('',*,*,#399,.T.);
#286=ORIENTED_EDGE('',*,*,#395,.T.);
#287=ORIENTED_EDGE('',*,*,#425,.T.);
#288=ORIENTED_EDGE('',*,*,#375,.F.);
#289=ORIENTED_EDGE('',*,*,#389,.T.);
#290=ORIENTED_EDGE('',*,*,#392,.T.);
#291=ORIENTED_EDGE('',*,*,#418,.F.);
#292=ORIENTED_EDGE('',*,*,#430,.F.);
#293=ORIENTED_EDGE('',*,*,#377,.T.);
#294=ORIENTED_EDGE('',*,*,#378,.T.);
#295=ORIENTED_EDGE('',*,*,#379,.F.);
#296=ORIENTED_EDGE('',*,*,#425,.F.);
#297=ORIENTED_EDGE('',*,*,#453,.F.);
#298=ORIENTED_EDGE('',*,*,#457,.F.);
#299=ORIENTED_EDGE('',*,*,#431,.T.);
#300=ORIENTED_EDGE('',*,*,#432,.T.);
#301=ORIENTED_EDGE('',*,*,#433,.F.);
#302=ORIENTED_EDGE('',*,*,#436,.F.);
#303=ORIENTED_EDGE('',*,*,#437,.F.);
#304=ORIENTED_EDGE('',*,*,#434,.F.);
#305=ORIENTED_EDGE('',*,*,#431,.F.);
#306=ORIENTED_EDGE('',*,*,#433,.T.);
#307=ORIENTED_EDGE('',*,*,#435,.T.);
#308=ORIENTED_EDGE('',*,*,#438,.T.);
#309=ORIENTED_EDGE('',*,*,#443,.F.);
#310=ORIENTED_EDGE('',*,*,#447,.F.);
#311=ORIENTED_EDGE('',*,*,#454,.F.);
#312=ORIENTED_EDGE('',*,*,#459,.F.);
#313=ORIENTED_EDGE('',*,*,#448,.F.);
#314=ORIENTED_EDGE('',*,*,#446,.T.);
#315=ORIENTED_EDGE('',*,*,#449,.F.);
#316=ORIENTED_EDGE('',*,*,#444,.F.);
#317=ORIENTED_EDGE('',*,*,#451,.F.);
#318=ORIENTED_EDGE('',*,*,#447,.T.);
#319=ORIENTED_EDGE('',*,*,#450,.F.);
#320=ORIENTED_EDGE('',*,*,#445,.F.);
#321=ORIENTED_EDGE('',*,*,#458,.T.);
#322=ORIENTED_EDGE('',*,*,#440,.F.);
#323=ORIENTED_EDGE('',*,*,#446,.F.);
#324=ORIENTED_EDGE('',*,*,#452,.F.);
#325=ORIENTED_EDGE('',*,*,#457,.T.);
#326=ORIENTED_EDGE('',*,*,#461,.F.);
#327=ORIENTED_EDGE('',*,*,#458,.F.);
#328=ORIENTED_EDGE('',*,*,#460,.F.);
#329=ORIENTED_EDGE('',*,*,#462,.F.);
#330=ORIENTED_EDGE('',*,*,#459,.T.);
#331=ORIENTED_EDGE('',*,*,#463,.F.);
#332=ORIENTED_EDGE('',*,*,#456,.F.);
#333=ORIENTED_EDGE('',*,*,#454,.T.);
#334=ORIENTED_EDGE('',*,*,#451,.T.);
#335=ORIENTED_EDGE('',*,*,#442,.F.);
#336=ORIENTED_EDGE('',*,*,#449,.T.);
#337=ORIENTED_EDGE('',*,*,#440,.T.);
#338=ORIENTED_EDGE('',*,*,#461,.T.);
#339=ORIENTED_EDGE('',*,*,#453,.T.);
#340=ORIENTED_EDGE('',*,*,#395,.F.);
#341=ORIENTED_EDGE('',*,*,#397,.T.);
#342=ORIENTED_EDGE('',*,*,#394,.T.);
#343=ORIENTED_EDGE('',*,*,#414,.F.);
#344=ORIENTED_EDGE('',*,*,#427,.F.);
#345=ORIENTED_EDGE('',*,*,#455,.F.);
#346=ORIENTED_EDGE('',*,*,#463,.T.);
#347=ORIENTED_EDGE('',*,*,#422,.T.);
#348=ORIENTED_EDGE('',*,*,#465,.T.);
#349=ORIENTED_EDGE('',*,*,#468,.F.);
#350=ORIENTED_EDGE('',*,*,#464,.T.);
#351=ORIENTED_EDGE('',*,*,#423,.T.);
#352=ORIENTED_EDGE('',*,*,#471,.T.);
#353=ORIENTED_EDGE('',*,*,#474,.T.);
#354=ORIENTED_EDGE('',*,*,#466,.T.);
#355=ORIENTED_EDGE('',*,*,#467,.T.);
#356=ORIENTED_EDGE('',*,*,#466,.F.);
#357=ORIENTED_EDGE('',*,*,#465,.F.);
#358=ORIENTED_EDGE('',*,*,#467,.F.);
#359=ORIENTED_EDGE('',*,*,#472,.F.);
#360=ORIENTED_EDGE('',*,*,#468,.T.);
#361=ORIENTED_EDGE('',*,*,#469,.T.);
#362=ORIENTED_EDGE('',*,*,#470,.F.);
#363=ORIENTED_EDGE('',*,*,#469,.F.);
#364=ORIENTED_EDGE('',*,*,#470,.T.);
#365=ORIENTED_EDGE('',*,*,#475,.T.);
#366=ORIENTED_EDGE('',*,*,#473,.T.);
#367=ORIENTED_EDGE('',*,*,#472,.T.);
#368=ORIENTED_EDGE('',*,*,#473,.F.);
#369=ORIENTED_EDGE('',*,*,#471,.F.);
#370=ORIENTED_EDGE('',*,*,#476,.T.);
#371=ORIENTED_EDGE('',*,*,#475,.F.);
#372=ORIENTED_EDGE('',*,*,#476,.F.);
#373=ORIENTED_EDGE('',*,*,#474,.F.);
#374=EDGE_CURVE('',#580,#581,#506,.T.);
#375=EDGE_CURVE('',#583,#582,#507,.T.);
#376=EDGE_CURVE('',#580,#583,#508,.T.);
#377=EDGE_CURVE('',#581,#584,#509,.T.);
#378=EDGE_CURVE('',#584,#585,#510,.T.);
#379=EDGE_CURVE('',#582,#585,#511,.T.);
#380=EDGE_CURVE('',#584,#580,#512,.T.);
#381=EDGE_CURVE('',#585,#583,#513,.T.);
#382=EDGE_CURVE('',#586,#586,#477,.T.);
#383=EDGE_CURVE('',#587,#587,#478,.T.);
#384=EDGE_CURVE('',#587,#586,#479,.T.);
#385=EDGE_CURVE('',#588,#588,#480,.T.);
#386=EDGE_CURVE('',#589,#589,#481,.T.);
#387=EDGE_CURVE('',#589,#588,#482,.T.);
#388=EDGE_CURVE('',#590,#590,#483,.T.);
#389=EDGE_CURVE('',#591,#591,#484,.T.);
#390=EDGE_CURVE('',#591,#590,#485,.T.);
#391=EDGE_CURVE('',#592,#592,#486,.T.);
#392=EDGE_CURVE('',#593,#593,#487,.T.);
#393=EDGE_CURVE('',#593,#592,#488,.T.);
#394=EDGE_CURVE('',#594,#607,#514,.T.);
#395=EDGE_CURVE('',#595,#616,#515,.T.);
#396=EDGE_CURVE('',#596,#601,#516,.T.);
#397=EDGE_CURVE('',#595,#594,#517,.T.);
#398=EDGE_CURVE('',#597,#596,#518,.T.);
#399=EDGE_CURVE('',#597,#595,#519,.T.);
#400=EDGE_CURVE('',#594,#596,#520,.T.);
#401=EDGE_CURVE('',#598,#604,#521,.T.);
#402=EDGE_CURVE('',#599,#614,#522,.T.);
#403=EDGE_CURVE('',#600,#597,#523,.T.);
#404=EDGE_CURVE('',#598,#599,#524,.T.);
#405=EDGE_CURVE('',#601,#600,#525,.T.);
#406=EDGE_CURVE('',#601,#598,#526,.T.);
#407=EDGE_CURVE('',#599,#600,#527,.T.);
#408=EDGE_CURVE('',#603,#609,#528,.T.);
#409=EDGE_CURVE('',#604,#605,#529,.T.);
#410=EDGE_CURVE('',#602,#603,#530,.T.);
#411=EDGE_CURVE('',#604,#602,#531,.T.);
#412=EDGE_CURVE('',#603,#605,#532,.T.);
#413=EDGE_CURVE('',#606,#602,#533,.T.);
#414=EDGE_CURVE('',#608,#607,#534,.T.);
#415=EDGE_CURVE('',#609,#606,#535,.T.);
#416=EDGE_CURVE('',#606,#607,#536,.T.);
#417=EDGE_CURVE('',#608,#609,#537,.T.);
#418=EDGE_CURVE('',#614,#632,#538,.T.);
#419=EDGE_CURVE('',#615,#633,#539,.T.);
#420=EDGE_CURVE('',#610,#611,#489,.T.);
#421=EDGE_CURVE('',#611,#611,#540,.T.);
#422=EDGE_CURVE('',#612,#612,#490,.T.);
#423=EDGE_CURVE('',#613,#613,#491,.T.);
#424=EDGE_CURVE('',#613,#612,#492,.T.);
#425=EDGE_CURVE('',#616,#582,#541,.T.);
#426=EDGE_CURVE('',#617,#620,#542,.T.);
#427=EDGE_CURVE('',#617,#608,#543,.T.);
#428=EDGE_CURVE('',#615,#605,#544,.T.);
#429=EDGE_CURVE('',#614,#615,#545,.T.);
#430=EDGE_CURVE('',#581,#614,#546,.T.);
#431=EDGE_CURVE('',#622,#618,#547,.T.);
#432=EDGE_CURVE('',#618,#619,#548,.T.);
#433=EDGE_CURVE('',#623,#619,#549,.T.);
#434=EDGE_CURVE('',#618,#621,#550,.T.);
#435=EDGE_CURVE('',#619,#620,#551,.T.);
#436=EDGE_CURVE('',#622,#623,#552,.T.);
#437=EDGE_CURVE('',#621,#622,#553,.T.);
#438=EDGE_CURVE('',#620,#623,#554,.T.);
#439=EDGE_CURVE('',#621,#615,#555,.T.);
#440=EDGE_CURVE('',#625,#638,#556,.T.);
#441=EDGE_CURVE('',#627,#626,#557,.T.);
#442=EDGE_CURVE('',#629,#628,#558,.T.);
#443=EDGE_CURVE('',#630,#639,#559,.T.);
#444=EDGE_CURVE('',#627,#629,#560,.T.);
#445=EDGE_CURVE('',#628,#626,#561,.T.);
#446=EDGE_CURVE('',#624,#625,#562,.T.);
#447=EDGE_CURVE('',#631,#630,#563,.T.);
#448=EDGE_CURVE('',#624,#627,#564,.T.);
#449=EDGE_CURVE('',#629,#625,#565,.T.);
#450=EDGE_CURVE('',#626,#630,#566,.T.);
#451=EDGE_CURVE('',#631,#628,#567,.T.);
#452=EDGE_CURVE('',#634,#624,#568,.T.);
#453=EDGE_CURVE('',#635,#616,#569,.T.);
#454=EDGE_CURVE('',#636,#631,#570,.T.);
#455=EDGE_CURVE('',#637,#617,#571,.T.);
#456=EDGE_CURVE('',#633,#637,#572,.T.);
#457=EDGE_CURVE('',#632,#635,#573,.T.);
#458=EDGE_CURVE('',#634,#638,#574,.T.);
#459=EDGE_CURVE('',#639,#636,#575,.T.);
#460=EDGE_CURVE('',#632,#634,#576,.T.);
#461=EDGE_CURVE('',#638,#635,#577,.T.);
#462=EDGE_CURVE('',#639,#633,#578,.T.);
#463=EDGE_CURVE('',#637,#636,#579,.T.);
#464=EDGE_CURVE('',#610,#610,#493,.T.);
#465=EDGE_CURVE('',#641,#641,#494,.T.);
#466=EDGE_CURVE('',#641,#640,#495,.T.);
#467=EDGE_CURVE('',#640,#640,#496,.T.);
#468=EDGE_CURVE('',#643,#643,#497,.T.);
#469=EDGE_CURVE('',#643,#642,#498,.T.);
#470=EDGE_CURVE('',#642,#642,#499,.T.);
#471=EDGE_CURVE('',#644,#644,#500,.T.);
#472=EDGE_CURVE('',#645,#645,#501,.T.);
#473=EDGE_CURVE('',#644,#645,#502,.T.);
#474=EDGE_CURVE('',#646,#646,#503,.T.);
#475=EDGE_CURVE('',#647,#647,#504,.T.);
#476=EDGE_CURVE('',#646,#647,#505,.T.);
#477=(
BOUNDED_CURVE()
B_SPLINE_CURVE(2,(#1086,#1087,#1088,#1089,#1090,#1091,#1092,#1093,#1094),
 .UNSPECIFIED.,.T.,.F.)
B_SPLINE_CURVE_WITH_KNOTS((3,2,2,2,3),(-10.2101761241668,-7.65763209312512,
-5.10508806208341,-2.55254403104171,0.),.UNSPECIFIED.)
CURVE()
GEOMETRIC_REPRESENTATION_ITEM()
RATIONAL_B_SPLINE_CURVE((1.,0.707106781186548,1.,0.707106781186548,1.,0.707106781186548,
1.,0.707106781186548,1.))
REPRESENTATION_ITEM('')
);
#478=(
BOUNDED_CURVE()
B_SPLINE_CURVE(2,(#1095,#1096,#1097,#1098,#1099,#1100,#1101,#1102,#1103),
 .UNSPECIFIED.,.T.,.F.)
B_SPLINE_CURVE_WITH_KNOTS((3,2,2,2,3),(0.,2.55254403104171,5.10508806208341,
7.65763209312512,10.2101761241668),.UNSPECIFIED.)
CURVE()
GEOMETRIC_REPRESENTATION_ITEM()
RATIONAL_B_SPLINE_CURVE((1.,0.707106781186548,1.,0.707106781186548,1.,0.707106781186548,
1.,0.707106781186548,1.))
REPRESENTATION_ITEM('')
);
#479=(
BOUNDED_CURVE()
B_SPLINE_CURVE(1,(#1104,#1105),.UNSPECIFIED.,.F.,.F.)
B_SPLINE_CURVE_WITH_KNOTS((2,2),(3.99999999999998,7.99999999999999),
 .UNSPECIFIED.)
CURVE()
GEOMETRIC_REPRESENTATION_ITEM()
RATIONAL_B_SPLINE_CURVE((1.,1.))
REPRESENTATION_ITEM('')
);
#480=(
BOUNDED_CURVE()
B_SPLINE_CURVE(2,(#1106,#1107,#1108,#1109,#1110,#1111,#1112,#1113,#1114),
 .UNSPECIFIED.,.T.,.F.)
B_SPLINE_CURVE_WITH_KNOTS((3,2,2,2,3),(-10.2101761241668,-7.65763209312512,
-5.10508806208341,-2.55254403104171,0.),.UNSPECIFIED.)
CURVE()
GEOMETRIC_REPRESENTATION_ITEM()
RATIONAL_B_SPLINE_CURVE((1.,0.707106781186548,1.,0.707106781186548,1.,0.707106781186548,
1.,0.707106781186548,1.))
REPRESENTATION_ITEM('')
);
#481=(
BOUNDED_CURVE()
B_SPLINE_CURVE(2,(#1115,#1116,#1117,#1118,#1119,#1120,#1121,#1122,#1123),
 .UNSPECIFIED.,.T.,.F.)
B_SPLINE_CURVE_WITH_KNOTS((3,2,2,2,3),(0.,2.55254403104171,5.10508806208341,
7.65763209312512,10.2101761241668),.UNSPECIFIED.)
CURVE()
GEOMETRIC_REPRESENTATION_ITEM()
RATIONAL_B_SPLINE_CURVE((1.,0.707106781186548,1.,0.707106781186548,1.,0.707106781186548,
1.,0.707106781186548,1.))
REPRESENTATION_ITEM('')
);
#482=(
BOUNDED_CURVE()
B_SPLINE_CURVE(1,(#1124,#1125),.UNSPECIFIED.,.F.,.F.)
B_SPLINE_CURVE_WITH_KNOTS((2,2),(3.99999999999997,7.99999999999999),
 .UNSPECIFIED.)
CURVE()
GEOMETRIC_REPRESENTATION_ITEM()
RATIONAL_B_SPLINE_CURVE((1.,1.))
REPRESENTATION_ITEM('')
);
#483=(
BOUNDED_CURVE()
B_SPLINE_CURVE(2,(#1126,#1127,#1128,#1129,#1130,#1131,#1132,#1133,#1134),
 .UNSPECIFIED.,.T.,.F.)
B_SPLINE_CURVE_WITH_KNOTS((3,2,2,2,3),(-10.2101761241668,-7.65763209312512,
-5.10508806208341,-2.55254403104171,0.),.UNSPECIFIED.)
CURVE()
GEOMETRIC_REPRESENTATION_ITEM()
RATIONAL_B_SPLINE_CURVE((1.,0.707106781186548,1.,0.707106781186548,1.,0.707106781186548,
1.,0.707106781186548,1.))
REPRESENTATION_ITEM('')
);
#484=(
BOUNDED_CURVE()
B_SPLINE_CURVE(2,(#1135,#1136,#1137,#1138,#1139,#1140,#1141,#1142,#1143),
 .UNSPECIFIED.,.T.,.F.)
B_SPLINE_CURVE_WITH_KNOTS((3,2,2,2,3),(0.,2.55254403104171,5.10508806208341,
7.65763209312512,10.2101761241668),.UNSPECIFIED.)
CURVE()
GEOMETRIC_REPRESENTATION_ITEM()
RATIONAL_B_SPLINE_CURVE((1.,0.707106781186548,1.,0.707106781186548,1.,0.707106781186548,
1.,0.707106781186548,1.))
REPRESENTATION_ITEM('')
);
#485=(
BOUNDED_CURVE()
B_SPLINE_CURVE(1,(#1144,#1145),.UNSPECIFIED.,.F.,.F.)
B_SPLINE_CURVE_WITH_KNOTS((2,2),(3.99999999999998,7.99999999999999),
 .UNSPECIFIED.)
CURVE()
GEOMETRIC_REPRESENTATION_ITEM()
RATIONAL_B_SPLINE_CURVE((1.,1.))
REPRESENTATION_ITEM('')
);
#486=(
BOUNDED_CURVE()
B_SPLINE_CURVE(2,(#1146,#1147,#1148,#1149,#1150,#1151,#1152,#1153,#1154),
 .UNSPECIFIED.,.T.,.F.)
B_SPLINE_CURVE_WITH_KNOTS((3,2,2,2,3),(-10.2101761241668,-7.65763209312512,
-5.10508806208341,-2.55254403104171,0.),.UNSPECIFIED.)
CURVE()
GEOMETRIC_REPRESENTATION_ITEM()
RATIONAL_B_SPLINE_CURVE((1.,0.707106781186548,1.,0.707106781186548,1.,0.707106781186548,
1.,0.707106781186548,1.))
REPRESENTATION_ITEM('')
);
#487=(
BOUNDED_CURVE()
B_SPLINE_CURVE(2,(#1155,#1156,#1157,#1158,#1159,#1160,#1161,#1162,#1163),
 .UNSPECIFIED.,.T.,.F.)
B_SPLINE_CURVE_WITH_KNOTS((3,2,2,2,3),(0.,2.55254403104171,5.10508806208341,
7.65763209312512,10.2101761241668),.UNSPECIFIED.)
CURVE()
GEOMETRIC_REPRESENTATION_ITEM()
RATIONAL_B_SPLINE_CURVE((1.,0.707106781186548,1.,0.707106781186548,1.,0.707106781186548,
1.,0.707106781186548,1.))
REPRESENTATION_ITEM('')
);
#488=(
BOUNDED_CURVE()
B_SPLINE_CURVE(1,(#1164,#1165),.UNSPECIFIED.,.F.,.F.)
B_SPLINE_CURVE_WITH_KNOTS((2,2),(3.99999999999997,7.99999999999999),
 .UNSPECIFIED.)
CURVE()
GEOMETRIC_REPRESENTATION_ITEM()
RATIONAL_B_SPLINE_CURVE((1.,1.))
REPRESENTATION_ITEM('')
);
#489=(
BOUNDED_CURVE()
B_SPLINE_CURVE(1,(#1250,#1251),.UNSPECIFIED.,.F.,.F.)
B_SPLINE_CURVE_WITH_KNOTS((2,2),(0.,13.9999995231628),.UNSPECIFIED.)
CURVE()
GEOMETRIC_REPRESENTATION_ITEM()
RATIONAL_B_SPLINE_CURVE((1.,1.))
REPRESENTATION_ITEM('')
);
#490=(
BOUNDED_CURVE()
B_SPLINE_CURVE(2,(#1297,#1298,#1299,#1300,#1301,#1302,#1303,#1304,#1305),
 .UNSPECIFIED.,.T.,.F.)
B_SPLINE_CURVE_WITH_KNOTS((3,2,2,2,3),(-23.5619449019234,-17.6714586764426,
-11.7809724509617,-5.89048622548086,0.),.UNSPECIFIED.)
CURVE()
GEOMETRIC_REPRESENTATION_ITEM()
RATIONAL_B_SPLINE_CURVE((1.,0.707106781186548,1.,0.707106781186548,1.,0.707106781186548,
1.,0.707106781186548,1.))
REPRESENTATION_ITEM('')
);
#491=(
BOUNDED_CURVE()
B_SPLINE_CURVE(2,(#1306,#1307,#1308,#1309,#1310,#1311,#1312,#1313,#1314),
 .UNSPECIFIED.,.T.,.F.)
B_SPLINE_CURVE_WITH_KNOTS((3,2,2,2,3),(0.,5.89048622548086,11.7809724509617,
17.6714586764426,23.5619449019234),.UNSPECIFIED.)
CURVE()
GEOMETRIC_REPRESENTATION_ITEM()
RATIONAL_B_SPLINE_CURVE((1.,0.707106781186548,1.,0.707106781186548,1.,0.707106781186548,
1.,0.707106781186548,1.))
REPRESENTATION_ITEM('')
);
#492=(
BOUNDED_CURVE()
B_SPLINE_CURVE(1,(#1315,#1316),.UNSPECIFIED.,.F.,.F.)
B_SPLINE_CURVE_WITH_KNOTS((2,2),(6.99999999999999,9.),.UNSPECIFIED.)
CURVE()
GEOMETRIC_REPRESENTATION_ITEM()
RATIONAL_B_SPLINE_CURVE((1.,1.))
REPRESENTATION_ITEM('')
);
#493=(
BOUNDED_CURVE()
B_SPLINE_CURVE(2,(#1489,#1490,#1491,#1492,#1493,#1494,#1495,#1496,#1497,
#1498,#1499,#1500,#1501,#1502,#1503,#1504,#1505,#1506,#1507,#1508,#1509,
#1510,#1511,#1512,#1513),.UNSPECIFIED.,.T.,.F.)
B_SPLINE_CURVE_WITH_KNOTS((3,2,2,2,2,2,2,2,2,2,2,2,3),(0.,2.70913847375445,
5.29479141059752,19.6349540849362,33.9751167592748,36.5607696961178,39.2699081698724,
41.9790466436268,44.6203424445448,58.9048622548086,73.1893820650723,75.8306778659903,
78.5398163397448),.UNSPECIFIED.)
CURVE()
GEOMETRIC_REPRESENTATION_ITEM()
RATIONAL_B_SPLINE_CURVE((1.,0.959587973348098,0.930327668847567,0.902401081484953,
0.884632769777351,0.786088809486043,1.,0.786088809486044,0.88463276977735,
0.902401081484951,0.930327668847563,0.959587973348095,1.,0.959587973348099,
0.930327668847568,0.9018001055061,0.883872731299669,0.786918830146769,1.,
0.78691883014677,0.883872731299668,0.901800105506099,0.930327668847566,
0.959587973348098,1.))
REPRESENTATION_ITEM('')
);
#494=(
BOUNDED_CURVE()
B_SPLINE_CURVE(2,(#1514,#1515,#1516,#1517,#1518,#1519,#1520,#1521,#1522),
 .UNSPECIFIED.,.T.,.F.)
B_SPLINE_CURVE_WITH_KNOTS((3,2,2,2,3),(0.,5.49778610739679,10.9955722147936,
16.4933583221904,21.9911444295872),.UNSPECIFIED.)
CURVE()
GEOMETRIC_REPRESENTATION_ITEM()
RATIONAL_B_SPLINE_CURVE((1.,0.707106781186548,1.,0.707106781186548,1.,0.707106781186548,
1.,0.707106781186548,1.))
REPRESENTATION_ITEM('')
);
#495=(
BOUNDED_CURVE()
B_SPLINE_CURVE(1,(#1523,#1524),.UNSPECIFIED.,.F.,.F.)
B_SPLINE_CURVE_WITH_KNOTS((2,2),(0.,19.2),.UNSPECIFIED.)
CURVE()
GEOMETRIC_REPRESENTATION_ITEM()
RATIONAL_B_SPLINE_CURVE((1.,1.))
REPRESENTATION_ITEM('')
);
#496=(
BOUNDED_CURVE()
B_SPLINE_CURVE(2,(#1525,#1526,#1527,#1528,#1529,#1530,#1531,#1532,#1533),
 .UNSPECIFIED.,.T.,.F.)
B_SPLINE_CURVE_WITH_KNOTS((3,2,2,2,3),(0.,5.49778610739679,10.9955722147936,
16.4933583221904,21.9911444295872),.UNSPECIFIED.)
CURVE()
GEOMETRIC_REPRESENTATION_ITEM()
RATIONAL_B_SPLINE_CURVE((1.,0.707106781186548,1.,0.707106781186548,1.,0.707106781186548,
1.,0.707106781186548,1.))
REPRESENTATION_ITEM('')
);
#497=(
BOUNDED_CURVE()
B_SPLINE_CURVE(2,(#1534,#1535,#1536,#1537,#1538,#1539,#1540,#1541,#1542),
 .UNSPECIFIED.,.T.,.F.)
B_SPLINE_CURVE_WITH_KNOTS((3,2,2,2,3),(0.,5.49778610739679,10.9955722147936,
16.4933583221904,21.9911444295872),.UNSPECIFIED.)
CURVE()
GEOMETRIC_REPRESENTATION_ITEM()
RATIONAL_B_SPLINE_CURVE((1.,0.707106781186548,1.,0.707106781186548,1.,0.707106781186548,
1.,0.707106781186548,1.))
REPRESENTATION_ITEM('')
);
#498=(
BOUNDED_CURVE()
B_SPLINE_CURVE(1,(#1543,#1544),.UNSPECIFIED.,.F.,.F.)
B_SPLINE_CURVE_WITH_KNOTS((2,2),(0.,19.2),.UNSPECIFIED.)
CURVE()
GEOMETRIC_REPRESENTATION_ITEM()
RATIONAL_B_SPLINE_CURVE((1.,1.))
REPRESENTATION_ITEM('')
);
#499=(
BOUNDED_CURVE()
B_SPLINE_CURVE(2,(#1545,#1546,#1547,#1548,#1549,#1550,#1551,#1552,#1553),
 .UNSPECIFIED.,.T.,.F.)
B_SPLINE_CURVE_WITH_KNOTS((3,2,2,2,3),(0.,5.49778610739679,10.9955722147936,
16.4933583221904,21.9911444295872),.UNSPECIFIED.)
CURVE()
GEOMETRIC_REPRESENTATION_ITEM()
RATIONAL_B_SPLINE_CURVE((1.,0.707106781186548,1.,0.707106781186548,1.,0.707106781186548,
1.,0.707106781186548,1.))
REPRESENTATION_ITEM('')
);
#500=(
BOUNDED_CURVE()
B_SPLINE_CURVE(2,(#1554,#1555,#1556,#1557,#1558,#1559,#1560,#1561,#1562),
 .UNSPECIFIED.,.T.,.F.)
B_SPLINE_CURVE_WITH_KNOTS((3,2,2,2,3),(-10.0530964914873,-7.5398223686155,
-5.02654824574367,-2.51327412287183,0.),.UNSPECIFIED.)
CURVE()
GEOMETRIC_REPRESENTATION_ITEM()
RATIONAL_B_SPLINE_CURVE((1.,0.707106781186548,1.,0.707106781186548,1.,0.707106781186548,
1.,0.707106781186548,1.))
REPRESENTATION_ITEM('')
);
#501=(
BOUNDED_CURVE()
B_SPLINE_CURVE(2,(#1563,#1564,#1565,#1566,#1567,#1568,#1569,#1570,#1571),
 .UNSPECIFIED.,.T.,.F.)
B_SPLINE_CURVE_WITH_KNOTS((3,2,2,2,3),(-10.0530964914873,-7.5398223686155,
-5.02654824574367,-2.51327412287183,0.),.UNSPECIFIED.)
CURVE()
GEOMETRIC_REPRESENTATION_ITEM()
RATIONAL_B_SPLINE_CURVE((1.,0.707106781186548,1.,0.707106781186548,1.,0.707106781186548,
1.,0.707106781186548,1.))
REPRESENTATION_ITEM('')
);
#502=(
BOUNDED_CURVE()
B_SPLINE_CURVE(1,(#1572,#1573),.UNSPECIFIED.,.F.,.F.)
B_SPLINE_CURVE_WITH_KNOTS((2,2),(15.8,17.),.UNSPECIFIED.)
CURVE()
GEOMETRIC_REPRESENTATION_ITEM()
RATIONAL_B_SPLINE_CURVE((1.,1.))
REPRESENTATION_ITEM('')
);
#503=(
BOUNDED_CURVE()
B_SPLINE_CURVE(2,(#1574,#1575,#1576,#1577,#1578,#1579,#1580,#1581,#1582),
 .UNSPECIFIED.,.T.,.F.)
B_SPLINE_CURVE_WITH_KNOTS((3,2,2,2,3),(-10.0530964914873,-7.5398223686155,
-5.02654824574367,-2.51327412287183,0.),.UNSPECIFIED.)
CURVE()
GEOMETRIC_REPRESENTATION_ITEM()
RATIONAL_B_SPLINE_CURVE((1.,0.707106781186548,1.,0.707106781186548,1.,0.707106781186548,
1.,0.707106781186548,1.))
REPRESENTATION_ITEM('')
);
#504=(
BOUNDED_CURVE()
B_SPLINE_CURVE(2,(#1583,#1584,#1585,#1586,#1587,#1588,#1589,#1590,#1591),
 .UNSPECIFIED.,.T.,.F.)
B_SPLINE_CURVE_WITH_KNOTS((3,2,2,2,3),(0.,2.51327412287183,5.02654824574367,
7.5398223686155,10.0530964914873),.UNSPECIFIED.)
CURVE()
GEOMETRIC_REPRESENTATION_ITEM()
RATIONAL_B_SPLINE_CURVE((1.,0.707106781186548,1.,0.707106781186548,1.,0.707106781186548,
1.,0.707106781186548,1.))
REPRESENTATION_ITEM('')
);
#505=(
BOUNDED_CURVE()
B_SPLINE_CURVE(1,(#1592,#1593),.UNSPECIFIED.,.F.,.F.)
B_SPLINE_CURVE_WITH_KNOTS((2,2),(17.,18.2),.UNSPECIFIED.)
CURVE()
GEOMETRIC_REPRESENTATION_ITEM()
RATIONAL_B_SPLINE_CURVE((1.,1.))
REPRESENTATION_ITEM('')
);
#506=B_SPLINE_CURVE_WITH_KNOTS('',1,(#1068,#1069),.UNSPECIFIED.,.F.,.F.,
(2,2),(-21.1131399341847,-16.1131399341847),.UNSPECIFIED.);
#507=B_SPLINE_CURVE_WITH_KNOTS('',1,(#1070,#1071),.UNSPECIFIED.,.F.,.F.,
(2,2),(-21.1131399341847,-16.1131399341847),.UNSPECIFIED.);
#508=B_SPLINE_CURVE_WITH_KNOTS('',1,(#1072,#1073),.UNSPECIFIED.,.F.,.F.,
(2,2),(0.,5.),.UNSPECIFIED.);
#509=B_SPLINE_CURVE_WITH_KNOTS('',1,(#1074,#1075,#1076),.UNSPECIFIED.,.F.,
 .F.,(2,1,2),(-16.1131399341847,-12.4727371403004,-8.83233434641612),
 .UNSPECIFIED.);
#510=B_SPLINE_CURVE_WITH_KNOTS('',1,(#1077,#1078),.UNSPECIFIED.,.F.,.F.,
(2,2),(0.,5.),.UNSPECIFIED.);
#511=B_SPLINE_CURVE_WITH_KNOTS('',1,(#1079,#1080,#1081),.UNSPECIFIED.,.F.,
 .F.,(2,1,2),(-16.1131399341847,-12.4727371403004,-8.83233434641612),
 .UNSPECIFIED.);
#512=B_SPLINE_CURVE_WITH_KNOTS('',1,(#1082,#1083),.UNSPECIFIED.,.F.,.F.,
(2,2),(-8.83233434641612,0.),.UNSPECIFIED.);
#513=B_SPLINE_CURVE_WITH_KNOTS('',1,(#1084,#1085),.UNSPECIFIED.,.F.,.F.,
(2,2),(-8.83233434641612,0.),.UNSPECIFIED.);
#514=B_SPLINE_CURVE_WITH_KNOTS('',1,(#1166,#1167),.UNSPECIFIED.,.F.,.F.,
(2,2),(2.85714340209958,37.1428642272949),.UNSPECIFIED.);
#515=B_SPLINE_CURVE_WITH_KNOTS('',1,(#1168,#1169),.UNSPECIFIED.,.F.,.F.,
(2,2),(2.85714340209958,5.71428317115347),.UNSPECIFIED.);
#516=B_SPLINE_CURVE_WITH_KNOTS('',1,(#1170,#1171),.UNSPECIFIED.,.F.,.F.,
(2,2),(-60.9999980926514,-36.9999990463257),.UNSPECIFIED.);
#517=B_SPLINE_CURVE_WITH_KNOTS('',1,(#1172,#1173),.UNSPECIFIED.,.F.,.F.,
(2,2),(0.,4.00000000000002),.UNSPECIFIED.);
#518=B_SPLINE_CURVE_WITH_KNOTS('',1,(#1174,#1175),.UNSPECIFIED.,.F.,.F.,
(2,2),(0.,4.00000000000001),.UNSPECIFIED.);
#519=B_SPLINE_CURVE_WITH_KNOTS('',5,(#1176,#1177,#1178,#1179,#1180,#1181),
 .UNSPECIFIED.,.F.,.F.,(6,6),(-5.64852813742396,0.),.UNSPECIFIED.);
#520=B_SPLINE_CURVE_WITH_KNOTS('',5,(#1182,#1183,#1184,#1185,#1186,#1187),
 .UNSPECIFIED.,.F.,.F.,(6,6),(0.,5.64852813742396),.UNSPECIFIED.);
#521=B_SPLINE_CURVE_WITH_KNOTS('',1,(#1188,#1189),.UNSPECIFIED.,.F.,.F.,
(2,2),(2.85714340209957,37.1428642272949),.UNSPECIFIED.);
#522=B_SPLINE_CURVE_WITH_KNOTS('',1,(#1190,#1191),.UNSPECIFIED.,.F.,.F.,
(2,2),(2.85714340209956,5.71428317115353),.UNSPECIFIED.);
#523=B_SPLINE_CURVE_WITH_KNOTS('',1,(#1192,#1193),.UNSPECIFIED.,.F.,.F.,
(2,2),(-26.9999990463257,-3.),.UNSPECIFIED.);
#524=B_SPLINE_CURVE_WITH_KNOTS('',1,(#1194,#1195),.UNSPECIFIED.,.F.,.F.,
(2,2),(0.,4.00000000000002),.UNSPECIFIED.);
#525=B_SPLINE_CURVE_WITH_KNOTS('',1,(#1196,#1197),.UNSPECIFIED.,.F.,.F.,
(2,2),(0.,4.00000000000002),.UNSPECIFIED.);
#526=B_SPLINE_CURVE_WITH_KNOTS('',5,(#1198,#1199,#1200,#1201,#1202,#1203),
 .UNSPECIFIED.,.F.,.F.,(6,6),(-5.64852813742442,0.),.UNSPECIFIED.);
#527=B_SPLINE_CURVE_WITH_KNOTS('',5,(#1204,#1205,#1206,#1207,#1208,#1209),
 .UNSPECIFIED.,.F.,.F.,(6,6),(0.,5.64852813742442),.UNSPECIFIED.);
#528=B_SPLINE_CURVE_WITH_KNOTS('',1,(#1210,#1211),.UNSPECIFIED.,.F.,.F.,
(2,2),(-26.9999990463257,-3.00000000000002),.UNSPECIFIED.);
#529=B_SPLINE_CURVE_WITH_KNOTS('',1,(#1212,#1213),.UNSPECIFIED.,.F.,.F.,
(2,2),(0.,4.00000000000002),.UNSPECIFIED.);
#530=B_SPLINE_CURVE_WITH_KNOTS('',1,(#1214,#1215),.UNSPECIFIED.,.F.,.F.,
(2,2),(0.,4.00000000000002),.UNSPECIFIED.);
#531=B_SPLINE_CURVE_WITH_KNOTS('',5,(#1216,#1217,#1218,#1219,#1220,#1221),
 .UNSPECIFIED.,.F.,.F.,(6,6),(0.,5.64852813742428),.UNSPECIFIED.);
#532=B_SPLINE_CURVE_WITH_KNOTS('',5,(#1222,#1223,#1224,#1225,#1226,#1227),
 .UNSPECIFIED.,.F.,.F.,(6,6),(-5.64852813742428,0.),.UNSPECIFIED.);
#533=B_SPLINE_CURVE_WITH_KNOTS('',1,(#1228,#1229),.UNSPECIFIED.,.F.,.F.,
(2,2),(-60.9999980926514,-36.9999990463257),.UNSPECIFIED.);
#534=B_SPLINE_CURVE_WITH_KNOTS('',1,(#1230,#1231),.UNSPECIFIED.,.F.,.F.,
(2,2),(0.,4.00000000000002),.UNSPECIFIED.);
#535=B_SPLINE_CURVE_WITH_KNOTS('',1,(#1232,#1233),.UNSPECIFIED.,.F.,.F.,
(2,2),(0.,4.00000000000001),.UNSPECIFIED.);
#536=B_SPLINE_CURVE_WITH_KNOTS('',5,(#1234,#1235,#1236,#1237,#1238,#1239),
 .UNSPECIFIED.,.F.,.F.,(6,6),(-5.64852813742428,0.),.UNSPECIFIED.);
#537=B_SPLINE_CURVE_WITH_KNOTS('',5,(#1240,#1241,#1242,#1243,#1244,#1245),
 .UNSPECIFIED.,.F.,.F.,(6,6),(0.,5.64852813742428),.UNSPECIFIED.);
#538=B_SPLINE_CURVE_WITH_KNOTS('',1,(#1246,#1247),.UNSPECIFIED.,.F.,.F.,
(2,2),(-96.209944696565,-69.2995714423869),.UNSPECIFIED.);
#539=B_SPLINE_CURVE_WITH_KNOTS('',1,(#1248,#1249),.UNSPECIFIED.,.F.,.F.,
(2,2),(-96.209944696565,-69.2995551155306),.UNSPECIFIED.);
#540=B_SPLINE_CURVE_WITH_KNOTS('',3,(#1252,#1253,#1254,#1255,#1256,#1257,
#1258,#1259,#1260,#1261,#1262,#1263,#1264,#1265,#1266,#1267,#1268,#1269,
#1270,#1271,#1272,#1273,#1274,#1275,#1276,#1277,#1278,#1279,#1280,#1281,
#1282,#1283,#1284,#1285,#1286,#1287,#1288,#1289,#1290,#1291,#1292,#1293,
#1294,#1295,#1296),.UNSPECIFIED.,.T.,.F.,(4,2,2,2,2,3,2,2,2,2,3,2,2,2,2,
3,2,2,2,2,4),(0.,3.02858384025706,6.05690043525594,12.0937470121863,18.3000199054806,
24.6480484723269,30.9960770391706,37.202349932463,43.2391965093931,46.2675131043978,
49.2960969446538,52.3246807849105,55.352997379911,61.3898439568415,67.5961168501352,
73.9441454169806,80.2921739838257,86.4984468771196,92.5352934540475,95.5636100490469,
98.5921938893075),.UNSPECIFIED.);
#541=B_SPLINE_CURVE_WITH_KNOTS('',1,(#1317,#1318),.UNSPECIFIED.,.F.,.F.,
(2,2),(-29.9999990463257,-18.9999995231629),.UNSPECIFIED.);
#542=B_SPLINE_CURVE_WITH_KNOTS('',1,(#1319,#1320),.UNSPECIFIED.,.F.,.F.,
(2,2),(-29.9999990463257,-18.9999995231628),.UNSPECIFIED.);
#543=B_SPLINE_CURVE_WITH_KNOTS('',1,(#1321,#1322),.UNSPECIFIED.,.F.,.F.,
(2,2),(34.2857244582411,37.1428642272949),.UNSPECIFIED.);
#544=B_SPLINE_CURVE_WITH_KNOTS('',1,(#1323,#1324),.UNSPECIFIED.,.F.,.F.,
(2,2),(34.2857244582412,37.142864227295),.UNSPECIFIED.);
#545=B_SPLINE_CURVE_WITH_KNOTS('',1,(#1325,#1326),.UNSPECIFIED.,.F.,.F.,
(2,2),(5.71428317115353,34.2857244582412),.UNSPECIFIED.);
#546=B_SPLINE_CURVE_WITH_KNOTS('',1,(#1327,#1328),.UNSPECIFIED.,.F.,.F.,
(2,2),(-12.0000023841858,0.),.UNSPECIFIED.);
#547=B_SPLINE_CURVE_WITH_KNOTS('',1,(#1329,#1330),.UNSPECIFIED.,.F.,.F.,
(2,2),(-21.1131399341847,-12.2808055877686),.UNSPECIFIED.);
#548=B_SPLINE_CURVE_WITH_KNOTS('',1,(#1331,#1332),.UNSPECIFIED.,.F.,.F.,
(2,2),(0.,5.),.UNSPECIFIED.);
#549=B_SPLINE_CURVE_WITH_KNOTS('',1,(#1333,#1334),.UNSPECIFIED.,.F.,.F.,
(2,2),(-21.1131399341847,-12.2808055877686),.UNSPECIFIED.);
#550=B_SPLINE_CURVE_WITH_KNOTS('',1,(#1335,#1336,#1337),.UNSPECIFIED.,.F.,
 .F.,(2,1,2),(-12.2808055877686,-8.64040279388428,-5.),.UNSPECIFIED.);
#551=B_SPLINE_CURVE_WITH_KNOTS('',1,(#1338,#1339,#1340),.UNSPECIFIED.,.F.,
 .F.,(2,1,2),(-12.2808055877686,-8.64040279388428,-5.),.UNSPECIFIED.);
#552=B_SPLINE_CURVE_WITH_KNOTS('',1,(#1341,#1342),.UNSPECIFIED.,.F.,.F.,
(2,2),(0.,5.),.UNSPECIFIED.);
#553=B_SPLINE_CURVE_WITH_KNOTS('',1,(#1343,#1344),.UNSPECIFIED.,.F.,.F.,
(2,2),(-4.99993493149691,0.),.UNSPECIFIED.);
#554=B_SPLINE_CURVE_WITH_KNOTS('',1,(#1345,#1346),.UNSPECIFIED.,.F.,.F.,
(2,2),(-4.99993493149691,0.),.UNSPECIFIED.);
#555=B_SPLINE_CURVE_WITH_KNOTS('',1,(#1347,#1348),.UNSPECIFIED.,.F.,.F.,
(2,2),(-12.0000023841857,0.),.UNSPECIFIED.);
#556=B_SPLINE_CURVE_WITH_KNOTS('',1,(#1349,#1350),.UNSPECIFIED.,.F.,.F.,
(2,2),(-5.48322076408737,-2.22143350759028),.UNSPECIFIED.);
#557=B_SPLINE_CURVE_WITH_KNOTS('',1,(#1351,#1352),.UNSPECIFIED.,.F.,.F.,
(2,2),(6.84650349984796,23.153511758941),.UNSPECIFIED.);
#558=B_SPLINE_CURVE_WITH_KNOTS('',1,(#1353,#1354),.UNSPECIFIED.,.F.,.F.,
(2,2),(6.84650349984803,23.153511758941),.UNSPECIFIED.);
#559=B_SPLINE_CURVE_WITH_KNOTS('',3,(#1355,#1356,#1357,#1358),
 .UNSPECIFIED.,.F.,.F.,(4,4),(3.5192405587479,7.88087064883397),
 .UNSPECIFIED.);
#560=B_SPLINE_CURVE_WITH_KNOTS('',1,(#1359,#1360),.UNSPECIFIED.,.F.,.F.,
(2,2),(0.,2.),.UNSPECIFIED.);
#561=B_SPLINE_CURVE_WITH_KNOTS('',1,(#1361,#1362),.UNSPECIFIED.,.F.,.F.,
(2,2),(0.,2.00000000000001),.UNSPECIFIED.);
#562=B_SPLINE_CURVE_WITH_KNOTS('',1,(#1363,#1364),.UNSPECIFIED.,.F.,.F.,
(2,2),(-2.33637507011153,2.),.UNSPECIFIED.);
#563=B_SPLINE_CURVE_WITH_KNOTS('',1,(#1365,#1366),.UNSPECIFIED.,.F.,.F.,
(2,2),(3.5527136788005E-14,4.33637507011153),.UNSPECIFIED.);
#564=B_SPLINE_CURVE_WITH_KNOTS('',3,(#1367,#1368,#1369,#1370,#1371,#1372,
#1373,#1374,#1375,#1376,#1377,#1378,#1379,#1380,#1381,#1382,#1383,#1384,
#1385,#1386),.UNSPECIFIED.,.F.,.F.,(4,1,1,1,1,1,1,1,1,1,1,1,1,1,1,1,1,4),
(-5.67315098107696,-5.26007187169592,-4.85241535348348,-4.45477142660204,
-4.07068277118117,-3.70251985239411,-3.35138364091153,-3.01704857015786,
-2.69797713832778,-2.39145314742623,-2.09387841291396,-1.80123989851046,
-1.50968310941034,-1.21606560929276,-0.918363969384766,-0.615869182445764,
-0.309175674072335,0.),.UNSPECIFIED.);
#565=B_SPLINE_CURVE_WITH_KNOTS('',5,(#1387,#1388,#1389,#1390,#1391,#1392),
 .UNSPECIFIED.,.F.,.F.,(6,6),(0.,5.14244640530099),.UNSPECIFIED.);
#566=B_SPLINE_CURVE_WITH_KNOTS('',3,(#1393,#1394,#1395,#1396,#1397,#1398,
#1399,#1400,#1401,#1402,#1403,#1404,#1405,#1406,#1407,#1408,#1409,#1410,
#1411,#1412),.UNSPECIFIED.,.F.,.F.,(4,1,1,1,1,1,1,1,1,1,1,1,1,1,1,1,1,4),
(0.,0.309175674072221,0.615869182445764,0.918363969384654,1.21606560929288,
1.50968310941035,1.80123989851066,2.09387841291413,2.39145314742641,2.69797713832799,
3.01704857015815,3.35138364091177,3.70251985239434,4.0706827711815,4.45477142660238,
4.85241535348388,5.26007187169632,5.67315098107696),.UNSPECIFIED.);
#567=B_SPLINE_CURVE_WITH_KNOTS('',5,(#1413,#1414,#1415,#1416,#1417,#1418),
 .UNSPECIFIED.,.F.,.F.,(6,6),(-5.1424464053013,0.),.UNSPECIFIED.);
#568=B_SPLINE_CURVE_WITH_KNOTS('',3,(#1419,#1420,#1421,#1422),
 .UNSPECIFIED.,.F.,.F.,(4,4),(2.07469768812261,6.43634579969292),
 .UNSPECIFIED.);
#569=B_SPLINE_CURVE_WITH_KNOTS('',1,(#1423,#1424),.UNSPECIFIED.,.F.,.F.,
(2,2),(-48.3111924464201,-29.9999990463257),.UNSPECIFIED.);
#570=B_SPLINE_CURVE_WITH_KNOTS('',1,(#1425,#1426),.UNSPECIFIED.,.F.,.F.,
(2,2),(2.2214469846629,5.48322076408741),.UNSPECIFIED.);
#571=B_SPLINE_CURVE_WITH_KNOTS('',1,(#1427,#1428),.UNSPECIFIED.,.F.,.F.,
(2,2),(-48.3112035560477,-29.9999990463257),.UNSPECIFIED.);
#572=B_SPLINE_CURVE_WITH_KNOTS('',1,(#1429,#1430),.UNSPECIFIED.,.F.,.F.,
(2,2),(-1.6708770677877,8.60936394741137),.UNSPECIFIED.);
#573=B_SPLINE_CURVE_WITH_KNOTS('',1,(#1431,#1432),.UNSPECIFIED.,.F.,.F.,
(2,2),(-1.67087706778767,8.60937591162532),.UNSPECIFIED.);
#574=B_SPLINE_CURVE_WITH_KNOTS('',1,(#1433,#1434),.UNSPECIFIED.,.F.,.F.,
(2,2),(1.37736306331729,8.60937591162537),.UNSPECIFIED.);
#575=B_SPLINE_CURVE_WITH_KNOTS('',1,(#1435,#1436),.UNSPECIFIED.,.F.,.F.,
(2,2),(1.37736306331729,8.60936394741134),.UNSPECIFIED.);
#576=B_SPLINE_CURVE_WITH_KNOTS('',3,(#1437,#1438,#1439,#1440,#1441,#1442,
#1443,#1444,#1445,#1446,#1447,#1448,#1449,#1450,#1451,#1452,#1453,#1454,
#1455,#1456),.UNSPECIFIED.,.F.,.F.,(4,1,1,1,1,1,1,1,1,1,1,1,1,1,1,1,1,4),
(0.,0.268094589042563,0.53528806296598,0.800824689396111,1.06413000094749,
1.324823298258,1.58271782533307,1.83780953655285,2.09025530409109,2.34034179068241,
2.58844693189421,2.83499685616912,3.08042188640061,3.3251157906311,3.5694025554337,
3.81351467283256,4.05758643584336,4.30166527411581),.UNSPECIFIED.);
#577=B_SPLINE_CURVE_WITH_KNOTS('',5,(#1457,#1458,#1459,#1460,#1461,#1462),
 .UNSPECIFIED.,.F.,.F.,(6,6),(-3.07517635985397,0.),.UNSPECIFIED.);
#578=B_SPLINE_CURVE_WITH_KNOTS('',3,(#1463,#1464,#1465,#1466,#1467,#1468,
#1469,#1470,#1471,#1472,#1473,#1474,#1475,#1476,#1477,#1478,#1479,#1480,
#1481,#1482),.UNSPECIFIED.,.F.,.F.,(4,1,1,1,1,1,1,1,1,1,1,1,1,1,1,1,1,4),
(-4.30166527411582,-4.05758643584343,-3.81351467283268,-3.56940255543373,
-3.32511579063114,-3.08042188640068,-2.83499685616917,-2.5884469318943,
-2.34034179068248,-2.09025530409118,-1.8378095365529,-1.58271782533313,
-1.3248232982581,-1.06413000094757,-0.800824689396142,-0.535288062966091,
-0.268094589042647,0.),.UNSPECIFIED.);
#579=B_SPLINE_CURVE_WITH_KNOTS('',5,(#1483,#1484,#1485,#1486,#1487,#1488),
 .UNSPECIFIED.,.F.,.F.,(6,6),(0.,3.07517635985402),.UNSPECIFIED.);
#580=VERTEX_POINT('',#1000);
#581=VERTEX_POINT('',#1001);
#582=VERTEX_POINT('',#1002);
#583=VERTEX_POINT('',#1003);
#584=VERTEX_POINT('',#1004);
#585=VERTEX_POINT('',#1005);
#586=VERTEX_POINT('',#1006);
#587=VERTEX_POINT('',#1007);
#588=VERTEX_POINT('',#1008);
#589=VERTEX_POINT('',#1009);
#590=VERTEX_POINT('',#1010);
#591=VERTEX_POINT('',#1011);
#592=VERTEX_POINT('',#1012);
#593=VERTEX_POINT('',#1013);
#594=VERTEX_POINT('',#1014);
#595=VERTEX_POINT('',#1015);
#596=VERTEX_POINT('',#1016);
#597=VERTEX_POINT('',#1017);
#598=VERTEX_POINT('',#1018);
#599=VERTEX_POINT('',#1019);
#600=VERTEX_POINT('',#1020);
#601=VERTEX_POINT('',#1021);
#602=VERTEX_POINT('',#1022);
#603=VERTEX_POINT('',#1023);
#604=VERTEX_POINT('',#1024);
#605=VERTEX_POINT('',#1025);
#606=VERTEX_POINT('',#1026);
#607=VERTEX_POINT('',#1027);
#608=VERTEX_POINT('',#1028);
#609=VERTEX_POINT('',#1029);
#610=VERTEX_POINT('',#1030);
#611=VERTEX_POINT('',#1031);
#612=VERTEX_POINT('',#1032);
#613=VERTEX_POINT('',#1033);
#614=VERTEX_POINT('',#1034);
#615=VERTEX_POINT('',#1035);
#616=VERTEX_POINT('',#1036);
#617=VERTEX_POINT('',#1037);
#618=VERTEX_POINT('',#1038);
#619=VERTEX_POINT('',#1039);
#620=VERTEX_POINT('',#1040);
#621=VERTEX_POINT('',#1041);
#622=VERTEX_POINT('',#1042);
#623=VERTEX_POINT('',#1043);
#624=VERTEX_POINT('',#1044);
#625=VERTEX_POINT('',#1045);
#626=VERTEX_POINT('',#1046);
#627=VERTEX_POINT('',#1047);
#628=VERTEX_POINT('',#1048);
#629=VERTEX_POINT('',#1049);
#630=VERTEX_POINT('',#1050);
#631=VERTEX_POINT('',#1051);
#632=VERTEX_POINT('',#1052);
#633=VERTEX_POINT('',#1053);
#634=VERTEX_POINT('',#1054);
#635=VERTEX_POINT('',#1055);
#636=VERTEX_POINT('',#1056);
#637=VERTEX_POINT('',#1057);
#638=VERTEX_POINT('',#1058);
#639=VERTEX_POINT('',#1059);
#640=VERTEX_POINT('',#1060);
#641=VERTEX_POINT('',#1061);
#642=VERTEX_POINT('',#1062);
#643=VERTEX_POINT('',#1063);
#644=VERTEX_POINT('',#1064);
#645=VERTEX_POINT('',#1065);
#646=VERTEX_POINT('',#1066);
#647=VERTEX_POINT('',#1067);
#648=(
BOUNDED_SURFACE()
B_SPLINE_SURFACE(1,2,((#952,#953,#954,#955,#956,#957,#958,#959,#960),(#961,
#962,#963,#964,#965,#966,#967,#968,#969)),.UNSPECIFIED.,.F.,.F.,.F.)
B_SPLINE_SURFACE_WITH_KNOTS((2,2),(3,2,2,2,3),(0.,19.2),(0.,5.49778610739679,
10.9955722147936,16.4933583221904,21.9911444295872),.UNSPECIFIED.)
GEOMETRIC_REPRESENTATION_ITEM()
RATIONAL_B_SPLINE_SURFACE(((1.,0.707106781186548,1.,0.707106781186548,1.,
0.707106781186548,1.,0.707106781186548,1.),(1.,0.707106781186548,1.,0.707106781186548,
1.,0.707106781186548,1.,0.707106781186548,1.)))
REPRESENTATION_ITEM('')
SURFACE()
);
#649=(
BOUNDED_SURFACE()
B_SPLINE_SURFACE(2,1,((#970,#971),(#972,#973),(#974,#975),(#976,#977),(#978,
#979),(#980,#981),(#982,#983),(#984,#985),(#986,#987)),.UNSPECIFIED.,.T.,
 .F.,.F.)
B_SPLINE_SURFACE_WITH_KNOTS((3,2,2,2,3),(2,2),(0.,5.49778610739679,10.9955722147936,
16.4933583221904,21.9911444295872),(0.,19.2),.UNSPECIFIED.)
GEOMETRIC_REPRESENTATION_ITEM()
RATIONAL_B_SPLINE_SURFACE(((1.,1.),(0.707106781186548,0.707106781186548),
(1.,1.),(0.707106781186548,0.707106781186548),(1.,1.),(0.707106781186548,
0.707106781186548),(1.,1.),(0.707106781186548,0.707106781186548),(1.,1.)))
REPRESENTATION_ITEM('')
SURFACE()
);
#650=B_SPLINE_SURFACE_WITH_KNOTS('',5,1,((#846,#847),(#848,#849),(#850,
#851),(#852,#853),(#854,#855),(#856,#857)),.UNSPECIFIED.,.F.,.F.,.F.,(6,
6),(2,2),(0.,5.64852813742396),(-3.00000000000003,7.00000000000001),
 .UNSPECIFIED.);
#651=B_SPLINE_SURFACE_WITH_KNOTS('',5,1,((#858,#859),(#860,#861),(#862,
#863),(#864,#865),(#866,#867),(#868,#869)),.UNSPECIFIED.,.F.,.F.,.F.,(6,
6),(2,2),(0.,5.64852813742442),(-3.00000000000002,7.00000000000002),
 .UNSPECIFIED.);
#652=B_SPLINE_SURFACE_WITH_KNOTS('',1,5,((#871,#872,#873,#874,#875,#876),
(#877,#878,#879,#880,#881,#882)),.UNSPECIFIED.,.F.,.F.,.F.,(2,2),(6,6),
(-3.,7.00000000000001),(0.,5.64852813742428),.UNSPECIFIED.);
#653=B_SPLINE_SURFACE_WITH_KNOTS('',1,5,((#883,#884,#885,#886,#887,#888),
(#889,#890,#891,#892,#893,#894)),.UNSPECIFIED.,.F.,.F.,.F.,(2,2),(6,6),
(-3.00000000000006,7.00000000000001),(0.,5.64852813742428),
 .UNSPECIFIED.);
#654=B_SPLINE_SURFACE_WITH_KNOTS('',5,1,((#901,#902),(#903,#904),(#905,
#906),(#907,#908),(#909,#910),(#911,#912)),.UNSPECIFIED.,.F.,.F.,.F.,(6,
6),(2,2),(0.,5.14244640530099),(-7.33637507011163,7.00000000000009),
 .UNSPECIFIED.);
#655=B_SPLINE_SURFACE_WITH_KNOTS('',5,1,((#913,#914),(#915,#916),(#917,
#918),(#919,#920),(#921,#922),(#923,#924)),.UNSPECIFIED.,.F.,.F.,.F.,(6,
6),(2,2),(0.,5.1424464053013),(-5.,9.33637507011163),.UNSPECIFIED.);
#656=B_SPLINE_SURFACE_WITH_KNOTS('',1,5,((#926,#927,#928,#929,#930,#931),
(#932,#933,#934,#935,#936,#937)),.UNSPECIFIED.,.F.,.F.,.F.,(2,2),(6,6),
(-6.67087706778762,13.6093759116254),(0.,3.07517635985397),
 .UNSPECIFIED.);
#657=B_SPLINE_SURFACE_WITH_KNOTS('',5,1,((#938,#939),(#940,#941),(#942,
#943),(#944,#945),(#946,#947),(#948,#949)),.UNSPECIFIED.,.F.,.F.,.F.,(6,
6),(2,2),(0.,3.07517635985402),(-6.67087706778768,13.6093639474114),
 .UNSPECIFIED.);
#658=CYLINDRICAL_SURFACE('',#778,1.62499999999997);
#659=CYLINDRICAL_SURFACE('',#779,1.62499999999997);
#660=CYLINDRICAL_SURFACE('',#780,1.62500000000003);
#661=CYLINDRICAL_SURFACE('',#781,1.62499999999997);
#662=CYLINDRICAL_SURFACE('',#784,12.5);
#663=CYLINDRICAL_SURFACE('',#785,3.75);
#664=CYLINDRICAL_SURFACE('',#792,1.60000000000002);
#665=CYLINDRICAL_SURFACE('',#793,1.59999999999999);
#666=PLANE('',#775);
#667=PLANE('',#776);
#668=PLANE('',#777);
#669=PLANE('',#782);
#670=PLANE('',#783);
#671=PLANE('',#786);
#672=PLANE('',#787);
#673=PLANE('',#788);
#674=PLANE('',#789);
#675=PLANE('',#790);
#676=PLANE('',#791);
#677=PLANE('',#794);
#678=PLANE('',#795);
#679=PLANE('',#796);
#680=PLANE('',#797);
#681=PLANE('',#798);
#682=PLANE('',#799);
#683=PLANE('',#800);
#684=PLANE('',#801);
#685=PLANE('',#802);
#686=PLANE('',#803);
#687=SHAPE_DEFINITION_REPRESENTATION(#688,#773);
#688=PRODUCT_DEFINITION_SHAPE('Document','',#690);
#689=PRODUCT_DEFINITION_CONTEXT('3D Mechanical Parts',#762,'design');
#690=PRODUCT_DEFINITION('A','First version',#732,#689);
#691=DATE_TIME_ROLE('classification_date');
#692=DATE_TIME_ROLE('creation_date');
#693=APPLIED_DATE_AND_TIME_ASSIGNMENT(#717,#691,(#696));
#694=APPLIED_DATE_AND_TIME_ASSIGNMENT(#719,#692,(#690));
#695=SECURITY_CLASSIFICATION_LEVEL('unclassified');
#696=SECURITY_CLASSIFICATION('A','Security for version',#695);
#697=APPLIED_SECURITY_CLASSIFICATION_ASSIGNMENT(#696,(#732));
#698=APPROVAL_ROLE('Version approval');
#699=APPROVAL_ROLE('Version Security approval');
#700=APPROVAL_ROLE('Definition approval');
#701=APPROVAL_PERSON_ORGANIZATION(#750,#726,#698);
#702=APPROVAL_PERSON_ORGANIZATION(#751,#727,#699);
#703=APPROVAL_PERSON_ORGANIZATION(#754,#728,#700);
#704=COORDINATED_UNIVERSAL_TIME_OFFSET(5,0,.BEHIND.);
#705=LOCAL_TIME(0,0,0.,#704);
#706=LOCAL_TIME(0,0,0.,#704);
#707=LOCAL_TIME(0,0,0.,#704);
#708=LOCAL_TIME(0,0,0.,#704);
#709=LOCAL_TIME(0,0,0.,#704);
#710=CALENDAR_DATE(1999,1,1);
#711=CALENDAR_DATE(1999,1,1);
#712=CALENDAR_DATE(1999,1,1);
#713=CALENDAR_DATE(1999,1,1);
#714=CALENDAR_DATE(1999,1,1);
#715=DATE_AND_TIME(#710,#705);
#716=DATE_AND_TIME(#711,#706);
#717=DATE_AND_TIME(#712,#707);
#718=DATE_AND_TIME(#713,#708);
#719=DATE_AND_TIME(#714,#709);
#720=APPROVAL_DATE_TIME(#715,#726);
#721=APPROVAL_DATE_TIME(#716,#727);
#722=APPROVAL_DATE_TIME(#718,#728);
#723=APPROVAL_STATUS('not_yet_approved');
#724=APPROVAL_STATUS('not_yet_approved');
#725=APPROVAL_STATUS('approved');
#726=APPROVAL(#723,'Version approval');
#727=APPROVAL(#724,'Version Security approval');
#728=APPROVAL(#725,'Definition approval');
#729=APPLIED_APPROVAL_ASSIGNMENT(#726,(#732));
#730=APPLIED_APPROVAL_ASSIGNMENT(#727,(#696));
#731=APPLIED_APPROVAL_ASSIGNMENT(#728,(#690));
#732=PRODUCT_DEFINITION_FORMATION_WITH_SPECIFIED_SOURCE('A',
'First version',#764,.MADE.);
#733=PERSON_AND_ORGANIZATION_ROLE('design_owner');
#734=PERSON_AND_ORGANIZATION_ROLE('creator');
#735=PERSON_AND_ORGANIZATION_ROLE('design_supplier');
#736=PERSON_AND_ORGANIZATION_ROLE('classification_officer');
#737=PERSON_AND_ORGANIZATION_ROLE('creator');
#738=ORGANIZATION('STI','lab','lab');
#739=ORGANIZATION('STI','unknown','unknown');
#740=ORGANIZATION('STI','unknown','unknown');
#741=ORGANIZATION('STI','unknown','unknown');
#742=ORGANIZATION('STI','unknown','unknown');
#743=ORGANIZATION('STI','unknown','unknown');
#744=ORGANIZATION('STI','unknown','unknown');
#745=PERSON('1','Box','vc60',$,$,$);
#746=PERSON('2','last','first',$,$,$);
#747=PERSON('3','President','Mr.',$,$,$);
#748=PERSON_AND_ORGANIZATION(#745,#738);
#749=PERSON_AND_ORGANIZATION(#746,#739);
#750=PERSON_AND_ORGANIZATION(#747,#740);
#751=PERSON_AND_ORGANIZATION(#747,#741);
#752=PERSON_AND_ORGANIZATION(#747,#742);
#753=PERSON_AND_ORGANIZATION(#746,#743);
#754=PERSON_AND_ORGANIZATION(#747,#744);
#755=APPLIED_PERSON_AND_ORGANIZATION_ASSIGNMENT(#748,#733,(#764));
#756=APPLIED_PERSON_AND_ORGANIZATION_ASSIGNMENT(#749,#734,(#732));
#757=APPLIED_PERSON_AND_ORGANIZATION_ASSIGNMENT(#749,#735,(#732));
#758=APPLIED_PERSON_AND_ORGANIZATION_ASSIGNMENT(#752,#736,(#696));
#759=APPLIED_PERSON_AND_ORGANIZATION_ASSIGNMENT(#753,#737,(#690));
#760=PRODUCT_RELATED_PRODUCT_CATEGORY('detail','detail',(#764));
#761=APPLICATION_PROTOCOL_DEFINITION('International Standard',
'config_control_design',1994,#762);
#762=APPLICATION_CONTEXT(
'configuration controlled 3d designs of mechanical parts and assemblie
s');
#763=PRODUCT_CONTEXT('3D Mechanical Parts',#762,'mechanical');
#764=PRODUCT('Document','Document','',(#763));
#765=(
LENGTH_UNIT()
NAMED_UNIT(*)
SI_UNIT(.MILLI.,.METRE.)
);
#766=(
NAMED_UNIT(*)
PLANE_ANGLE_UNIT()
SI_UNIT($,.RADIAN.)
);
#767=DIMENSIONAL_EXPONENTS(0.,0.,0.,0.,0.,0.,0.);
#768=PLANE_ANGLE_MEASURE_WITH_UNIT(PLANE_ANGLE_MEASURE(0.01745329252),#766);
#769=(
CONVERSION_BASED_UNIT('DEGREES',#768)
NAMED_UNIT(#767)
PLANE_ANGLE_UNIT()
);
#770=(
NAMED_UNIT(*)
SI_UNIT($,.STERADIAN.)
SOLID_ANGLE_UNIT()
);
#771=UNCERTAINTY_MEASURE_WITH_UNIT(LENGTH_MEASURE(0.001),#765,
'DISTANCE_ACCURACY_VALUE',
'Maximum model space distance between geometric entities at asserted c
onnectivities');
#772=(
GEOMETRIC_REPRESENTATION_CONTEXT(3)
GLOBAL_UNCERTAINTY_ASSIGNED_CONTEXT((#771))
GLOBAL_UNIT_ASSIGNED_CONTEXT((#770,#769,#765))
REPRESENTATION_CONTEXT('ID1','3D')
);
#773=SHAPE_REPRESENTATION('Document',(#774,#804),#772);
#774=AXIS2_PLACEMENT_3D('',#838,#805,#806);
#775=AXIS2_PLACEMENT_3D('',#839,#807,$);
#776=AXIS2_PLACEMENT_3D('',#840,#808,$);
#777=AXIS2_PLACEMENT_3D('',#841,#809,$);
#778=AXIS2_PLACEMENT_3D('',#842,#810,$);
#779=AXIS2_PLACEMENT_3D('',#843,#811,$);
#780=AXIS2_PLACEMENT_3D('',#844,#812,$);
#781=AXIS2_PLACEMENT_3D('',#845,#813,$);
#782=AXIS2_PLACEMENT_3D('',#870,#814,$);
#783=AXIS2_PLACEMENT_3D('',#895,#815,$);
#784=AXIS2_PLACEMENT_3D('',#896,#816,$);
#785=AXIS2_PLACEMENT_3D('',#897,#817,$);
#786=AXIS2_PLACEMENT_3D('',#898,#818,$);
#787=AXIS2_PLACEMENT_3D('',#899,#819,$);
#788=AXIS2_PLACEMENT_3D('',#900,#820,$);
#789=AXIS2_PLACEMENT_3D('',#925,#821,$);
#790=AXIS2_PLACEMENT_3D('',#950,#822,$);
#791=AXIS2_PLACEMENT_3D('',#951,#823,$);
#792=AXIS2_PLACEMENT_3D('',#988,#824,$);
#793=AXIS2_PLACEMENT_3D('',#989,#825,$);
#794=AXIS2_PLACEMENT_3D('',#990,#826,$);
#795=AXIS2_PLACEMENT_3D('',#991,#827,$);
#796=AXIS2_PLACEMENT_3D('',#992,#828,$);
#797=AXIS2_PLACEMENT_3D('',#993,#829,$);
#798=AXIS2_PLACEMENT_3D('',#994,#830,$);
#799=AXIS2_PLACEMENT_3D('',#995,#831,$);
#800=AXIS2_PLACEMENT_3D('',#996,#832,$);
#801=AXIS2_PLACEMENT_3D('',#997,#833,$);
#802=AXIS2_PLACEMENT_3D('',#998,#834,$);
#803=AXIS2_PLACEMENT_3D('',#999,#835,$);
#804=AXIS2_PLACEMENT_3D('',#1594,#836,#837);
#805=DIRECTION('',(0.,0.,1.));
#806=DIRECTION('',(1.,0.,0.));
#807=DIRECTION('',(-2.09187766886447E-15,0.82433536845476,-0.56610175791509));
#808=DIRECTION('',(0.,0.,1.));
#809=DIRECTION('',(0.,0.,-1.));
#810=DIRECTION('',(0.,0.,1.));
#811=DIRECTION('',(0.,0.,1.));
#812=DIRECTION('',(0.,0.,1.));
#813=DIRECTION('',(0.,0.,1.));
#814=DIRECTION('',(-1.,0.,0.));
#815=DIRECTION('',(0.,0.,-1.));
#816=DIRECTION('',(-1.,-4.54747350886464E-15,1.29246970711411E-30));
#817=DIRECTION('',(1.,0.,0.));
#818=DIRECTION('',(3.1378165032967E-15,-0.824335368454759,-0.566101757915091));
#819=DIRECTION('',(-3.29470598185681E-15,0.824335368454759,-0.566101757915092));
#820=DIRECTION('',(2.83710792882114E-15,-0.824335368454759,-0.566101757915091));
#821=DIRECTION('',(-0.680451111812487,-2.71962896927763E-15,-0.732793480070034));
#822=DIRECTION('',(1.,0.,0.));
#823=DIRECTION('',(-1.,0.,0.));
#824=DIRECTION('',(1.,1.77635683940026E-14,0.));
#825=DIRECTION('',(1.,-8.88178419700113E-15,8.88178419700124E-15));
#826=DIRECTION('',(-1.,0.,0.));
#827=DIRECTION('',(1.,0.,0.));
#828=DIRECTION('',(0.,1.,0.));
#829=DIRECTION('',(0.,-1.,0.));
#830=DIRECTION('',(0.,-1.,0.));
#831=DIRECTION('',(0.,1.,0.));
#832=DIRECTION('',(-1.,0.,0.));
#833=DIRECTION('',(1.,0.,0.));
#834=DIRECTION('',(1.,0.,0.));
#835=DIRECTION('',(1.,0.,0.));
#836=DIRECTION('',(0.,0.,1.));
#837=DIRECTION('',(1.,0.,0.));
#838=CARTESIAN_POINT('',(0.,0.,0.));
#839=CARTESIAN_POINT('',(-202.305323901327,85.0724525451661,-32.2808055877686));
#840=CARTESIAN_POINT('',(-184.275326460696,91.1144495100375,-21.));
#841=CARTESIAN_POINT('',(-214.335327413616,91.1144495100374,-25.));
#842=CARTESIAN_POINT('',(-189.305327239187,52.0724449157716,-16.));
#843=CARTESIAN_POINT('',(-209.305326285513,52.0724449157715,-16.));
#844=CARTESIAN_POINT('',(-189.305327239187,88.0724525451661,-16.));
#845=CARTESIAN_POINT('',(-209.305326285513,88.0724525451661,-16.));
#846=CARTESIAN_POINT('',(-184.305327239187,88.0724487304687,-28.));
#847=CARTESIAN_POINT('',(-184.305327239187,88.0724487304687,-18.));
#848=CARTESIAN_POINT('',(-184.305327239187,89.2724487304687,-28.));
#849=CARTESIAN_POINT('',(-184.305327239187,89.2724487304687,-18.));
#850=CARTESIAN_POINT('',(-184.305327239187,90.4724487304686,-28.));
#851=CARTESIAN_POINT('',(-184.305327239187,90.4724487304686,-18.));
#852=CARTESIAN_POINT('',(-184.905327239187,91.0724487304689,-28.));
#853=CARTESIAN_POINT('',(-184.905327239187,91.0724487304689,-18.));
#854=CARTESIAN_POINT('',(-186.105327239187,91.0724487304689,-28.));
#855=CARTESIAN_POINT('',(-186.105327239187,91.0724487304689,-18.));
#856=CARTESIAN_POINT('',(-187.305327239187,91.0724487304689,-28.));
#857=CARTESIAN_POINT('',(-187.305327239187,91.0724487304689,-18.));
#858=CARTESIAN_POINT('',(-214.305326285513,88.0724487304688,-18.));
#859=CARTESIAN_POINT('',(-214.305326285513,88.0724487304689,-28.));
#860=CARTESIAN_POINT('',(-214.305326285513,89.2724487304687,-18.));
#861=CARTESIAN_POINT('',(-214.305326285513,89.2724487304688,-28.));
#862=CARTESIAN_POINT('',(-214.305326285513,90.4724487304687,-18.));
#863=CARTESIAN_POINT('',(-214.305326285513,90.4724487304688,-28.));
#864=CARTESIAN_POINT('',(-213.705326285513,91.0724487304688,-18.));
#865=CARTESIAN_POINT('',(-213.705326285513,91.0724487304688,-28.));
#866=CARTESIAN_POINT('',(-212.505326285513,91.0724487304688,-18.));
#867=CARTESIAN_POINT('',(-212.505326285513,91.0724487304688,-28.));
#868=CARTESIAN_POINT('',(-211.305326285513,91.0724487304688,-18.));
#869=CARTESIAN_POINT('',(-211.305326285513,91.0724487304688,-28.));
#870=CARTESIAN_POINT('',(-214.305326285513,91.0724487304688,-21.));
#871=CARTESIAN_POINT('',(-214.305326285513,52.0724487304692,-18.));
#872=CARTESIAN_POINT('',(-214.305326285513,50.8724487304692,-18.));
#873=CARTESIAN_POINT('',(-214.305326285513,49.6724487304692,-18.));
#874=CARTESIAN_POINT('',(-213.705326285513,49.0724487304688,-18.));
#875=CARTESIAN_POINT('',(-212.505326285513,49.0724487304688,-18.));
#876=CARTESIAN_POINT('',(-211.305326285513,49.0724487304688,-18.));
#877=CARTESIAN_POINT('',(-214.305326285513,52.0724487304692,-28.));
#878=CARTESIAN_POINT('',(-214.305326285513,50.8724487304692,-28.));
#879=CARTESIAN_POINT('',(-214.305326285513,49.6724487304692,-28.));
#880=CARTESIAN_POINT('',(-213.705326285513,49.0724487304688,-28.));
#881=CARTESIAN_POINT('',(-212.505326285513,49.0724487304688,-28.));
#882=CARTESIAN_POINT('',(-211.305326285513,49.0724487304688,-28.));
#883=CARTESIAN_POINT('',(-184.305327239187,52.0724487304691,-28.0000000000001));
#884=CARTESIAN_POINT('',(-184.305327239187,50.8724487304691,-28.0000000000001));
#885=CARTESIAN_POINT('',(-184.305327239187,49.6724487304691,-28.0000000000001));
#886=CARTESIAN_POINT('',(-184.905327239187,49.0724487304689,-28.));
#887=CARTESIAN_POINT('',(-186.105327239187,49.0724487304689,-28.));
#888=CARTESIAN_POINT('',(-187.305327239187,49.0724487304689,-28.));
#889=CARTESIAN_POINT('',(-184.305327239187,52.0724487304691,-18.));
#890=CARTESIAN_POINT('',(-184.305327239187,50.8724487304691,-18.));
#891=CARTESIAN_POINT('',(-184.305327239187,49.6724487304691,-18.));
#892=CARTESIAN_POINT('',(-184.905327239187,49.0724487304689,-17.9999999999999));
#893=CARTESIAN_POINT('',(-186.105327239187,49.0724487304689,-17.9999999999999));
#894=CARTESIAN_POINT('',(-187.305327239187,49.0724487304689,-17.9999999999999));
#895=CARTESIAN_POINT('',(-186.305327239187,85.0724525451661,-51.));
#896=CARTESIAN_POINT('',(-226.805327239187,70.0724449157715,-38.));
#897=CARTESIAN_POINT('',(-184.305327239187,70.0724449157716,-38.));
#898=CARTESIAN_POINT('',(-202.305323901327,50.0725099842746,-25.));
#899=CARTESIAN_POINT('',(-199.30532676235,85.4516868011783,-44.3104959806927));
#900=CARTESIAN_POINT('',(-199.30532676235,59.6932030303649,-51.5913015684612));
#901=CARTESIAN_POINT('',(-193.641702309299,78.2259490453181,-51.));
#902=CARTESIAN_POINT('',(-179.305327239187,78.2259490453181,-51.));
#903=CARTESIAN_POINT('',(-193.641702309299,79.2786716596546,-51.));
#904=CARTESIAN_POINT('',(-179.305327239187,79.2786716596546,-51.));
#905=CARTESIAN_POINT('',(-193.641702309299,80.3313942739912,-51.));
#906=CARTESIAN_POINT('',(-179.305327239187,80.3313942739912,-51.));
#907=CARTESIAN_POINT('',(-193.641702309299,81.1557296424459,-50.5661017579151));
#908=CARTESIAN_POINT('',(-179.305327239187,81.1557296424459,-50.5661017579152));
#909=CARTESIAN_POINT('',(-193.641702309299,81.7516777650188,-49.6983052737454));
#910=CARTESIAN_POINT('',(-179.305327239187,81.7516777650189,-49.6983052737454));
#911=CARTESIAN_POINT('',(-193.641702309299,82.3476258875918,-48.8305087895756));
#912=CARTESIAN_POINT('',(-179.305327239187,82.3476258875918,-48.8305087895756));
#913=CARTESIAN_POINT('',(-179.305327239187,61.9189407862251,-50.9999999999999));
#914=CARTESIAN_POINT('',(-193.641702309299,61.9189407862251,-50.9999999999999));
#915=CARTESIAN_POINT('',(-179.305327239187,60.8662181718885,-50.9999999999999));
#916=CARTESIAN_POINT('',(-193.641702309299,60.8662181718884,-50.9999999999999));
#917=CARTESIAN_POINT('',(-179.305327239187,59.8134955575519,-50.9999999999999));
#918=CARTESIAN_POINT('',(-193.641702309299,59.8134955575518,-50.9999999999999));
#919=CARTESIAN_POINT('',(-179.305327239187,58.9891601890971,-50.5661017579149));
#920=CARTESIAN_POINT('',(-193.641702309299,58.9891601890971,-50.5661017579149));
#921=CARTESIAN_POINT('',(-179.305327239187,58.3932120665242,-49.6983052737451));
#922=CARTESIAN_POINT('',(-193.641702309299,58.3932120665241,-49.6983052737451));
#923=CARTESIAN_POINT('',(-179.305327239187,57.7972639439513,-48.8305087895752));
#924=CARTESIAN_POINT('',(-193.641702309299,57.7972639439512,-48.8305087895752));
#925=CARTESIAN_POINT('',(-214.305326285513,85.1024527720065,-25.));
#926=CARTESIAN_POINT('',(-199.5855802186,85.0724525451661,-43.3111934000944));
#927=CARTESIAN_POINT('',(-199.5855802186,85.0724525451661,-43.9318049035534));
#928=CARTESIAN_POINT('',(-199.5855802186,85.0724525451661,-44.5524164070124));
#929=CARTESIAN_POINT('',(-199.5855802186,84.8967879136209,-45.1185181649275));
#930=CARTESIAN_POINT('',(-199.5855802186,84.5454586505304,-45.6301101772987));
#931=CARTESIAN_POINT('',(-199.5855802186,84.1941293874399,-46.1417021896699));
#932=CARTESIAN_POINT('',(-179.305327239187,85.0724525451662,-43.3111934000944));
#933=CARTESIAN_POINT('',(-179.305327239187,85.0724525451662,-43.9318049035534));
#934=CARTESIAN_POINT('',(-179.305327239187,85.0724525451662,-44.5524164070125));
#935=CARTESIAN_POINT('',(-179.305327239187,84.896787913621,-45.1185181649276));
#936=CARTESIAN_POINT('',(-179.305327239187,84.5454586505305,-45.6301101772987));
#937=CARTESIAN_POINT('',(-179.305327239187,84.19412938744,-46.1417021896699));
#938=CARTESIAN_POINT('',(-199.585568254386,55.0724449157716,-43.311204509722));
#939=CARTESIAN_POINT('',(-179.305327239187,55.0724449157716,-43.311204509722));
#940=CARTESIAN_POINT('',(-199.585568254386,55.0724449157716,-43.931816013181));
#941=CARTESIAN_POINT('',(-179.305327239187,55.0724449157716,-43.9318160131811));
#942=CARTESIAN_POINT('',(-199.585568254386,55.0724449157716,-44.5524275166401));
#943=CARTESIAN_POINT('',(-179.305327239187,55.0724449157716,-44.5524275166401));
#944=CARTESIAN_POINT('',(-199.585568254386,55.2481095473168,-45.1185292745552));
#945=CARTESIAN_POINT('',(-179.305327239187,55.2481095473169,-45.1185292745552));
#946=CARTESIAN_POINT('',(-199.585568254386,55.5994388104073,-45.6301212869263));
#947=CARTESIAN_POINT('',(-179.305327239187,55.5994388104074,-45.6301212869263));
#948=CARTESIAN_POINT('',(-199.585568254386,55.9507680734978,-46.1417132992975));
#949=CARTESIAN_POINT('',(-179.305327239187,55.9507680734979,-46.1417132992975));
#950=CARTESIAN_POINT('',(-184.305327239187,91.0724487304693,-51.0300005482135));
#951=CARTESIAN_POINT('',(-186.305327239187,85.0724449157718,-53.0000000000001));
#952=CARTESIAN_POINT('',(-184.305327239187,64.681438446045,-39.6075305938721));
#953=CARTESIAN_POINT('',(-184.305327239187,63.0739078521729,-42.7165241241455));
#954=CARTESIAN_POINT('',(-184.305327239187,59.9649143218995,-41.1089935302734));
#955=CARTESIAN_POINT('',(-184.305327239187,56.8559207916261,-39.5014629364013));
#956=CARTESIAN_POINT('',(-184.305327239187,58.4634513854982,-36.3924694061279));
#957=CARTESIAN_POINT('',(-184.305327239187,60.0709819793702,-33.2834758758545));
#958=CARTESIAN_POINT('',(-184.305327239187,63.1799755096437,-34.8910064697266));
#959=CARTESIAN_POINT('',(-184.305327239187,66.2889690399171,-36.4985370635987));
#960=CARTESIAN_POINT('',(-184.305327239187,64.681438446045,-39.6075305938721));
#961=CARTESIAN_POINT('',(-185.105327239187,64.2138679880358,-39.3657694551879));
#962=CARTESIAN_POINT('',(-185.105327239187,62.8480985328479,-42.0071925274521));
#963=CARTESIAN_POINT('',(-185.105327239187,60.2066754605837,-40.6414230722642));
#964=CARTESIAN_POINT('',(-185.105327239187,57.5652523883195,-39.2756536170763));
#965=CARTESIAN_POINT('',(-185.105327239187,58.9310218435074,-36.6342305448121));
#966=CARTESIAN_POINT('',(-185.105327239187,60.2967912986953,-33.9928074725479));
#967=CARTESIAN_POINT('',(-185.105327239187,62.9382143709595,-35.3585769277358));
#968=CARTESIAN_POINT('',(-185.105327239187,65.5796374432237,-36.7243463829237));
#969=CARTESIAN_POINT('',(-185.105327239187,64.2138679880358,-39.3657694551879));
#970=CARTESIAN_POINT('',(-184.305327239187,75.4634513854982,-39.6075305938721));
#971=CARTESIAN_POINT('',(-185.105327239187,75.9310218435074,-39.3657694551879));
#972=CARTESIAN_POINT('',(-184.305327239187,77.0709819793703,-42.7165241241455));
#973=CARTESIAN_POINT('',(-185.105327239187,77.2967912986953,-42.0071925274521));
#974=CARTESIAN_POINT('',(-184.305327239187,80.1799755096437,-41.1089935302734));
#975=CARTESIAN_POINT('',(-185.105327239187,79.9382143709595,-40.6414230722642));
#976=CARTESIAN_POINT('',(-184.305327239187,83.2889690399171,-39.5014629364013));
#977=CARTESIAN_POINT('',(-185.105327239187,82.5796374432237,-39.2756536170763));
#978=CARTESIAN_POINT('',(-184.305327239187,81.681438446045,-36.3924694061279));
#979=CARTESIAN_POINT('',(-185.105327239187,81.2138679880358,-36.6342305448121));
#980=CARTESIAN_POINT('',(-184.305327239187,80.073907852173,-33.2834758758545));
#981=CARTESIAN_POINT('',(-185.105327239187,79.8480985328479,-33.9928074725479));
#982=CARTESIAN_POINT('',(-184.305327239187,76.9649143218995,-34.8910064697266));
#983=CARTESIAN_POINT('',(-185.105327239187,77.2066754605837,-35.3585769277358));
#984=CARTESIAN_POINT('',(-184.305327239187,73.8559207916261,-36.4985370635987));
#985=CARTESIAN_POINT('',(-185.105327239187,74.5652523883195,-36.7243463829237));
#986=CARTESIAN_POINT('',(-184.305327239187,75.4634513854982,-39.6075305938721));
#987=CARTESIAN_POINT('',(-185.105327239187,75.9310218435074,-39.3657694551879));
#988=CARTESIAN_POINT('',(-183.605327239187,61.5724449157716,-38.));
#989=CARTESIAN_POINT('',(-184.805327239187,78.5724487304688,-38.));
#990=CARTESIAN_POINT('',(-202.305323901327,84.4474525451661,-33.1909062862396));
#991=CARTESIAN_POINT('',(-195.30532676235,84.4474525451661,-33.1909062862396));
#992=CARTESIAN_POINT('',(-184.305327239187,91.0724487304689,-21.));
#993=CARTESIAN_POINT('',(-184.305327239187,49.0724487304689,-21.));
#994=CARTESIAN_POINT('',(-180.555327358396,55.0724449157716,-21.75));
#995=CARTESIAN_POINT('',(-180.555327358396,85.0724525451661,-21.75));
#996=CARTESIAN_POINT('',(-202.305323901327,49.4475099842746,-33.1909062862396));
#997=CARTESIAN_POINT('',(-195.30532676235,49.4475099842747,-33.1909062862396));
#998=CARTESIAN_POINT('',(-185.105327239187,60.2712782263538,-33.9126636219989));
#999=CARTESIAN_POINT('',(-185.105327239187,79.8736116051894,-33.9126636219989));
#1000=CARTESIAN_POINT('',(-202.305323901327,90.0724525451661,-25.));
#1001=CARTESIAN_POINT('',(-202.305323901327,85.0724525451661,-25.));
#1002=CARTESIAN_POINT('',(-195.30532676235,85.0724525451661,-25.));
#1003=CARTESIAN_POINT('',(-195.30532676235,90.0724525451661,-25.));
#1004=CARTESIAN_POINT('',(-202.305323901327,85.0724525451661,-32.2808055877686));
#1005=CARTESIAN_POINT('',(-195.30532676235,85.0724525451661,-32.2808055877686));
#1006=CARTESIAN_POINT('',(-190.930327239187,52.0724449157716,-21.));
#1007=CARTESIAN_POINT('',(-190.930327239187,52.0724449157716,-25.));
#1008=CARTESIAN_POINT('',(-207.680326285513,52.0724449157715,-21.));
#1009=CARTESIAN_POINT('',(-207.680326285513,52.0724449157715,-25.));
#1010=CARTESIAN_POINT('',(-190.930327239187,88.0724525451661,-21.));
#1011=CARTESIAN_POINT('',(-190.930327239187,88.0724525451661,-25.));
#1012=CARTESIAN_POINT('',(-207.680326285513,88.072452545166,-21.));
#1013=CARTESIAN_POINT('',(-207.680326285513,88.072452545166,-25.));
#1014=CARTESIAN_POINT('',(-184.305327239187,88.0724487304689,-21.));
#1015=CARTESIAN_POINT('',(-184.305327239187,88.0724487304689,-25.));
#1016=CARTESIAN_POINT('',(-187.305327239187,91.0724487304689,-21.));
#1017=CARTESIAN_POINT('',(-187.305327239187,91.0724487304689,-25.));
#1018=CARTESIAN_POINT('',(-214.305326285513,88.0724487304689,-21.));
#1019=CARTESIAN_POINT('',(-214.305326285513,88.0724487304688,-25.));
#1020=CARTESIAN_POINT('',(-211.305326285513,91.0724487304688,-25.));
#1021=CARTESIAN_POINT('',(-211.305326285513,91.0724487304688,-21.));
#1022=CARTESIAN_POINT('',(-211.305326285513,49.0724487304688,-21.));
#1023=CARTESIAN_POINT('',(-211.305326285513,49.0724487304688,-25.));
#1024=CARTESIAN_POINT('',(-214.305326285513,52.072448730469,-21.));
#1025=CARTESIAN_POINT('',(-214.305326285513,52.0724487304689,-25.));
#1026=CARTESIAN_POINT('',(-187.305327239187,49.0724487304689,-21.));
#1027=CARTESIAN_POINT('',(-184.305327239187,52.072448730469,-21.));
#1028=CARTESIAN_POINT('',(-184.305327239187,52.072448730469,-25.));
#1029=CARTESIAN_POINT('',(-187.305327239187,49.0724487304689,-25.));
#1030=CARTESIAN_POINT('',(-186.305327239187,57.5724449157716,-38.));
#1031=CARTESIAN_POINT('',(-200.30532676235,57.5724449157715,-38.));
#1032=CARTESIAN_POINT('',(-184.305327239187,70.0724449157716,-34.25));
#1033=CARTESIAN_POINT('',(-186.305327239187,70.0724449157716,-34.25));
#1034=CARTESIAN_POINT('',(-214.305326285513,85.072452545166,-25.));
#1035=CARTESIAN_POINT('',(-214.305326285513,55.0724449157715,-25.));
#1036=CARTESIAN_POINT('',(-184.305327239187,85.0724525451661,-25.));
#1037=CARTESIAN_POINT('',(-184.305327239187,55.0724449157716,-25.));
#1038=CARTESIAN_POINT('',(-202.305323901327,55.0725099842746,-32.2808055877686));
#1039=CARTESIAN_POINT('',(-195.30532676235,55.0725099842747,-32.2808055877686));
#1040=CARTESIAN_POINT('',(-195.30532676235,55.0724449157716,-25.));
#1041=CARTESIAN_POINT('',(-202.305323901327,55.0724449157715,-25.));
#1042=CARTESIAN_POINT('',(-202.305323901327,50.0725099842746,-25.));
#1043=CARTESIAN_POINT('',(-195.30532676235,50.0725099842747,-25.));
#1044=CARTESIAN_POINT('',(-188.641702309299,82.3476258875919,-48.8305087895755));
#1045=CARTESIAN_POINT('',(-184.305327239187,82.3476258875919,-48.8305087895755));
#1046=CARTESIAN_POINT('',(-186.305327239187,61.9189407862251,-50.9999999999999));
#1047=CARTESIAN_POINT('',(-186.305327239187,78.2259490453181,-51.));
#1048=CARTESIAN_POINT('',(-184.305327239187,61.9189407862251,-50.9999999999999));
#1049=CARTESIAN_POINT('',(-184.305327239187,78.2259490453181,-51.));
#1050=CARTESIAN_POINT('',(-188.641702309298,57.7972639439513,-48.8305087895754));
#1051=CARTESIAN_POINT('',(-184.305327239187,57.7972639439513,-48.8305087895753));
#1052=CARTESIAN_POINT('',(-194.5855802186,85.0724525451661,-43.3111934000944));
#1053=CARTESIAN_POINT('',(-194.585568254386,55.0724449157716,-43.311204509722));
#1054=CARTESIAN_POINT('',(-191.537340087495,84.19412938744,-46.1417021896699));
#1055=CARTESIAN_POINT('',(-184.305327239187,85.0724525451661,-43.3111934000944));
#1056=CARTESIAN_POINT('',(-184.305327239187,55.9507680734978,-46.1417132992975));
#1057=CARTESIAN_POINT('',(-184.305327239187,55.0724449157716,-43.311204509722));
#1058=CARTESIAN_POINT('',(-184.305327239187,84.1941293874399,-46.1417021896699));
#1059=CARTESIAN_POINT('',(-191.537328123281,55.9507680734978,-46.1417132992974));
#1060=CARTESIAN_POINT('',(-185.105327239187,64.2138679880358,-39.3657694551879));
#1061=CARTESIAN_POINT('',(-184.305327239187,64.681438446045,-39.6075305938721));
#1062=CARTESIAN_POINT('',(-185.105327239187,75.9310218435074,-39.3657694551879));
#1063=CARTESIAN_POINT('',(-184.305327239187,75.4634513854982,-39.6075305938721));
#1064=CARTESIAN_POINT('',(-186.305327239187,61.5724449157716,-36.4));
#1065=CARTESIAN_POINT('',(-185.105327239187,61.5724449157716,-36.4));
#1066=CARTESIAN_POINT('',(-186.305327239187,78.5724487304689,-36.4));
#1067=CARTESIAN_POINT('',(-185.105327239187,78.5724487304689,-36.4));
#1068=CARTESIAN_POINT('',(-202.305323901327,90.0724525451661,-25.));
#1069=CARTESIAN_POINT('',(-202.305323901327,85.0724525451661,-25.));
#1070=CARTESIAN_POINT('',(-195.30532676235,90.0724525451661,-25.));
#1071=CARTESIAN_POINT('',(-195.30532676235,85.0724525451661,-25.));
#1072=CARTESIAN_POINT('',(-202.305323901327,90.0724525451661,-25.));
#1073=CARTESIAN_POINT('',(-195.30532676235,90.0724525451661,-25.));
#1074=CARTESIAN_POINT('',(-202.305323901327,85.0724525451661,-25.));
#1075=CARTESIAN_POINT('',(-202.305323901327,85.0724525451661,-28.6404027938843));
#1076=CARTESIAN_POINT('',(-202.305323901327,85.0724525451661,-32.2808055877686));
#1077=CARTESIAN_POINT('',(-202.305323901327,85.0724525451661,-32.2808055877686));
#1078=CARTESIAN_POINT('',(-195.30532676235,85.0724525451661,-32.2808055877686));
#1079=CARTESIAN_POINT('',(-195.30532676235,85.0724525451661,-25.));
#1080=CARTESIAN_POINT('',(-195.30532676235,85.0724525451661,-28.6404027938843));
#1081=CARTESIAN_POINT('',(-195.30532676235,85.0724525451661,-32.2808055877686));
#1082=CARTESIAN_POINT('',(-202.305323901327,85.0724525451661,-32.2808055877686));
#1083=CARTESIAN_POINT('',(-202.305323901327,90.0724525451661,-25.));
#1084=CARTESIAN_POINT('',(-195.30532676235,85.0724525451661,-32.2808055877686));
#1085=CARTESIAN_POINT('',(-195.30532676235,90.0724525451661,-25.));
#1086=CARTESIAN_POINT('',(-190.930327239187,52.0724449157716,-21.));
#1087=CARTESIAN_POINT('',(-190.930327239187,53.6974449157716,-21.));
#1088=CARTESIAN_POINT('',(-189.305327239187,53.6974449157716,-21.));
#1089=CARTESIAN_POINT('',(-187.680327239187,53.6974449157716,-21.));
#1090=CARTESIAN_POINT('',(-187.680327239187,52.0724449157716,-21.));
#1091=CARTESIAN_POINT('',(-187.680327239187,50.4474449157716,-21.));
#1092=CARTESIAN_POINT('',(-189.305327239187,50.4474449157716,-21.));
#1093=CARTESIAN_POINT('',(-190.930327239187,50.4474449157716,-21.));
#1094=CARTESIAN_POINT('',(-190.930327239187,52.0724449157716,-21.));
#1095=CARTESIAN_POINT('',(-190.930327239187,52.0724449157716,-25.));
#1096=CARTESIAN_POINT('',(-190.930327239187,50.4474449157716,-25.));
#1097=CARTESIAN_POINT('',(-189.305327239187,50.4474449157716,-25.));
#1098=CARTESIAN_POINT('',(-187.680327239187,50.4474449157716,-25.));
#1099=CARTESIAN_POINT('',(-187.680327239187,52.0724449157716,-25.));
#1100=CARTESIAN_POINT('',(-187.680327239187,53.6974449157716,-25.));
#1101=CARTESIAN_POINT('',(-189.305327239187,53.6974449157716,-25.));
#1102=CARTESIAN_POINT('',(-190.930327239187,53.6974449157716,-25.));
#1103=CARTESIAN_POINT('',(-190.930327239187,52.0724449157716,-25.));
#1104=CARTESIAN_POINT('',(-190.930327239187,52.0724449157716,-25.));
#1105=CARTESIAN_POINT('',(-190.930327239187,52.0724449157716,-21.));
#1106=CARTESIAN_POINT('',(-207.680326285513,52.0724449157715,-21.));
#1107=CARTESIAN_POINT('',(-207.680326285513,50.4474449157715,-21.));
#1108=CARTESIAN_POINT('',(-209.305326285513,50.4474449157715,-21.));
#1109=CARTESIAN_POINT('',(-210.930326285513,50.4474449157715,-21.));
#1110=CARTESIAN_POINT('',(-210.930326285513,52.0724449157715,-21.));
#1111=CARTESIAN_POINT('',(-210.930326285513,53.6974449157715,-21.));
#1112=CARTESIAN_POINT('',(-209.305326285513,53.6974449157715,-21.));
#1113=CARTESIAN_POINT('',(-207.680326285513,53.6974449157715,-21.));
#1114=CARTESIAN_POINT('',(-207.680326285513,52.0724449157715,-21.));
#1115=CARTESIAN_POINT('',(-207.680326285513,52.0724449157715,-25.));
#1116=CARTESIAN_POINT('',(-207.680326285513,53.6974449157715,-25.));
#1117=CARTESIAN_POINT('',(-209.305326285513,53.6974449157715,-25.));
#1118=CARTESIAN_POINT('',(-210.930326285513,53.6974449157715,-25.));
#1119=CARTESIAN_POINT('',(-210.930326285513,52.0724449157715,-25.));
#1120=CARTESIAN_POINT('',(-210.930326285513,50.4474449157715,-25.));
#1121=CARTESIAN_POINT('',(-209.305326285513,50.4474449157715,-25.));
#1122=CARTESIAN_POINT('',(-207.680326285513,50.4474449157715,-25.));
#1123=CARTESIAN_POINT('',(-207.680326285513,52.0724449157715,-25.));
#1124=CARTESIAN_POINT('',(-207.680326285513,52.0724449157715,-25.));
#1125=CARTESIAN_POINT('',(-207.680326285513,52.0724449157715,-21.));
#1126=CARTESIAN_POINT('',(-190.930327239187,88.0724525451661,-21.));
#1127=CARTESIAN_POINT('',(-190.930327239187,89.6974525451661,-21.));
#1128=CARTESIAN_POINT('',(-189.305327239187,89.6974525451661,-21.));
#1129=CARTESIAN_POINT('',(-187.680327239187,89.6974525451661,-21.));
#1130=CARTESIAN_POINT('',(-187.680327239187,88.0724525451661,-21.));
#1131=CARTESIAN_POINT('',(-187.680327239187,86.4474525451661,-21.));
#1132=CARTESIAN_POINT('',(-189.305327239187,86.4474525451661,-21.));
#1133=CARTESIAN_POINT('',(-190.930327239187,86.4474525451661,-21.));
#1134=CARTESIAN_POINT('',(-190.930327239187,88.0724525451661,-21.));
#1135=CARTESIAN_POINT('',(-190.930327239187,88.0724525451661,-25.));
#1136=CARTESIAN_POINT('',(-190.930327239187,86.4474525451661,-25.));
#1137=CARTESIAN_POINT('',(-189.305327239187,86.4474525451661,-25.));
#1138=CARTESIAN_POINT('',(-187.680327239187,86.4474525451661,-25.));
#1139=CARTESIAN_POINT('',(-187.680327239187,88.0724525451661,-25.));
#1140=CARTESIAN_POINT('',(-187.680327239187,89.6974525451661,-25.));
#1141=CARTESIAN_POINT('',(-189.305327239187,89.6974525451661,-25.));
#1142=CARTESIAN_POINT('',(-190.930327239187,89.6974525451661,-25.));
#1143=CARTESIAN_POINT('',(-190.930327239187,88.0724525451661,-25.));
#1144=CARTESIAN_POINT('',(-190.930327239187,88.0724525451661,-25.));
#1145=CARTESIAN_POINT('',(-190.930327239187,88.0724525451661,-21.));
#1146=CARTESIAN_POINT('',(-207.680326285513,88.072452545166,-21.));
#1147=CARTESIAN_POINT('',(-207.680326285513,86.447452545166,-21.));
#1148=CARTESIAN_POINT('',(-209.305326285513,86.447452545166,-21.));
#1149=CARTESIAN_POINT('',(-210.930326285513,86.447452545166,-21.));
#1150=CARTESIAN_POINT('',(-210.930326285513,88.072452545166,-21.));
#1151=CARTESIAN_POINT('',(-210.930326285513,89.697452545166,-21.));
#1152=CARTESIAN_POINT('',(-209.305326285513,89.697452545166,-21.));
#1153=CARTESIAN_POINT('',(-207.680326285513,89.697452545166,-21.));
#1154=CARTESIAN_POINT('',(-207.680326285513,88.072452545166,-21.));
#1155=CARTESIAN_POINT('',(-207.680326285513,88.072452545166,-25.));
#1156=CARTESIAN_POINT('',(-207.680326285513,89.697452545166,-25.));
#1157=CARTESIAN_POINT('',(-209.305326285513,89.697452545166,-25.));
#1158=CARTESIAN_POINT('',(-210.930326285513,89.697452545166,-25.));
#1159=CARTESIAN_POINT('',(-210.930326285513,88.072452545166,-25.));
#1160=CARTESIAN_POINT('',(-210.930326285513,86.447452545166,-25.));
#1161=CARTESIAN_POINT('',(-209.305326285513,86.447452545166,-25.));
#1162=CARTESIAN_POINT('',(-207.680326285513,86.447452545166,-25.));
#1163=CARTESIAN_POINT('',(-207.680326285513,88.072452545166,-25.));
#1164=CARTESIAN_POINT('',(-207.680326285513,88.072452545166,-25.));
#1165=CARTESIAN_POINT('',(-207.680326285513,88.072452545166,-21.));
#1166=CARTESIAN_POINT('',(-184.305327239187,88.0724487304689,-21.));
#1167=CARTESIAN_POINT('',(-184.305327239187,52.072448730469,-21.));
#1168=CARTESIAN_POINT('',(-184.305327239187,88.0724487304689,-25.));
#1169=CARTESIAN_POINT('',(-184.305327239187,85.0724525451661,-25.));
#1170=CARTESIAN_POINT('',(-187.305327239187,91.0724487304689,-21.));
#1171=CARTESIAN_POINT('',(-211.305326285513,91.0724487304688,-21.));
#1172=CARTESIAN_POINT('',(-184.305327239187,88.0724487304689,-25.));
#1173=CARTESIAN_POINT('',(-184.305327239187,88.0724487304689,-21.));
#1174=CARTESIAN_POINT('',(-187.305327239187,91.0724487304689,-25.));
#1175=CARTESIAN_POINT('',(-187.305327239187,91.0724487304689,-21.));
#1176=CARTESIAN_POINT('',(-187.305327239187,91.0724487304689,-25.));
#1177=CARTESIAN_POINT('',(-186.105327239187,91.0724487304689,-25.));
#1178=CARTESIAN_POINT('',(-184.905327239187,91.0724487304689,-25.));
#1179=CARTESIAN_POINT('',(-184.305327239187,90.4724487304687,-25.));
#1180=CARTESIAN_POINT('',(-184.305327239187,89.2724487304688,-25.));
#1181=CARTESIAN_POINT('',(-184.305327239187,88.0724487304689,-25.));
#1182=CARTESIAN_POINT('',(-184.305327239187,88.0724487304689,-21.));
#1183=CARTESIAN_POINT('',(-184.305327239187,89.2724487304687,-21.));
#1184=CARTESIAN_POINT('',(-184.305327239187,90.4724487304687,-21.));
#1185=CARTESIAN_POINT('',(-184.905327239187,91.0724487304689,-21.));
#1186=CARTESIAN_POINT('',(-186.105327239187,91.0724487304689,-21.));
#1187=CARTESIAN_POINT('',(-187.305327239187,91.0724487304689,-21.));
#1188=CARTESIAN_POINT('',(-214.305326285513,88.0724487304689,-21.));
#1189=CARTESIAN_POINT('',(-214.305326285513,52.072448730469,-21.));
#1190=CARTESIAN_POINT('',(-214.305326285513,88.0724487304688,-25.));
#1191=CARTESIAN_POINT('',(-214.305326285513,85.072452545166,-25.));
#1192=CARTESIAN_POINT('',(-211.305326285513,91.0724487304688,-25.));
#1193=CARTESIAN_POINT('',(-187.305327239187,91.0724487304689,-25.));
#1194=CARTESIAN_POINT('',(-214.305326285513,88.0724487304689,-21.));
#1195=CARTESIAN_POINT('',(-214.305326285513,88.0724487304688,-25.));
#1196=CARTESIAN_POINT('',(-211.305326285513,91.0724487304688,-21.));
#1197=CARTESIAN_POINT('',(-211.305326285513,91.0724487304688,-25.));
#1198=CARTESIAN_POINT('',(-211.305326285513,91.0724487304688,-21.));
#1199=CARTESIAN_POINT('',(-212.505326285513,91.0724487304688,-21.));
#1200=CARTESIAN_POINT('',(-213.705326285513,91.0724487304688,-21.));
#1201=CARTESIAN_POINT('',(-214.305326285513,90.4724487304687,-21.));
#1202=CARTESIAN_POINT('',(-214.305326285513,89.2724487304688,-21.));
#1203=CARTESIAN_POINT('',(-214.305326285513,88.0724487304689,-21.));
#1204=CARTESIAN_POINT('',(-214.305326285513,88.0724487304688,-25.));
#1205=CARTESIAN_POINT('',(-214.305326285513,89.2724487304688,-25.));
#1206=CARTESIAN_POINT('',(-214.305326285513,90.4724487304688,-25.));
#1207=CARTESIAN_POINT('',(-213.705326285513,91.0724487304688,-25.));
#1208=CARTESIAN_POINT('',(-212.505326285513,91.0724487304688,-25.));
#1209=CARTESIAN_POINT('',(-211.305326285513,91.0724487304688,-25.));
#1210=CARTESIAN_POINT('',(-211.305326285513,49.0724487304688,-25.));
#1211=CARTESIAN_POINT('',(-187.305327239187,49.0724487304689,-25.));
#1212=CARTESIAN_POINT('',(-214.305326285513,52.072448730469,-21.));
#1213=CARTESIAN_POINT('',(-214.305326285513,52.0724487304689,-25.));
#1214=CARTESIAN_POINT('',(-211.305326285513,49.0724487304688,-21.));
#1215=CARTESIAN_POINT('',(-211.305326285513,49.0724487304688,-25.));
#1216=CARTESIAN_POINT('',(-214.305326285513,52.072448730469,-21.));
#1217=CARTESIAN_POINT('',(-214.305326285513,50.872448730469,-21.));
#1218=CARTESIAN_POINT('',(-214.305326285513,49.6724487304691,-21.));
#1219=CARTESIAN_POINT('',(-213.705326285513,49.0724487304687,-21.));
#1220=CARTESIAN_POINT('',(-212.505326285513,49.0724487304687,-21.));
#1221=CARTESIAN_POINT('',(-211.305326285513,49.0724487304688,-21.));
#1222=CARTESIAN_POINT('',(-211.305326285513,49.0724487304688,-25.));
#1223=CARTESIAN_POINT('',(-212.505326285513,49.0724487304687,-25.));
#1224=CARTESIAN_POINT('',(-213.705326285513,49.0724487304687,-25.));
#1225=CARTESIAN_POINT('',(-214.305326285513,49.672448730469,-25.));
#1226=CARTESIAN_POINT('',(-214.305326285513,50.872448730469,-25.));
#1227=CARTESIAN_POINT('',(-214.305326285513,52.0724487304689,-25.));
#1228=CARTESIAN_POINT('',(-187.305327239187,49.0724487304689,-21.));
#1229=CARTESIAN_POINT('',(-211.305326285513,49.0724487304688,-21.));
#1230=CARTESIAN_POINT('',(-184.305327239187,52.072448730469,-25.));
#1231=CARTESIAN_POINT('',(-184.305327239187,52.072448730469,-21.));
#1232=CARTESIAN_POINT('',(-187.305327239187,49.0724487304689,-25.));
#1233=CARTESIAN_POINT('',(-187.305327239187,49.0724487304689,-21.));
#1234=CARTESIAN_POINT('',(-187.305327239187,49.0724487304689,-21.));
#1235=CARTESIAN_POINT('',(-186.105327239187,49.0724487304688,-21.));
#1236=CARTESIAN_POINT('',(-184.905327239187,49.0724487304688,-20.9999999999999));
#1237=CARTESIAN_POINT('',(-184.305327239187,49.6724487304691,-21.));
#1238=CARTESIAN_POINT('',(-184.305327239187,50.872448730469,-21.));
#1239=CARTESIAN_POINT('',(-184.305327239187,52.072448730469,-21.));
#1240=CARTESIAN_POINT('',(-184.305327239187,52.072448730469,-25.));
#1241=CARTESIAN_POINT('',(-184.305327239187,50.872448730469,-25.));
#1242=CARTESIAN_POINT('',(-184.305327239187,49.6724487304691,-25.));
#1243=CARTESIAN_POINT('',(-184.905327239187,49.0724487304688,-24.9999999999999));
#1244=CARTESIAN_POINT('',(-186.105327239187,49.0724487304688,-25.));
#1245=CARTESIAN_POINT('',(-187.305327239187,49.0724487304689,-25.));
#1246=CARTESIAN_POINT('',(-214.305326285513,85.072452545166,-25.));
#1247=CARTESIAN_POINT('',(-194.5855802186,85.0724525451661,-43.3111934000944));
#1248=CARTESIAN_POINT('',(-214.305326285513,55.0724449157715,-25.));
#1249=CARTESIAN_POINT('',(-194.585568254386,55.0724449157716,-43.311204509722));
#1250=CARTESIAN_POINT('',(-186.305327239187,57.5724449157716,-38.));
#1251=CARTESIAN_POINT('',(-200.30532676235,57.5724449157715,-38.));
#1252=CARTESIAN_POINT('',(-200.30532676235,57.5724449157715,-38.));
#1253=CARTESIAN_POINT('',(-199.573404229543,57.5724449157716,-38.6796423750403));
#1254=CARTESIAN_POINT('',(-198.840028362698,57.6278764173091,-39.3606342745907));
#1255=CARTESIAN_POINT('',(-197.385364408037,57.8508708678155,-40.7113937070688));
#1256=CARTESIAN_POINT('',(-196.66098866844,58.0189055884223,-41.3840283453099));
#1257=CARTESIAN_POINT('',(-194.527036482682,58.6967745574937,-43.3655554424334));
#1258=CARTESIAN_POINT('',(-193.124159288448,59.3896187118158,-44.6682271671696));
#1259=CARTESIAN_POINT('',(-190.526858155679,61.3389129078453,-47.0800068725998));
#1260=CARTESIAN_POINT('',(-189.295852462896,62.6460350325114,-48.2230836262594));
#1261=CARTESIAN_POINT('',(-187.432000475879,65.9581675171413,-49.9538033874375));
#1262=CARTESIAN_POINT('',(-186.843788759309,67.9336273723118,-50.5));
#1263=CARTESIAN_POINT('',(-186.843788759309,70.0724449157716,-50.5));
#1264=CARTESIAN_POINT('',(-186.843788759309,72.2112624592314,-50.5));
#1265=CARTESIAN_POINT('',(-187.432000475879,74.1867223144019,-49.9538033874374));
#1266=CARTESIAN_POINT('',(-189.295852462896,77.4988547990319,-48.2230836262593));
#1267=CARTESIAN_POINT('',(-190.526858155679,78.8059769236978,-47.0800068725999));
#1268=CARTESIAN_POINT('',(-193.124159288449,80.7552711197276,-44.6682271671693));
#1269=CARTESIAN_POINT('',(-194.527036482681,81.4481152740492,-43.3655554424338));
#1270=CARTESIAN_POINT('',(-196.660988668442,82.1259842431212,-41.3840283453084));
#1271=CARTESIAN_POINT('',(-197.385364408035,82.2940189637272,-40.7113937070704));
#1272=CARTESIAN_POINT('',(-198.840028362698,82.5170134142339,-39.3606342745907));
#1273=CARTESIAN_POINT('',(-199.573404229543,82.5724449157715,-38.6796423750403));
#1274=CARTESIAN_POINT('',(-200.30532676235,82.5724449157715,-38.));
#1275=CARTESIAN_POINT('',(-201.037249295156,82.5724449157715,-37.3203576249597));
#1276=CARTESIAN_POINT('',(-201.770625162001,82.5170134142339,-36.6393657254093));
#1277=CARTESIAN_POINT('',(-203.225289116663,82.2940189637274,-35.2886062929308));
#1278=CARTESIAN_POINT('',(-203.949664856259,82.1259842431209,-34.6159716546905));
#1279=CARTESIAN_POINT('',(-206.083617042018,81.4481152740494,-32.6344445575664));
#1280=CARTESIAN_POINT('',(-207.486494236251,80.7552711197274,-31.3317728328305));
#1281=CARTESIAN_POINT('',(-210.08379536902,78.8059769236978,-28.9199931274002));
#1282=CARTESIAN_POINT('',(-211.314801061803,77.4988547990316,-27.7769163737406));
#1283=CARTESIAN_POINT('',(-213.17865304882,74.1867223144018,-26.0461966125625));
#1284=CARTESIAN_POINT('',(-213.766864765391,72.2112624592313,-25.5));
#1285=CARTESIAN_POINT('',(-213.766864765391,70.0724449157715,-25.5));
#1286=CARTESIAN_POINT('',(-213.766864765391,67.9336273723118,-25.5));
#1287=CARTESIAN_POINT('',(-213.17865304882,65.9581675171411,-26.0461966125625));
#1288=CARTESIAN_POINT('',(-211.314801061803,62.6460350325112,-27.7769163737406));
#1289=CARTESIAN_POINT('',(-210.08379536902,61.3389129078453,-28.9199931274001));
#1290=CARTESIAN_POINT('',(-207.486494236252,59.389618711816,-31.3317728328301));
#1291=CARTESIAN_POINT('',(-206.083617042018,58.6967745574935,-32.6344445575669));
#1292=CARTESIAN_POINT('',(-203.949664856259,58.0189055884222,-34.6159716546903));
#1293=CARTESIAN_POINT('',(-203.225289116663,57.8508708678156,-35.288606292931));
#1294=CARTESIAN_POINT('',(-201.770625162,57.627876417309,-36.6393657254102));
#1295=CARTESIAN_POINT('',(-201.037249295157,57.5724449157715,-37.3203576249588));
#1296=CARTESIAN_POINT('',(-200.30532676235,57.5724449157715,-38.));
#1297=CARTESIAN_POINT('',(-184.305327239187,70.0724449157716,-34.25));
#1298=CARTESIAN_POINT('',(-184.305327239187,73.8224449157716,-34.25));
#1299=CARTESIAN_POINT('',(-184.305327239187,73.8224449157716,-38.));
#1300=CARTESIAN_POINT('',(-184.305327239187,73.8224449157716,-41.75));
#1301=CARTESIAN_POINT('',(-184.305327239187,70.0724449157716,-41.75));
#1302=CARTESIAN_POINT('',(-184.305327239187,66.3224449157716,-41.75));
#1303=CARTESIAN_POINT('',(-184.305327239187,66.3224449157716,-38.));
#1304=CARTESIAN_POINT('',(-184.305327239187,66.3224449157716,-34.25));
#1305=CARTESIAN_POINT('',(-184.305327239187,70.0724449157716,-34.25));
#1306=CARTESIAN_POINT('',(-186.305327239187,70.0724449157716,-34.25));
#1307=CARTESIAN_POINT('',(-186.305327239187,66.3224449157716,-34.25));
#1308=CARTESIAN_POINT('',(-186.305327239187,66.3224449157716,-38.));
#1309=CARTESIAN_POINT('',(-186.305327239187,66.3224449157716,-41.75));
#1310=CARTESIAN_POINT('',(-186.305327239187,70.0724449157716,-41.75));
#1311=CARTESIAN_POINT('',(-186.305327239187,73.8224449157716,-41.75));
#1312=CARTESIAN_POINT('',(-186.305327239187,73.8224449157716,-38.));
#1313=CARTESIAN_POINT('',(-186.305327239187,73.8224449157716,-34.25));
#1314=CARTESIAN_POINT('',(-186.305327239187,70.0724449157716,-34.25));
#1315=CARTESIAN_POINT('',(-186.305327239187,70.0724449157716,-34.25));
#1316=CARTESIAN_POINT('',(-184.305327239187,70.0724449157716,-34.25));
#1317=CARTESIAN_POINT('',(-184.305327239187,85.0724525451661,-25.));
#1318=CARTESIAN_POINT('',(-195.30532676235,85.0724525451661,-25.));
#1319=CARTESIAN_POINT('',(-184.305327239187,55.0724449157716,-25.));
#1320=CARTESIAN_POINT('',(-195.30532676235,55.0724449157716,-25.));
#1321=CARTESIAN_POINT('',(-184.305327239187,55.0724449157716,-25.));
#1322=CARTESIAN_POINT('',(-184.305327239187,52.072448730469,-25.));
#1323=CARTESIAN_POINT('',(-214.305326285513,55.0724449157715,-25.));
#1324=CARTESIAN_POINT('',(-214.305326285513,52.0724487304689,-25.));
#1325=CARTESIAN_POINT('',(-214.305326285513,85.072452545166,-25.));
#1326=CARTESIAN_POINT('',(-214.305326285513,55.0724449157715,-25.));
#1327=CARTESIAN_POINT('',(-202.305323901327,85.0724525451661,-25.));
#1328=CARTESIAN_POINT('',(-214.305326285513,85.072452545166,-25.));
#1329=CARTESIAN_POINT('',(-202.305323901327,50.0725099842746,-25.));
#1330=CARTESIAN_POINT('',(-202.305323901327,55.0725099842746,-32.2808055877686));
#1331=CARTESIAN_POINT('',(-202.305323901327,55.0725099842746,-32.2808055877686));
#1332=CARTESIAN_POINT('',(-195.30532676235,55.0725099842747,-32.2808055877686));
#1333=CARTESIAN_POINT('',(-195.30532676235,50.0725099842747,-25.));
#1334=CARTESIAN_POINT('',(-195.30532676235,55.0725099842747,-32.2808055877686));
#1335=CARTESIAN_POINT('',(-202.305323901327,55.0725099842746,-32.2808055877686));
#1336=CARTESIAN_POINT('',(-202.305323901327,55.0724774500231,-28.6404027938843));
#1337=CARTESIAN_POINT('',(-202.305323901327,55.0724449157715,-25.));
#1338=CARTESIAN_POINT('',(-195.30532676235,55.0725099842747,-32.2808055877686));
#1339=CARTESIAN_POINT('',(-195.30532676235,55.0724774500231,-28.6404027938843));
#1340=CARTESIAN_POINT('',(-195.30532676235,55.0724449157716,-25.));
#1341=CARTESIAN_POINT('',(-202.305323901327,50.0725099842746,-25.));
#1342=CARTESIAN_POINT('',(-195.30532676235,50.0725099842747,-25.));
#1343=CARTESIAN_POINT('',(-202.305323901327,55.0724449157715,-25.));
#1344=CARTESIAN_POINT('',(-202.305323901327,50.0725099842746,-25.));
#1345=CARTESIAN_POINT('',(-195.30532676235,55.0724449157716,-25.));
#1346=CARTESIAN_POINT('',(-195.30532676235,50.0725099842747,-25.));
#1347=CARTESIAN_POINT('',(-202.305323901327,55.0724449157715,-25.));
#1348=CARTESIAN_POINT('',(-214.305326285513,55.0724449157715,-25.));
#1349=CARTESIAN_POINT('',(-184.305327239187,82.3476258875919,-48.8305087895755));
#1350=CARTESIAN_POINT('',(-184.305327239187,84.1941293874399,-46.1417021896699));
#1351=CARTESIAN_POINT('',(-186.305327239187,78.2259490453181,-51.));
#1352=CARTESIAN_POINT('',(-186.305327239187,61.9189407862251,-50.9999999999999));
#1353=CARTESIAN_POINT('',(-184.305327239187,78.2259490453181,-51.));
#1354=CARTESIAN_POINT('',(-184.305327239187,61.9189407862251,-50.9999999999999));
#1355=CARTESIAN_POINT('',(-188.641702309298,57.7972639439513,-48.8305087895754));
#1356=CARTESIAN_POINT('',(-189.606910913959,57.1817653204668,-47.9342436261494));
#1357=CARTESIAN_POINT('',(-190.57211951862,56.5662666969823,-47.0379784627234));
#1358=CARTESIAN_POINT('',(-191.537328123281,55.9507680734978,-46.1417132992974));
#1359=CARTESIAN_POINT('',(-186.305327239187,78.2259490453181,-51.));
#1360=CARTESIAN_POINT('',(-184.305327239187,78.2259490453181,-51.));
#1361=CARTESIAN_POINT('',(-184.305327239187,61.9189407862251,-50.9999999999999));
#1362=CARTESIAN_POINT('',(-186.305327239187,61.9189407862251,-50.9999999999999));
#1363=CARTESIAN_POINT('',(-188.641702309299,82.3476258875919,-48.8305087895755));
#1364=CARTESIAN_POINT('',(-184.305327239187,82.3476258875919,-48.8305087895755));
#1365=CARTESIAN_POINT('',(-184.305327239187,57.7972639439513,-48.8305087895753));
#1366=CARTESIAN_POINT('',(-188.641702309298,57.7972639439513,-48.8305087895754));
#1367=CARTESIAN_POINT('',(-188.641702309299,82.3476258875919,-48.8305087895755));
#1368=CARTESIAN_POINT('',(-188.55028980926,82.28933354781,-48.9153918282171));
#1369=CARTESIAN_POINT('',(-188.368668060537,82.1735013801888,-49.0840406006324));
#1370=CARTESIAN_POINT('',(-188.10074880464,81.9966248185078,-49.3328227752956));
#1371=CARTESIAN_POINT('',(-187.84255406188,81.8147165343702,-49.5725750445958));
#1372=CARTESIAN_POINT('',(-187.598058838909,81.6257851190862,-49.7996063308012));
#1373=CARTESIAN_POINT('',(-187.370587457074,81.4281273084936,-50.0108297639854));
#1374=CARTESIAN_POINT('',(-187.162826537364,81.2203255896855,-50.2037506245728));
#1375=CARTESIAN_POINT('',(-186.97684532469,81.0012617144024,-50.3764474707944));
#1376=CARTESIAN_POINT('',(-186.814116515664,80.7701562766781,-50.5275527986084));
#1377=CARTESIAN_POINT('',(-186.675516591776,80.5266391019463,-50.656252732317));
#1378=CARTESIAN_POINT('',(-186.561281157178,80.2708225184749,-50.762328496628));
#1379=CARTESIAN_POINT('',(-186.470918709952,80.0033148498003,-50.8462364861957));
#1380=CARTESIAN_POINT('',(-186.403136961603,79.7251343536882,-50.9091766832346));
#1381=CARTESIAN_POINT('',(-186.355841793493,79.4375731159799,-50.9530936265464));
#1382=CARTESIAN_POINT('',(-186.326204149103,79.1421074649276,-50.9806142972748));
#1383=CARTESIAN_POINT('',(-186.31073765382,78.8403919494579,-50.9949760433835));
#1384=CARTESIAN_POINT('',(-186.305342199939,78.5343006702069,-50.9999861078729));
#1385=CARTESIAN_POINT('',(-186.305327239187,78.3290076033422,-51.));
#1386=CARTESIAN_POINT('',(-186.305327239187,78.2259490453181,-51.));
#1387=CARTESIAN_POINT('',(-184.305327239187,78.2259490453181,-51.));
#1388=CARTESIAN_POINT('',(-184.305327239187,79.2786716596547,-51.));
#1389=CARTESIAN_POINT('',(-184.305327239187,80.3313942739912,-50.9999999999999));
#1390=CARTESIAN_POINT('',(-184.305327239187,81.155729642446,-50.5661017579151));
#1391=CARTESIAN_POINT('',(-184.305327239187,81.7516777650189,-49.6983052737453));
#1392=CARTESIAN_POINT('',(-184.305327239187,82.3476258875919,-48.8305087895755));
#1393=CARTESIAN_POINT('',(-186.305327239187,61.9189407862251,-50.9999999999999));
#1394=CARTESIAN_POINT('',(-186.305327239187,61.815882228201,-50.9999999999999));
#1395=CARTESIAN_POINT('',(-186.305342199939,61.6105891613365,-50.9999861078727));
#1396=CARTESIAN_POINT('',(-186.31073765382,61.3044978820855,-50.9949760433835));
#1397=CARTESIAN_POINT('',(-186.326204149103,61.0027823666157,-50.9806142972747));
#1398=CARTESIAN_POINT('',(-186.355841793493,60.7073167155632,-50.9530936265463));
#1399=CARTESIAN_POINT('',(-186.403136961603,60.419755477855,-50.9091766832344));
#1400=CARTESIAN_POINT('',(-186.470918709952,60.1415749817428,-50.8462364861957));
#1401=CARTESIAN_POINT('',(-186.561281157178,59.8740673130682,-50.7623284966279));
#1402=CARTESIAN_POINT('',(-186.675516591776,59.6182507295968,-50.6562527323168));
#1403=CARTESIAN_POINT('',(-186.814116515664,59.374733554865,-50.5275527986082));
#1404=CARTESIAN_POINT('',(-186.976845324691,59.1436281171407,-50.3764474707942));
#1405=CARTESIAN_POINT('',(-187.162826537364,58.9245642418578,-50.2037506245726));
#1406=CARTESIAN_POINT('',(-187.370587457074,58.7167625230495,-50.0108297639851));
#1407=CARTESIAN_POINT('',(-187.59805883891,58.5191047124568,-49.799606330801));
#1408=CARTESIAN_POINT('',(-187.84255406188,58.330173297173,-49.5725750445955));
#1409=CARTESIAN_POINT('',(-188.10074880464,58.1482650130351,-49.3328227752954));
#1410=CARTESIAN_POINT('',(-188.368668060537,57.9713884513544,-49.0840406006322));
#1411=CARTESIAN_POINT('',(-188.55028980926,57.8555562837332,-48.9153918282169));
#1412=CARTESIAN_POINT('',(-188.641702309298,57.7972639439513,-48.8305087895754));
#1413=CARTESIAN_POINT('',(-184.305327239187,57.7972639439513,-48.8305087895753));
#1414=CARTESIAN_POINT('',(-184.305327239187,58.3932120665242,-49.6983052737452));
#1415=CARTESIAN_POINT('',(-184.305327239187,58.9891601890972,-50.566101757915));
#1416=CARTESIAN_POINT('',(-184.305327239187,59.8134955575519,-51.));
#1417=CARTESIAN_POINT('',(-184.305327239187,60.8662181718885,-51.));
#1418=CARTESIAN_POINT('',(-184.305327239187,61.9189407862251,-50.9999999999999));
#1419=CARTESIAN_POINT('',(-191.537340087495,84.19412938744,-46.1417021896699));
#1420=CARTESIAN_POINT('',(-190.572127494763,83.578628220824,-47.0379710563051));
#1421=CARTESIAN_POINT('',(-189.606914902031,82.9631270542079,-47.9342399229403));
#1422=CARTESIAN_POINT('',(-188.641702309299,82.3476258875919,-48.8305087895755));
#1423=CARTESIAN_POINT('',(-184.305327239187,85.0724525451661,-43.3111934000944));
#1424=CARTESIAN_POINT('',(-184.305327239187,85.0724525451661,-25.));
#1425=CARTESIAN_POINT('',(-184.305327239187,55.9507680734978,-46.1417132992975));
#1426=CARTESIAN_POINT('',(-184.305327239187,57.7972639439513,-48.8305087895753));
#1427=CARTESIAN_POINT('',(-184.305327239187,55.0724449157716,-43.311204509722));
#1428=CARTESIAN_POINT('',(-184.305327239187,55.0724449157716,-25.));
#1429=CARTESIAN_POINT('',(-194.585568254386,55.0724449157716,-43.311204509722));
#1430=CARTESIAN_POINT('',(-184.305327239187,55.0724449157716,-43.311204509722));
#1431=CARTESIAN_POINT('',(-194.5855802186,85.0724525451661,-43.3111934000944));
#1432=CARTESIAN_POINT('',(-184.305327239187,85.0724525451661,-43.3111934000944));
#1433=CARTESIAN_POINT('',(-191.537340087495,84.19412938744,-46.1417021896699));
#1434=CARTESIAN_POINT('',(-184.305327239187,84.1941293874399,-46.1417021896699));
#1435=CARTESIAN_POINT('',(-191.537328123281,55.9507680734978,-46.1417132992974));
#1436=CARTESIAN_POINT('',(-184.305327239187,55.9507680734978,-46.1417132992975));
#1437=CARTESIAN_POINT('',(-194.5855802186,85.0724525451661,-43.3111934000944));
#1438=CARTESIAN_POINT('',(-194.520094229636,85.0724525451661,-43.3720018204894));
#1439=CARTESIAN_POINT('',(-194.389342139954,85.0724460847004,-43.4934144793297));
#1440=CARTESIAN_POINT('',(-194.193731079544,85.0704052483056,-43.6750533273254));
#1441=CARTESIAN_POINT('',(-193.9993251868,85.0645712806231,-43.8555730910214));
#1442=CARTESIAN_POINT('',(-193.80662560559,85.0534291132079,-44.0345084225258));
#1443=CARTESIAN_POINT('',(-193.616053575967,85.0357122046057,-44.2114681703454));
#1444=CARTESIAN_POINT('',(-193.427950432704,85.0104035856571,-44.3861353807531));
#1445=CARTESIAN_POINT('',(-193.242577479433,84.9767375804014,-44.558267414653));
#1446=CARTESIAN_POINT('',(-193.06011560829,84.9342016905864,-44.7276963007707));
#1447=CARTESIAN_POINT('',(-192.880664438553,84.8825384342458,-44.894329535488));
#1448=CARTESIAN_POINT('',(-192.704240934303,84.8217467074852,-45.058151366443));
#1449=CARTESIAN_POINT('',(-192.530777630591,84.7520822795902,-45.2192244396616));
#1450=CARTESIAN_POINT('',(-192.360120755047,84.6740571911503,-45.3776915437782));
#1451=CARTESIAN_POINT('',(-192.192028573314,84.5884381050296,-45.5337771464178));
#1452=CARTESIAN_POINT('',(-192.02617020538,84.4962439525415,-45.6877884933169));
#1453=CARTESIAN_POINT('',(-191.862124900003,84.3987433420645,-45.8401162820691));
#1454=CARTESIAN_POINT('',(-191.699381738137,84.2974523691014,-45.9912349375205));
#1455=CARTESIAN_POINT('',(-191.591353607681,84.2285729752444,-46.09154677636));
#1456=CARTESIAN_POINT('',(-191.537340087495,84.19412938744,-46.1417021896699));
#1457=CARTESIAN_POINT('',(-184.305327239187,84.1941293874399,-46.1417021896699));
#1458=CARTESIAN_POINT('',(-184.305327239187,84.5454586505305,-45.6301101772987));
#1459=CARTESIAN_POINT('',(-184.305327239187,84.8967879136209,-45.1185181649276));
#1460=CARTESIAN_POINT('',(-184.305327239187,85.0724525451661,-44.5524164070125));
#1461=CARTESIAN_POINT('',(-184.305327239187,85.0724525451661,-43.9318049035534));
#1462=CARTESIAN_POINT('',(-184.305327239187,85.0724525451661,-43.3111934000944));
#1463=CARTESIAN_POINT('',(-191.537328123281,55.9507680734978,-46.1417132992974));
#1464=CARTESIAN_POINT('',(-191.591341643467,55.9163244856934,-46.0915578859876));
#1465=CARTESIAN_POINT('',(-191.699369773923,55.8474450918365,-45.991246047148));
#1466=CARTESIAN_POINT('',(-191.862112935789,55.7461541188735,-45.8401273916966));
#1467=CARTESIAN_POINT('',(-192.026158241166,55.6486535083963,-45.6877996029445));
#1468=CARTESIAN_POINT('',(-192.1920166091,55.5564593559081,-45.5337882560454));
#1469=CARTESIAN_POINT('',(-192.360108790833,55.4708402697877,-45.3777026534057));
#1470=CARTESIAN_POINT('',(-192.530765666377,55.3928151813475,-45.2192355492892));
#1471=CARTESIAN_POINT('',(-192.704228970089,55.3231507534527,-45.0581624760705));
#1472=CARTESIAN_POINT('',(-192.880652474339,55.262359026692,-44.8943406451156));
#1473=CARTESIAN_POINT('',(-193.060103644076,55.2106957703512,-44.7277074103983));
#1474=CARTESIAN_POINT('',(-193.242565515219,55.1681598805362,-44.5582785242806));
#1475=CARTESIAN_POINT('',(-193.42793846849,55.1344938752804,-44.3861464903807));
#1476=CARTESIAN_POINT('',(-193.616041611753,55.1091852563322,-44.2114792799729));
#1477=CARTESIAN_POINT('',(-193.806613641375,55.0914683477297,-44.0345195321535));
#1478=CARTESIAN_POINT('',(-193.999313222586,55.0803261803144,-43.855584200649));
#1479=CARTESIAN_POINT('',(-194.19371911533,55.074492212632,-43.675064436953));
#1480=CARTESIAN_POINT('',(-194.38933017574,55.0724513762372,-43.4934255889573));
#1481=CARTESIAN_POINT('',(-194.520082265422,55.0724449157716,-43.372012930117));
#1482=CARTESIAN_POINT('',(-194.585568254386,55.0724449157716,-43.311204509722));
#1483=CARTESIAN_POINT('',(-184.305327239187,55.0724449157716,-43.311204509722));
#1484=CARTESIAN_POINT('',(-184.305327239187,55.0724449157716,-43.931816013181));
#1485=CARTESIAN_POINT('',(-184.305327239187,55.0724449157716,-44.5524275166401));
#1486=CARTESIAN_POINT('',(-184.305327239187,55.2481095473168,-45.1185292745551));
#1487=CARTESIAN_POINT('',(-184.305327239187,55.5994388104074,-45.6301212869263));
#1488=CARTESIAN_POINT('',(-184.305327239187,55.9507680734978,-46.1417132992975));
#1489=CARTESIAN_POINT('',(-186.305327239187,57.5724449157716,-38.));
#1490=CARTESIAN_POINT('',(-186.305327239187,57.5724449157716,-36.7290995518942));
#1491=CARTESIAN_POINT('',(-186.305327239187,57.8282308762452,-35.4842053831312));
#1492=CARTESIAN_POINT('',(-186.305327239187,58.0878286233431,-34.2207594888074));
#1493=CARTESIAN_POINT('',(-186.305327239187,58.5999522279637,-33.0369453430176));
#1494=CARTESIAN_POINT('',(-186.305327239187,61.8604704694648,-25.5));
#1495=CARTESIAN_POINT('',(-186.305327239187,70.0724449157717,-25.5));
#1496=CARTESIAN_POINT('',(-186.305327239187,78.2844193620784,-25.5));
#1497=CARTESIAN_POINT('',(-186.305327239187,81.5449376035795,-33.0369453430175));
#1498=CARTESIAN_POINT('',(-186.305327239187,82.0570612082001,-34.2207594888073));
#1499=CARTESIAN_POINT('',(-186.305327239187,82.3166589552979,-35.484205383131));
#1500=CARTESIAN_POINT('',(-186.305327239187,82.5724449157715,-36.7290995518941));
#1501=CARTESIAN_POINT('',(-186.305327239187,82.5724449157716,-38.));
#1502=CARTESIAN_POINT('',(-186.305327239187,82.5724449157716,-39.2709004481058));
#1503=CARTESIAN_POINT('',(-186.305327239187,82.3166589552979,-40.5157946168688));
#1504=CARTESIAN_POINT('',(-186.305327239187,82.0512979799452,-41.8072897803337));
#1505=CARTESIAN_POINT('',(-186.305327239187,81.5223257994625,-43.0150002741066));
#1506=CARTESIAN_POINT('',(-186.305327239187,78.2439270057675,-50.5000000000001));
#1507=CARTESIAN_POINT('',(-186.305327239187,70.0724449157715,-50.5000000000001));
#1508=CARTESIAN_POINT('',(-186.305327239187,61.9009628257755,-50.5));
#1509=CARTESIAN_POINT('',(-186.305327239187,58.6225640320806,-43.0150002741066));
#1510=CARTESIAN_POINT('',(-186.305327239187,58.093591851598,-41.8072897803338));
#1511=CARTESIAN_POINT('',(-186.305327239187,57.8282308762453,-40.5157946168689));
#1512=CARTESIAN_POINT('',(-186.305327239187,57.5724449157716,-39.2709004481058));
#1513=CARTESIAN_POINT('',(-186.305327239187,57.5724449157716,-38.));
#1514=CARTESIAN_POINT('',(-184.305327239187,64.681438446045,-39.6075305938721));
#1515=CARTESIAN_POINT('',(-184.305327239187,63.0739078521729,-42.7165241241455));
#1516=CARTESIAN_POINT('',(-184.305327239187,59.9649143218995,-41.1089935302734));
#1517=CARTESIAN_POINT('',(-184.305327239187,56.8559207916261,-39.5014629364013));
#1518=CARTESIAN_POINT('',(-184.305327239187,58.4634513854982,-36.3924694061279));
#1519=CARTESIAN_POINT('',(-184.305327239187,60.0709819793702,-33.2834758758545));
#1520=CARTESIAN_POINT('',(-184.305327239187,63.1799755096437,-34.8910064697266));
#1521=CARTESIAN_POINT('',(-184.305327239187,66.2889690399171,-36.4985370635987));
#1522=CARTESIAN_POINT('',(-184.305327239187,64.681438446045,-39.6075305938721));
#1523=CARTESIAN_POINT('',(-184.305327239187,64.681438446045,-39.6075305938721));
#1524=CARTESIAN_POINT('',(-185.105327239187,64.2138679880358,-39.3657694551879));
#1525=CARTESIAN_POINT('',(-185.105327239187,64.2138679880358,-39.3657694551879));
#1526=CARTESIAN_POINT('',(-185.105327239187,62.8480985328479,-42.0071925274521));
#1527=CARTESIAN_POINT('',(-185.105327239187,60.2066754605837,-40.6414230722642));
#1528=CARTESIAN_POINT('',(-185.105327239187,57.5652523883195,-39.2756536170763));
#1529=CARTESIAN_POINT('',(-185.105327239187,58.9310218435074,-36.6342305448121));
#1530=CARTESIAN_POINT('',(-185.105327239187,60.2967912986953,-33.9928074725479));
#1531=CARTESIAN_POINT('',(-185.105327239187,62.9382143709595,-35.3585769277358));
#1532=CARTESIAN_POINT('',(-185.105327239187,65.5796374432237,-36.7243463829237));
#1533=CARTESIAN_POINT('',(-185.105327239187,64.2138679880358,-39.3657694551879));
#1534=CARTESIAN_POINT('',(-184.305327239187,75.4634513854982,-39.6075305938721));
#1535=CARTESIAN_POINT('',(-184.305327239187,77.0709819793703,-42.7165241241455));
#1536=CARTESIAN_POINT('',(-184.305327239187,80.1799755096437,-41.1089935302734));
#1537=CARTESIAN_POINT('',(-184.305327239187,83.2889690399171,-39.5014629364013));
#1538=CARTESIAN_POINT('',(-184.305327239187,81.681438446045,-36.3924694061279));
#1539=CARTESIAN_POINT('',(-184.305327239187,80.073907852173,-33.2834758758545));
#1540=CARTESIAN_POINT('',(-184.305327239187,76.9649143218995,-34.8910064697266));
#1541=CARTESIAN_POINT('',(-184.305327239187,73.8559207916261,-36.4985370635987));
#1542=CARTESIAN_POINT('',(-184.305327239187,75.4634513854982,-39.6075305938721));
#1543=CARTESIAN_POINT('',(-184.305327239187,75.4634513854982,-39.6075305938721));
#1544=CARTESIAN_POINT('',(-185.105327239187,75.9310218435074,-39.3657694551879));
#1545=CARTESIAN_POINT('',(-185.105327239187,75.9310218435074,-39.3657694551879));
#1546=CARTESIAN_POINT('',(-185.105327239187,77.2967912986953,-42.0071925274521));
#1547=CARTESIAN_POINT('',(-185.105327239187,79.9382143709595,-40.6414230722642));
#1548=CARTESIAN_POINT('',(-185.105327239187,82.5796374432237,-39.2756536170763));
#1549=CARTESIAN_POINT('',(-185.105327239187,81.2138679880358,-36.6342305448121));
#1550=CARTESIAN_POINT('',(-185.105327239187,79.8480985328479,-33.9928074725479));
#1551=CARTESIAN_POINT('',(-185.105327239187,77.2066754605837,-35.3585769277358));
#1552=CARTESIAN_POINT('',(-185.105327239187,74.5652523883195,-36.7243463829237));
#1553=CARTESIAN_POINT('',(-185.105327239187,75.9310218435074,-39.3657694551879));
#1554=CARTESIAN_POINT('',(-186.305327239187,61.5724449157716,-36.4));
#1555=CARTESIAN_POINT('',(-186.305327239187,59.9724449157716,-36.4));
#1556=CARTESIAN_POINT('',(-186.305327239187,59.9724449157716,-38.));
#1557=CARTESIAN_POINT('',(-186.305327239187,59.9724449157716,-39.6));
#1558=CARTESIAN_POINT('',(-186.305327239187,61.5724449157716,-39.6));
#1559=CARTESIAN_POINT('',(-186.305327239187,63.1724449157716,-39.6));
#1560=CARTESIAN_POINT('',(-186.305327239187,63.1724449157716,-38.));
#1561=CARTESIAN_POINT('',(-186.305327239187,63.1724449157716,-36.4));
#1562=CARTESIAN_POINT('',(-186.305327239187,61.5724449157716,-36.4));
#1563=CARTESIAN_POINT('',(-185.105327239187,61.5724449157716,-36.4));
#1564=CARTESIAN_POINT('',(-185.105327239187,59.9724449157716,-36.4));
#1565=CARTESIAN_POINT('',(-185.105327239187,59.9724449157716,-38.));
#1566=CARTESIAN_POINT('',(-185.105327239187,59.9724449157716,-39.6));
#1567=CARTESIAN_POINT('',(-185.105327239187,61.5724449157716,-39.6));
#1568=CARTESIAN_POINT('',(-185.105327239187,63.1724449157716,-39.6));
#1569=CARTESIAN_POINT('',(-185.105327239187,63.1724449157716,-38.));
#1570=CARTESIAN_POINT('',(-185.105327239187,63.1724449157716,-36.4));
#1571=CARTESIAN_POINT('',(-185.105327239187,61.5724449157716,-36.4));
#1572=CARTESIAN_POINT('',(-186.305327239187,61.5724449157716,-36.4));
#1573=CARTESIAN_POINT('',(-185.105327239187,61.5724449157716,-36.4));
#1574=CARTESIAN_POINT('',(-186.305327239187,78.5724487304689,-36.4));
#1575=CARTESIAN_POINT('',(-186.305327239187,76.9724487304688,-36.4));
#1576=CARTESIAN_POINT('',(-186.305327239187,76.9724487304688,-38.));
#1577=CARTESIAN_POINT('',(-186.305327239187,76.9724487304688,-39.6));
#1578=CARTESIAN_POINT('',(-186.305327239187,78.5724487304689,-39.6));
#1579=CARTESIAN_POINT('',(-186.305327239187,80.1724487304688,-39.6));
#1580=CARTESIAN_POINT('',(-186.305327239187,80.1724487304689,-38.));
#1581=CARTESIAN_POINT('',(-186.305327239187,80.1724487304688,-36.4));
#1582=CARTESIAN_POINT('',(-186.305327239187,78.5724487304689,-36.4));
#1583=CARTESIAN_POINT('',(-185.105327239187,78.5724487304689,-36.4));
#1584=CARTESIAN_POINT('',(-185.105327239187,80.1724487304688,-36.4));
#1585=CARTESIAN_POINT('',(-185.105327239187,80.1724487304689,-38.));
#1586=CARTESIAN_POINT('',(-185.105327239187,80.1724487304688,-39.6));
#1587=CARTESIAN_POINT('',(-185.105327239187,78.5724487304689,-39.6));
#1588=CARTESIAN_POINT('',(-185.105327239187,76.9724487304688,-39.6));
#1589=CARTESIAN_POINT('',(-185.105327239187,76.9724487304688,-38.));
#1590=CARTESIAN_POINT('',(-185.105327239187,76.9724487304688,-36.4));
#1591=CARTESIAN_POINT('',(-185.105327239187,78.5724487304689,-36.4));
#1592=CARTESIAN_POINT('',(-186.305327239187,78.5724487304689,-36.4));
#1593=CARTESIAN_POINT('',(-185.105327239187,78.5724487304689,-36.4));
#1594=CARTESIAN_POINT('',(0.,0.,0.));
ENDSEC;
END-ISO-10303-21;
