  0
SECTION
  2
HEADER
  9
$ACADVER
  1
AC1009
  9
$DWGCODEPAGE
  3
ansi_1252
  9
$INSBASE
 10
0.0
 20
0.0
 30
0.0
  9
$EXTMIN
 10
559.7033295019306
 20
-339.9999999999998
 30
-21.00000000000001
  9
$EXTMAX
 10
1685.978260869565
 20
127.0
 30
0.0
  9
$LIMMIN
 10
0.0
 20
0.0
  9
$LIMMAX
 10
12.0
 20
9.0
  9
$ORTHOMODE
 70
     0
  9
$REGENMODE
 70
     1
  9
$FILLMODE
 70
     1
  9
$QTEXTMODE
 70
     0
  9
$MIRRTEXT
 70
     1
  9
$DRAGMODE
 70
     2
  9
$LTSCALE
 40
1.0
  9
$OSMODE
 70
    37
  9
$ATTMODE
 70
     1
  9
$TEXTSIZE
 40
0.2
  9
$TRACEWID
 40
0.05
  9
$TEXTSTYLE
  7
STANDARD
  9
$CLAYER
  8
DEFAULT
  9
$CELTYPE
  6
BYLAYER
  9
$CECOLOR
 62
   256
  9
$DIMSCALE
 40
1.0
  9
$DIMASZ
 40
0.18
  9
$DIMEXO
 40
0.0625
  9
$DIMDLI
 40
0.38
  9
$DIMRND
 40
0.0
  9
$DIMDLE
 40
0.0
  9
$DIMEXE
 40
0.18
  9
$DIMTP
 40
0.0
  9
$DIMTM
 40
0.0
  9
$DIMTXT
 40
0.18
  9
$DIMCEN
 40
0.09
  9
$DIMTSZ
 40
0.0
  9
$DIMTOL
 70
     0
  9
$DIMLIM
 70
     0
  9
$DIMTIH
 70
     1
  9
$DIMTOH
 70
     1
  9
$DIMSE1
 70
     0
  9
$DIMSE2
 70
     0
  9
$DIMTAD
 70
     0
  9
$DIMZIN
 70
     0
  9
$DIMBLK
  1

  9
$DIMASO
 70
     1
  9
$DIMSHO
 70
     1
  9
$DIMPOST
  1

  9
$DIMAPOST
  1

  9
$DIMALT
 70
     0
  9
$DIMALTD
 70
     2
  9
$DIMALTF
 40
25.4
  9
$DIMLFAC
 40
1.0
  9
$DIMTOFL
 70
     0
  9
$DIMTVP
 40
0.0
  9
$DIMTIX
 70
     0
  9
$DIMSOXD
 70
     0
  9
$DIMSAH
 70
     0
  9
$DIMBLK1
  1

  9
$DIMBLK2
  1

  9
$DIMSTYLE
  2
STANDARD_ACAD
  9
$DIMCLRD
 70
     0
  9
$DIMCLRE
 70
     0
  9
$DIMCLRT
 70
     0
  9
$DIMTFAC
 40
1.0
  9
$DIMGAP
 40
0.09
  9
$LUNITS
 70
     2
  9
$LUPREC
 70
     3
  9
$SKETCHINC
 40
0.1
  9
$FILLETRAD
 40
0.0
  9
$AUNITS
 70
     0
  9
$AUPREC
 70
     0
  9
$MENU
  1
.
  9
$ELEVATION
 40
0.0
  9
$PELEVATION
 40
0.0
  9
$THICKNESS
 40
0.0
  9
$LIMCHECK
 70
     0
  9
$CHAMFERA
 40
0.0
  9
$CHAMFERB
 40
0.0
  9
$SKPOLY
 70
     0
  9
$TDCREATE
 40
2461222.604742095
  9
$TDUPDATE
 40
2461222.604758739
  9
$TDINDWG
 40
0.0000000116
  9
$TDUSRTIMER
 40
0.0000000116
  9
$USRTIMER
 70
     1
  9
$ANGBASE
 50
0.0
  9
$ANGDIR
 70
     0
  9
$PDMODE
 70
     0
  9
$PDSIZE
 40
0.0
  9
$PLINEWID
 40
0.0
  9
$COORDS
 70
     1
  9
$SPLFRAME
 70
     0
  9
$SPLINETYPE
 70
     6
  9
$SPLINESEGS
 70
     8
  9
$ATTDIA
 70
     0
  9
$ATTREQ
 70
     1
  9
$HANDLING
 70
     1
  9
$HANDSEED
  5
8F9
  9
$SURFTAB1
 70
     6
  9
$SURFTAB2
 70
     6
  9
$SURFTYPE
 70
     6
  9
$SURFU
 70
     6
  9
$SURFV
 70
     6
  9
$UCSNAME
  2

  9
$UCSORG
 10
0.0
 20
0.0
 30
0.0
  9
$UCSXDIR
 10
1.0
 20
0.0
 30
0.0
  9
$UCSYDIR
 10
0.0
 20
1.0
 30
0.0
  9
$PUCSNAME
  2

  9
$PUCSORG
 10
0.0
 20
0.0
 30
0.0
  9
$PUCSXDIR
 10
1.0
 20
0.0
 30
0.0
  9
$PUCSYDIR
 10
0.0
 20
1.0
 30
0.0
  9
$USERI1
 70
     0
  9
$USERI2
 70
     0
  9
$USERI3
 70
     0
  9
$USERI4
 70
     0
  9
$USERI5
 70
     0
  9
$USERR1
 40
0.0
  9
$USERR2
 40
0.0
  9
$USERR3
 40
0.0
  9
$USERR4
 40
0.0
  9
$USERR5
 40
0.0
  9
$WORLDVIEW
 70
     1
  9
$SHADEDGE
 70
     3
  9
$SHADEDIF
 70
    70
  9
$TILEMODE
 70
     1
  9
$MAXACTVP
 70
    64
  9
$PLIMCHECK
 70
     0
  9
$PEXTMIN
 10
1.000000000000000E+20
 20
1.000000000000000E+20
 30
1.000000000000000E+20
  9
$PEXTMAX
 10
-1.000000000000000E+20
 20
-1.000000000000000E+20
 30
-1.000000000000000E+20
  9
$PLIMMIN
 10
0.0
 20
0.0
  9
$PLIMMAX
 10
12.0
 20
9.0
  9
$UNITMODE
 70
     0
  9
$VISRETAIN
 70
     1
  9
$PLINEGEN
 70
     0
  9
$PSLTSCALE
 70
     1
  0
ENDSEC
  0
SECTION
  2
TABLES
  0
TABLE
  2
VPORT
 70
     1
  0
VPORT
  2
*ACTIVE
 70
     0
 10
0.0
 20
0.0
 11
1.0
 21
1.0
 12
10.42990654205607
 22
4.5
 13
0.0
 23
0.0
 14
0.5
 24
0.5
 15
0.5
 25
0.5
 16
0.0
 26
0.0
 36
1.0
 17
0.0
 27
0.0
 37
0.0
 40
9.0
 41
1.972972972850329
 42
50.0
 43
0.0
 44
0.0
 50
0.0
 51
0.0
 71
     0
 72
   100
 73
     1
 74
     3
 75
     0
 76
     0
 77
     0
 78
     0
  0
ENDTAB
  0
TABLE
  2
LTYPE
 70
     1
  0
LTYPE
  2
CONTINUOUS
 70
     0
  3
Solid line
 72
    65
 73
     0
 40
0.0
  0
ENDTAB
  0
TABLE
  2
LAYER
 70
     2
  0
LAYER
  2
0
 70
     0
 62
     7
  6
CONTINUOUS
  0
LAYER
  2
DEFAULT
 70
     0
 62
     7
  6
CONTINUOUS
  0
ENDTAB
  0
TABLE
  2
STYLE
 70
     2
  0
STYLE
  2
STANDARD
 70
     0
 40
0.0
 41
1.0
 50
0.0
 71
     0
 42
0.2
  3
txt
  4

  0
STYLE
  2
DEFAULT
 70
     0
 40
0.0
 41
1.0
 50
0.0
 71
     0
 42
0.2
  3
arial.ttf
  4

  0
ENDTAB
  0
TABLE
  2
VIEW
 70
     0
  0
ENDTAB
  0
TABLE
  2
UCS
 70
     0
  0
ENDTAB
  0
TABLE
  2
APPID
 70
     3
  0
APPID
  2
ACAD
 70
     0
  0
APPID
  2
RHINO
 70
     0
  0
APPID
  2
ACADANNOTATIVE
 70
     0
  0
ENDTAB
  0
TABLE
  2
DIMSTYLE
 70
     1
  0
DIMSTYLE
  2
STANDARD_ACAD
 70
     0
  3

  4

  5

  6

  7

 40
1.0
 41
0.18
 42
0.0625
 43
0.38
 44
0.18
 45
0.0
 46
0.0
 47
0.0
 48
0.0
140
0.18
141
0.09
142
0.0
143
25.4
144
1.0
145
0.0
146
1.0
147
0.09
 71
     0
 72
     0
 73
     1
 74
     1
 75
     0
 76
     0
 77
     0
 78
     0
170
     0
171
     2
172
     0
173
     0
174
     0
175
     0
176
     0
177
     0
178
     0
  0
ENDTAB
  0
ENDSEC
  0
SECTION
  2
BLOCKS
  0
BLOCK
  8
0
  2
$MODEL_SPACE
 70
     0
 10
0.0
 20
0.0
 30
0.0
  3
$MODEL_SPACE
  1

  0
ENDBLK
  5
21
  8
0
  0
BLOCK
 67
     1
  8
0
  2
$PAPER_SPACE
 70
     0
 10
0.0
 20
0.0
 30
0.0
  3
$PAPER_SPACE
  1

  0
ENDBLK
  5
1D
 67
     1
  8
0
  0
ENDSEC
  0
SECTION
  2
ENTITIES
  0
TEXT
  5
61
  8
DEFAULT
 10
1023.65
 20
121.885
 30
0.0
 40
5.0
  1
\U+0421\U+043B\U+0435\U+0434 \U+0431\U+043B\U+043E\U+043A\U+0430 \U+043F\U+0438\U+0442\U+0430\U+043D\U+0438\U+044F
  7
DEFAULT
1001
ACADANNOTATIVE
1000
AnnotativeData
1002
{
1070
     1
1070
     0
1002
}
  0
POLYLINE
  5
62
  8
DEFAULT
 66
     1
 10
0.0
 20
0.0
 30
0.0
 70
     1
  0
VERTEX
  5
63
  8
DEFAULT
 10
1026.0
 20
20.0
 30
0.0
  0
VERTEX
  5
64
  8
DEFAULT
 10
1087.0
 20
20.0
 30
0.0
  0
VERTEX
  5
65
  8
DEFAULT
 10
1087.0
 20
96.0
 30
0.0
  0
VERTEX
  5
66
  8
DEFAULT
 10
1026.0
 20
96.0
 30
0.0
  0
SEQEND
  5
67
  8
DEFAULT
  0
POLYLINE
  5
68
  8
DEFAULT
 66
     1
 10
0.0
 20
0.0
 30
-5.99999999999999
 70
     1
  0
VERTEX
  5
69
  8
DEFAULT
 10
942.6814992171119
 20
80.80711726261204
 30
-5.99999999999999
  0
VERTEX
  5
6A
  8
DEFAULT
 10
962.9251597867519
 20
80.80711726261183
 30
-5.99999999999999
  0
VERTEX
  5
6B
  8
DEFAULT
 10
962.9251597867519
 20
72.69573199935105
 30
-5.99999999999999
  0
VERTEX
  5
6C
  8
DEFAULT
 10
962.9265788541347
 20
72.32215106673385
 30
-5.99999999999999
  0
VERTEX
  5
6D
  8
DEFAULT
 10
962.9361461148769
 20
71.95671832747607
 30
-5.99999999999999
  0
VERTEX
  5
6E
  8
DEFAULT
 10
962.9462598310024
 20
71.77933204360158
 30
-5.99999999999999
  0
VERTEX
  5
6F
  8
DEFAULT
 10
962.9610026822597
 20
71.60657489485894
 30
-5.99999999999999
  0
VERTEX
  5
70
  8
DEFAULT
 10
962.9703380213291
 20
71.52216023392833
 30
-5.99999999999999
  0
VERTEX
  5
71
  8
DEFAULT
 10
962.9810956464321
 20
71.43916785903133
 30
-5.99999999999999
  0
VERTEX
  5
72
  8
DEFAULT
 10
962.9933549509556
 20
71.3576771635548
 30
-5.99999999999999
  0
VERTEX
  5
73
  8
DEFAULT
 10
963.0071910367519
 20
71.27776324935117
 30
-5.99999999999999
  0
VERTEX
  5
74
  8
DEFAULT
 10
963.0226747141392
 20
71.1994969267384
 30
-5.99999999999999
  0
VERTEX
  5
75
  8
DEFAULT
 10
963.0398725019008
 20
71.12294471450011
 30
-5.99999999999999
  0
VERTEX
  5
76
  8
DEFAULT
 10
963.0588466272861
 20
71.04816883988539
 30
-5.99999999999999
  0
VERTEX
  5
77
  8
DEFAULT
 10
963.0796550260096
 20
70.97522723860901
 30
-5.99999999999999
  0
VERTEX
  5
78
  8
DEFAULT
 10
963.1023513422517
 20
70.90417355485123
 30
-5.99999999999999
  0
VERTEX
  5
79
  8
DEFAULT
 10
963.1269849286584
 20
70.83505714125795
 30
-5.99999999999999
  0
VERTEX
  5
7A
  8
DEFAULT
 10
963.1400424474089
 20
70.80123966000838
 30
-5.99999999999999
  0
VERTEX
  5
7B
  8
DEFAULT
 10
963.1536008463411
 20
70.7679230589406
 30
-5.99999999999999
  0
VERTEX
  5
7C
  8
DEFAULT
 10
963.1676650875418
 20
70.73511230014128
 30
-5.99999999999999
  0
VERTEX
  5
7D
  8
DEFAULT
 10
963.1822398648767
 20
70.70281207747621
 30
-5.99999999999999
  0
VERTEX
  5
7E
  8
DEFAULT
 10
963.1973296039907
 20
70.67102681659026
 30
-5.99999999999999
  0
VERTEX
  5
7F
  8
DEFAULT
 10
963.2129384623079
 20
70.6397606749074
 30
-5.99999999999999
  0
VERTEX
  5
80
  8
DEFAULT
 10
963.2290703290312
 20
70.60901754163069
 30
-5.99999999999999
  0
VERTEX
  5
81
  8
DEFAULT
 10
963.2457288251428
 20
70.57880103774232
 30
-5.99999999999999
  0
VERTEX
  5
82
  8
DEFAULT
 10
963.262917303404
 20
70.54911451600356
 30
-5.99999999999999
  0
VERTEX
  5
83
  8
DEFAULT
 10
963.2806388483552
 20
70.51996106095478
 30
-5.99999999999999
  0
VERTEX
  5
84
  8
DEFAULT
 10
963.2988962763159
 20
70.49134348891542
 30
-5.99999999999999
  0
VERTEX
  5
85
  8
DEFAULT
 10
963.3176921353845
 20
70.46326434798405
 30
-5.99999999999999
  0
VERTEX
  5
86
  8
DEFAULT
 10
963.3370287054388
 20
70.43572591803834
 30
-5.99999999999999
  0
VERTEX
  5
87
  8
DEFAULT
 10
963.3569079981355
 20
70.40873021073506
 30
-5.99999999999999
  0
VERTEX
  5
88
  8
DEFAULT
 10
963.3773317569105
 20
70.38227896951005
 30
-5.99999999999999
  0
VERTEX
  5
89
  8
DEFAULT
 10
963.3983014569787
 20
70.35637366957828
 30
-5.99999999999999
  0
VERTEX
  5
8A
  8
DEFAULT
 10
963.4198183053343
 20
70.33101551793379
 30
-5.99999999999999
  0
VERTEX
  5
8B
  8
DEFAULT
 10
963.4418832407503
 20
70.30620545334979
 30
-5.99999999999999
  0
VERTEX
  5
8C
  8
DEFAULT
 10
963.464496933779
 20
70.28194414637848
 30
-5.99999999999999
  0
VERTEX
  5
8D
  8
DEFAULT
 10
963.4876597867517
 20
70.25823199935122
 30
-5.99999999999999
  0
VERTEX
  5
8E
  8
DEFAULT
 10
963.511371933779
 20
70.23506914637848
 30
-5.99999999999999
  0
VERTEX
  5
8F
  8
DEFAULT
 10
963.5356332407503
 20
70.2124554533498
 30
-5.99999999999999
  0
VERTEX
  5
90
  8
DEFAULT
 10
963.5604433053343
 20
70.19039051793382
 30
-5.99999999999999
  0
VERTEX
  5
91
  8
DEFAULT
 10
963.5858014569787
 20
70.16887366957828
 30
-5.99999999999999
  0
VERTEX
  5
92
  8
DEFAULT
 10
963.6117067569105
 20
70.14790396951004
 30
-5.99999999999999
  0
VERTEX
  5
93
  8
DEFAULT
 10
963.6381579981355
 20
70.12748021073504
 30
-5.99999999999999
  0
VERTEX
  5
94
  8
DEFAULT
 10
963.6651537054388
 20
70.10760091803834
 30
-5.99999999999999
  0
VERTEX
  5
95
  8
DEFAULT
 10
963.6926921353845
 20
70.08826434798405
 30
-5.99999999999999
  0
VERTEX
  5
96
  8
DEFAULT
 10
963.7207712763159
 20
70.06946848891542
 30
-5.99999999999999
  0
VERTEX
  5
97
  8
DEFAULT
 10
963.7493888483552
 20
70.05121106095478
 30
-5.99999999999999
  0
VERTEX
  5
98
  8
DEFAULT
 10
963.778542303404
 20
70.03348951600358
 30
-5.99999999999999
  0
VERTEX
  5
99
  8
DEFAULT
 10
963.8082288251428
 20
70.01630103774235
 30
-5.99999999999999
  0
VERTEX
  5
9A
  8
DEFAULT
 10
963.8384453290312
 20
69.99964254163072
 30
-5.99999999999999
  0
VERTEX
  5
9B
  8
DEFAULT
 10
963.8691884623079
 20
69.98351067490742
 30
-5.99999999999999
  0
VERTEX
  5
9C
  8
DEFAULT
 10
963.9004546039907
 20
69.96790181659028
 30
-5.99999999999999
  0
VERTEX
  5
9D
  8
DEFAULT
 10
963.9322398648767
 20
69.95281207747624
 30
-5.99999999999999
  0
VERTEX
  5
9E
  8
DEFAULT
 10
963.9645400875418
 20
69.93823730014131
 30
-5.99999999999999
  0
VERTEX
  5
9F
  8
DEFAULT
 10
963.9973508463411
 20
69.92417305894064
 30
-5.99999999999999
  0
VERTEX
  5
A0
  8
DEFAULT
 10
964.0306674474089
 20
69.91061466000842
 30
-5.99999999999999
  0
VERTEX
  5
A1
  8
DEFAULT
 10
964.0644849286584
 20
69.89755714125799
 30
-5.99999999999999
  0
VERTEX
  5
A2
  8
DEFAULT
 10
964.1336013422517
 20
69.87292355485127
 30
-5.99999999999999
  0
VERTEX
  5
A3
  8
DEFAULT
 10
964.2046550260094
 20
69.85022723860907
 30
-5.99999999999999
  0
VERTEX
  5
A4
  8
DEFAULT
 10
964.2775966272857
 20
69.82941883988548
 30
-5.99999999999999
  0
VERTEX
  5
A5
  8
DEFAULT
 10
964.3523725019004
 20
69.81044471450019
 30
-5.99999999999999
  0
VERTEX
  5
A6
  8
DEFAULT
 10
964.4289247141387
 20
69.79324692673853
 30
-5.99999999999999
  0
VERTEX
  5
A7
  8
DEFAULT
 10
964.5071910367515
 20
69.7777632493513
 30
-5.99999999999999
  0
VERTEX
  5
A8
  8
DEFAULT
 10
964.5871049509551
 20
69.76392716355494
 30
-5.99999999999999
  0
VERTEX
  5
A9
  8
DEFAULT
 10
964.6685956464316
 20
69.75166785903147
 30
-5.99999999999999
  0
VERTEX
  5
AA
  8
DEFAULT
 10
964.7515880213286
 20
69.74091023392849
 30
-5.99999999999999
  0
VERTEX
  5
AB
  8
DEFAULT
 10
964.8360026822593
 20
69.73157489485914
 30
-5.99999999999999
  0
VERTEX
  5
AC
  8
DEFAULT
 10
965.008759831002
 20
69.71683204360184
 30
-5.99999999999999
  0
VERTEX
  5
AD
  8
DEFAULT
 10
965.1861461148765
 20
69.70671832747638
 30
-5.99999999999999
  0
VERTEX
  5
AE
  8
DEFAULT
 10
965.5515788541343
 20
69.69715106673422
 30
-5.99999999999999
  0
VERTEX
  5
AF
  8
DEFAULT
 10
965.9251597867515
 20
69.6957319993514
 30
-5.99999999999999
  0
VERTEX
  5
B0
  8
DEFAULT
 10
969.5899316587115
 20
69.6957319993504
 30
-5.99999999999999
  0
VERTEX
  5
B1
  8
DEFAULT
 10
969.9635125913287
 20
69.69715106673323
 30
-5.99999999999999
  0
VERTEX
  5
B2
  8
DEFAULT
 10
970.3289453305865
 20
69.70671832747546
 30
-5.99999999999999
  0
VERTEX
  5
B3
  8
DEFAULT
 10
970.506331614461
 20
69.71683204360099
 30
-5.99999999999999
  0
VERTEX
  5
B4
  8
DEFAULT
 10
970.6790887632037
 20
69.73157489485833
 30
-5.99999999999999
  0
VERTEX
  5
B5
  8
DEFAULT
 10
970.7635034241343
 20
69.7409102339277
 30
-5.99999999999999
  0
VERTEX
  5
B6
  8
DEFAULT
 10
970.8464957990313
 20
69.75166785903073
 30
-5.99999999999999
  0
VERTEX
  5
B7
  8
DEFAULT
 10
970.9279864945079
 20
69.76392716355421
 30
-5.99999999999999
  0
VERTEX
  5
B8
  8
DEFAULT
 10
971.0079004087115
 20
69.7777632493506
 30
-5.99999999999999
  0
VERTEX
  5
B9
  8
DEFAULT
 10
971.0861667313243
 20
69.79324692673785
 30
-5.99999999999999
  0
VERTEX
  5
BA
  8
DEFAULT
 10
971.1627189435626
 20
69.81044471449957
 30
-5.99999999999999
  0
VERTEX
  5
BB
  8
DEFAULT
 10
971.2374948181773
 20
69.82941883988488
 30
-5.99999999999999
  0
VERTEX
  5
BC
  8
DEFAULT
 10
971.3104364194537
 20
69.85022723860851
 30
-5.99999999999999
  0
VERTEX
  5
BD
  8
DEFAULT
 10
971.3814901032115
 20
69.87292355485076
 30
-5.99999999999999
  0
VERTEX
  5
BE
  8
DEFAULT
 10
971.4506065168048
 20
69.89755714125748
 30
-5.99999999999999
  0
VERTEX
  5
BF
  8
DEFAULT
 10
971.4844239980544
 20
69.91061466000792
 30
-5.99999999999999
  0
VERTEX
  5
C0
  8
DEFAULT
 10
971.5177405991221
 20
69.92417305894014
 30
-5.99999999999999
  0
VERTEX
  5
C1
  8
DEFAULT
 10
971.5505513579214
 20
69.93823730014086
 30
-5.99999999999999
  0
VERTEX
  5
C2
  8
DEFAULT
 10
971.5828515805866
 20
69.9528120774758
 30
-5.99999999999999
  0
VERTEX
  5
C3
  8
DEFAULT
 10
971.6146368414727
 20
69.96790181658986
 30
-5.99999999999999
  0
VERTEX
  5
C4
  8
DEFAULT
 10
971.6459029831556
 20
69.98351067490701
 30
-5.99999999999999
  0
VERTEX
  5
C5
  8
DEFAULT
 10
971.6766461164323
 20
69.99964254163032
 30
-5.99999999999999
  0
VERTEX
  5
C6
  8
DEFAULT
 10
971.7068626203206
 20
70.01630103774197
 30
-5.99999999999999
  0
VERTEX
  5
C7
  8
DEFAULT
 10
971.7365491420594
 20
70.03348951600321
 30
-5.99999999999999
  0
VERTEX
  5
C8
  8
DEFAULT
 10
971.7657025971082
 20
70.05121106095443
 30
-5.99999999999999
  0
VERTEX
  5
C9
  8
DEFAULT
 10
971.7943201691476
 20
70.06946848891508
 30
-5.99999999999999
  0
VERTEX
  5
CA
  8
DEFAULT
 10
971.8223993100789
 20
70.08826434798374
 30
-5.99999999999999
  0
VERTEX
  5
CB
  8
DEFAULT
 10
971.8499377400246
 20
70.10760091803803
 30
-5.99999999999999
  0
VERTEX
  5
CC
  8
DEFAULT
 10
971.8769334473279
 20
70.12748021073476
 30
-5.99999999999999
  0
VERTEX
  5
CD
  8
DEFAULT
 10
971.9033846885529
 20
70.14790396950978
 30
-5.99999999999999
  0
VERTEX
  5
CE
  8
DEFAULT
 10
971.9292899884847
 20
70.16887366957803
 30
-5.99999999999999
  0
VERTEX
  5
CF
  8
DEFAULT
 10
971.9546481401292
 20
70.19039051793357
 30
-5.99999999999999
  0
VERTEX
  5
D0
  8
DEFAULT
 10
971.9794582047132
 20
70.21245545334958
 30
-5.99999999999999
  0
VERTEX
  5
D1
  8
DEFAULT
 10
972.0037195116845
 20
70.23506914637828
 30
-5.99999999999999
  0
VERTEX
  5
D2
  8
DEFAULT
 10
972.0274316587117
 20
70.25823199935105
 30
-5.99999999999999
  0
VERTEX
  5
D3
  8
DEFAULT
 10
972.0505945116845
 20
70.28194414637832
 30
-5.99999999999999
  0
VERTEX
  5
D4
  8
DEFAULT
 10
972.0732082047132
 20
70.30620545334966
 30
-5.99999999999999
  0
VERTEX
  5
D5
  8
DEFAULT
 10
972.0952731401292
 20
70.33101551793368
 30
-5.99999999999999
  0
VERTEX
  5
D6
  8
DEFAULT
 10
972.1167899884847
 20
70.35637366957818
 30
-5.99999999999999
  0
VERTEX
  5
D7
  8
DEFAULT
 10
972.1377596885529
 20
70.38227896950995
 30
-5.99999999999999
  0
VERTEX
  5
D8
  8
DEFAULT
 10
972.1581834473279
 20
70.40873021073496
 30
-5.99999999999999
  0
VERTEX
  5
D9
  8
DEFAULT
 10
972.1780627400246
 20
70.43572591803826
 30
-5.99999999999999
  0
VERTEX
  5
DA
  8
DEFAULT
 10
972.1973993100789
 20
70.463264347984
 30
-5.99999999999999
  0
VERTEX
  5
DB
  8
DEFAULT
 10
972.2161951691476
 20
70.49134348891536
 30
-5.99999999999999
  0
VERTEX
  5
DC
  8
DEFAULT
 10
972.2344525971082
 20
70.51996106095474
 30
-5.99999999999999
  0
VERTEX
  5
DD
  8
DEFAULT
 10
972.2521741420594
 20
70.54911451600356
 30
-5.99999999999999
  0
VERTEX
  5
DE
  8
DEFAULT
 10
972.2693626203206
 20
70.57880103774234
 30
-5.99999999999999
  0
VERTEX
  5
DF
  8
DEFAULT
 10
972.2860211164323
 20
70.60901754163072
 30
-5.99999999999999
  0
VERTEX
  5
E0
  8
DEFAULT
 10
972.3021529831556
 20
70.63976067490744
 30
-5.99999999999999
  0
VERTEX
  5
E1
  8
DEFAULT
 10
972.3177618414727
 20
70.67102681659031
 30
-5.99999999999999
  0
VERTEX
  5
E2
  8
DEFAULT
 10
972.3328515805867
 20
70.70281207747627
 30
-5.99999999999999
  0
VERTEX
  5
E3
  8
DEFAULT
 10
972.3474263579217
 20
70.73511230014134
 30
-5.99999999999999
  0
VERTEX
  5
E4
  8
DEFAULT
 10
972.3614905991224
 20
70.76792305894068
 30
-5.99999999999999
  0
VERTEX
  5
E5
  8
DEFAULT
 10
972.3750489980546
 20
70.80123966000846
 30
-5.99999999999999
  0
VERTEX
  5
E6
  8
DEFAULT
 10
972.388106516805
 20
70.83505714125803
 30
-5.99999999999999
  0
VERTEX
  5
E7
  8
DEFAULT
 10
972.4127401032117
 20
70.90417355485135
 30
-5.99999999999999
  0
VERTEX
  5
E8
  8
DEFAULT
 10
972.4354364194539
 20
70.97522723860914
 30
-5.99999999999999
  0
VERTEX
  5
E9
  8
DEFAULT
 10
972.4562448181775
 20
71.04816883988553
 30
-5.99999999999999
  0
VERTEX
  5
EA
  8
DEFAULT
 10
972.4752189435628
 20
71.12294471450025
 30
-5.99999999999999
  0
VERTEX
  5
EB
  8
DEFAULT
 10
972.4924167313245
 20
71.19949692673856
 30
-5.99999999999999
  0
VERTEX
  5
EC
  8
DEFAULT
 10
972.5079004087117
 20
71.27776324935132
 30
-5.99999999999999
  0
VERTEX
  5
ED
  8
DEFAULT
 10
972.5217364945081
 20
71.35767716355497
 30
-5.99999999999999
  0
VERTEX
  5
EE
  8
DEFAULT
 10
972.5339957990317
 20
71.4391678590315
 30
-5.99999999999999
  0
VERTEX
  5
EF
  8
DEFAULT
 10
972.5447534241346
 20
71.5221602339285
 30
-5.99999999999999
  0
VERTEX
  5
F0
  8
DEFAULT
 10
972.554088763204
 20
71.60657489485911
 30
-5.99999999999999
  0
VERTEX
  5
F1
  8
DEFAULT
 10
972.5688316144615
 20
71.77933204360173
 30
-5.99999999999999
  0
VERTEX
  5
F2
  8
DEFAULT
 10
972.578945330587
 20
71.95671832747618
 30
-5.99999999999999
  0
VERTEX
  5
F3
  8
DEFAULT
 10
972.5885125913292
 20
72.3221510667338
 30
-5.99999999999999
  0
VERTEX
  5
F4
  8
DEFAULT
 10
972.589931658712
 20
72.69573199935074
 30
-5.99999999999999
  0
VERTEX
  5
F5
  8
DEFAULT
 10
972.589931658712
 20
95.80426801907895
 30
-5.99999999999999
  0
VERTEX
  5
F6
  8
DEFAULT
 10
933.0167273451519
 20
95.80426801907932
 30
-5.99999999999999
  0
VERTEX
  5
F7
  8
DEFAULT
 10
933.0167273451508
 20
72.69573199935074
 30
-5.99999999999999
  0
VERTEX
  5
F8
  8
DEFAULT
 10
933.0181464125337
 20
72.3221510667338
 30
-5.99999999999999
  0
VERTEX
  5
F9
  8
DEFAULT
 10
933.0277136732759
 20
71.95671832747618
 30
-5.99999999999999
  0
VERTEX
  5
FA
  8
DEFAULT
 10
933.0378273894014
 20
71.77933204360173
 30
-5.99999999999999
  0
VERTEX
  5
FB
  8
DEFAULT
 10
933.0525702406587
 20
71.60657489485911
 30
-5.99999999999999
  0
VERTEX
  5
FC
  8
DEFAULT
 10
933.0619055797281
 20
71.5221602339285
 30
-5.99999999999999
  0
VERTEX
  5
FD
  8
DEFAULT
 10
933.0726632048311
 20
71.4391678590315
 30
-5.99999999999999
  0
VERTEX
  5
FE
  8
DEFAULT
 10
933.0849225093546
 20
71.35767716355497
 30
-5.99999999999999
  0
VERTEX
  5
FF
  8
DEFAULT
 10
933.0987585951509
 20
71.27776324935132
 30
-5.99999999999999
  0
VERTEX
  5
100
  8
DEFAULT
 10
933.1142422725381
 20
71.19949692673856
 30
-5.99999999999999
  0
VERTEX
  5
101
  8
DEFAULT
 10
933.1314400602998
 20
71.12294471450025
 30
-5.99999999999999
  0
VERTEX
  5
102
  8
DEFAULT
 10
933.1504141856851
 20
71.04816883988553
 30
-5.99999999999999
  0
VERTEX
  5
103
  8
DEFAULT
 10
933.1712225844087
 20
70.97522723860914
 30
-5.99999999999999
  0
VERTEX
  5
104
  8
DEFAULT
 10
933.1939189006509
 20
70.90417355485135
 30
-5.99999999999999
  0
VERTEX
  5
105
  8
DEFAULT
 10
933.2185524870577
 20
70.83505714125803
 30
-5.99999999999999
  0
VERTEX
  5
106
  8
DEFAULT
 10
933.2316100058081
 20
70.80123966000846
 30
-5.99999999999999
  0
VERTEX
  5
107
  8
DEFAULT
 10
933.2451684047403
 20
70.76792305894068
 30
-5.99999999999999
  0
VERTEX
  5
108
  8
DEFAULT
 10
933.259232645941
 20
70.73511230014134
 30
-5.99999999999999
  0
VERTEX
  5
109
  8
DEFAULT
 10
933.2738074232759
 20
70.70281207747627
 30
-5.99999999999999
  0
VERTEX
  5
10A
  8
DEFAULT
 10
933.28889716239
 20
70.67102681659031
 30
-5.99999999999999
  0
VERTEX
  5
10B
  8
DEFAULT
 10
933.3045060207071
 20
70.63976067490744
 30
-5.99999999999999
  0
VERTEX
  5
10C
  8
DEFAULT
 10
933.3206378874304
 20
70.60901754163072
 30
-5.99999999999999
  0
VERTEX
  5
10D
  8
DEFAULT
 10
933.337296383542
 20
70.57880103774234
 30
-5.99999999999999
  0
VERTEX
  5
10E
  8
DEFAULT
 10
933.3544848618033
 20
70.54911451600356
 30
-5.99999999999999
  0
VERTEX
  5
10F
  8
DEFAULT
 10
933.3722064067545
 20
70.51996106095474
 30
-5.99999999999999
  0
VERTEX
  5
110
  8
DEFAULT
 10
933.3904638347151
 20
70.49134348891536
 30
-5.99999999999999
  0
VERTEX
  5
111
  8
DEFAULT
 10
933.4092596937837
 20
70.463264347984
 30
-5.99999999999999
  0
VERTEX
  5
112
  8
DEFAULT
 10
933.428596263838
 20
70.43572591803826
 30
-5.99999999999999
  0
VERTEX
  5
113
  8
DEFAULT
 10
933.4484755565347
 20
70.40873021073496
 30
-5.99999999999999
  0
VERTEX
  5
114
  8
DEFAULT
 10
933.4688993153097
 20
70.38227896950995
 30
-5.99999999999999
  0
VERTEX
  5
115
  8
DEFAULT
 10
933.489869015378
 20
70.35637366957818
 30
-5.99999999999999
  0
VERTEX
  5
116
  8
DEFAULT
 10
933.5113858637335
 20
70.33101551793368
 30
-5.99999999999999
  0
VERTEX
  5
117
  8
DEFAULT
 10
933.5334507991495
 20
70.30620545334966
 30
-5.99999999999999
  0
VERTEX
  5
118
  8
DEFAULT
 10
933.5560644921782
 20
70.28194414637832
 30
-5.99999999999999
  0
VERTEX
  5
119
  8
DEFAULT
 10
933.5792273451509
 20
70.25823199935105
 30
-5.99999999999999
  0
VERTEX
  5
11A
  8
DEFAULT
 10
933.6029394921782
 20
70.23506914637828
 30
-5.99999999999999
  0
VERTEX
  5
11B
  8
DEFAULT
 10
933.6272007991495
 20
70.21245545334958
 30
-5.99999999999999
  0
VERTEX
  5
11C
  8
DEFAULT
 10
933.6520108637335
 20
70.19039051793357
 30
-5.99999999999999
  0
VERTEX
  5
11D
  8
DEFAULT
 10
933.677369015378
 20
70.16887366957803
 30
-5.99999999999999
  0
VERTEX
  5
11E
  8
DEFAULT
 10
933.7032743153097
 20
70.14790396950978
 30
-5.99999999999999
  0
VERTEX
  5
11F
  8
DEFAULT
 10
933.7297255565347
 20
70.12748021073476
 30
-5.99999999999999
  0
VERTEX
  5
120
  8
DEFAULT
 10
933.756721263838
 20
70.10760091803803
 30
-5.99999999999999
  0
VERTEX
  5
121
  8
DEFAULT
 10
933.7842596937837
 20
70.08826434798374
 30
-5.99999999999999
  0
VERTEX
  5
122
  8
DEFAULT
 10
933.8123388347151
 20
70.06946848891508
 30
-5.99999999999999
  0
VERTEX
  5
123
  8
DEFAULT
 10
933.8409564067545
 20
70.05121106095443
 30
-5.99999999999999
  0
VERTEX
  5
124
  8
DEFAULT
 10
933.8701098618033
 20
70.03348951600321
 30
-5.99999999999999
  0
VERTEX
  5
125
  8
DEFAULT
 10
933.899796383542
 20
70.01630103774197
 30
-5.99999999999999
  0
VERTEX
  5
126
  8
DEFAULT
 10
933.9300128874304
 20
69.99964254163032
 30
-5.99999999999999
  0
VERTEX
  5
127
  8
DEFAULT
 10
933.9607560207071
 20
69.98351067490701
 30
-5.99999999999999
  0
VERTEX
  5
128
  8
DEFAULT
 10
933.99202216239
 20
69.96790181658986
 30
-5.99999999999999
  0
VERTEX
  5
129
  8
DEFAULT
 10
934.023807423276
 20
69.9528120774758
 30
-5.99999999999999
  0
VERTEX
  5
12A
  8
DEFAULT
 10
934.0561076459412
 20
69.93823730014086
 30
-5.99999999999999
  0
VERTEX
  5
12B
  8
DEFAULT
 10
934.0889184047405
 20
69.92417305894014
 30
-5.99999999999999
  0
VERTEX
  5
12C
  8
DEFAULT
 10
934.1222350058083
 20
69.91061466000792
 30
-5.99999999999999
  0
VERTEX
  5
12D
  8
DEFAULT
 10
934.1560524870579
 20
69.89755714125748
 30
-5.99999999999999
  0
VERTEX
  5
12E
  8
DEFAULT
 10
934.2251689006512
 20
69.87292355485076
 30
-5.99999999999999
  0
VERTEX
  5
12F
  8
DEFAULT
 10
934.296222584409
 20
69.85022723860851
 30
-5.99999999999999
  0
VERTEX
  5
130
  8
DEFAULT
 10
934.3691641856853
 20
69.82941883988488
 30
-5.99999999999999
  0
VERTEX
  5
131
  8
DEFAULT
 10
934.4439400603001
 20
69.81044471449957
 30
-5.99999999999999
  0
VERTEX
  5
132
  8
DEFAULT
 10
934.5204922725384
 20
69.79324692673785
 30
-5.99999999999999
  0
VERTEX
  5
133
  8
DEFAULT
 10
934.5987585951511
 20
69.7777632493506
 30
-5.99999999999999
  0
VERTEX
  5
134
  8
DEFAULT
 10
934.6786725093548
 20
69.76392716355421
 30
-5.99999999999999
  0
VERTEX
  5
135
  8
DEFAULT
 10
934.7601632048313
 20
69.75166785903073
 30
-5.99999999999999
  0
VERTEX
  5
136
  8
DEFAULT
 10
934.8431555797283
 20
69.7409102339277
 30
-5.99999999999999
  0
VERTEX
  5
137
  8
DEFAULT
 10
934.927570240659
 20
69.73157489485833
 30
-5.99999999999999
  0
VERTEX
  5
138
  8
DEFAULT
 10
935.1003273894016
 20
69.71683204360099
 30
-5.99999999999999
  0
VERTEX
  5
139
  8
DEFAULT
 10
935.2777136732761
 20
69.70671832747546
 30
-5.99999999999999
  0
VERTEX
  5
13A
  8
DEFAULT
 10
935.643146412534
 20
69.69715106673323
 30
-5.99999999999999
  0
VERTEX
  5
13B
  8
DEFAULT
 10
936.0167273451513
 20
69.6957319993504
 30
-5.99999999999999
  0
VERTEX
  5
13C
  8
DEFAULT
 10
939.6814992171112
 20
69.69573199935174
 30
-5.99999999999999
  0
VERTEX
  5
13D
  8
DEFAULT
 10
940.0550801497284
 20
69.69715106673453
 30
-5.99999999999999
  0
VERTEX
  5
13E
  8
DEFAULT
 10
940.4205128889862
 20
69.70671832747666
 30
-5.99999999999999
  0
VERTEX
  5
13F
  8
DEFAULT
 10
940.5978991728607
 20
69.71683204360212
 30
-5.99999999999999
  0
VERTEX
  5
140
  8
DEFAULT
 10
940.7706563216033
 20
69.7315748948594
 30
-5.99999999999999
  0
VERTEX
  5
141
  8
DEFAULT
 10
940.855070982534
 20
69.74091023392876
 30
-5.99999999999999
  0
VERTEX
  5
142
  8
DEFAULT
 10
940.9380633574309
 20
69.75166785903174
 30
-5.99999999999999
  0
VERTEX
  5
143
  8
DEFAULT
 10
941.0195540529073
 20
69.7639271635552
 30
-5.99999999999999
  0
VERTEX
  5
144
  8
DEFAULT
 10
941.099467967111
 20
69.77776324935154
 30
-5.99999999999999
  0
VERTEX
  5
145
  8
DEFAULT
 10
941.1777342897237
 20
69.79324692673876
 30
-5.99999999999999
  0
VERTEX
  5
146
  8
DEFAULT
 10
941.254286501962
 20
69.81044471450042
 30
-5.99999999999999
  0
VERTEX
  5
147
  8
DEFAULT
 10
941.3290623765768
 20
69.8294188398857
 30
-5.99999999999999
  0
VERTEX
  5
148
  8
DEFAULT
 10
941.4020039778532
 20
69.85022723860929
 30
-5.99999999999999
  0
VERTEX
  5
149
  8
DEFAULT
 10
941.4730576616109
 20
69.8729235548515
 30
-5.99999999999999
  0
VERTEX
  5
14A
  8
DEFAULT
 10
941.5421740752042
 20
69.8975571412582
 30
-5.99999999999999
  0
VERTEX
  5
14B
  8
DEFAULT
 10
941.5759915564538
 20
69.91061466000863
 30
-5.99999999999999
  0
VERTEX
  5
14C
  8
DEFAULT
 10
941.6093081575216
 20
69.92417305894084
 30
-5.99999999999999
  0
VERTEX
  5
14D
  8
DEFAULT
 10
941.6421189163209
 20
69.93823730014151
 30
-5.99999999999999
  0
VERTEX
  5
14E
  8
DEFAULT
 10
941.674419138986
 20
69.95281207747644
 30
-5.99999999999999
  0
VERTEX
  5
14F
  8
DEFAULT
 10
941.7062043998719
 20
69.96790181659048
 30
-5.99999999999999
  0
VERTEX
  5
150
  8
DEFAULT
 10
941.7374705415548
 20
69.98351067490762
 30
-5.99999999999999
  0
VERTEX
  5
151
  8
DEFAULT
 10
941.7682136748315
 20
69.9996425416309
 30
-5.99999999999999
  0
VERTEX
  5
152
  8
DEFAULT
 10
941.7984301787199
 20
70.01630103774252
 30
-5.99999999999999
  0
VERTEX
  5
153
  8
DEFAULT
 10
941.8281167004586
 20
70.03348951600375
 30
-5.99999999999999
  0
VERTEX
  5
154
  8
DEFAULT
 10
941.8572701555074
 20
70.05121106095496
 30
-5.99999999999999
  0
VERTEX
  5
155
  8
DEFAULT
 10
941.8858877275468
 20
70.06946848891559
 30
-5.99999999999999
  0
VERTEX
  5
156
  8
DEFAULT
 10
941.9139668684782
 20
70.08826434798422
 30
-5.99999999999999
  0
VERTEX
  5
157
  8
DEFAULT
 10
941.9415052984239
 20
70.10760091803851
 30
-5.99999999999999
  0
VERTEX
  5
158
  8
DEFAULT
 10
941.9685010057271
 20
70.12748021073521
 30
-5.99999999999999
  0
VERTEX
  5
159
  8
DEFAULT
 10
941.9949522469522
 20
70.14790396951021
 30
-5.99999999999999
  0
VERTEX
  5
15A
  8
DEFAULT
 10
942.0208575468839
 20
70.16887366957845
 30
-5.99999999999999
  0
VERTEX
  5
15B
  8
DEFAULT
 10
942.0462156985284
 20
70.19039051793399
 30
-5.99999999999999
  0
VERTEX
  5
15C
  8
DEFAULT
 10
942.0710257631124
 20
70.21245545334997
 30
-5.99999999999999
  0
VERTEX
  5
15D
  8
DEFAULT
 10
942.0952870700837
 20
70.23506914637865
 30
-5.99999999999999
  0
VERTEX
  5
15E
  8
DEFAULT
 10
942.118999217111
 20
70.2582319993514
 30
-5.99999999999999
  0
VERTEX
  5
15F
  8
DEFAULT
 10
942.1421620700837
 20
70.28194414637865
 30
-5.99999999999999
  0
VERTEX
  5
160
  8
DEFAULT
 10
942.1647757631124
 20
70.30620545334996
 30
-5.99999999999999
  0
VERTEX
  5
161
  8
DEFAULT
 10
942.1868406985284
 20
70.33101551793396
 30
-5.99999999999999
  0
VERTEX
  5
162
  8
DEFAULT
 10
942.2083575468839
 20
70.35637366957843
 30
-5.99999999999999
  0
VERTEX
  5
163
  8
DEFAULT
 10
942.2293272469522
 20
70.38227896951021
 30
-5.99999999999999
  0
VERTEX
  5
164
  8
DEFAULT
 10
942.2497510057271
 20
70.4087302107352
 30
-5.99999999999999
  0
VERTEX
  5
165
  8
DEFAULT
 10
942.2696302984239
 20
70.43572591803849
 30
-5.99999999999999
  0
VERTEX
  5
166
  8
DEFAULT
 10
942.2889668684782
 20
70.4632643479842
 30
-5.99999999999999
  0
VERTEX
  5
167
  8
DEFAULT
 10
942.3077627275468
 20
70.49134348891556
 30
-5.99999999999999
  0
VERTEX
  5
168
  8
DEFAULT
 10
942.3260201555074
 20
70.51996106095493
 30
-5.99999999999999
  0
VERTEX
  5
169
  8
DEFAULT
 10
942.3437417004586
 20
70.5491145160037
 30
-5.99999999999999
  0
VERTEX
  5
16A
  8
DEFAULT
 10
942.3609301787199
 20
70.57880103774247
 30
-5.99999999999999
  0
VERTEX
  5
16B
  8
DEFAULT
 10
942.3775886748315
 20
70.60901754163083
 30
-5.99999999999999
  0
VERTEX
  5
16C
  8
DEFAULT
 10
942.3937205415548
 20
70.63976067490754
 30
-5.99999999999999
  0
VERTEX
  5
16D
  8
DEFAULT
 10
942.4093293998719
 20
70.6710268165904
 30
-5.99999999999999
  0
VERTEX
  5
16E
  8
DEFAULT
 10
942.424419138986
 20
70.70281207747635
 30
-5.99999999999999
  0
VERTEX
  5
16F
  8
DEFAULT
 10
942.4389939163209
 20
70.73511230014142
 30
-5.99999999999999
  0
VERTEX
  5
170
  8
DEFAULT
 10
942.4530581575216
 20
70.76792305894074
 30
-5.99999999999999
  0
VERTEX
  5
171
  8
DEFAULT
 10
942.4666165564538
 20
70.8012396600085
 30
-5.99999999999999
  0
VERTEX
  5
172
  8
DEFAULT
 10
942.4796740752042
 20
70.83505714125808
 30
-5.99999999999999
  0
VERTEX
  5
173
  8
DEFAULT
 10
942.5043076616109
 20
70.90417355485134
 30
-5.99999999999999
  0
VERTEX
  5
174
  8
DEFAULT
 10
942.5270039778532
 20
70.97522723860911
 30
-5.99999999999999
  0
VERTEX
  5
175
  8
DEFAULT
 10
942.5478123765768
 20
71.04816883988548
 30
-5.99999999999999
  0
VERTEX
  5
176
  8
DEFAULT
 10
942.566786501962
 20
71.12294471450019
 30
-5.99999999999999
  0
VERTEX
  5
177
  8
DEFAULT
 10
942.5839842897237
 20
71.19949692673849
 30
-5.99999999999999
  0
VERTEX
  5
178
  8
DEFAULT
 10
942.599467967111
 20
71.27776324935124
 30
-5.99999999999999
  0
VERTEX
  5
179
  8
DEFAULT
 10
942.6133040529073
 20
71.35767716355485
 30
-5.99999999999999
  0
VERTEX
  5
17A
  8
DEFAULT
 10
942.6255633574308
 20
71.43916785903139
 30
-5.99999999999999
  0
VERTEX
  5
17B
  8
DEFAULT
 10
942.6363209825338
 20
71.52216023392839
 30
-5.99999999999999
  0
VERTEX
  5
17C
  8
DEFAULT
 10
942.6456563216032
 20
71.606574894859
 30
-5.99999999999999
  0
VERTEX
  5
17D
  8
DEFAULT
 10
942.6603991728605
 20
71.77933204360161
 30
-5.99999999999999
  0
VERTEX
  5
17E
  8
DEFAULT
 10
942.670512888986
 20
71.9567183274761
 30
-5.99999999999999
  0
VERTEX
  5
17F
  8
DEFAULT
 10
942.6800801497282
 20
72.32215106673387
 30
-5.99999999999999
  0
VERTEX
  5
180
  8
DEFAULT
 10
942.6814992171109
 20
72.69573199935105
 30
-5.99999999999999
  0
SEQEND
  5
181
  8
DEFAULT
  0
POLYLINE
  5
182
  8
DEFAULT
 66
     1
 10
0.0
 20
0.0
 30
-5.999999999999992
 70
     1
  0
VERTEX
  5
183
  8
DEFAULT
 10
937.2315989235739
 20
76.23663279538432
 30
-5.999999999999992
  0
VERTEX
  5
184
  8
DEFAULT
 10
938.1313995106489
 20
76.23663279538435
 30
-5.999999999999992
 42
-6.514643792503301
  0
SEQEND
  5
185
  8
DEFAULT
  0
POLYLINE
  5
186
  8
DEFAULT
 66
     1
 10
0.0
 20
0.0
 30
-5.999999999999982
 70
     1
  0
VERTEX
  5
187
  8
DEFAULT
 10
968.3750600802899
 20
76.23663279538403
 30
-5.999999999999982
 42
-6.514643792500099
  0
VERTEX
  5
188
  8
DEFAULT
 10
967.4752594932138
 20
76.23663279538403
 30
-5.999999999999982
  0
SEQEND
  5
189
  8
DEFAULT
  0
CIRCLE
  5
18A
  8
DEFAULT
 10
-936.681499217112
 20
89.80569264084511
 30
5.999999999999992
 40
1.500000000000071
210
0.0
220
0.0
230
-1.0
  0
CIRCLE
  5
18B
  8
DEFAULT
 10
-968.9251597867519
 20
89.80569264084467
 30
5.999999999999982
 40
1.500000000000043
210
0.0
220
0.0
230
-1.0
  0
TEXT
  5
18C
  8
DEFAULT
 10
913.65
 20
121.915
 30
0.0
 40
5.0
  1
\U+0421\U+043B\U+0435\U+0434 \U+0434\U+0435\U+0440\U+0436\U+0430\U+0442\U+0435\U+043B\U+044F \U+0448\U+0430\U+0440\U+0438\U+043A\U+0430
  7
DEFAULT
1001
ACADANNOTATIVE
1000
AnnotativeData
1002
{
1070
     1
1070
     0
1002
}
  0
TEXT
  5
18D
  8
DEFAULT
 10
1229.65
 20
121.915
 30
0.0
 40
5.0
  1
\U+0421\U+043B\U+0435\U+0434 \U+043F\U+043B\U+0430\U+0442\U+0444\U+043E\U+0440\U+043C\U+044B \U+0441 \U+043E\U+0442\U+0432\U+0435\U+0440\U+0441\U+0442\U+0438\U+044F\U+043C\U+0438 \U+043F\U+043E\U+0434 \U+043F\U+0440\U+043E\U+0432\U+043E\U+0434\U+0430, \U+043A\U+043E\U+043B\U+0435\U+0441\U+0430\U+043C\U+0438 \U+0438 \U+0448\U+0430\U+0440\U+0438\U+043A\U+0430\U+043C\U+0438
  7
DEFAULT
1001
ACADANNOTATIVE
1000
AnnotativeData
1002
{
1070
     1
1070
     0
1002
}
  0
TEXT
  5
18E
  8
DEFAULT
 10
811.65
 20
121.915
 30
0.0
 40
5.0
  1
\U+0421\U+043B\U+0435\U+0434 \U+0434\U+0435\U+0440\U+0436\U+0430\U+0442\U+0435\U+043B\U+044F \U+043C\U+043E\U+0442\U+043E\U+0440\U+0430
  7
DEFAULT
1001
ACADANNOTATIVE
1000
AnnotativeData
1002
{
1070
     1
1070
     0
1002
}
  0
POLYLINE
  5
18F
  8
DEFAULT
 66
     1
 10
0.0
 20
0.0
 30
-21.00000000000001
 70
     1
  0
VERTEX
  5
190
  8
DEFAULT
 10
868.6946727608134
 20
56.0724487304692
 30
-21.00000000000001
  0
VERTEX
  5
191
  8
DEFAULT
 10
868.6946727608126
 20
92.07244873046903
 30
-21.00000000000001
  0
VERTEX
  5
192
  8
DEFAULT
 10
868.6932536934298
 20
92.44602966308618
 30
-21.00000000000001
  0
VERTEX
  5
193
  8
DEFAULT
 10
868.6836864326876
 20
92.81146240234398
 30
-21.00000000000001
  0
VERTEX
  5
194
  8
DEFAULT
 10
868.6735727165621
 20
92.98884868621849
 30
-21.00000000000001
  0
VERTEX
  5
195
  8
DEFAULT
 10
868.6588298653048
 20
93.16160583496116
 30
-21.00000000000001
  0
VERTEX
  5
196
  8
DEFAULT
 10
868.6494945262355
 20
93.2460204958918
 30
-21.00000000000001
  0
VERTEX
  5
197
  8
DEFAULT
 10
868.6387369011325
 20
93.3290128707888
 30
-21.00000000000001
  0
VERTEX
  5
198
  8
DEFAULT
 10
868.626477596609
 20
93.41050356626532
 30
-21.00000000000001
  0
VERTEX
  5
199
  8
DEFAULT
 10
868.6126415108126
 20
93.49041748046896
 30
-21.00000000000001
  0
VERTEX
  5
19A
  8
DEFAULT
 10
868.5971578334254
 20
93.56868380308174
 30
-21.00000000000001
  0
VERTEX
  5
19B
  8
DEFAULT
 10
868.5799600456637
 20
93.64523601532005
 30
-21.00000000000001
  0
VERTEX
  5
19C
  8
DEFAULT
 10
868.5609859202784
 20
93.72001188993474
 30
-21.00000000000001
  0
VERTEX
  5
19D
  8
DEFAULT
 10
868.5401775215548
 20
93.79295349121115
 30
-21.00000000000001
  0
VERTEX
  5
19E
  8
DEFAULT
 10
868.5174812053126
 20
93.86400717496893
 30
-21.00000000000001
  0
VERTEX
  5
19F
  8
DEFAULT
 10
868.4928476189059
 20
93.93312358856222
 30
-21.00000000000001
  0
VERTEX
  5
1A0
  8
DEFAULT
 10
868.4797901001555
 20
93.9669410698118
 30
-21.00000000000001
  0
VERTEX
  5
1A1
  8
DEFAULT
 10
868.4662317012233
 20
94.00025767087956
 30
-21.00000000000001
  0
VERTEX
  5
1A2
  8
DEFAULT
 10
868.4521674600226
 20
94.03306842967888
 30
-21.00000000000001
  0
VERTEX
  5
1A3
  8
DEFAULT
 10
868.4375926826876
 20
94.06536865234396
 30
-21.00000000000001
  0
VERTEX
  5
1A4
  8
DEFAULT
 10
868.4225029435736
 20
94.09715391322992
 30
-21.00000000000001
  0
VERTEX
  5
1A5
  8
DEFAULT
 10
868.4068940852565
 20
94.12842005491278
 30
-21.00000000000001
  0
VERTEX
  5
1A6
  8
DEFAULT
 10
868.3907622185332
 20
94.15916318818947
 30
-21.00000000000001
  0
VERTEX
  5
1A7
  8
DEFAULT
 10
868.3741037224215
 20
94.18937969207784
 30
-21.00000000000001
  0
VERTEX
  5
1A8
  8
DEFAULT
 10
868.3569152441603
 20
94.21906621381662
 30
-21.00000000000001
  0
VERTEX
  5
1A9
  8
DEFAULT
 10
868.3391936992091
 20
94.24821966886543
 30
-21.00000000000001
  0
VERTEX
  5
1AA
  8
DEFAULT
 10
868.3209362712485
 20
94.2768372409048
 30
-21.00000000000001
  0
VERTEX
  5
1AB
  8
DEFAULT
 10
868.3021404121798
 20
94.30491638183615
 30
-21.00000000000001
  0
VERTEX
  5
1AC
  8
DEFAULT
 10
868.2828038421255
 20
94.33245481178184
 30
-21.00000000000001
  0
VERTEX
  5
1AD
  8
DEFAULT
 10
868.2629245494288
 20
94.35945051908516
 30
-21.00000000000001
  0
VERTEX
  5
1AE
  8
DEFAULT
 10
868.2425007906538
 20
94.38590176031015
 30
-21.00000000000001
  0
VERTEX
  5
1AF
  8
DEFAULT
 10
868.2215310905856
 20
94.41180706024193
 30
-21.00000000000001
  0
VERTEX
  5
1B0
  8
DEFAULT
 10
868.20001424223
 20
94.4371652118864
 30
-21.00000000000001
  0
VERTEX
  5
1B1
  8
DEFAULT
 10
868.1779493068141
 20
94.46197527647041
 30
-21.00000000000001
  0
VERTEX
  5
1B2
  8
DEFAULT
 10
868.1553356137854
 20
94.48623658344172
 30
-21.00000000000001
  0
VERTEX
  5
1B3
  8
DEFAULT
 10
868.1321727608126
 20
94.50994873046898
 30
-21.00000000000001
  0
VERTEX
  5
1B4
  8
DEFAULT
 10
868.1084606137854
 20
94.53311158344172
 30
-21.00000000000001
  0
VERTEX
  5
1B5
  8
DEFAULT
 10
868.0841993068141
 20
94.55572527647041
 30
-21.00000000000001
  0
VERTEX
  5
1B6
  8
DEFAULT
 10
868.05938924223
 20
94.5777902118864
 30
-21.00000000000001
  0
VERTEX
  5
1B7
  8
DEFAULT
 10
868.0340310905856
 20
94.59930706024193
 30
-21.00000000000001
  0
VERTEX
  5
1B8
  8
DEFAULT
 10
868.0081257906538
 20
94.62027676031016
 30
-21.00000000000001
  0
VERTEX
  5
1B9
  8
DEFAULT
 10
867.9816745494288
 20
94.64070051908516
 30
-21.00000000000001
  0
VERTEX
  5
1BA
  8
DEFAULT
 10
867.9546788421255
 20
94.6605798117819
 30
-21.00000000000001
  0
VERTEX
  5
1BB
  8
DEFAULT
 10
867.9271404121798
 20
94.67991638183618
 30
-21.00000000000001
  0
VERTEX
  5
1BC
  8
DEFAULT
 10
867.8990612712485
 20
94.69871224090483
 30
-21.00000000000001
  0
VERTEX
  5
1BD
  8
DEFAULT
 10
867.8704436992091
 20
94.71696966886546
 30
-21.00000000000001
  0
VERTEX
  5
1BE
  8
DEFAULT
 10
867.8412902441603
 20
94.73469121381666
 30
-21.00000000000001
  0
VERTEX
  5
1BF
  8
DEFAULT
 10
867.8116037224215
 20
94.75187969207789
 30
-21.00000000000001
  0
VERTEX
  5
1C0
  8
DEFAULT
 10
867.7813872185332
 20
94.76853818818952
 30
-21.00000000000001
  0
VERTEX
  5
1C1
  8
DEFAULT
 10
867.7506440852565
 20
94.78467005491282
 30
-21.00000000000001
  0
VERTEX
  5
1C2
  8
DEFAULT
 10
867.7193779435736
 20
94.80027891322996
 30
-21.00000000000001
  0
VERTEX
  5
1C3
  8
DEFAULT
 10
867.6875926826876
 20
94.815368652344
 30
-21.00000000000001
  0
VERTEX
  5
1C4
  8
DEFAULT
 10
867.6552924600226
 20
94.82994342967893
 30
-21.00000000000001
  0
VERTEX
  5
1C5
  8
DEFAULT
 10
867.6224817012233
 20
94.8440076708796
 30
-21.00000000000001
  0
VERTEX
  5
1C6
  8
DEFAULT
 10
867.5891651001555
 20
94.85756606981182
 30
-21.00000000000001
  0
VERTEX
  5
1C7
  8
DEFAULT
 10
867.5553476189059
 20
94.87062358856225
 30
-21.00000000000001
  0
VERTEX
  5
1C8
  8
DEFAULT
 10
867.4862312053126
 20
94.89525717496898
 30
-21.00000000000001
  0
VERTEX
  5
1C9
  8
DEFAULT
 10
867.4151775215548
 20
94.9179534912112
 30
-21.00000000000001
  0
VERTEX
  5
1CA
  8
DEFAULT
 10
867.3422359202784
 20
94.9387618899348
 30
-21.00000000000001
  0
VERTEX
  5
1CB
  8
DEFAULT
 10
867.2674600456637
 20
94.95773601532008
 30
-21.00000000000001
  0
VERTEX
  5
1CC
  8
DEFAULT
 10
867.1909078334254
 20
94.97493380308177
 30
-21.00000000000001
  0
VERTEX
  5
1CD
  8
DEFAULT
 10
867.1126415108126
 20
94.990417480469
 30
-21.00000000000001
  0
VERTEX
  5
1CE
  8
DEFAULT
 10
867.032727596609
 20
95.00425356626536
 30
-21.00000000000001
  0
VERTEX
  5
1CF
  8
DEFAULT
 10
866.9512369011325
 20
95.01651287078883
 30
-21.00000000000001
  0
VERTEX
  5
1D0
  8
DEFAULT
 10
866.8682445262355
 20
95.02727049589183
 30
-21.00000000000001
  0
VERTEX
  5
1D1
  8
DEFAULT
 10
866.7838298653048
 20
95.0366058349612
 30
-21.00000000000001
  0
VERTEX
  5
1D2
  8
DEFAULT
 10
866.6110727165621
 20
95.05134868621855
 30
-21.00000000000001
  0
VERTEX
  5
1D3
  8
DEFAULT
 10
866.4336864326876
 20
95.06146240234403
 30
-21.00000000000001
  0
VERTEX
  5
1D4
  8
DEFAULT
 10
866.0682536934298
 20
95.07102966308622
 30
-21.00000000000001
  0
VERTEX
  5
1D5
  8
DEFAULT
 10
865.6946727608126
 20
95.07244873046903
 30
-21.00000000000001
  0
VERTEX
  5
1D6
  8
DEFAULT
 10
841.694673714487
 20
95.07244873046858
 30
-21.00000000000001
  0
VERTEX
  5
1D7
  8
DEFAULT
 10
841.3210927818698
 20
95.07102966308577
 30
-21.00000000000001
  0
VERTEX
  5
1D8
  8
DEFAULT
 10
840.955660042612
 20
95.06146240234358
 30
-21.00000000000001
  0
VERTEX
  5
1D9
  8
DEFAULT
 10
840.7782737587374
 20
95.05134868621809
 30
-21.00000000000001
  0
VERTEX
  5
1DA
  8
DEFAULT
 10
840.6055166099948
 20
95.03660583496074
 30
-21.00000000000001
  0
VERTEX
  5
1DB
  8
DEFAULT
 10
840.5211019490641
 20
95.02727049589137
 30
-21.00000000000001
  0
VERTEX
  5
1DC
  8
DEFAULT
 10
840.4381095741671
 20
95.01651287078838
 30
-21.00000000000001
  0
VERTEX
  5
1DD
  8
DEFAULT
 10
840.3566188786906
 20
95.00425356626491
 30
-21.00000000000001
  0
VERTEX
  5
1DE
  8
DEFAULT
 10
840.276704964487
 20
94.99041748046855
 30
-21.00000000000001
  0
VERTEX
  5
1DF
  8
DEFAULT
 10
840.1984386418742
 20
94.97493380308131
 30
-21.00000000000001
  0
VERTEX
  5
1E0
  8
DEFAULT
 10
840.1218864296359
 20
94.95773601531963
 30
-21.00000000000001
  0
VERTEX
  5
1E1
  8
DEFAULT
 10
840.0471105550212
 20
94.93876188993434
 30
-21.00000000000001
  0
VERTEX
  5
1E2
  8
DEFAULT
 10
839.9741689537448
 20
94.91795349121074
 30
-21.00000000000001
  0
VERTEX
  5
1E3
  8
DEFAULT
 10
839.903115269987
 20
94.89525717496852
 30
-21.00000000000001
  0
VERTEX
  5
1E4
  8
DEFAULT
 10
839.8339988563937
 20
94.8706235885618
 30
-21.00000000000001
  0
VERTEX
  5
1E5
  8
DEFAULT
 10
839.8001813751441
 20
94.85756606981137
 30
-21.00000000000001
  0
VERTEX
  5
1E6
  8
DEFAULT
 10
839.7668647740763
 20
94.84400767087915
 30
-21.00000000000001
  0
VERTEX
  5
1E7
  8
DEFAULT
 10
839.734054015277
 20
94.82994342967848
 30
-21.00000000000001
  0
VERTEX
  5
1E8
  8
DEFAULT
 10
839.701753792612
 20
94.81536865234355
 30
-21.00000000000001
  0
VERTEX
  5
1E9
  8
DEFAULT
 10
839.669968531726
 20
94.8002789132295
 30
-21.00000000000001
  0
VERTEX
  5
1EA
  8
DEFAULT
 10
839.6387023900431
 20
94.78467005491237
 30
-21.00000000000001
  0
VERTEX
  5
1EB
  8
DEFAULT
 10
839.6079592567664
 20
94.76853818818907
 30
-21.00000000000001
  0
VERTEX
  5
1EC
  8
DEFAULT
 10
839.5777427528781
 20
94.75187969207744
 30
-21.00000000000001
  0
VERTEX
  5
1ED
  8
DEFAULT
 10
839.5480562311393
 20
94.7346912138162
 30
-21.00000000000001
  0
VERTEX
  5
1EE
  8
DEFAULT
 10
839.5189027760905
 20
94.716969668865
 30
-21.00000000000001
  0
VERTEX
  5
1EF
  8
DEFAULT
 10
839.4902852040511
 20
94.69871224090437
 30
-21.00000000000001
  0
VERTEX
  5
1F0
  8
DEFAULT
 10
839.4622060631198
 20
94.67991638183572
 30
-21.00000000000001
  0
VERTEX
  5
1F1
  8
DEFAULT
 10
839.4346676331741
 20
94.66057981178145
 30
-21.00000000000001
  0
VERTEX
  5
1F2
  8
DEFAULT
 10
839.4076719258708
 20
94.64070051908472
 30
-21.00000000000001
  0
VERTEX
  5
1F3
  8
DEFAULT
 10
839.3812206846458
 20
94.62027676030972
 30
-21.00000000000001
  0
VERTEX
  5
1F4
  8
DEFAULT
 10
839.355315384714
 20
94.59930706024149
 30
-21.00000000000001
  0
VERTEX
  5
1F5
  8
DEFAULT
 10
839.3299572330695
 20
94.57779021188594
 30
-21.00000000000001
  0
VERTEX
  5
1F6
  8
DEFAULT
 10
839.3051471684855
 20
94.55572527646996
 30
-21.00000000000001
  0
VERTEX
  5
1F7
  8
DEFAULT
 10
839.2808858615142
 20
94.53311158344128
 30
-21.00000000000001
  0
VERTEX
  5
1F8
  8
DEFAULT
 10
839.257173714487
 20
94.50994873046854
 30
-21.00000000000001
  0
VERTEX
  5
1F9
  8
DEFAULT
 10
839.2340108615142
 20
94.48623658344128
 30
-21.00000000000001
  0
VERTEX
  5
1FA
  8
DEFAULT
 10
839.2113971684855
 20
94.46197527646997
 30
-21.00000000000001
  0
VERTEX
  5
1FB
  8
DEFAULT
 10
839.1893322330695
 20
94.43716521188597
 30
-21.00000000000001
  0
VERTEX
  5
1FC
  8
DEFAULT
 10
839.167815384714
 20
94.41180706024149
 30
-21.00000000000001
  0
VERTEX
  5
1FD
  8
DEFAULT
 10
839.1468456846458
 20
94.38590176030971
 30
-21.00000000000001
  0
VERTEX
  5
1FE
  8
DEFAULT
 10
839.1264219258708
 20
94.3594505190847
 30
-21.00000000000001
  0
VERTEX
  5
1FF
  8
DEFAULT
 10
839.1065426331741
 20
94.33245481178142
 30
-21.00000000000001
  0
VERTEX
  5
200
  8
DEFAULT
 10
839.0872060631198
 20
94.30491638183571
 30
-21.00000000000001
  0
VERTEX
  5
201
  8
DEFAULT
 10
839.0684102040511
 20
94.27683724090434
 30
-21.00000000000001
  0
VERTEX
  5
202
  8
DEFAULT
 10
839.0501527760905
 20
94.24821966886498
 30
-21.00000000000001
  0
VERTEX
  5
203
  8
DEFAULT
 10
839.0324312311393
 20
94.2190662138162
 30
-21.00000000000001
  0
VERTEX
  5
204
  8
DEFAULT
 10
839.0152427528781
 20
94.18937969207744
 30
-21.00000000000001
  0
VERTEX
  5
205
  8
DEFAULT
 10
838.9985842567664
 20
94.15916318818907
 30
-21.00000000000001
  0
VERTEX
  5
206
  8
DEFAULT
 10
838.9824523900431
 20
94.12842005491237
 30
-21.00000000000001
  0
VERTEX
  5
207
  8
DEFAULT
 10
838.966843531726
 20
94.0971539132295
 30
-21.00000000000001
  0
VERTEX
  5
208
  8
DEFAULT
 10
838.951753792612
 20
94.06536865234355
 30
-21.00000000000001
  0
VERTEX
  5
209
  8
DEFAULT
 10
838.937179015277
 20
94.03306842967848
 30
-21.00000000000001
  0
VERTEX
  5
20A
  8
DEFAULT
 10
838.9231147740763
 20
94.00025767087917
 30
-21.00000000000001
  0
VERTEX
  5
20B
  8
DEFAULT
 10
838.9095563751441
 20
93.96694106981138
 30
-21.00000000000001
  0
VERTEX
  5
20C
  8
DEFAULT
 10
838.8964988563937
 20
93.93312358856181
 30
-21.00000000000001
  0
VERTEX
  5
20D
  8
DEFAULT
 10
838.871865269987
 20
93.86400717496852
 30
-21.00000000000001
  0
VERTEX
  5
20E
  8
DEFAULT
 10
838.8491689537448
 20
93.79295349121074
 30
-21.00000000000001
  0
VERTEX
  5
20F
  8
DEFAULT
 10
838.8283605550212
 20
93.72001188993434
 30
-21.00000000000001
  0
VERTEX
  5
210
  8
DEFAULT
 10
838.8093864296359
 20
93.64523601531965
 30
-21.00000000000001
  0
VERTEX
  5
211
  8
DEFAULT
 10
838.7921886418742
 20
93.56868380308134
 30
-21.00000000000001
  0
VERTEX
  5
212
  8
DEFAULT
 10
838.776704964487
 20
93.49041748046857
 30
-21.00000000000001
  0
VERTEX
  5
213
  8
DEFAULT
 10
838.7628688786906
 20
93.41050356626492
 30
-21.00000000000001
  0
VERTEX
  5
214
  8
DEFAULT
 10
838.7506095741671
 20
93.3290128707884
 30
-21.00000000000001
  0
VERTEX
  5
215
  8
DEFAULT
 10
838.7398519490641
 20
93.2460204958914
 30
-21.00000000000001
  0
VERTEX
  5
216
  8
DEFAULT
 10
838.7305166099948
 20
93.16160583496077
 30
-21.00000000000001
  0
VERTEX
  5
217
  8
DEFAULT
 10
838.7157737587374
 20
92.98884868621812
 30
-21.00000000000001
  0
VERTEX
  5
218
  8
DEFAULT
 10
838.705660042612
 20
92.81146240234361
 30
-21.00000000000001
  0
VERTEX
  5
219
  8
DEFAULT
 10
838.6960927818698
 20
92.44602966308581
 30
-21.00000000000001
  0
VERTEX
  5
21A
  8
DEFAULT
 10
838.694673714487
 20
92.07244873046864
 30
-21.00000000000001
  0
VERTEX
  5
21B
  8
DEFAULT
 10
838.6946737144876
 20
56.07244873046875
 30
-21.00000000000001
  0
VERTEX
  5
21C
  8
DEFAULT
 10
838.6960927818704
 20
55.69886779785158
 30
-21.00000000000001
  0
VERTEX
  5
21D
  8
DEFAULT
 10
838.7056600426126
 20
55.33343505859378
 30
-21.00000000000001
  0
VERTEX
  5
21E
  8
DEFAULT
 10
838.7157737587381
 20
55.15604877471927
 30
-21.00000000000001
  0
VERTEX
  5
21F
  8
DEFAULT
 10
838.7305166099954
 20
54.9832916259766
 30
-21.00000000000001
  0
VERTEX
  5
220
  8
DEFAULT
 10
838.7398519490648
 20
54.89887696504596
 30
-21.00000000000001
  0
VERTEX
  5
221
  8
DEFAULT
 10
838.7506095741678
 20
54.81588459014895
 30
-21.00000000000001
  0
VERTEX
  5
222
  8
DEFAULT
 10
838.7628688786913
 20
54.73439389467242
 30
-21.00000000000001
  0
VERTEX
  5
223
  8
DEFAULT
 10
838.7767049644876
 20
54.65447998046878
 30
-21.00000000000001
  0
VERTEX
  5
224
  8
DEFAULT
 10
838.7921886418749
 20
54.57621365785601
 30
-21.00000000000001
  0
VERTEX
  5
225
  8
DEFAULT
 10
838.8093864296366
 20
54.49966144561769
 30
-21.00000000000001
  0
VERTEX
  5
226
  8
DEFAULT
 10
838.8283605550218
 20
54.42488557100297
 30
-21.00000000000001
  0
VERTEX
  5
227
  8
DEFAULT
 10
838.8491689537454
 20
54.35194396972658
 30
-21.00000000000001
  0
VERTEX
  5
228
  8
DEFAULT
 10
838.8718652699877
 20
54.28089028596879
 30
-21.00000000000001
  0
VERTEX
  5
229
  8
DEFAULT
 10
838.8964988563944
 20
54.21177387237549
 30
-21.00000000000001
  0
VERTEX
  5
22A
  8
DEFAULT
 10
838.9095563751448
 20
54.17795639112592
 30
-21.00000000000001
  0
VERTEX
  5
22B
  8
DEFAULT
 10
838.923114774077
 20
54.14463979005814
 30
-21.00000000000001
  0
VERTEX
  5
22C
  8
DEFAULT
 10
838.9371790152777
 20
54.11182903125881
 30
-21.00000000000001
  0
VERTEX
  5
22D
  8
DEFAULT
 10
838.9517537926126
 20
54.07952880859374
 30
-21.00000000000001
  0
VERTEX
  5
22E
  8
DEFAULT
 10
838.9668435317267
 20
54.04774354770778
 30
-21.00000000000001
  0
VERTEX
  5
22F
  8
DEFAULT
 10
838.9824523900438
 20
54.0164774060249
 30
-21.00000000000001
  0
VERTEX
  5
230
  8
DEFAULT
 10
838.9985842567671
 20
53.9857342727482
 30
-21.00000000000001
  0
VERTEX
  5
231
  8
DEFAULT
 10
839.0152427528787
 20
53.95551776885983
 30
-21.00000000000001
  0
VERTEX
  5
232
  8
DEFAULT
 10
839.03243123114
 20
53.92583124712105
 30
-21.00000000000001
  0
VERTEX
  5
233
  8
DEFAULT
 10
839.0501527760912
 20
53.89667779207225
 30
-21.00000000000001
  0
VERTEX
  5
234
  8
DEFAULT
 10
839.0684102040518
 20
53.86806022003289
 30
-21.00000000000001
  0
VERTEX
  5
235
  8
DEFAULT
 10
839.0872060631204
 20
53.83998107910151
 30
-21.00000000000001
  0
VERTEX
  5
236
  8
DEFAULT
 10
839.1065426331747
 20
53.8124426491558
 30
-21.00000000000001
  0
VERTEX
  5
237
  8
DEFAULT
 10
839.1264219258715
 20
53.78544694185251
 30
-21.00000000000001
  0
VERTEX
  5
238
  8
DEFAULT
 10
839.1468456846465
 20
53.75899570062751
 30
-21.00000000000001
  0
VERTEX
  5
239
  8
DEFAULT
 10
839.1678153847147
 20
53.73309040069574
 30
-21.00000000000001
  0
VERTEX
  5
23A
  8
DEFAULT
 10
839.1893322330702
 20
53.70773224905126
 30
-21.00000000000001
  0
VERTEX
  5
23B
  8
DEFAULT
 10
839.2113971684862
 20
53.68292218446724
 30
-21.00000000000001
  0
VERTEX
  5
23C
  8
DEFAULT
 10
839.2340108615149
 20
53.65866087749593
 30
-21.00000000000001
  0
VERTEX
  5
23D
  8
DEFAULT
 10
839.2571737144876
 20
53.63494873046867
 30
-21.00000000000001
  0
VERTEX
  5
23E
  8
DEFAULT
 10
839.2808858615149
 20
53.61178587749592
 30
-21.00000000000001
  0
VERTEX
  5
23F
  8
DEFAULT
 10
839.3051471684862
 20
53.58917218446723
 30
-21.00000000000001
  0
VERTEX
  5
240
  8
DEFAULT
 10
839.3299572330702
 20
53.56710724905125
 30
-21.00000000000001
  0
VERTEX
  5
241
  8
DEFAULT
 10
839.3553153847147
 20
53.54559040069571
 30
-21.00000000000001
  0
VERTEX
  5
242
  8
DEFAULT
 10
839.3812206846465
 20
53.52462070062747
 30
-21.00000000000001
  0
VERTEX
  5
243
  8
DEFAULT
 10
839.4076719258715
 20
53.50419694185247
 30
-21.00000000000001
  0
VERTEX
  5
244
  8
DEFAULT
 10
839.4346676331747
 20
53.48431764915574
 30
-21.00000000000001
  0
VERTEX
  5
245
  8
DEFAULT
 10
839.4622060631204
 20
53.46498107910145
 30
-21.00000000000001
  0
VERTEX
  5
246
  8
DEFAULT
 10
839.4902852040518
 20
53.44618522003281
 30
-21.00000000000001
  0
VERTEX
  5
247
  8
DEFAULT
 10
839.5189027760912
 20
53.42792779207217
 30
-21.00000000000001
  0
VERTEX
  5
248
  8
DEFAULT
 10
839.54805623114
 20
53.41020624712097
 30
-21.00000000000001
  0
VERTEX
  5
249
  8
DEFAULT
 10
839.5777427528787
 20
53.39301776885974
 30
-21.00000000000001
  0
VERTEX
  5
24A
  8
DEFAULT
 10
839.6079592567671
 20
53.3763592727481
 30
-21.00000000000001
  0
VERTEX
  5
24B
  8
DEFAULT
 10
839.6387023900438
 20
53.3602274060248
 30
-21.00000000000001
  0
VERTEX
  5
24C
  8
DEFAULT
 10
839.6699685317267
 20
53.34461854770765
 30
-21.00000000000001
  0
VERTEX
  5
24D
  8
DEFAULT
 10
839.7017537926126
 20
53.3295288085936
 30
-21.00000000000001
  0
VERTEX
  5
24E
  8
DEFAULT
 10
839.7340540152777
 20
53.31495403125867
 30
-21.00000000000001
  0
VERTEX
  5
24F
  8
DEFAULT
 10
839.766864774077
 20
53.30088979005798
 30
-21.00000000000001
  0
VERTEX
  5
250
  8
DEFAULT
 10
839.8001813751448
 20
53.28733139112575
 30
-21.00000000000001
  0
VERTEX
  5
251
  8
DEFAULT
 10
839.8339988563944
 20
53.27427387237532
 30
-21.00000000000001
  0
VERTEX
  5
252
  8
DEFAULT
 10
839.9031152699877
 20
53.24964028596861
 30
-21.00000000000001
  0
VERTEX
  5
253
  8
DEFAULT
 10
839.9741689537454
 20
53.22694396972638
 30
-21.00000000000001
  0
VERTEX
  5
254
  8
DEFAULT
 10
840.0471105550218
 20
53.20613557100278
 30
-21.00000000000001
  0
VERTEX
  5
255
  8
DEFAULT
 10
840.1218864296366
 20
53.18716144561748
 30
-21.00000000000001
  0
VERTEX
  5
256
  8
DEFAULT
 10
840.1984386418749
 20
53.16996365785579
 30
-21.00000000000001
  0
VERTEX
  5
257
  8
DEFAULT
 10
840.2767049644876
 20
53.15447998046855
 30
-21.00000000000001
  0
VERTEX
  5
258
  8
DEFAULT
 10
840.3566188786913
 20
53.14064389467219
 30
-21.00000000000001
  0
VERTEX
  5
259
  8
DEFAULT
 10
840.4381095741678
 20
53.12838459014872
 30
-21.00000000000001
  0
VERTEX
  5
25A
  8
DEFAULT
 10
840.5211019490648
 20
53.11762696504573
 30
-21.00000000000001
  0
VERTEX
  5
25B
  8
DEFAULT
 10
840.6055166099954
 20
53.10829162597636
 30
-21.00000000000001
  0
VERTEX
  5
25C
  8
DEFAULT
 10
840.7782737587381
 20
53.09354877471903
 30
-21.00000000000001
  0
VERTEX
  5
25D
  8
DEFAULT
 10
840.9556600426126
 20
53.08343505859355
 30
-21.00000000000001
  0
VERTEX
  5
25E
  8
DEFAULT
 10
841.3210927818704
 20
53.07386779785138
 30
-21.00000000000001
  0
VERTEX
  5
25F
  8
DEFAULT
 10
841.6946737144877
 20
53.07244873046858
 30
-21.00000000000001
  0
VERTEX
  5
260
  8
DEFAULT
 10
865.6946727608134
 20
53.07244873046898
 30
-21.00000000000001
  0
VERTEX
  5
261
  8
DEFAULT
 10
866.0682536934307
 20
53.07386779785179
 30
-21.00000000000001
  0
VERTEX
  5
262
  8
DEFAULT
 10
866.4336864326885
 20
53.08343505859398
 30
-21.00000000000001
  0
VERTEX
  5
263
  8
DEFAULT
 10
866.6110727165631
 20
53.09354877471947
 30
-21.00000000000001
  0
VERTEX
  5
264
  8
DEFAULT
 10
866.7838298653057
 20
53.1082916259768
 30
-21.00000000000001
  0
VERTEX
  5
265
  8
DEFAULT
 10
866.8682445262364
 20
53.11762696504617
 30
-21.00000000000001
  0
VERTEX
  5
266
  8
DEFAULT
 10
866.9512369011334
 20
53.12838459014917
 30
-21.00000000000001
  0
VERTEX
  5
267
  8
DEFAULT
 10
867.0327275966099
 20
53.14064389467265
 30
-21.00000000000001
  0
VERTEX
  5
268
  8
DEFAULT
 10
867.1126415108135
 20
53.15447998046901
 30
-21.00000000000001
  0
VERTEX
  5
269
  8
DEFAULT
 10
867.1909078334263
 20
53.16996365785624
 30
-21.00000000000001
  0
VERTEX
  5
26A
  8
DEFAULT
 10
867.2674600456646
 20
53.18716144561794
 30
-21.00000000000001
  0
VERTEX
  5
26B
  8
DEFAULT
 10
867.3422359202793
 20
53.20613557100323
 30
-21.00000000000001
  0
VERTEX
  5
26C
  8
DEFAULT
 10
867.4151775215557
 20
53.22694396972684
 30
-21.00000000000001
  0
VERTEX
  5
26D
  8
DEFAULT
 10
867.4862312053135
 20
53.24964028596906
 30
-21.00000000000001
  0
VERTEX
  5
26E
  8
DEFAULT
 10
867.5553476189068
 20
53.27427387237577
 30
-21.00000000000001
  0
VERTEX
  5
26F
  8
DEFAULT
 10
867.5891651001564
 20
53.28733139112621
 30
-21.00000000000001
  0
VERTEX
  5
270
  8
DEFAULT
 10
867.6224817012242
 20
53.30088979005843
 30
-21.00000000000001
  0
VERTEX
  5
271
  8
DEFAULT
 10
867.6552924600235
 20
53.31495403125912
 30
-21.00000000000001
  0
VERTEX
  5
272
  8
DEFAULT
 10
867.6875926826885
 20
53.32952880859406
 30
-21.00000000000001
  0
VERTEX
  5
273
  8
DEFAULT
 10
867.7193779435745
 20
53.34461854770811
 30
-21.00000000000001
  0
VERTEX
  5
274
  8
DEFAULT
 10
867.7506440852574
 20
53.36022740602525
 30
-21.00000000000001
  0
VERTEX
  5
275
  8
DEFAULT
 10
867.7813872185341
 20
53.37635927274856
 30
-21.00000000000001
  0
VERTEX
  5
276
  8
DEFAULT
 10
867.8116037224224
 20
53.39301776886019
 30
-21.00000000000001
  0
VERTEX
  5
277
  8
DEFAULT
 10
867.8412902441612
 20
53.41020624712142
 30
-21.00000000000001
  0
VERTEX
  5
278
  8
DEFAULT
 10
867.87044369921
 20
53.42792779207262
 30
-21.00000000000001
  0
VERTEX
  5
279
  8
DEFAULT
 10
867.8990612712494
 20
53.44618522003326
 30
-21.00000000000001
  0
VERTEX
  5
27A
  8
DEFAULT
 10
867.9271404121807
 20
53.4649810791019
 30
-21.00000000000001
  0
VERTEX
  5
27B
  8
DEFAULT
 10
867.9546788421264
 20
53.4843176491562
 30
-21.00000000000001
  0
VERTEX
  5
27C
  8
DEFAULT
 10
867.9816745494297
 20
53.50419694185292
 30
-21.00000000000001
  0
VERTEX
  5
27D
  8
DEFAULT
 10
868.0081257906547
 20
53.52462070062792
 30
-21.00000000000001
  0
VERTEX
  5
27E
  8
DEFAULT
 10
868.0340310905865
 20
53.54559040069616
 30
-21.00000000000001
  0
VERTEX
  5
27F
  8
DEFAULT
 10
868.059389242231
 20
53.56710724905169
 30
-21.00000000000001
  0
VERTEX
  5
280
  8
DEFAULT
 10
868.084199306815
 20
53.58917218446767
 30
-21.00000000000001
  0
VERTEX
  5
281
  8
DEFAULT
 10
868.1084606137863
 20
53.61178587749636
 30
-21.00000000000001
  0
VERTEX
  5
282
  8
DEFAULT
 10
868.1321727608135
 20
53.63494873046912
 30
-21.00000000000001
  0
VERTEX
  5
283
  8
DEFAULT
 10
868.1553356137863
 20
53.65866087749638
 30
-21.00000000000001
  0
VERTEX
  5
284
  8
DEFAULT
 10
868.177949306815
 20
53.6829221844677
 30
-21.00000000000001
  0
VERTEX
  5
285
  8
DEFAULT
 10
868.200014242231
 20
53.70773224905172
 30
-21.00000000000001
  0
VERTEX
  5
286
  8
DEFAULT
 10
868.2215310905865
 20
53.73309040069618
 30
-21.00000000000001
  0
VERTEX
  5
287
  8
DEFAULT
 10
868.2425007906547
 20
53.75899570062795
 30
-21.00000000000001
  0
VERTEX
  5
288
  8
DEFAULT
 10
868.2629245494297
 20
53.78544694185296
 30
-21.00000000000001
  0
VERTEX
  5
289
  8
DEFAULT
 10
868.2828038421264
 20
53.81244264915625
 30
-21.00000000000001
  0
VERTEX
  5
28A
  8
DEFAULT
 10
868.3021404121807
 20
53.83998107910196
 30
-21.00000000000001
  0
VERTEX
  5
28B
  8
DEFAULT
 10
868.3209362712494
 20
53.86806022003333
 30
-21.00000000000001
  0
VERTEX
  5
28C
  8
DEFAULT
 10
868.33919369921
 20
53.89667779207269
 30
-21.00000000000001
  0
VERTEX
  5
28D
  8
DEFAULT
 10
868.3569152441612
 20
53.92583124712149
 30
-21.00000000000001
  0
VERTEX
  5
28E
  8
DEFAULT
 10
868.3741037224224
 20
53.95551776886027
 30
-21.00000000000001
  0
VERTEX
  5
28F
  8
DEFAULT
 10
868.3907622185341
 20
53.98573427274864
 30
-21.00000000000001
  0
VERTEX
  5
290
  8
DEFAULT
 10
868.4068940852574
 20
54.01647740602534
 30
-21.00000000000001
  0
VERTEX
  5
291
  8
DEFAULT
 10
868.4225029435745
 20
54.04774354770821
 30
-21.00000000000001
  0
VERTEX
  5
292
  8
DEFAULT
 10
868.4375926826885
 20
54.07952880859417
 30
-21.00000000000001
  0
VERTEX
  5
293
  8
DEFAULT
 10
868.4521674600235
 20
54.11182903125925
 30
-21.00000000000001
  0
VERTEX
  5
294
  8
DEFAULT
 10
868.4662317012242
 20
54.14463979005856
 30
-21.00000000000001
  0
VERTEX
  5
295
  8
DEFAULT
 10
868.4797901001564
 20
54.17795639112634
 30
-21.00000000000001
  0
VERTEX
  5
296
  8
DEFAULT
 10
868.4928476189068
 20
54.21177387237591
 30
-21.00000000000001
  0
VERTEX
  5
297
  8
DEFAULT
 10
868.5174812053135
 20
54.28089028596922
 30
-21.00000000000001
  0
VERTEX
  5
298
  8
DEFAULT
 10
868.5401775215557
 20
54.351943969727
 30
-21.00000000000001
  0
VERTEX
  5
299
  8
DEFAULT
 10
868.5609859202793
 20
54.4248855710034
 30
-21.00000000000001
  0
VERTEX
  5
29A
  8
DEFAULT
 10
868.5799600456645
 20
54.49966144561812
 30
-21.00000000000001
  0
VERTEX
  5
29B
  8
DEFAULT
 10
868.5971578334262
 20
54.57621365785644
 30
-21.00000000000001
  0
VERTEX
  5
29C
  8
DEFAULT
 10
868.6126415108134
 20
54.6544799804692
 30
-21.00000000000001
  0
VERTEX
  5
29D
  8
DEFAULT
 10
868.6264775966099
 20
54.73439389467285
 30
-21.00000000000001
  0
VERTEX
  5
29E
  8
DEFAULT
 10
868.6387369011334
 20
54.81588459014938
 30
-21.00000000000001
  0
VERTEX
  5
29F
  8
DEFAULT
 10
868.6494945262361
 20
54.89887696504638
 30
-21.00000000000001
  0
VERTEX
  5
2A0
  8
DEFAULT
 10
868.6588298653056
 20
54.98329162597702
 30
-21.00000000000001
  0
VERTEX
  5
2A1
  8
DEFAULT
 10
868.6735727165631
 20
55.15604877471969
 30
-21.00000000000001
  0
VERTEX
  5
2A2
  8
DEFAULT
 10
868.6836864326884
 20
55.33343505859421
 30
-21.00000000000001
  0
VERTEX
  5
2A3
  8
DEFAULT
 10
868.6932536934305
 20
55.69886779785202
 30
-21.00000000000001
  0
SEQEND
  5
2A4
  8
DEFAULT
  0
CIRCLE
  5
2A5
  8
DEFAULT
 10
-843.694673714487
 20
92.0724525451659
 30
20.99999999999998
 40
1.625
210
0.0
220
0.0
230
-1.0
  0
CIRCLE
  5
2A6
  8
DEFAULT
 10
-863.6946727608126
 20
92.07245254516613
 30
20.99999999999999
 40
1.625
210
0.0
220
0.0
230
-1.0
  0
CIRCLE
  5
2A7
  8
DEFAULT
 10
-843.6946737144876
 20
56.07244491577137
 30
20.99999999999998
 40
1.625
210
0.0
220
0.0
230
-1.0
  0
CIRCLE
  5
2A8
  8
DEFAULT
 10
-863.6946727608133
 20
56.07244491577183
 30
20.99999999999999
 40
1.625
210
0.0
220
0.0
230
-1.0
  0
POLYLINE
  5
2A9
  8
DEFAULT
 66
     1
 10
0.0
 20
0.0
 30
0.0
 70
     1
  0
VERTEX
  5
2AA
  8
DEFAULT
 10
1423.597838801064
 20
-203.9581939413592
 30
0.0
  0
VERTEX
  5
2AB
  8
DEFAULT
 10
1420.597838801064
 20
-203.9581939413592
 30
0.0
  0
VERTEX
  5
2AC
  8
DEFAULT
 10
1420.597838801064
 20
-103.8887025670009
 30
0.0
  0
VERTEX
  5
2AD
  8
DEFAULT
 10
1423.597838801064
 20
-103.8887025670009
 30
0.0
  0
SEQEND
  5
2AE
  8
DEFAULT
  0
POLYLINE
  5
2AF
  8
DEFAULT
 66
     1
 10
0.0
 20
0.0
 30
0.0
 70
     1
  0
VERTEX
  5
2B0
  8
DEFAULT
 10
1426.597838801064
 20
-203.9581939413592
 30
0.0
  0
VERTEX
  5
2B1
  8
DEFAULT
 10
1423.597838801064
 20
-203.9581939413592
 30
0.0
  0
VERTEX
  5
2B2
  8
DEFAULT
 10
1423.597838801064
 20
-103.8887025670009
 30
0.0
  0
VERTEX
  5
2B3
  8
DEFAULT
 10
1426.597838801064
 20
-103.8887025670009
 30
0.0
  0
SEQEND
  5
2B4
  8
DEFAULT
  0
POLYLINE
  5
2B5
  8
DEFAULT
 66
     1
 10
0.0
 20
0.0
 30
0.0
 70
     1
  0
VERTEX
  5
2B6
  8
DEFAULT
 10
1261.008820202798
 20
-203.9581939413592
 30
0.0
  0
VERTEX
  5
2B7
  8
DEFAULT
 10
1264.008820202798
 20
-203.9581939413592
 30
0.0
  0
VERTEX
  5
2B8
  8
DEFAULT
 10
1264.008820202798
 20
-103.8887025670009
 30
0.0
  0
VERTEX
  5
2B9
  8
DEFAULT
 10
1261.008820202798
 20
-103.8887025670009
 30
0.0
  0
SEQEND
  5
2BA
  8
DEFAULT
  0
CIRCLE
  5
2BB
  8
DEFAULT
 10
-1333.051210291017
 20
-285.0724480267556
 30
0.0
 40
2.0
210
0.0
220
0.0
230
-1.0
  0
CIRCLE
  5
2BC
  8
DEFAULT
 10
-1354.051210291017
 20
-285.0724480267556
 30
0.0
 40
2.0
210
0.0
220
0.0
230
-1.0
  0
CIRCLE
  5
2BD
  8
DEFAULT
 10
-1309.70332950193
 20
-224.5
 30
0.0
 40
1.499999999999773
210
0.0
220
0.0
230
-1.0
  0
CIRCLE
  5
2BE
  8
DEFAULT
 10
-1309.703329501931
 20
-135.5
 30
0.0
 40
1.5
210
0.0
220
0.0
230
-1.0
  0
CIRCLE
  5
2BF
  8
DEFAULT
 10
-1377.903329501931
 20
-135.4999999999998
 30
0.0
 40
1.499999999999773
210
0.0
220
0.0
230
-1.0
  0
CIRCLE
  5
2C0
  8
DEFAULT
 10
-1377.903329501931
 20
-224.4999999999998
 30
0.0
 40
1.499999999999773
210
0.0
220
0.0
230
-1.0
  0
POLYLINE
  5
2C1
  8
DEFAULT
 66
     1
 10
0.0
 20
0.0
 30
0.0
 70
     1
  0
VERTEX
  5
2C2
  8
DEFAULT
 10
1346.0
 20
-130.0
 30
0.0
  0
VERTEX
  5
2C3
  8
DEFAULT
 10
1318.0
 20
-130.0
 30
0.0
 42
-0.9999999999999242
  0
VERTEX
  5
2C4
  8
DEFAULT
 10
1318.0
 20
-124.0000000000005
 30
0.0
  0
VERTEX
  5
2C5
  8
DEFAULT
 10
1346.0
 20
-124.0
 30
0.0
 42
-0.9999999999999999
  0
SEQEND
  5
2C6
  8
DEFAULT
  0
POLYLINE
  5
2C7
  8
DEFAULT
 66
     1
 10
0.0
 20
0.0
 30
0.0
 70
     1
  0
VERTEX
  5
2C8
  8
DEFAULT
 10
1298.0
 20
-187.5
 30
0.0
 42
-0.9999999999999999
  0
VERTEX
  5
2C9
  8
DEFAULT
 10
1301.0
 20
-187.5
 30
0.0
  0
VERTEX
  5
2CA
  8
DEFAULT
 10
1301.0
 20
-196.5
 30
0.0
 42
-1.000000000000341
  0
VERTEX
  5
2CB
  8
DEFAULT
 10
1298.0
 20
-196.5
 30
0.0
  0
SEQEND
  5
2CC
  8
DEFAULT
  0
POLYLINE
  5
2CD
  8
DEFAULT
 66
     1
 10
0.0
 20
0.0
 30
0.0
 70
     1
  0
VERTEX
  5
2CE
  8
DEFAULT
 10
1386.0
 20
-187.5
 30
0.0
 42
-0.9999999999999999
  0
VERTEX
  5
2CF
  8
DEFAULT
 10
1389.0
 20
-187.5
 30
0.0
  0
VERTEX
  5
2D0
  8
DEFAULT
 10
1389.0
 20
-196.5
 30
0.0
 42
-1.000000000000227
  0
VERTEX
  5
2D1
  8
DEFAULT
 10
1386.0
 20
-196.5
 30
0.0
  0
SEQEND
  5
2D2
  8
DEFAULT
  0
POLYLINE
  5
2D3
  8
DEFAULT
 66
     1
 10
0.0
 20
0.0
 30
0.0
 70
     1
  0
VERTEX
  5
2D4
  8
DEFAULT
 10
1298.0
 20
-220.5
 30
0.0
 42
-0.9999999999999999
  0
VERTEX
  5
2D5
  8
DEFAULT
 10
1301.0
 20
-220.5
 30
0.0
  0
VERTEX
  5
2D6
  8
DEFAULT
 10
1301.0
 20
-229.5
 30
0.0
 42
-0.9999999999998485
  0
VERTEX
  5
2D7
  8
DEFAULT
 10
1298.0
 20
-229.5
 30
0.0
  0
SEQEND
  5
2D8
  8
DEFAULT
  0
POLYLINE
  5
2D9
  8
DEFAULT
 66
     1
 10
0.0
 20
0.0
 30
0.0
 70
     1
  0
VERTEX
  5
2DA
  8
DEFAULT
 10
1386.0
 20
-220.5
 30
0.0
 42
-0.9999999999999999
  0
VERTEX
  5
2DB
  8
DEFAULT
 10
1389.0
 20
-220.5
 30
0.0
  0
VERTEX
  5
2DC
  8
DEFAULT
 10
1389.0
 20
-229.5
 30
0.0
 42
-1.000000000000227
  0
VERTEX
  5
2DD
  8
DEFAULT
 10
1386.0
 20
-229.5
 30
0.0
  0
SEQEND
  5
2DE
  8
DEFAULT
  0
POLYLINE
  5
2DF
  8
DEFAULT
 66
     1
 10
0.0
 20
0.0
 30
0.0
 70
     1
  0
VERTEX
  5
2E0
  8
DEFAULT
 10
1303.0
 20
-166.5
 30
0.0
 42
-0.9999999999999999
  0
VERTEX
  5
2E1
  8
DEFAULT
 10
1306.0
 20
-166.5
 30
0.0
  0
VERTEX
  5
2E2
  8
DEFAULT
 10
1306.0
 20
-175.5
 30
0.0
 42
-1.000000000000227
  0
VERTEX
  5
2E3
  8
DEFAULT
 10
1303.0
 20
-175.5
 30
0.0
  0
SEQEND
  5
2E4
  8
DEFAULT
  0
POLYLINE
  5
2E5
  8
DEFAULT
 66
     1
 10
0.0
 20
0.0
 30
0.0
 70
     1
  0
VERTEX
  5
2E6
  8
DEFAULT
 10
1381.606659003862
 20
-166.5
 30
0.0
 42
-1.000000000000038
  0
VERTEX
  5
2E7
  8
DEFAULT
 10
1384.606659003862
 20
-166.5
 30
0.0
  0
VERTEX
  5
2E8
  8
DEFAULT
 10
1384.606659003862
 20
-175.5
 30
0.0
 42
-1.000000000000379
  0
VERTEX
  5
2E9
  8
DEFAULT
 10
1381.606659003862
 20
-175.5
 30
0.0
  0
SEQEND
  5
2EA
  8
DEFAULT
  0
POLYLINE
  5
2EB
  8
DEFAULT
 66
     1
 10
0.0
 20
0.0
 30
0.0
 70
     1
  0
VERTEX
  5
2EC
  8
DEFAULT
 10
1331.051210291017
 20
-253.1448960535112
 30
0.0
 42
-0.9999999999999715
  0
VERTEX
  5
2ED
  8
DEFAULT
 10
1335.051210291017
 20
-253.1448960535112
 30
0.0
  0
VERTEX
  5
2EE
  8
DEFAULT
 10
1335.051210291017
 20
-255.0
 30
0.0
 42
-0.9999999999999575
  0
VERTEX
  5
2EF
  8
DEFAULT
 10
1331.051210291017
 20
-255.0
 30
0.0
  0
SEQEND
  5
2F0
  8
DEFAULT
  0
POLYLINE
  5
2F1
  8
DEFAULT
 66
     1
 10
0.0
 20
0.0
 30
0.0
 70
     1
  0
VERTEX
  5
2F2
  8
DEFAULT
 10
1352.051210291017
 20
-253.1448960535112
 30
0.0
 42
-0.9999999999999928
  0
VERTEX
  5
2F3
  8
DEFAULT
 10
1356.051210291017
 20
-253.1448960535112
 30
0.0
  0
VERTEX
  5
2F4
  8
DEFAULT
 10
1356.051210291017
 20
-255.0
 30
0.0
 42
-0.9999999999999999
  0
VERTEX
  5
2F5
  8
DEFAULT
 10
1352.051210291017
 20
-255.0
 30
0.0
  0
SEQEND
  5
2F6
  8
DEFAULT
  0
POLYLINE
  5
2F7
  8
DEFAULT
 66
     1
 10
0.0
 20
0.0
 30
0.0
 70
     1
  0
VERTEX
  5
2F8
  8
DEFAULT
 10
1348.303329501931
 20
-180.4351042917274
 30
0.0
  0
VERTEX
  5
2F9
  8
DEFAULT
 10
1339.303329501931
 20
-180.4351042917274
 30
0.0
 42
-0.9999999999999242
  0
VERTEX
  5
2FA
  8
DEFAULT
 10
1339.303329501931
 20
-177.4351042917278
 30
0.0
  0
VERTEX
  5
2FB
  8
DEFAULT
 10
1348.303329501931
 20
-177.4351042917274
 30
0.0
 42
-0.9999999999999999
  0
SEQEND
  5
2FC
  8
DEFAULT
  0
POLYLINE
  5
2FD
  8
DEFAULT
 66
     1
 10
0.0
 20
0.0
 30
0.0
 70
     1
  0
VERTEX
  5
2FE
  8
DEFAULT
 10
1348.303329501931
 20
-209.4272647434584
 30
0.0
  0
VERTEX
  5
2FF
  8
DEFAULT
 10
1339.303329501931
 20
-209.4272647434584
 30
0.0
 42
-0.9999999999999999
  0
VERTEX
  5
300
  8
DEFAULT
 10
1339.303329501931
 20
-206.4272647434584
 30
0.0
  0
VERTEX
  5
301
  8
DEFAULT
 10
1348.303329501931
 20
-206.4272647434585
 30
0.0
 42
-0.9999999999999999
  0
SEQEND
  5
302
  8
DEFAULT
  0
POLYLINE
  5
303
  8
DEFAULT
 66
     1
 10
0.0
 20
0.0
 30
0.0
 70
     1
  0
VERTEX
  5
304
  8
DEFAULT
 10
1348.303329501931
 20
-232.9924647981234
 30
0.0
  0
VERTEX
  5
305
  8
DEFAULT
 10
1339.303329501931
 20
-232.9924647981234
 30
0.0
 42
-1.000000000000227
  0
VERTEX
  5
306
  8
DEFAULT
 10
1339.303329501931
 20
-229.9924647981235
 30
0.0
  0
VERTEX
  5
307
  8
DEFAULT
 10
1348.303329501931
 20
-229.9924647981234
 30
0.0
 42
-0.9999999999999903
  0
SEQEND
  5
308
  8
DEFAULT
  0
POLYLINE
  5
309
  8
DEFAULT
 66
     1
 10
0.0
 20
0.0
 30
0.0
 70
     1
  0
VERTEX
  5
30A
  8
DEFAULT
 10
1348.303329501931
 20
-249.3182879033692
 30
0.0
  0
VERTEX
  5
30B
  8
DEFAULT
 10
1339.303329501931
 20
-249.3182879033692
 30
0.0
 42
-0.9999999999997061
  0
VERTEX
  5
30C
  8
DEFAULT
 10
1339.303329501931
 20
-246.3182879033694
 30
0.0
  0
VERTEX
  5
30D
  8
DEFAULT
 10
1348.303329501931
 20
-246.3182879033692
 30
0.0
 42
-0.9999999999999908
  0
SEQEND
  5
30E
  8
DEFAULT
  0
POLYLINE
  5
30F
  8
DEFAULT
 66
     1
 10
0.0
 20
0.0
 30
0.0
 70
     1
  0
VERTEX
  5
310
  8
DEFAULT
 10
1381.0
 20
-112.0
 30
0.0
  0
VERTEX
  5
311
  8
DEFAULT
 10
1380.999999999974
 20
-120.5468909893361
 30
0.0
  0
VERTEX
  5
312
  8
DEFAULT
 10
1377.999999999974
 20
-120.546890989336
 30
0.0
  0
VERTEX
  5
313
  8
DEFAULT
 10
1377.999999999974
 20
-111.401310494084
 30
0.0
  0
VERTEX
  5
314
  8
DEFAULT
 10
1380.999999999974
 20
-111.401310494084
 30
0.0
  0
SEQEND
  5
315
  8
DEFAULT
  0
CIRCLE
  5
316
  8
DEFAULT
 10
-1409.904754123697
 20
-236.1281696718071
 30
0.0
 40
1.5
210
0.0
220
0.0
230
-1.0
  0
POLYLINE
  5
317
  8
DEFAULT
 66
     1
 10
0.0
 20
0.0
 30
0.0
 70
     1
  0
VERTEX
  5
318
  8
DEFAULT
 10
1393.404754123697
 20
-267.3718302414482
 30
0.0
 42
-0.8582122497020954
  0
VERTEX
  5
319
  8
DEFAULT
 10
1396.335694278237
 20
-266.9219299479101
 30
0.0
  0
VERTEX
  5
31A
  8
DEFAULT
 10
1396.335694278237
 20
-267.8217305349851
 30
0.0
 42
-0.8582122497017951
  0
SEQEND
  5
31B
  8
DEFAULT
  0
POLYLINE
  5
31C
  8
DEFAULT
 66
     1
 10
0.0
 20
0.0
 30
0.0
 70
     1
  0
VERTEX
  5
31D
  8
DEFAULT
 10
1400.906178745465
 20
-242.1281696718071
 30
0.0
  0
VERTEX
  5
31E
  8
DEFAULT
 10
1392.794793482204
 20
-242.1281696718071
 30
0.0
  0
VERTEX
  5
31F
  8
DEFAULT
 10
1392.421212549587
 20
-242.1267506044244
 30
0.0
  0
VERTEX
  5
320
  8
DEFAULT
 10
1392.055779810329
 20
-242.1171833436822
 30
0.0
  0
VERTEX
  5
321
  8
DEFAULT
 10
1391.878393526454
 20
-242.1070696275567
 30
0.0
  0
VERTEX
  5
322
  8
DEFAULT
 10
1391.705636377711
 20
-242.0923267762994
 30
0.0
  0
VERTEX
  5
323
  8
DEFAULT
 10
1391.621221716781
 20
-242.0829914372301
 30
0.0
  0
VERTEX
  5
324
  8
DEFAULT
 10
1391.538229341884
 20
-242.0722338121271
 30
0.0
  0
VERTEX
  5
325
  8
DEFAULT
 10
1391.456738646408
 20
-242.0599745076036
 30
0.0
  0
VERTEX
  5
326
  8
DEFAULT
 10
1391.376824732204
 20
-242.0461384218073
 30
0.0
  0
VERTEX
  5
327
  8
DEFAULT
 10
1391.298558409591
 20
-242.0306547444201
 30
0.0
  0
VERTEX
  5
328
  8
DEFAULT
 10
1391.222006197353
 20
-242.0134569566584
 30
0.0
  0
VERTEX
  5
329
  8
DEFAULT
 10
1391.147230322738
 20
-241.9944828312731
 30
0.0
  0
VERTEX
  5
32A
  8
DEFAULT
 10
1391.074288721462
 20
-241.9736744325495
 30
0.0
  0
VERTEX
  5
32B
  8
DEFAULT
 10
1391.003235037704
 20
-241.9509781163073
 30
0.0
  0
VERTEX
  5
32C
  8
DEFAULT
 10
1390.934118624111
 20
-241.9263445299006
 30
0.0
  0
VERTEX
  5
32D
  8
DEFAULT
 10
1390.900301142861
 20
-241.9132870111501
 30
0.0
  0
VERTEX
  5
32E
  8
DEFAULT
 10
1390.866984541793
 20
-241.8997286122179
 30
0.0
  0
VERTEX
  5
32F
  8
DEFAULT
 10
1390.834173782994
 20
-241.8856643710172
 30
0.0
  0
VERTEX
  5
330
  8
DEFAULT
 10
1390.801873560329
 20
-241.8710895936823
 30
0.0
  0
VERTEX
  5
331
  8
DEFAULT
 10
1390.770088299443
 20
-241.8559998545683
 30
0.0
  0
VERTEX
  5
332
  8
DEFAULT
 10
1390.73882215776
 20
-241.8403909962511
 30
0.0
  0
VERTEX
  5
333
  8
DEFAULT
 10
1390.708079024484
 20
-241.8242591295278
 30
0.0
  0
VERTEX
  5
334
  8
DEFAULT
 10
1390.677862520595
 20
-241.8076006334162
 30
0.0
  0
VERTEX
  5
335
  8
DEFAULT
 10
1390.648175998856
 20
-241.790412155155
 30
0.0
  0
VERTEX
  5
336
  8
DEFAULT
 10
1390.619022543808
 20
-241.7726906102038
 30
0.0
  0
VERTEX
  5
337
  8
DEFAULT
 10
1390.590404971768
 20
-241.7544331822432
 30
0.0
  0
VERTEX
  5
338
  8
DEFAULT
 10
1390.562325830837
 20
-241.7356373231746
 30
0.0
  0
VERTEX
  5
339
  8
DEFAULT
 10
1390.534787400891
 20
-241.7163007531203
 30
0.0
  0
VERTEX
  5
33A
  8
DEFAULT
 10
1390.507791693588
 20
-241.6964214604236
 30
0.0
  0
VERTEX
  5
33B
  8
DEFAULT
 10
1390.481340452363
 20
-241.6759977016486
 30
0.0
  0
VERTEX
  5
33C
  8
DEFAULT
 10
1390.455435152431
 20
-241.6550280015803
 30
0.0
  0
VERTEX
  5
33D
  8
DEFAULT
 10
1390.430077000787
 20
-241.6335111532248
 30
0.0
  0
VERTEX
  5
33E
  8
DEFAULT
 10
1390.405266936203
 20
-241.6114462178088
 30
0.0
  0
VERTEX
  5
33F
  8
DEFAULT
 10
1390.381005629231
 20
-241.5888325247801
 30
0.0
  0
VERTEX
  5
340
  8
DEFAULT
 10
1390.357293482204
 20
-241.5656696718074
 30
0.0
  0
VERTEX
  5
341
  8
DEFAULT
 10
1390.334130629231
 20
-241.5419575247801
 30
0.0
  0
VERTEX
  5
342
  8
DEFAULT
 10
1390.311516936203
 20
-241.5176962178088
 30
0.0
  0
VERTEX
  5
343
  8
DEFAULT
 10
1390.289452000787
 20
-241.4928861532248
 30
0.0
  0
VERTEX
  5
344
  8
DEFAULT
 10
1390.267935152431
 20
-241.4675280015803
 30
0.0
  0
VERTEX
  5
345
  8
DEFAULT
 10
1390.246965452363
 20
-241.4416227016486
 30
0.0
  0
VERTEX
  5
346
  8
DEFAULT
 10
1390.226541693588
 20
-241.4151714604236
 30
0.0
  0
VERTEX
  5
347
  8
DEFAULT
 10
1390.206662400891
 20
-241.3881757531203
 30
0.0
  0
VERTEX
  5
348
  8
DEFAULT
 10
1390.187325830837
 20
-241.3606373231746
 30
0.0
  0
VERTEX
  5
349
  8
DEFAULT
 10
1390.168529971768
 20
-241.3325581822432
 30
0.0
  0
VERTEX
  5
34A
  8
DEFAULT
 10
1390.150272543808
 20
-241.3039406102039
 30
0.0
  0
VERTEX
  5
34B
  8
DEFAULT
 10
1390.132550998856
 20
-241.2747871551551
 30
0.0
  0
VERTEX
  5
34C
  8
DEFAULT
 10
1390.115362520595
 20
-241.2451006334163
 30
0.0
  0
VERTEX
  5
34D
  8
DEFAULT
 10
1390.098704024484
 20
-241.2148841295279
 30
0.0
  0
VERTEX
  5
34E
  8
DEFAULT
 10
1390.08257215776
 20
-241.1841409962512
 30
0.0
  0
VERTEX
  5
34F
  8
DEFAULT
 10
1390.066963299443
 20
-241.1528748545684
 30
0.0
  0
VERTEX
  5
350
  8
DEFAULT
 10
1390.051873560329
 20
-241.1210895936824
 30
0.0
  0
VERTEX
  5
351
  8
DEFAULT
 10
1390.037298782994
 20
-241.0887893710174
 30
0.0
  0
VERTEX
  5
352
  8
DEFAULT
 10
1390.023234541793
 20
-241.055978612218
 30
0.0
  0
VERTEX
  5
353
  8
DEFAULT
 10
1390.009676142861
 20
-241.0226620111503
 30
0.0
  0
VERTEX
  5
354
  8
DEFAULT
 10
1389.996618624111
 20
-240.9888445299007
 30
0.0
  0
VERTEX
  5
355
  8
DEFAULT
 10
1389.971985037704
 20
-240.9197281163075
 30
0.0
  0
VERTEX
  5
356
  8
DEFAULT
 10
1389.949288721462
 20
-240.8486744325497
 30
0.0
  0
VERTEX
  5
357
  8
DEFAULT
 10
1389.928480322738
 20
-240.7757328312733
 30
0.0
  0
VERTEX
  5
358
  8
DEFAULT
 10
1389.909506197353
 20
-240.7009569566586
 30
0.0
  0
VERTEX
  5
359
  8
DEFAULT
 10
1389.892308409591
 20
-240.6244047444203
 30
0.0
  0
VERTEX
  5
35A
  8
DEFAULT
 10
1389.876824732204
 20
-240.5461384218075
 30
0.0
  0
VERTEX
  5
35B
  8
DEFAULT
 10
1389.862988646408
 20
-240.4662245076038
 30
0.0
  0
VERTEX
  5
35C
  8
DEFAULT
 10
1389.850729341884
 20
-240.3847338121273
 30
0.0
  0
VERTEX
  5
35D
  8
DEFAULT
 10
1389.839971716782
 20
-240.3017414372303
 30
0.0
  0
VERTEX
  5
35E
  8
DEFAULT
 10
1389.830636377712
 20
-240.2173267762997
 30
0.0
  0
VERTEX
  5
35F
  8
DEFAULT
 10
1389.815893526455
 20
-240.044569627557
 30
0.0
  0
VERTEX
  5
360
  8
DEFAULT
 10
1389.805779810329
 20
-239.8671833436825
 30
0.0
  0
VERTEX
  5
361
  8
DEFAULT
 10
1389.796212549587
 20
-239.5017506044248
 30
0.0
  0
VERTEX
  5
362
  8
DEFAULT
 10
1389.794793482204
 20
-239.1281696718076
 30
0.0
  0
VERTEX
  5
363
  8
DEFAULT
 10
1389.794793482203
 20
-235.4633977998475
 30
0.0
  0
VERTEX
  5
364
  8
DEFAULT
 10
1389.796212549586
 20
-235.0898168672303
 30
0.0
  0
VERTEX
  5
365
  8
DEFAULT
 10
1389.805779810328
 20
-234.7243841279724
 30
0.0
  0
VERTEX
  5
366
  8
DEFAULT
 10
1389.815893526454
 20
-234.5469978440979
 30
0.0
  0
VERTEX
  5
367
  8
DEFAULT
 10
1389.830636377711
 20
-234.3742406953552
 30
0.0
  0
VERTEX
  5
368
  8
DEFAULT
 10
1389.839971716781
 20
-234.2898260344246
 30
0.0
  0
VERTEX
  5
369
  8
DEFAULT
 10
1389.850729341883
 20
-234.2068336595276
 30
0.0
  0
VERTEX
  5
36A
  8
DEFAULT
 10
1389.862988646407
 20
-234.125342964051
 30
0.0
  0
VERTEX
  5
36B
  8
DEFAULT
 10
1389.876824732203
 20
-234.0454290498474
 30
0.0
  0
VERTEX
  5
36C
  8
DEFAULT
 10
1389.89230840959
 20
-233.9671627272346
 30
0.0
  0
VERTEX
  5
36D
  8
DEFAULT
 10
1389.909506197352
 20
-233.8906105149963
 30
0.0
  0
VERTEX
  5
36E
  8
DEFAULT
 10
1389.928480322737
 20
-233.8158346403816
 30
0.0
  0
VERTEX
  5
36F
  8
DEFAULT
 10
1389.949288721461
 20
-233.7428930391052
 30
0.0
  0
VERTEX
  5
370
  8
DEFAULT
 10
1389.971985037703
 20
-233.6718393553473
 30
0.0
  0
VERTEX
  5
371
  8
DEFAULT
 10
1389.99661862411
 20
-233.6027229417541
 30
0.0
  0
VERTEX
  5
372
  8
DEFAULT
 10
1390.009676142861
 20
-233.5689054605045
 30
0.0
  0
VERTEX
  5
373
  8
DEFAULT
 10
1390.023234541793
 20
-233.5355888594367
 30
0.0
  0
VERTEX
  5
374
  8
DEFAULT
 10
1390.037298782994
 20
-233.5027781006374
 30
0.0
  0
VERTEX
  5
375
  8
DEFAULT
 10
1390.051873560329
 20
-233.4704778779723
 30
0.0
  0
VERTEX
  5
376
  8
DEFAULT
 10
1390.066963299443
 20
-233.4386926170864
 30
0.0
  0
VERTEX
  5
377
  8
DEFAULT
 10
1390.08257215776
 20
-233.4074264754035
 30
0.0
  0
VERTEX
  5
378
  8
DEFAULT
 10
1390.098704024483
 20
-233.3766833421268
 30
0.0
  0
VERTEX
  5
379
  8
DEFAULT
 10
1390.115362520595
 20
-233.3464668382384
 30
0.0
  0
VERTEX
  5
37A
  8
DEFAULT
 10
1390.132550998856
 20
-233.3167803164997
 30
0.0
  0
VERTEX
  5
37B
  8
DEFAULT
 10
1390.150272543807
 20
-233.2876268614509
 30
0.0
  0
VERTEX
  5
37C
  8
DEFAULT
 10
1390.168529971768
 20
-233.2590092894115
 30
0.0
  0
VERTEX
  5
37D
  8
DEFAULT
 10
1390.187325830837
 20
-233.2309301484801
 30
0.0
  0
VERTEX
  5
37E
  8
DEFAULT
 10
1390.206662400891
 20
-233.2033917185344
 30
0.0
  0
VERTEX
  5
37F
  8
DEFAULT
 10
1390.226541693588
 20
-233.1763960112311
 30
0.0
  0
VERTEX
  5
380
  8
DEFAULT
 10
1390.246965452363
 20
-233.1499447700061
 30
0.0
  0
VERTEX
  5
381
  8
DEFAULT
 10
1390.267935152431
 20
-233.1240394700744
 30
0.0
  0
VERTEX
  5
382
  8
DEFAULT
 10
1390.289452000787
 20
-233.0986813184299
 30
0.0
  0
VERTEX
  5
383
  8
DEFAULT
 10
1390.311516936203
 20
-233.0738712538458
 30
0.0
  0
VERTEX
  5
384
  8
DEFAULT
 10
1390.334130629231
 20
-233.0496099468745
 30
0.0
  0
VERTEX
  5
385
  8
DEFAULT
 10
1390.357293482204
 20
-233.0258977998473
 30
0.0
  0
VERTEX
  5
386
  8
DEFAULT
 10
1390.381005629231
 20
-233.0027349468746
 30
0.0
  0
VERTEX
  5
387
  8
DEFAULT
 10
1390.405266936202
 20
-232.9801212538459
 30
0.0
  0
VERTEX
  5
388
  8
DEFAULT
 10
1390.430077000786
 20
-232.9580563184299
 30
0.0
  0
VERTEX
  5
389
  8
DEFAULT
 10
1390.455435152431
 20
-232.9365394700743
 30
0.0
  0
VERTEX
  5
38A
  8
DEFAULT
 10
1390.481340452363
 20
-232.9155697700061
 30
0.0
  0
VERTEX
  5
38B
  8
DEFAULT
 10
1390.507791693588
 20
-232.8951460112311
 30
0.0
  0
VERTEX
  5
38C
  8
DEFAULT
 10
1390.534787400891
 20
-232.8752667185344
 30
0.0
  0
VERTEX
  5
38D
  8
DEFAULT
 10
1390.562325830837
 20
-232.8559301484801
 30
0.0
  0
VERTEX
  5
38E
  8
DEFAULT
 10
1390.590404971768
 20
-232.8371342894114
 30
0.0
  0
VERTEX
  5
38F
  8
DEFAULT
 10
1390.619022543808
 20
-232.8188768614508
 30
0.0
  0
VERTEX
  5
390
  8
DEFAULT
 10
1390.648175998856
 20
-232.8011553164996
 30
0.0
  0
VERTEX
  5
391
  8
DEFAULT
 10
1390.677862520595
 20
-232.7839668382384
 30
0.0
  0
VERTEX
  5
392
  8
DEFAULT
 10
1390.708079024484
 20
-232.7673083421267
 30
0.0
  0
VERTEX
  5
393
  8
DEFAULT
 10
1390.73882215776
 20
-232.7511764754034
 30
0.0
  0
VERTEX
  5
394
  8
DEFAULT
 10
1390.770088299443
 20
-232.7355676170863
 30
0.0
  0
VERTEX
  5
395
  8
DEFAULT
 10
1390.801873560329
 20
-232.7204778779723
 30
0.0
  0
VERTEX
  5
396
  8
DEFAULT
 10
1390.834173782994
 20
-232.7059031006373
 30
0.0
  0
VERTEX
  5
397
  8
DEFAULT
 10
1390.866984541793
 20
-232.6918388594366
 30
0.0
  0
VERTEX
  5
398
  8
DEFAULT
 10
1390.900301142861
 20
-232.6782804605044
 30
0.0
  0
VERTEX
  5
399
  8
DEFAULT
 10
1390.934118624111
 20
-232.665222941754
 30
0.0
  0
VERTEX
  5
39A
  8
DEFAULT
 10
1391.003235037704
 20
-232.6405893553473
 30
0.0
  0
VERTEX
  5
39B
  8
DEFAULT
 10
1391.074288721462
 20
-232.617893039105
 30
0.0
  0
VERTEX
  5
39C
  8
DEFAULT
 10
1391.147230322738
 20
-232.5970846403814
 30
0.0
  0
VERTEX
  5
39D
  8
DEFAULT
 10
1391.222006197353
 20
-232.5781105149961
 30
0.0
  0
VERTEX
  5
39E
  8
DEFAULT
 10
1391.298558409591
 20
-232.5609127272344
 30
0.0
  0
VERTEX
  5
39F
  8
DEFAULT
 10
1391.376824732204
 20
-232.5454290498472
 30
0.0
  0
VERTEX
  5
3A0
  8
DEFAULT
 10
1391.456738646408
 20
-232.5315929640508
 30
0.0
  0
VERTEX
  5
3A1
  8
DEFAULT
 10
1391.538229341884
 20
-232.5193336595274
 30
0.0
  0
VERTEX
  5
3A2
  8
DEFAULT
 10
1391.621221716781
 20
-232.5085760344244
 30
0.0
  0
VERTEX
  5
3A3
  8
DEFAULT
 10
1391.705636377712
 20
-232.499240695355
 30
0.0
  0
VERTEX
  5
3A4
  8
DEFAULT
 10
1391.878393526455
 20
-232.4844978440977
 30
0.0
  0
VERTEX
  5
3A5
  8
DEFAULT
 10
1392.055779810329
 20
-232.4743841279722
 30
0.0
  0
VERTEX
  5
3A6
  8
DEFAULT
 10
1392.421212549587
 20
-232.46481686723
 30
0.0
  0
VERTEX
  5
3A7
  8
DEFAULT
 10
1392.794793482204
 20
-232.4633977998471
 30
0.0
  0
VERTEX
  5
3A8
  8
DEFAULT
 10
1415.903329501932
 20
-232.463397799847
 30
0.0
  0
VERTEX
  5
3A9
  8
DEFAULT
 10
1415.903329501932
 20
-272.036602113407
 30
0.0
  0
VERTEX
  5
3AA
  8
DEFAULT
 10
1392.794793482204
 20
-272.0366021134083
 30
0.0
  0
VERTEX
  5
3AB
  8
DEFAULT
 10
1392.421212549587
 20
-272.0351830460254
 30
0.0
  0
VERTEX
  5
3AC
  8
DEFAULT
 10
1392.055779810329
 20
-272.0256157852832
 30
0.0
  0
VERTEX
  5
3AD
  8
DEFAULT
 10
1391.878393526455
 20
-272.0155020691577
 30
0.0
  0
VERTEX
  5
3AE
  8
DEFAULT
 10
1391.705636377712
 20
-272.0007592179004
 30
0.0
  0
VERTEX
  5
3AF
  8
DEFAULT
 10
1391.621221716781
 20
-271.9914238788311
 30
0.0
  0
VERTEX
  5
3B0
  8
DEFAULT
 10
1391.538229341884
 20
-271.980666253728
 30
0.0
  0
VERTEX
  5
3B1
  8
DEFAULT
 10
1391.456738646408
 20
-271.9684069492046
 30
0.0
  0
VERTEX
  5
3B2
  8
DEFAULT
 10
1391.376824732204
 20
-271.9545708634082
 30
0.0
  0
VERTEX
  5
3B3
  8
DEFAULT
 10
1391.298558409591
 20
-271.939087186021
 30
0.0
  0
VERTEX
  5
3B4
  8
DEFAULT
 10
1391.222006197353
 20
-271.9218893982593
 30
0.0
  0
VERTEX
  5
3B5
  8
DEFAULT
 10
1391.147230322739
 20
-271.902915272874
 30
0.0
  0
VERTEX
  5
3B6
  8
DEFAULT
 10
1391.074288721462
 20
-271.8821068741503
 30
0.0
  0
VERTEX
  5
3B7
  8
DEFAULT
 10
1391.003235037704
 20
-271.8594105579081
 30
0.0
  0
VERTEX
  5
3B8
  8
DEFAULT
 10
1390.934118624111
 20
-271.8347769715014
 30
0.0
  0
VERTEX
  5
3B9
  8
DEFAULT
 10
1390.900301142862
 20
-271.821719452751
 30
0.0
  0
VERTEX
  5
3BA
  8
DEFAULT
 10
1390.866984541794
 20
-271.8081610538188
 30
0.0
  0
VERTEX
  5
3BB
  8
DEFAULT
 10
1390.834173782995
 20
-271.794096812618
 30
0.0
  0
VERTEX
  5
3BC
  8
DEFAULT
 10
1390.801873560329
 20
-271.7795220352831
 30
0.0
  0
VERTEX
  5
3BD
  8
DEFAULT
 10
1390.770088299443
 20
-271.764432296169
 30
0.0
  0
VERTEX
  5
3BE
  8
DEFAULT
 10
1390.738822157761
 20
-271.7488234378519
 30
0.0
  0
VERTEX
  5
3BF
  8
DEFAULT
 10
1390.708079024484
 20
-271.7326915711286
 30
0.0
  0
VERTEX
  5
3C0
  8
DEFAULT
 10
1390.677862520596
 20
-271.716033075017
 30
0.0
  0
VERTEX
  5
3C1
  8
DEFAULT
 10
1390.648175998857
 20
-271.6988445967557
 30
0.0
  0
VERTEX
  5
3C2
  8
DEFAULT
 10
1390.619022543808
 20
-271.6811230518045
 30
0.0
  0
VERTEX
  5
3C3
  8
DEFAULT
 10
1390.590404971768
 20
-271.6628656238439
 30
0.0
  0
VERTEX
  5
3C4
  8
DEFAULT
 10
1390.562325830837
 20
-271.6440697647753
 30
0.0
  0
VERTEX
  5
3C5
  8
DEFAULT
 10
1390.534787400892
 20
-271.624733194721
 30
0.0
  0
VERTEX
  5
3C6
  8
DEFAULT
 10
1390.507791693588
 20
-271.6048539020243
 30
0.0
  0
VERTEX
  5
3C7
  8
DEFAULT
 10
1390.481340452363
 20
-271.5844301432493
 30
0.0
  0
VERTEX
  5
3C8
  8
DEFAULT
 10
1390.455435152431
 20
-271.563460443181
 30
0.0
  0
VERTEX
  5
3C9
  8
DEFAULT
 10
1390.430077000787
 20
-271.5419435948255
 30
0.0
  0
VERTEX
  5
3CA
  8
DEFAULT
 10
1390.405266936203
 20
-271.5198786594095
 30
0.0
  0
VERTEX
  5
3CB
  8
DEFAULT
 10
1390.381005629231
 20
-271.4972649663808
 30
0.0
  0
VERTEX
  5
3CC
  8
DEFAULT
 10
1390.357293482204
 20
-271.4741021134081
 30
0.0
  0
VERTEX
  5
3CD
  8
DEFAULT
 10
1390.334130629231
 20
-271.4503899663808
 30
0.0
  0
VERTEX
  5
3CE
  8
DEFAULT
 10
1390.311516936203
 20
-271.4261286594095
 30
0.0
  0
VERTEX
  5
3CF
  8
DEFAULT
 10
1390.289452000787
 20
-271.4013185948255
 30
0.0
  0
VERTEX
  5
3D0
  8
DEFAULT
 10
1390.267935152431
 20
-271.375960443181
 30
0.0
  0
VERTEX
  5
3D1
  8
DEFAULT
 10
1390.246965452363
 20
-271.3500551432493
 30
0.0
  0
VERTEX
  5
3D2
  8
DEFAULT
 10
1390.226541693588
 20
-271.3236039020243
 30
0.0
  0
VERTEX
  5
3D3
  8
DEFAULT
 10
1390.206662400891
 20
-271.296608194721
 30
0.0
  0
VERTEX
  5
3D4
  8
DEFAULT
 10
1390.187325830837
 20
-271.2690697647753
 30
0.0
  0
VERTEX
  5
3D5
  8
DEFAULT
 10
1390.168529971768
 20
-271.2409906238439
 30
0.0
  0
VERTEX
  5
3D6
  8
DEFAULT
 10
1390.150272543807
 20
-271.2123730518045
 30
0.0
  0
VERTEX
  5
3D7
  8
DEFAULT
 10
1390.132550998856
 20
-271.1832195967556
 30
0.0
  0
VERTEX
  5
3D8
  8
DEFAULT
 10
1390.115362520595
 20
-271.1535330750169
 30
0.0
  0
VERTEX
  5
3D9
  8
DEFAULT
 10
1390.098704024483
 20
-271.1233165711285
 30
0.0
  0
VERTEX
  5
3DA
  8
DEFAULT
 10
1390.08257215776
 20
-271.0925734378518
 30
0.0
  0
VERTEX
  5
3DB
  8
DEFAULT
 10
1390.066963299443
 20
-271.0613072961689
 30
0.0
  0
VERTEX
  5
3DC
  8
DEFAULT
 10
1390.051873560329
 20
-271.029522035283
 30
0.0
  0
VERTEX
  5
3DD
  8
DEFAULT
 10
1390.037298782994
 20
-270.9972218126179
 30
0.0
  0
VERTEX
  5
3DE
  8
DEFAULT
 10
1390.023234541793
 20
-270.9644110538186
 30
0.0
  0
VERTEX
  5
3DF
  8
DEFAULT
 10
1390.009676142861
 20
-270.9310944527508
 30
0.0
  0
VERTEX
  5
3E0
  8
DEFAULT
 10
1389.996618624111
 20
-270.8972769715012
 30
0.0
  0
VERTEX
  5
3E1
  8
DEFAULT
 10
1389.971985037704
 20
-270.8281605579079
 30
0.0
  0
VERTEX
  5
3E2
  8
DEFAULT
 10
1389.949288721461
 20
-270.7571068741502
 30
0.0
  0
VERTEX
  5
3E3
  8
DEFAULT
 10
1389.928480322738
 20
-270.6841652728738
 30
0.0
  0
VERTEX
  5
3E4
  8
DEFAULT
 10
1389.909506197353
 20
-270.6093893982589
 30
0.0
  0
VERTEX
  5
3E5
  8
DEFAULT
 10
1389.892308409591
 20
-270.5328371860206
 30
0.0
  0
VERTEX
  5
3E6
  8
DEFAULT
 10
1389.876824732204
 20
-270.4545708634079
 30
0.0
  0
VERTEX
  5
3E7
  8
DEFAULT
 10
1389.862988646407
 20
-270.3746569492043
 30
0.0
  0
VERTEX
  5
3E8
  8
DEFAULT
 10
1389.850729341884
 20
-270.2931662537277
 30
0.0
  0
VERTEX
  5
3E9
  8
DEFAULT
 10
1389.839971716781
 20
-270.2101738788307
 30
0.0
  0
VERTEX
  5
3EA
  8
DEFAULT
 10
1389.830636377711
 20
-270.1257592179001
 30
0.0
  0
VERTEX
  5
3EB
  8
DEFAULT
 10
1389.815893526454
 20
-269.9530020691574
 30
0.0
  0
VERTEX
  5
3EC
  8
DEFAULT
 10
1389.805779810328
 20
-269.7756157852829
 30
0.0
  0
VERTEX
  5
3ED
  8
DEFAULT
 10
1389.796212549586
 20
-269.4101830460251
 30
0.0
  0
VERTEX
  5
3EE
  8
DEFAULT
 10
1389.794793482203
 20
-269.0366021134078
 30
0.0
  0
VERTEX
  5
3EF
  8
DEFAULT
 10
1389.794793482205
 20
-265.3718302414479
 30
0.0
  0
VERTEX
  5
3F0
  8
DEFAULT
 10
1389.796212549587
 20
-264.9982493088307
 30
0.0
  0
VERTEX
  5
3F1
  8
DEFAULT
 10
1389.80577981033
 20
-264.6328165695729
 30
0.0
  0
VERTEX
  5
3F2
  8
DEFAULT
 10
1389.815893526455
 20
-264.4554302856984
 30
0.0
  0
VERTEX
  5
3F3
  8
DEFAULT
 10
1389.830636377712
 20
-264.2826731369558
 30
0.0
  0
VERTEX
  5
3F4
  8
DEFAULT
 10
1389.839971716782
 20
-264.1982584760251
 30
0.0
  0
VERTEX
  5
3F5
  8
DEFAULT
 10
1389.850729341885
 20
-264.1152661011282
 30
0.0
  0
VERTEX
  5
3F6
  8
DEFAULT
 10
1389.862988646408
 20
-264.0337754056517
 30
0.0
  0
VERTEX
  5
3F7
  8
DEFAULT
 10
1389.876824732205
 20
-263.953861491448
 30
0.0
  0
VERTEX
  5
3F8
  8
DEFAULT
 10
1389.892308409592
 20
-263.8755951688353
 30
0.0
  0
VERTEX
  5
3F9
  8
DEFAULT
 10
1389.909506197353
 20
-263.799042956597
 30
0.0
  0
VERTEX
  5
3FA
  8
DEFAULT
 10
1389.928480322739
 20
-263.7242670819822
 30
0.0
  0
VERTEX
  5
3FB
  8
DEFAULT
 10
1389.949288721462
 20
-263.6513254807059
 30
0.0
  0
VERTEX
  5
3FC
  8
DEFAULT
 10
1389.971985037705
 20
-263.5802717969481
 30
0.0
  0
VERTEX
  5
3FD
  8
DEFAULT
 10
1389.996618624111
 20
-263.5111553833548
 30
0.0
  0
VERTEX
  5
3FE
  8
DEFAULT
 10
1390.009676142862
 20
-263.4773379021052
 30
0.0
  0
VERTEX
  5
3FF
  8
DEFAULT
 10
1390.023234541794
 20
-263.4440213010374
 30
0.0
  0
VERTEX
  5
400
  8
DEFAULT
 10
1390.037298782994
 20
-263.4112105422381
 30
0.0
  0
VERTEX
  5
401
  8
DEFAULT
 10
1390.051873560329
 20
-263.378910319573
 30
0.0
  0
VERTEX
  5
402
  8
DEFAULT
 10
1390.066963299444
 20
-263.3471250586871
 30
0.0
  0
VERTEX
  5
403
  8
DEFAULT
 10
1390.082572157761
 20
-263.3158589170042
 30
0.0
  0
VERTEX
  5
404
  8
DEFAULT
 10
1390.098704024484
 20
-263.2851157837275
 30
0.0
  0
VERTEX
  5
405
  8
DEFAULT
 10
1390.115362520595
 20
-263.2548992798392
 30
0.0
  0
VERTEX
  5
406
  8
DEFAULT
 10
1390.132550998856
 20
-263.2252127581004
 30
0.0
  0
VERTEX
  5
407
  8
DEFAULT
 10
1390.150272543808
 20
-263.1960593030516
 30
0.0
  0
VERTEX
  5
408
  8
DEFAULT
 10
1390.168529971768
 20
-263.1674417310122
 30
0.0
  0
VERTEX
  5
409
  8
DEFAULT
 10
1390.187325830837
 20
-263.1393625900809
 30
0.0
  0
VERTEX
  5
40A
  8
DEFAULT
 10
1390.206662400891
 20
-263.1118241601351
 30
0.0
  0
VERTEX
  5
40B
  8
DEFAULT
 10
1390.226541693588
 20
-263.0848284528319
 30
0.0
  0
VERTEX
  5
40C
  8
DEFAULT
 10
1390.246965452363
 20
-263.0583772116069
 30
0.0
  0
VERTEX
  5
40D
  8
DEFAULT
 10
1390.267935152431
 20
-263.0324719116751
 30
0.0
  0
VERTEX
  5
40E
  8
DEFAULT
 10
1390.289452000787
 20
-263.0071137600306
 30
0.0
  0
VERTEX
  5
40F
  8
DEFAULT
 10
1390.311516936203
 20
-262.9823036954466
 30
0.0
  0
VERTEX
  5
410
  8
DEFAULT
 10
1390.334130629232
 20
-262.9580423884753
 30
0.0
  0
VERTEX
  5
411
  8
DEFAULT
 10
1390.357293482204
 20
-262.934330241448
 30
0.0
  0
VERTEX
  5
412
  8
DEFAULT
 10
1390.381005629232
 20
-262.9111673884753
 30
0.0
  0
VERTEX
  5
413
  8
DEFAULT
 10
1390.405266936203
 20
-262.8885536954466
 30
0.0
  0
VERTEX
  5
414
  8
DEFAULT
 10
1390.430077000787
 20
-262.8664887600306
 30
0.0
  0
VERTEX
  5
415
  8
DEFAULT
 10
1390.455435152431
 20
-262.8449719116751
 30
0.0
  0
VERTEX
  5
416
  8
DEFAULT
 10
1390.481340452363
 20
-262.8240022116069
 30
0.0
  0
VERTEX
  5
417
  8
DEFAULT
 10
1390.507791693588
 20
-262.8035784528319
 30
0.0
  0
VERTEX
  5
418
  8
DEFAULT
 10
1390.534787400892
 20
-262.7836991601351
 30
0.0
  0
VERTEX
  5
419
  8
DEFAULT
 10
1390.562325830837
 20
-262.7643625900809
 30
0.0
  0
VERTEX
  5
41A
  8
DEFAULT
 10
1390.590404971769
 20
-262.7455667310122
 30
0.0
  0
VERTEX
  5
41B
  8
DEFAULT
 10
1390.619022543808
 20
-262.7273093030516
 30
0.0
  0
VERTEX
  5
41C
  8
DEFAULT
 10
1390.648175998856
 20
-262.7095877581004
 30
0.0
  0
VERTEX
  5
41D
  8
DEFAULT
 10
1390.677862520595
 20
-262.6923992798392
 30
0.0
  0
VERTEX
  5
41E
  8
DEFAULT
 10
1390.708079024484
 20
-262.6757407837275
 30
0.0
  0
VERTEX
  5
41F
  8
DEFAULT
 10
1390.73882215776
 20
-262.6596089170042
 30
0.0
  0
VERTEX
  5
420
  8
DEFAULT
 10
1390.770088299443
 20
-262.6440000586871
 30
0.0
  0
VERTEX
  5
421
  8
DEFAULT
 10
1390.801873560329
 20
-262.6289103195731
 30
0.0
  0
VERTEX
  5
422
  8
DEFAULT
 10
1390.834173782994
 20
-262.6143355422382
 30
0.0
  0
VERTEX
  5
423
  8
DEFAULT
 10
1390.866984541793
 20
-262.6002713010375
 30
0.0
  0
VERTEX
  5
424
  8
DEFAULT
 10
1390.900301142861
 20
-262.5867129021053
 30
0.0
  0
VERTEX
  5
425
  8
DEFAULT
 10
1390.934118624111
 20
-262.5736553833548
 30
0.0
  0
VERTEX
  5
426
  8
DEFAULT
 10
1391.003235037704
 20
-262.5490217969482
 30
0.0
  0
VERTEX
  5
427
  8
DEFAULT
 10
1391.074288721462
 20
-262.526325480706
 30
0.0
  0
VERTEX
  5
428
  8
DEFAULT
 10
1391.147230322738
 20
-262.5055170819824
 30
0.0
  0
VERTEX
  5
429
  8
DEFAULT
 10
1391.222006197353
 20
-262.4865429565971
 30
0.0
  0
VERTEX
  5
42A
  8
DEFAULT
 10
1391.298558409591
 20
-262.4693451688354
 30
0.0
  0
VERTEX
  5
42B
  8
DEFAULT
 10
1391.376824732204
 20
-262.4538614914482
 30
0.0
  0
VERTEX
  5
42C
  8
DEFAULT
 10
1391.456738646408
 20
-262.4400254056518
 30
0.0
  0
VERTEX
  5
42D
  8
DEFAULT
 10
1391.538229341884
 20
-262.4277661011283
 30
0.0
  0
VERTEX
  5
42E
  8
DEFAULT
 10
1391.621221716781
 20
-262.4170084760253
 30
0.0
  0
VERTEX
  5
42F
  8
DEFAULT
 10
1391.705636377712
 20
-262.407673136956
 30
0.0
  0
VERTEX
  5
430
  8
DEFAULT
 10
1391.878393526455
 20
-262.3929302856986
 30
0.0
  0
VERTEX
  5
431
  8
DEFAULT
 10
1392.055779810329
 20
-262.3828165695732
 30
0.0
  0
VERTEX
  5
432
  8
DEFAULT
 10
1392.421212549587
 20
-262.373249308831
 30
0.0
  0
VERTEX
  5
433
  8
DEFAULT
 10
1392.794793482204
 20
-262.3718302414482
 30
0.0
  0
VERTEX
  5
434
  8
DEFAULT
 10
1400.906178745465
 20
-262.3718302414471
 30
0.0
  0
SEQEND
  5
435
  8
DEFAULT
  0
CIRCLE
  5
436
  8
DEFAULT
 10
1409.904754123698
 20
-268.3718302414472
 30
0.0
 40
1.499999999999773
  0
POLYLINE
  5
437
  8
DEFAULT
 66
     1
 10
0.0
 20
0.0
 30
0.0
 70
     1
  0
VERTEX
  5
438
  8
DEFAULT
 10
1396.335694278237
 20
-236.6782693782691
 30
0.0
 42
6.51464379250305
  0
VERTEX
  5
439
  8
DEFAULT
 10
1396.335694278236
 20
-237.5780699653448
 30
0.0
  0
SEQEND
  5
43A
  8
DEFAULT
  0
CIRCLE
  5
43B
  8
DEFAULT
 10
-1182.803329501931
 20
-254.463601334076
 30
0.0
 40
85.5363986659238
210
0.0
220
0.0
230
-1.0
  0
CIRCLE
  5
43C
  8
DEFAULT
 10
1277.998575378234
 20
-236.128169671807
 30
0.0
 40
1.5
  0
POLYLINE
  5
43D
  8
DEFAULT
 66
     1
 10
0.0
 20
0.0
 30
0.0
 70
     1
  0
VERTEX
  5
43E
  8
DEFAULT
 10
1294.498575378235
 20
-267.3718302414482
 30
0.0
 42
0.8582122497022058
  0
VERTEX
  5
43F
  8
DEFAULT
 10
1291.567635223695
 20
-266.9219299479103
 30
0.0
  0
VERTEX
  5
440
  8
DEFAULT
 10
1291.567635223694
 20
-267.8217305349851
 30
0.0
 42
0.8582122497019704
  0
SEQEND
  5
441
  8
DEFAULT
  0
POLYLINE
  5
442
  8
DEFAULT
 66
     1
 10
0.0
 20
0.0
 30
0.0
 70
     1
  0
VERTEX
  5
443
  8
DEFAULT
 10
1286.997150756467
 20
-242.1281696718071
 30
0.0
  0
VERTEX
  5
444
  8
DEFAULT
 10
1295.108536019728
 20
-242.1281696718071
 30
0.0
  0
VERTEX
  5
445
  8
DEFAULT
 10
1295.482116952345
 20
-242.1267506044244
 30
0.0
  0
VERTEX
  5
446
  8
DEFAULT
 10
1295.847549691603
 20
-242.1171833436822
 30
0.0
  0
VERTEX
  5
447
  8
DEFAULT
 10
1296.024935975478
 20
-242.1070696275567
 30
0.0
  0
VERTEX
  5
448
  8
DEFAULT
 10
1296.19769312422
 20
-242.0923267762994
 30
0.0
  0
VERTEX
  5
449
  8
DEFAULT
 10
1296.282107785151
 20
-242.0829914372301
 30
0.0
  0
VERTEX
  5
44A
  8
DEFAULT
 10
1296.365100160048
 20
-242.0722338121271
 30
0.0
  0
VERTEX
  5
44B
  8
DEFAULT
 10
1296.446590855524
 20
-242.0599745076036
 30
0.0
  0
VERTEX
  5
44C
  8
DEFAULT
 10
1296.526504769728
 20
-242.0461384218073
 30
0.0
  0
VERTEX
  5
44D
  8
DEFAULT
 10
1296.604771092341
 20
-242.0306547444201
 30
0.0
  0
VERTEX
  5
44E
  8
DEFAULT
 10
1296.681323304579
 20
-242.0134569566584
 30
0.0
  0
VERTEX
  5
44F
  8
DEFAULT
 10
1296.756099179193
 20
-241.9944828312731
 30
0.0
  0
VERTEX
  5
450
  8
DEFAULT
 10
1296.82904078047
 20
-241.9736744325495
 30
0.0
  0
VERTEX
  5
451
  8
DEFAULT
 10
1296.900094464228
 20
-241.9509781163073
 30
0.0
  0
VERTEX
  5
452
  8
DEFAULT
 10
1296.969210877821
 20
-241.9263445299006
 30
0.0
  0
VERTEX
  5
453
  8
DEFAULT
 10
1297.00302835907
 20
-241.9132870111501
 30
0.0
  0
VERTEX
  5
454
  8
DEFAULT
 10
1297.036344960138
 20
-241.8997286122179
 30
0.0
  0
VERTEX
  5
455
  8
DEFAULT
 10
1297.069155718938
 20
-241.8856643710172
 30
0.0
  0
VERTEX
  5
456
  8
DEFAULT
 10
1297.101455941603
 20
-241.8710895936823
 30
0.0
  0
VERTEX
  5
457
  8
DEFAULT
 10
1297.133241202489
 20
-241.8559998545683
 30
0.0
  0
VERTEX
  5
458
  8
DEFAULT
 10
1297.164507344171
 20
-241.8403909962511
 30
0.0
  0
VERTEX
  5
459
  8
DEFAULT
 10
1297.195250477448
 20
-241.8242591295278
 30
0.0
  0
VERTEX
  5
45A
  8
DEFAULT
 10
1297.225466981336
 20
-241.8076006334162
 30
0.0
  0
VERTEX
  5
45B
  8
DEFAULT
 10
1297.255153503075
 20
-241.790412155155
 30
0.0
  0
VERTEX
  5
45C
  8
DEFAULT
 10
1297.284306958124
 20
-241.7726906102038
 30
0.0
  0
VERTEX
  5
45D
  8
DEFAULT
 10
1297.312924530163
 20
-241.7544331822432
 30
0.0
  0
VERTEX
  5
45E
  8
DEFAULT
 10
1297.341003671095
 20
-241.7356373231746
 30
0.0
  0
VERTEX
  5
45F
  8
DEFAULT
 10
1297.36854210104
 20
-241.7163007531203
 30
0.0
  0
VERTEX
  5
460
  8
DEFAULT
 10
1297.395537808344
 20
-241.6964214604236
 30
0.0
  0
VERTEX
  5
461
  8
DEFAULT
 10
1297.421989049569
 20
-241.6759977016486
 30
0.0
  0
VERTEX
  5
462
  8
DEFAULT
 10
1297.447894349501
 20
-241.6550280015803
 30
0.0
  0
VERTEX
  5
463
  8
DEFAULT
 10
1297.473252501145
 20
-241.6335111532248
 30
0.0
  0
VERTEX
  5
464
  8
DEFAULT
 10
1297.498062565729
 20
-241.6114462178088
 30
0.0
  0
VERTEX
  5
465
  8
DEFAULT
 10
1297.5223238727
 20
-241.5888325247801
 30
0.0
  0
VERTEX
  5
466
  8
DEFAULT
 10
1297.546036019728
 20
-241.5656696718074
 30
0.0
  0
VERTEX
  5
467
  8
DEFAULT
 10
1297.5691988727
 20
-241.5419575247801
 30
0.0
  0
VERTEX
  5
468
  8
DEFAULT
 10
1297.591812565729
 20
-241.5176962178088
 30
0.0
  0
VERTEX
  5
469
  8
DEFAULT
 10
1297.613877501145
 20
-241.4928861532248
 30
0.0
  0
VERTEX
  5
46A
  8
DEFAULT
 10
1297.635394349501
 20
-241.4675280015803
 30
0.0
  0
VERTEX
  5
46B
  8
DEFAULT
 10
1297.656364049569
 20
-241.4416227016486
 30
0.0
  0
VERTEX
  5
46C
  8
DEFAULT
 10
1297.676787808344
 20
-241.4151714604236
 30
0.0
  0
VERTEX
  5
46D
  8
DEFAULT
 10
1297.69666710104
 20
-241.3881757531203
 30
0.0
  0
VERTEX
  5
46E
  8
DEFAULT
 10
1297.716003671095
 20
-241.3606373231746
 30
0.0
  0
VERTEX
  5
46F
  8
DEFAULT
 10
1297.734799530163
 20
-241.3325581822432
 30
0.0
  0
VERTEX
  5
470
  8
DEFAULT
 10
1297.753056958124
 20
-241.3039406102039
 30
0.0
  0
VERTEX
  5
471
  8
DEFAULT
 10
1297.770778503075
 20
-241.2747871551551
 30
0.0
  0
VERTEX
  5
472
  8
DEFAULT
 10
1297.787966981336
 20
-241.2451006334163
 30
0.0
  0
VERTEX
  5
473
  8
DEFAULT
 10
1297.804625477448
 20
-241.2148841295279
 30
0.0
  0
VERTEX
  5
474
  8
DEFAULT
 10
1297.820757344171
 20
-241.1841409962512
 30
0.0
  0
VERTEX
  5
475
  8
DEFAULT
 10
1297.836366202489
 20
-241.1528748545684
 30
0.0
  0
VERTEX
  5
476
  8
DEFAULT
 10
1297.851455941603
 20
-241.1210895936824
 30
0.0
  0
VERTEX
  5
477
  8
DEFAULT
 10
1297.866030718938
 20
-241.0887893710174
 30
0.0
  0
VERTEX
  5
478
  8
DEFAULT
 10
1297.880094960138
 20
-241.055978612218
 30
0.0
  0
VERTEX
  5
479
  8
DEFAULT
 10
1297.89365335907
 20
-241.0226620111503
 30
0.0
  0
VERTEX
  5
47A
  8
DEFAULT
 10
1297.906710877821
 20
-240.9888445299007
 30
0.0
  0
VERTEX
  5
47B
  8
DEFAULT
 10
1297.931344464228
 20
-240.9197281163075
 30
0.0
  0
VERTEX
  5
47C
  8
DEFAULT
 10
1297.95404078047
 20
-240.8486744325497
 30
0.0
  0
VERTEX
  5
47D
  8
DEFAULT
 10
1297.974849179193
 20
-240.7757328312733
 30
0.0
  0
VERTEX
  5
47E
  8
DEFAULT
 10
1297.993823304579
 20
-240.7009569566586
 30
0.0
  0
VERTEX
  5
47F
  8
DEFAULT
 10
1298.01102109234
 20
-240.6244047444203
 30
0.0
  0
VERTEX
  5
480
  8
DEFAULT
 10
1298.026504769728
 20
-240.5461384218075
 30
0.0
  0
VERTEX
  5
481
  8
DEFAULT
 10
1298.040340855524
 20
-240.4662245076038
 30
0.0
  0
VERTEX
  5
482
  8
DEFAULT
 10
1298.052600160047
 20
-240.3847338121273
 30
0.0
  0
VERTEX
  5
483
  8
DEFAULT
 10
1298.06335778515
 20
-240.3017414372303
 30
0.0
  0
VERTEX
  5
484
  8
DEFAULT
 10
1298.07269312422
 20
-240.2173267762997
 30
0.0
  0
VERTEX
  5
485
  8
DEFAULT
 10
1298.087435975477
 20
-240.044569627557
 30
0.0
  0
VERTEX
  5
486
  8
DEFAULT
 10
1298.097549691603
 20
-239.8671833436825
 30
0.0
  0
VERTEX
  5
487
  8
DEFAULT
 10
1298.107116952345
 20
-239.5017506044248
 30
0.0
  0
VERTEX
  5
488
  8
DEFAULT
 10
1298.108536019728
 20
-239.1281696718076
 30
0.0
  0
VERTEX
  5
489
  8
DEFAULT
 10
1298.108536019728
 20
-235.4633977998475
 30
0.0
  0
VERTEX
  5
48A
  8
DEFAULT
 10
1298.107116952346
 20
-235.0898168672303
 30
0.0
  0
VERTEX
  5
48B
  8
DEFAULT
 10
1298.097549691603
 20
-234.7243841279724
 30
0.0
  0
VERTEX
  5
48C
  8
DEFAULT
 10
1298.087435975478
 20
-234.5469978440979
 30
0.0
  0
VERTEX
  5
48D
  8
DEFAULT
 10
1298.072693124221
 20
-234.3742406953552
 30
0.0
  0
VERTEX
  5
48E
  8
DEFAULT
 10
1298.063357785151
 20
-234.2898260344246
 30
0.0
  0
VERTEX
  5
48F
  8
DEFAULT
 10
1298.052600160048
 20
-234.2068336595276
 30
0.0
  0
VERTEX
  5
490
  8
DEFAULT
 10
1298.040340855525
 20
-234.125342964051
 30
0.0
  0
VERTEX
  5
491
  8
DEFAULT
 10
1298.026504769728
 20
-234.0454290498474
 30
0.0
  0
VERTEX
  5
492
  8
DEFAULT
 10
1298.011021092341
 20
-233.9671627272346
 30
0.0
  0
VERTEX
  5
493
  8
DEFAULT
 10
1297.99382330458
 20
-233.8906105149963
 30
0.0
  0
VERTEX
  5
494
  8
DEFAULT
 10
1297.974849179194
 20
-233.8158346403816
 30
0.0
  0
VERTEX
  5
495
  8
DEFAULT
 10
1297.954040780471
 20
-233.7428930391052
 30
0.0
  0
VERTEX
  5
496
  8
DEFAULT
 10
1297.931344464228
 20
-233.6718393553473
 30
0.0
  0
VERTEX
  5
497
  8
DEFAULT
 10
1297.906710877822
 20
-233.6027229417541
 30
0.0
  0
VERTEX
  5
498
  8
DEFAULT
 10
1297.893653359071
 20
-233.5689054605045
 30
0.0
  0
VERTEX
  5
499
  8
DEFAULT
 10
1297.880094960139
 20
-233.5355888594367
 30
0.0
  0
VERTEX
  5
49A
  8
DEFAULT
 10
1297.866030718938
 20
-233.5027781006374
 30
0.0
  0
VERTEX
  5
49B
  8
DEFAULT
 10
1297.851455941603
 20
-233.4704778779723
 30
0.0
  0
VERTEX
  5
49C
  8
DEFAULT
 10
1297.836366202489
 20
-233.4386926170864
 30
0.0
  0
VERTEX
  5
49D
  8
DEFAULT
 10
1297.820757344172
 20
-233.4074264754035
 30
0.0
  0
VERTEX
  5
49E
  8
DEFAULT
 10
1297.804625477449
 20
-233.3766833421268
 30
0.0
  0
VERTEX
  5
49F
  8
DEFAULT
 10
1297.787966981337
 20
-233.3464668382384
 30
0.0
  0
VERTEX
  5
4A0
  8
DEFAULT
 10
1297.770778503076
 20
-233.3167803164997
 30
0.0
  0
VERTEX
  5
4A1
  8
DEFAULT
 10
1297.753056958124
 20
-233.2876268614509
 30
0.0
  0
VERTEX
  5
4A2
  8
DEFAULT
 10
1297.734799530164
 20
-233.2590092894115
 30
0.0
  0
VERTEX
  5
4A3
  8
DEFAULT
 10
1297.716003671095
 20
-233.2309301484801
 30
0.0
  0
VERTEX
  5
4A4
  8
DEFAULT
 10
1297.696667101041
 20
-233.2033917185344
 30
0.0
  0
VERTEX
  5
4A5
  8
DEFAULT
 10
1297.676787808344
 20
-233.1763960112311
 30
0.0
  0
VERTEX
  5
4A6
  8
DEFAULT
 10
1297.656364049569
 20
-233.1499447700061
 30
0.0
  0
VERTEX
  5
4A7
  8
DEFAULT
 10
1297.635394349501
 20
-233.1240394700744
 30
0.0
  0
VERTEX
  5
4A8
  8
DEFAULT
 10
1297.613877501145
 20
-233.0986813184299
 30
0.0
  0
VERTEX
  5
4A9
  8
DEFAULT
 10
1297.591812565729
 20
-233.0738712538458
 30
0.0
  0
VERTEX
  5
4AA
  8
DEFAULT
 10
1297.569198872701
 20
-233.0496099468745
 30
0.0
  0
VERTEX
  5
4AB
  8
DEFAULT
 10
1297.546036019728
 20
-233.0258977998473
 30
0.0
  0
VERTEX
  5
4AC
  8
DEFAULT
 10
1297.522323872701
 20
-233.0027349468746
 30
0.0
  0
VERTEX
  5
4AD
  8
DEFAULT
 10
1297.498062565729
 20
-232.9801212538459
 30
0.0
  0
VERTEX
  5
4AE
  8
DEFAULT
 10
1297.473252501145
 20
-232.9580563184299
 30
0.0
  0
VERTEX
  5
4AF
  8
DEFAULT
 10
1297.447894349501
 20
-232.9365394700743
 30
0.0
  0
VERTEX
  5
4B0
  8
DEFAULT
 10
1297.421989049569
 20
-232.9155697700061
 30
0.0
  0
VERTEX
  5
4B1
  8
DEFAULT
 10
1297.395537808344
 20
-232.8951460112311
 30
0.0
  0
VERTEX
  5
4B2
  8
DEFAULT
 10
1297.36854210104
 20
-232.8752667185344
 30
0.0
  0
VERTEX
  5
4B3
  8
DEFAULT
 10
1297.341003671095
 20
-232.8559301484801
 30
0.0
  0
VERTEX
  5
4B4
  8
DEFAULT
 10
1297.312924530163
 20
-232.8371342894114
 30
0.0
  0
VERTEX
  5
4B5
  8
DEFAULT
 10
1297.284306958124
 20
-232.8188768614508
 30
0.0
  0
VERTEX
  5
4B6
  8
DEFAULT
 10
1297.255153503075
 20
-232.8011553164996
 30
0.0
  0
VERTEX
  5
4B7
  8
DEFAULT
 10
1297.225466981336
 20
-232.7839668382384
 30
0.0
  0
VERTEX
  5
4B8
  8
DEFAULT
 10
1297.195250477448
 20
-232.7673083421267
 30
0.0
  0
VERTEX
  5
4B9
  8
DEFAULT
 10
1297.164507344171
 20
-232.7511764754034
 30
0.0
  0
VERTEX
  5
4BA
  8
DEFAULT
 10
1297.133241202489
 20
-232.7355676170863
 30
0.0
  0
VERTEX
  5
4BB
  8
DEFAULT
 10
1297.101455941603
 20
-232.7204778779723
 30
0.0
  0
VERTEX
  5
4BC
  8
DEFAULT
 10
1297.069155718938
 20
-232.7059031006373
 30
0.0
  0
VERTEX
  5
4BD
  8
DEFAULT
 10
1297.036344960138
 20
-232.6918388594366
 30
0.0
  0
VERTEX
  5
4BE
  8
DEFAULT
 10
1297.00302835907
 20
-232.6782804605044
 30
0.0
  0
VERTEX
  5
4BF
  8
DEFAULT
 10
1296.969210877821
 20
-232.665222941754
 30
0.0
  0
VERTEX
  5
4C0
  8
DEFAULT
 10
1296.900094464228
 20
-232.6405893553473
 30
0.0
  0
VERTEX
  5
4C1
  8
DEFAULT
 10
1296.82904078047
 20
-232.617893039105
 30
0.0
  0
VERTEX
  5
4C2
  8
DEFAULT
 10
1296.756099179193
 20
-232.5970846403814
 30
0.0
  0
VERTEX
  5
4C3
  8
DEFAULT
 10
1296.681323304579
 20
-232.5781105149961
 30
0.0
  0
VERTEX
  5
4C4
  8
DEFAULT
 10
1296.60477109234
 20
-232.5609127272344
 30
0.0
  0
VERTEX
  5
4C5
  8
DEFAULT
 10
1296.526504769728
 20
-232.5454290498472
 30
0.0
  0
VERTEX
  5
4C6
  8
DEFAULT
 10
1296.446590855524
 20
-232.5315929640508
 30
0.0
  0
VERTEX
  5
4C7
  8
DEFAULT
 10
1296.365100160047
 20
-232.5193336595274
 30
0.0
  0
VERTEX
  5
4C8
  8
DEFAULT
 10
1296.28210778515
 20
-232.5085760344244
 30
0.0
  0
VERTEX
  5
4C9
  8
DEFAULT
 10
1296.19769312422
 20
-232.499240695355
 30
0.0
  0
VERTEX
  5
4CA
  8
DEFAULT
 10
1296.024935975477
 20
-232.4844978440977
 30
0.0
  0
VERTEX
  5
4CB
  8
DEFAULT
 10
1295.847549691603
 20
-232.4743841279722
 30
0.0
  0
VERTEX
  5
4CC
  8
DEFAULT
 10
1295.482116952345
 20
-232.46481686723
 30
0.0
  0
VERTEX
  5
4CD
  8
DEFAULT
 10
1295.108536019728
 20
-232.4633977998471
 30
0.0
  0
VERTEX
  5
4CE
  8
DEFAULT
 10
1272.0
 20
-232.463397799847
 30
0.0
  0
VERTEX
  5
4CF
  8
DEFAULT
 10
1272.0
 20
-272.036602113407
 30
0.0
  0
VERTEX
  5
4D0
  8
DEFAULT
 10
1295.108536019728
 20
-272.0366021134083
 30
0.0
  0
VERTEX
  5
4D1
  8
DEFAULT
 10
1295.482116952345
 20
-272.0351830460254
 30
0.0
  0
VERTEX
  5
4D2
  8
DEFAULT
 10
1295.847549691603
 20
-272.0256157852832
 30
0.0
  0
VERTEX
  5
4D3
  8
DEFAULT
 10
1296.024935975477
 20
-272.0155020691577
 30
0.0
  0
VERTEX
  5
4D4
  8
DEFAULT
 10
1296.19769312422
 20
-272.0007592179004
 30
0.0
  0
VERTEX
  5
4D5
  8
DEFAULT
 10
1296.28210778515
 20
-271.9914238788311
 30
0.0
  0
VERTEX
  5
4D6
  8
DEFAULT
 10
1296.365100160047
 20
-271.980666253728
 30
0.0
  0
VERTEX
  5
4D7
  8
DEFAULT
 10
1296.446590855524
 20
-271.9684069492046
 30
0.0
  0
VERTEX
  5
4D8
  8
DEFAULT
 10
1296.526504769727
 20
-271.9545708634082
 30
0.0
  0
VERTEX
  5
4D9
  8
DEFAULT
 10
1296.60477109234
 20
-271.939087186021
 30
0.0
  0
VERTEX
  5
4DA
  8
DEFAULT
 10
1296.681323304579
 20
-271.9218893982593
 30
0.0
  0
VERTEX
  5
4DB
  8
DEFAULT
 10
1296.756099179193
 20
-271.902915272874
 30
0.0
  0
VERTEX
  5
4DC
  8
DEFAULT
 10
1296.82904078047
 20
-271.8821068741503
 30
0.0
  0
VERTEX
  5
4DD
  8
DEFAULT
 10
1296.900094464227
 20
-271.8594105579081
 30
0.0
  0
VERTEX
  5
4DE
  8
DEFAULT
 10
1296.969210877821
 20
-271.8347769715014
 30
0.0
  0
VERTEX
  5
4DF
  8
DEFAULT
 10
1297.00302835907
 20
-271.821719452751
 30
0.0
  0
VERTEX
  5
4E0
  8
DEFAULT
 10
1297.036344960138
 20
-271.8081610538188
 30
0.0
  0
VERTEX
  5
4E1
  8
DEFAULT
 10
1297.069155718937
 20
-271.794096812618
 30
0.0
  0
VERTEX
  5
4E2
  8
DEFAULT
 10
1297.101455941602
 20
-271.7795220352831
 30
0.0
  0
VERTEX
  5
4E3
  8
DEFAULT
 10
1297.133241202488
 20
-271.764432296169
 30
0.0
  0
VERTEX
  5
4E4
  8
DEFAULT
 10
1297.164507344171
 20
-271.7488234378519
 30
0.0
  0
VERTEX
  5
4E5
  8
DEFAULT
 10
1297.195250477448
 20
-271.7326915711286
 30
0.0
  0
VERTEX
  5
4E6
  8
DEFAULT
 10
1297.225466981336
 20
-271.716033075017
 30
0.0
  0
VERTEX
  5
4E7
  8
DEFAULT
 10
1297.255153503075
 20
-271.6988445967557
 30
0.0
  0
VERTEX
  5
4E8
  8
DEFAULT
 10
1297.284306958124
 20
-271.6811230518045
 30
0.0
  0
VERTEX
  5
4E9
  8
DEFAULT
 10
1297.312924530163
 20
-271.6628656238439
 30
0.0
  0
VERTEX
  5
4EA
  8
DEFAULT
 10
1297.341003671095
 20
-271.6440697647753
 30
0.0
  0
VERTEX
  5
4EB
  8
DEFAULT
 10
1297.36854210104
 20
-271.624733194721
 30
0.0
  0
VERTEX
  5
4EC
  8
DEFAULT
 10
1297.395537808344
 20
-271.6048539020243
 30
0.0
  0
VERTEX
  5
4ED
  8
DEFAULT
 10
1297.421989049569
 20
-271.5844301432493
 30
0.0
  0
VERTEX
  5
4EE
  8
DEFAULT
 10
1297.447894349501
 20
-271.563460443181
 30
0.0
  0
VERTEX
  5
4EF
  8
DEFAULT
 10
1297.473252501145
 20
-271.5419435948255
 30
0.0
  0
VERTEX
  5
4F0
  8
DEFAULT
 10
1297.498062565729
 20
-271.5198786594095
 30
0.0
  0
VERTEX
  5
4F1
  8
DEFAULT
 10
1297.5223238727
 20
-271.4972649663808
 30
0.0
  0
VERTEX
  5
4F2
  8
DEFAULT
 10
1297.546036019728
 20
-271.4741021134081
 30
0.0
  0
VERTEX
  5
4F3
  8
DEFAULT
 10
1297.5691988727
 20
-271.4503899663808
 30
0.0
  0
VERTEX
  5
4F4
  8
DEFAULT
 10
1297.591812565729
 20
-271.4261286594095
 30
0.0
  0
VERTEX
  5
4F5
  8
DEFAULT
 10
1297.613877501145
 20
-271.4013185948255
 30
0.0
  0
VERTEX
  5
4F6
  8
DEFAULT
 10
1297.635394349501
 20
-271.375960443181
 30
0.0
  0
VERTEX
  5
4F7
  8
DEFAULT
 10
1297.656364049569
 20
-271.3500551432493
 30
0.0
  0
VERTEX
  5
4F8
  8
DEFAULT
 10
1297.676787808344
 20
-271.3236039020243
 30
0.0
  0
VERTEX
  5
4F9
  8
DEFAULT
 10
1297.696667101041
 20
-271.296608194721
 30
0.0
  0
VERTEX
  5
4FA
  8
DEFAULT
 10
1297.716003671095
 20
-271.2690697647753
 30
0.0
  0
VERTEX
  5
4FB
  8
DEFAULT
 10
1297.734799530164
 20
-271.2409906238439
 30
0.0
  0
VERTEX
  5
4FC
  8
DEFAULT
 10
1297.753056958124
 20
-271.2123730518045
 30
0.0
  0
VERTEX
  5
4FD
  8
DEFAULT
 10
1297.770778503076
 20
-271.1832195967556
 30
0.0
  0
VERTEX
  5
4FE
  8
DEFAULT
 10
1297.787966981337
 20
-271.1535330750169
 30
0.0
  0
VERTEX
  5
4FF
  8
DEFAULT
 10
1297.804625477449
 20
-271.1233165711285
 30
0.0
  0
VERTEX
  5
500
  8
DEFAULT
 10
1297.820757344172
 20
-271.0925734378518
 30
0.0
  0
VERTEX
  5
501
  8
DEFAULT
 10
1297.836366202489
 20
-271.0613072961689
 30
0.0
  0
VERTEX
  5
502
  8
DEFAULT
 10
1297.851455941603
 20
-271.029522035283
 30
0.0
  0
VERTEX
  5
503
  8
DEFAULT
 10
1297.866030718938
 20
-270.9972218126179
 30
0.0
  0
VERTEX
  5
504
  8
DEFAULT
 10
1297.880094960138
 20
-270.9644110538186
 30
0.0
  0
VERTEX
  5
505
  8
DEFAULT
 10
1297.893653359071
 20
-270.9310944527508
 30
0.0
  0
VERTEX
  5
506
  8
DEFAULT
 10
1297.906710877821
 20
-270.8972769715012
 30
0.0
  0
VERTEX
  5
507
  8
DEFAULT
 10
1297.931344464228
 20
-270.8281605579079
 30
0.0
  0
VERTEX
  5
508
  8
DEFAULT
 10
1297.95404078047
 20
-270.7571068741502
 30
0.0
  0
VERTEX
  5
509
  8
DEFAULT
 10
1297.974849179194
 20
-270.6841652728738
 30
0.0
  0
VERTEX
  5
50A
  8
DEFAULT
 10
1297.993823304579
 20
-270.6093893982589
 30
0.0
  0
VERTEX
  5
50B
  8
DEFAULT
 10
1298.011021092341
 20
-270.5328371860206
 30
0.0
  0
VERTEX
  5
50C
  8
DEFAULT
 10
1298.026504769728
 20
-270.4545708634079
 30
0.0
  0
VERTEX
  5
50D
  8
DEFAULT
 10
1298.040340855524
 20
-270.3746569492043
 30
0.0
  0
VERTEX
  5
50E
  8
DEFAULT
 10
1298.052600160048
 20
-270.2931662537277
 30
0.0
  0
VERTEX
  5
50F
  8
DEFAULT
 10
1298.063357785151
 20
-270.2101738788307
 30
0.0
  0
VERTEX
  5
510
  8
DEFAULT
 10
1298.07269312422
 20
-270.1257592179001
 30
0.0
  0
VERTEX
  5
511
  8
DEFAULT
 10
1298.087435975478
 20
-269.9530020691574
 30
0.0
  0
VERTEX
  5
512
  8
DEFAULT
 10
1298.097549691603
 20
-269.7756157852829
 30
0.0
  0
VERTEX
  5
513
  8
DEFAULT
 10
1298.107116952346
 20
-269.4101830460251
 30
0.0
  0
VERTEX
  5
514
  8
DEFAULT
 10
1298.108536019728
 20
-269.0366021134078
 30
0.0
  0
VERTEX
  5
515
  8
DEFAULT
 10
1298.108536019727
 20
-265.3718302414479
 30
0.0
  0
VERTEX
  5
516
  8
DEFAULT
 10
1298.107116952344
 20
-264.9982493088307
 30
0.0
  0
VERTEX
  5
517
  8
DEFAULT
 10
1298.097549691602
 20
-264.6328165695729
 30
0.0
  0
VERTEX
  5
518
  8
DEFAULT
 10
1298.087435975477
 20
-264.4554302856984
 30
0.0
  0
VERTEX
  5
519
  8
DEFAULT
 10
1298.072693124219
 20
-264.2826731369558
 30
0.0
  0
VERTEX
  5
51A
  8
DEFAULT
 10
1298.06335778515
 20
-264.1982584760251
 30
0.0
  0
VERTEX
  5
51B
  8
DEFAULT
 10
1298.052600160047
 20
-264.1152661011282
 30
0.0
  0
VERTEX
  5
51C
  8
DEFAULT
 10
1298.040340855523
 20
-264.0337754056517
 30
0.0
  0
VERTEX
  5
51D
  8
DEFAULT
 10
1298.026504769727
 20
-263.953861491448
 30
0.0
  0
VERTEX
  5
51E
  8
DEFAULT
 10
1298.01102109234
 20
-263.8755951688353
 30
0.0
  0
VERTEX
  5
51F
  8
DEFAULT
 10
1297.993823304578
 20
-263.799042956597
 30
0.0
  0
VERTEX
  5
520
  8
DEFAULT
 10
1297.974849179193
 20
-263.7242670819822
 30
0.0
  0
VERTEX
  5
521
  8
DEFAULT
 10
1297.954040780469
 20
-263.6513254807059
 30
0.0
  0
VERTEX
  5
522
  8
DEFAULT
 10
1297.931344464227
 20
-263.5802717969481
 30
0.0
  0
VERTEX
  5
523
  8
DEFAULT
 10
1297.90671087782
 20
-263.5111553833548
 30
0.0
  0
VERTEX
  5
524
  8
DEFAULT
 10
1297.89365335907
 20
-263.4773379021052
 30
0.0
  0
VERTEX
  5
525
  8
DEFAULT
 10
1297.880094960138
 20
-263.4440213010374
 30
0.0
  0
VERTEX
  5
526
  8
DEFAULT
 10
1297.866030718938
 20
-263.4112105422381
 30
0.0
  0
VERTEX
  5
527
  8
DEFAULT
 10
1297.851455941602
 20
-263.378910319573
 30
0.0
  0
VERTEX
  5
528
  8
DEFAULT
 10
1297.836366202488
 20
-263.3471250586871
 30
0.0
  0
VERTEX
  5
529
  8
DEFAULT
 10
1297.820757344171
 20
-263.3158589170042
 30
0.0
  0
VERTEX
  5
52A
  8
DEFAULT
 10
1297.804625477448
 20
-263.2851157837275
 30
0.0
  0
VERTEX
  5
52B
  8
DEFAULT
 10
1297.787966981336
 20
-263.2548992798392
 30
0.0
  0
VERTEX
  5
52C
  8
DEFAULT
 10
1297.770778503075
 20
-263.2252127581004
 30
0.0
  0
VERTEX
  5
52D
  8
DEFAULT
 10
1297.753056958124
 20
-263.1960593030516
 30
0.0
  0
VERTEX
  5
52E
  8
DEFAULT
 10
1297.734799530163
 20
-263.1674417310122
 30
0.0
  0
VERTEX
  5
52F
  8
DEFAULT
 10
1297.716003671095
 20
-263.1393625900809
 30
0.0
  0
VERTEX
  5
530
  8
DEFAULT
 10
1297.69666710104
 20
-263.1118241601351
 30
0.0
  0
VERTEX
  5
531
  8
DEFAULT
 10
1297.676787808344
 20
-263.0848284528319
 30
0.0
  0
VERTEX
  5
532
  8
DEFAULT
 10
1297.656364049569
 20
-263.0583772116069
 30
0.0
  0
VERTEX
  5
533
  8
DEFAULT
 10
1297.6353943495
 20
-263.0324719116751
 30
0.0
  0
VERTEX
  5
534
  8
DEFAULT
 10
1297.613877501145
 20
-263.0071137600306
 30
0.0
  0
VERTEX
  5
535
  8
DEFAULT
 10
1297.591812565729
 20
-262.9823036954466
 30
0.0
  0
VERTEX
  5
536
  8
DEFAULT
 10
1297.5691988727
 20
-262.9580423884753
 30
0.0
  0
VERTEX
  5
537
  8
DEFAULT
 10
1297.546036019727
 20
-262.934330241448
 30
0.0
  0
VERTEX
  5
538
  8
DEFAULT
 10
1297.5223238727
 20
-262.9111673884753
 30
0.0
  0
VERTEX
  5
539
  8
DEFAULT
 10
1297.498062565729
 20
-262.8885536954466
 30
0.0
  0
VERTEX
  5
53A
  8
DEFAULT
 10
1297.473252501145
 20
-262.8664887600306
 30
0.0
  0
VERTEX
  5
53B
  8
DEFAULT
 10
1297.4478943495
 20
-262.8449719116751
 30
0.0
  0
VERTEX
  5
53C
  8
DEFAULT
 10
1297.421989049568
 20
-262.8240022116069
 30
0.0
  0
VERTEX
  5
53D
  8
DEFAULT
 10
1297.395537808343
 20
-262.8035784528319
 30
0.0
  0
VERTEX
  5
53E
  8
DEFAULT
 10
1297.36854210104
 20
-262.7836991601351
 30
0.0
  0
VERTEX
  5
53F
  8
DEFAULT
 10
1297.341003671094
 20
-262.7643625900809
 30
0.0
  0
VERTEX
  5
540
  8
DEFAULT
 10
1297.312924530163
 20
-262.7455667310122
 30
0.0
  0
VERTEX
  5
541
  8
DEFAULT
 10
1297.284306958124
 20
-262.7273093030516
 30
0.0
  0
VERTEX
  5
542
  8
DEFAULT
 10
1297.255153503075
 20
-262.7095877581004
 30
0.0
  0
VERTEX
  5
543
  8
DEFAULT
 10
1297.225466981336
 20
-262.6923992798392
 30
0.0
  0
VERTEX
  5
544
  8
DEFAULT
 10
1297.195250477448
 20
-262.6757407837275
 30
0.0
  0
VERTEX
  5
545
  8
DEFAULT
 10
1297.164507344171
 20
-262.6596089170042
 30
0.0
  0
VERTEX
  5
546
  8
DEFAULT
 10
1297.133241202489
 20
-262.6440000586871
 30
0.0
  0
VERTEX
  5
547
  8
DEFAULT
 10
1297.101455941603
 20
-262.6289103195731
 30
0.0
  0
VERTEX
  5
548
  8
DEFAULT
 10
1297.069155718938
 20
-262.6143355422382
 30
0.0
  0
VERTEX
  5
549
  8
DEFAULT
 10
1297.036344960138
 20
-262.6002713010375
 30
0.0
  0
VERTEX
  5
54A
  8
DEFAULT
 10
1297.00302835907
 20
-262.5867129021053
 30
0.0
  0
VERTEX
  5
54B
  8
DEFAULT
 10
1296.969210877821
 20
-262.5736553833548
 30
0.0
  0
VERTEX
  5
54C
  8
DEFAULT
 10
1296.900094464228
 20
-262.5490217969482
 30
0.0
  0
VERTEX
  5
54D
  8
DEFAULT
 10
1296.82904078047
 20
-262.526325480706
 30
0.0
  0
VERTEX
  5
54E
  8
DEFAULT
 10
1296.756099179193
 20
-262.5055170819824
 30
0.0
  0
VERTEX
  5
54F
  8
DEFAULT
 10
1296.681323304579
 20
-262.4865429565971
 30
0.0
  0
VERTEX
  5
550
  8
DEFAULT
 10
1296.60477109234
 20
-262.4693451688354
 30
0.0
  0
VERTEX
  5
551
  8
DEFAULT
 10
1296.526504769728
 20
-262.4538614914482
 30
0.0
  0
VERTEX
  5
552
  8
DEFAULT
 10
1296.446590855524
 20
-262.4400254056518
 30
0.0
  0
VERTEX
  5
553
  8
DEFAULT
 10
1296.365100160047
 20
-262.4277661011283
 30
0.0
  0
VERTEX
  5
554
  8
DEFAULT
 10
1296.28210778515
 20
-262.4170084760253
 30
0.0
  0
VERTEX
  5
555
  8
DEFAULT
 10
1296.19769312422
 20
-262.407673136956
 30
0.0
  0
VERTEX
  5
556
  8
DEFAULT
 10
1296.024935975477
 20
-262.3929302856986
 30
0.0
  0
VERTEX
  5
557
  8
DEFAULT
 10
1295.847549691603
 20
-262.3828165695732
 30
0.0
  0
VERTEX
  5
558
  8
DEFAULT
 10
1295.482116952345
 20
-262.373249308831
 30
0.0
  0
VERTEX
  5
559
  8
DEFAULT
 10
1295.108536019728
 20
-262.3718302414482
 30
0.0
  0
VERTEX
  5
55A
  8
DEFAULT
 10
1286.997150756467
 20
-262.3718302414471
 30
0.0
  0
SEQEND
  5
55B
  8
DEFAULT
  0
CIRCLE
  5
55C
  8
DEFAULT
 10
-1277.998575378234
 20
-268.3718302414472
 30
0.0
 40
1.499999999999773
210
0.0
220
0.0
230
-1.0
  0
POLYLINE
  5
55D
  8
DEFAULT
 66
     1
 10
0.0
 20
0.0
 30
0.0
 70
     1
  0
VERTEX
  5
55E
  8
DEFAULT
 10
1291.567635223695
 20
-236.6782693782691
 30
0.0
 42
-6.514643792502413
  0
VERTEX
  5
55F
  8
DEFAULT
 10
1291.567635223695
 20
-237.5780699653451
 30
0.0
  0
SEQEND
  5
560
  8
DEFAULT
  0
CIRCLE
  5
561
  8
DEFAULT
 10
-1360.12183028482
 20
-95.99857537823459
 30
0.0
 40
1.500000000000092
210
0.0
220
0.0
230
-1.0
  0
CIRCLE
  5
562
  8
DEFAULT
 10
-1327.87816971518
 20
-95.99857537823414
 30
0.0
 40
1.499999999999978
210
0.0
220
0.0
230
-1.0
  0
POLYLINE
  5
563
  8
DEFAULT
 66
     1
 10
0.0
 20
0.0
 30
0.0
 70
     1
  0
VERTEX
  5
564
  8
DEFAULT
 10
1359.571730578358
 20
-109.5676352236952
 30
0.0
 42
-6.514643792500244
  0
VERTEX
  5
565
  8
DEFAULT
 10
1358.671929991282
 20
-109.5676352236953
 30
0.0
  0
SEQEND
  5
566
  8
DEFAULT
  0
POLYLINE
  5
567
  8
DEFAULT
 66
     1
 10
0.0
 20
0.0
 30
0.0
 70
     1
  0
VERTEX
  5
568
  8
DEFAULT
 10
1354.12183028482
 20
-104.9971507564673
 30
0.0
  0
VERTEX
  5
569
  8
DEFAULT
 10
1354.12183028482
 20
-113.1085360197281
 30
0.0
  0
VERTEX
  5
56A
  8
DEFAULT
 10
1354.123249352202
 20
-113.4821169523453
 30
0.0
  0
VERTEX
  5
56B
  8
DEFAULT
 10
1354.132816612945
 20
-113.8475496916031
 30
0.0
  0
VERTEX
  5
56C
  8
DEFAULT
 10
1354.14293032907
 20
-114.0249359754776
 30
0.0
  0
VERTEX
  5
56D
  8
DEFAULT
 10
1354.157673180327
 20
-114.1976931242203
 30
0.0
  0
VERTEX
  5
56E
  8
DEFAULT
 10
1354.167008519397
 20
-114.2821077851509
 30
0.0
  0
VERTEX
  5
56F
  8
DEFAULT
 10
1354.1777661445
 20
-114.3651001600479
 30
0.0
  0
VERTEX
  5
570
  8
DEFAULT
 10
1354.190025449023
 20
-114.4465908555244
 30
0.0
  0
VERTEX
  5
571
  8
DEFAULT
 10
1354.20386153482
 20
-114.526504769728
 30
0.0
  0
VERTEX
  5
572
  8
DEFAULT
 10
1354.219345212207
 20
-114.6047710923408
 30
0.0
  0
VERTEX
  5
573
  8
DEFAULT
 10
1354.236542999969
 20
-114.6813233045791
 30
0.0
  0
VERTEX
  5
574
  8
DEFAULT
 10
1354.255517125354
 20
-114.7560991791938
 30
0.0
  0
VERTEX
  5
575
  8
DEFAULT
 10
1354.276325524077
 20
-114.8290407804702
 30
0.0
  0
VERTEX
  5
576
  8
DEFAULT
 10
1354.29902184032
 20
-114.9000944642279
 30
0.0
  0
VERTEX
  5
577
  8
DEFAULT
 10
1354.323655426726
 20
-114.9692108778212
 30
0.0
  0
VERTEX
  5
578
  8
DEFAULT
 10
1354.336712945477
 20
-115.0030283590708
 30
0.0
  0
VERTEX
  5
579
  8
DEFAULT
 10
1354.350271344409
 20
-115.0363449601386
 30
0.0
  0
VERTEX
  5
57A
  8
DEFAULT
 10
1354.36433558561
 20
-115.0691557189379
 30
0.0
  0
VERTEX
  5
57B
  8
DEFAULT
 10
1354.378910362945
 20
-115.1014559416029
 30
0.0
  0
VERTEX
  5
57C
  8
DEFAULT
 10
1354.394000102059
 20
-115.1332412024889
 30
0.0
  0
VERTEX
  5
57D
  8
DEFAULT
 10
1354.409608960376
 20
-115.1645073441718
 30
0.0
  0
VERTEX
  5
57E
  8
DEFAULT
 10
1354.425740827099
 20
-115.1952504774485
 30
0.0
  0
VERTEX
  5
57F
  8
DEFAULT
 10
1354.442399323211
 20
-115.2254669813368
 30
0.0
  0
VERTEX
  5
580
  8
DEFAULT
 10
1354.459587801472
 20
-115.2551535030756
 30
0.0
  0
VERTEX
  5
581
  8
DEFAULT
 10
1354.477309346423
 20
-115.2843069581244
 30
0.0
  0
VERTEX
  5
582
  8
DEFAULT
 10
1354.495566774384
 20
-115.3129245301637
 30
0.0
  0
VERTEX
  5
583
  8
DEFAULT
 10
1354.514362633452
 20
-115.3410036710951
 30
0.0
  0
VERTEX
  5
584
  8
DEFAULT
 10
1354.533699203507
 20
-115.3685421010408
 30
0.0
  0
VERTEX
  5
585
  8
DEFAULT
 10
1354.553578496203
 20
-115.3955378083441
 30
0.0
  0
VERTEX
  5
586
  8
DEFAULT
 10
1354.574002254978
 20
-115.4219890495691
 30
0.0
  0
VERTEX
  5
587
  8
DEFAULT
 10
1354.594971955047
 20
-115.4478943495009
 30
0.0
  0
VERTEX
  5
588
  8
DEFAULT
 10
1354.616488803402
 20
-115.4732525011453
 30
0.0
  0
VERTEX
  5
589
  8
DEFAULT
 10
1354.638553738818
 20
-115.4980625657294
 30
0.0
  0
VERTEX
  5
58A
  8
DEFAULT
 10
1354.661167431847
 20
-115.5223238727007
 30
0.0
  0
VERTEX
  5
58B
  8
DEFAULT
 10
1354.68433028482
 20
-115.5460360197279
 30
0.0
  0
VERTEX
  5
58C
  8
DEFAULT
 10
1354.708042431847
 20
-115.5691988727007
 30
0.0
  0
VERTEX
  5
58D
  8
DEFAULT
 10
1354.732303738818
 20
-115.5918125657294
 30
0.0
  0
VERTEX
  5
58E
  8
DEFAULT
 10
1354.757113803402
 20
-115.6138775011453
 30
0.0
  0
VERTEX
  5
58F
  8
DEFAULT
 10
1354.782471955047
 20
-115.6353943495009
 30
0.0
  0
VERTEX
  5
590
  8
DEFAULT
 10
1354.808377254978
 20
-115.6563640495691
 30
0.0
  0
VERTEX
  5
591
  8
DEFAULT
 10
1354.834828496203
 20
-115.6767878083441
 30
0.0
  0
VERTEX
  5
592
  8
DEFAULT
 10
1354.861824203507
 20
-115.6966671010408
 30
0.0
  0
VERTEX
  5
593
  8
DEFAULT
 10
1354.889362633452
 20
-115.7160036710951
 30
0.0
  0
VERTEX
  5
594
  8
DEFAULT
 10
1354.917441774384
 20
-115.7347995301637
 30
0.0
  0
VERTEX
  5
595
  8
DEFAULT
 10
1354.946059346423
 20
-115.7530569581244
 30
0.0
  0
VERTEX
  5
596
  8
DEFAULT
 10
1354.975212801472
 20
-115.7707785030756
 30
0.0
  0
VERTEX
  5
597
  8
DEFAULT
 10
1355.004899323211
 20
-115.7879669813368
 30
0.0
  0
VERTEX
  5
598
  8
DEFAULT
 10
1355.035115827099
 20
-115.8046254774484
 30
0.0
  0
VERTEX
  5
599
  8
DEFAULT
 10
1355.065858960376
 20
-115.8207573441717
 30
0.0
  0
VERTEX
  5
59A
  8
DEFAULT
 10
1355.097125102059
 20
-115.8363662024889
 30
0.0
  0
VERTEX
  5
59B
  8
DEFAULT
 10
1355.128910362945
 20
-115.8514559416029
 30
0.0
  0
VERTEX
  5
59C
  8
DEFAULT
 10
1355.16121058561
 20
-115.8660307189378
 30
0.0
  0
VERTEX
  5
59D
  8
DEFAULT
 10
1355.194021344409
 20
-115.8800949601385
 30
0.0
  0
VERTEX
  5
59E
  8
DEFAULT
 10
1355.227337945477
 20
-115.8936533590707
 30
0.0
  0
VERTEX
  5
59F
  8
DEFAULT
 10
1355.261155426726
 20
-115.9067108778212
 30
0.0
  0
VERTEX
  5
5A0
  8
DEFAULT
 10
1355.33027184032
 20
-115.9313444642279
 30
0.0
  0
VERTEX
  5
5A1
  8
DEFAULT
 10
1355.401325524077
 20
-115.9540407804701
 30
0.0
  0
VERTEX
  5
5A2
  8
DEFAULT
 10
1355.474267125354
 20
-115.9748491791937
 30
0.0
  0
VERTEX
  5
5A3
  8
DEFAULT
 10
1355.549042999968
 20
-115.9938233045789
 30
0.0
  0
VERTEX
  5
5A4
  8
DEFAULT
 10
1355.625595212206
 20
-116.0110210923406
 30
0.0
  0
VERTEX
  5
5A5
  8
DEFAULT
 10
1355.703861534819
 20
-116.0265047697278
 30
0.0
  0
VERTEX
  5
5A6
  8
DEFAULT
 10
1355.783775449023
 20
-116.0403408555242
 30
0.0
  0
VERTEX
  5
5A7
  8
DEFAULT
 10
1355.865266144499
 20
-116.0526001600477
 30
0.0
  0
VERTEX
  5
5A8
  8
DEFAULT
 10
1355.948258519396
 20
-116.0633577851506
 30
0.0
  0
VERTEX
  5
5A9
  8
DEFAULT
 10
1356.032673180327
 20
-116.07269312422
 30
0.0
  0
VERTEX
  5
5AA
  8
DEFAULT
 10
1356.20543032907
 20
-116.0874359754773
 30
0.0
  0
VERTEX
  5
5AB
  8
DEFAULT
 10
1356.382816612944
 20
-116.0975496916028
 30
0.0
  0
VERTEX
  5
5AC
  8
DEFAULT
 10
1356.748249352202
 20
-116.1071169523449
 30
0.0
  0
VERTEX
  5
5AD
  8
DEFAULT
 10
1357.121830284819
 20
-116.1085360197278
 30
0.0
  0
VERTEX
  5
5AE
  8
DEFAULT
 10
1360.78660215678
 20
-116.1085360197288
 30
0.0
  0
VERTEX
  5
5AF
  8
DEFAULT
 10
1361.160183089397
 20
-116.1071169523459
 30
0.0
  0
VERTEX
  5
5B0
  8
DEFAULT
 10
1361.525615828655
 20
-116.0975496916037
 30
0.0
  0
VERTEX
  5
5B1
  8
DEFAULT
 10
1361.703002112529
 20
-116.0874359754782
 30
0.0
  0
VERTEX
  5
5B2
  8
DEFAULT
 10
1361.875759261272
 20
-116.0726931242208
 30
0.0
  0
VERTEX
  5
5B3
  8
DEFAULT
 10
1361.960173922203
 20
-116.0633577851515
 30
0.0
  0
VERTEX
  5
5B4
  8
DEFAULT
 10
1362.0431662971
 20
-116.0526001600484
 30
0.0
  0
VERTEX
  5
5B5
  8
DEFAULT
 10
1362.124656992576
 20
-116.0403408555249
 30
0.0
  0
VERTEX
  5
5B6
  8
DEFAULT
 10
1362.20457090678
 20
-116.0265047697286
 30
0.0
  0
VERTEX
  5
5B7
  8
DEFAULT
 10
1362.282837229392
 20
-116.0110210923413
 30
0.0
  0
VERTEX
  5
5B8
  8
DEFAULT
 10
1362.359389441631
 20
-115.9938233045796
 30
0.0
  0
VERTEX
  5
5B9
  8
DEFAULT
 10
1362.434165316245
 20
-115.9748491791943
 30
0.0
  0
VERTEX
  5
5BA
  8
DEFAULT
 10
1362.507106917522
 20
-115.9540407804707
 30
0.0
  0
VERTEX
  5
5BB
  8
DEFAULT
 10
1362.578160601279
 20
-115.9313444642284
 30
0.0
  0
VERTEX
  5
5BC
  8
DEFAULT
 10
1362.647277014873
 20
-115.9067108778217
 30
0.0
  0
VERTEX
  5
5BD
  8
DEFAULT
 10
1362.681094496123
 20
-115.8936533590713
 30
0.0
  0
VERTEX
  5
5BE
  8
DEFAULT
 10
1362.71441109719
 20
-115.880094960139
 30
0.0
  0
VERTEX
  5
5BF
  8
DEFAULT
 10
1362.74722185599
 20
-115.8660307189383
 30
0.0
  0
VERTEX
  5
5C0
  8
DEFAULT
 10
1362.779522078655
 20
-115.8514559416034
 30
0.0
  0
VERTEX
  5
5C1
  8
DEFAULT
 10
1362.811307339541
 20
-115.8363662024893
 30
0.0
  0
VERTEX
  5
5C2
  8
DEFAULT
 10
1362.842573481224
 20
-115.8207573441722
 30
0.0
  0
VERTEX
  5
5C3
  8
DEFAULT
 10
1362.8733166145
 20
-115.8046254774489
 30
0.0
  0
VERTEX
  5
5C4
  8
DEFAULT
 10
1362.903533118389
 20
-115.7879669813372
 30
0.0
  0
VERTEX
  5
5C5
  8
DEFAULT
 10
1362.933219640127
 20
-115.770778503076
 30
0.0
  0
VERTEX
  5
5C6
  8
DEFAULT
 10
1362.962373095176
 20
-115.7530569581247
 30
0.0
  0
VERTEX
  5
5C7
  8
DEFAULT
 10
1362.990990667216
 20
-115.7347995301641
 30
0.0
  0
VERTEX
  5
5C8
  8
DEFAULT
 10
1363.019069808147
 20
-115.7160036710955
 30
0.0
  0
VERTEX
  5
5C9
  8
DEFAULT
 10
1363.046608238093
 20
-115.6966671010412
 30
0.0
  0
VERTEX
  5
5CA
  8
DEFAULT
 10
1363.073603945396
 20
-115.6767878083444
 30
0.0
  0
VERTEX
  5
5CB
  8
DEFAULT
 10
1363.100055186621
 20
-115.6563640495694
 30
0.0
  0
VERTEX
  5
5CC
  8
DEFAULT
 10
1363.125960486553
 20
-115.6353943495012
 30
0.0
  0
VERTEX
  5
5CD
  8
DEFAULT
 10
1363.151318638197
 20
-115.6138775011456
 30
0.0
  0
VERTEX
  5
5CE
  8
DEFAULT
 10
1363.176128702781
 20
-115.5918125657296
 30
0.0
  0
VERTEX
  5
5CF
  8
DEFAULT
 10
1363.200390009752
 20
-115.5691988727009
 30
0.0
  0
VERTEX
  5
5D0
  8
DEFAULT
 10
1363.22410215678
 20
-115.5460360197281
 30
0.0
  0
VERTEX
  5
5D1
  8
DEFAULT
 10
1363.247265009752
 20
-115.5223238727009
 30
0.0
  0
VERTEX
  5
5D2
  8
DEFAULT
 10
1363.269878702781
 20
-115.4980625657296
 30
0.0
  0
VERTEX
  5
5D3
  8
DEFAULT
 10
1363.291943638197
 20
-115.4732525011455
 30
0.0
  0
VERTEX
  5
5D4
  8
DEFAULT
 10
1363.313460486553
 20
-115.447894349501
 30
0.0
  0
VERTEX
  5
5D5
  8
DEFAULT
 10
1363.334430186621
 20
-115.4219890495693
 30
0.0
  0
VERTEX
  5
5D6
  8
DEFAULT
 10
1363.354853945396
 20
-115.3955378083443
 30
0.0
  0
VERTEX
  5
5D7
  8
DEFAULT
 10
1363.374733238093
 20
-115.368542101041
 30
0.0
  0
VERTEX
  5
5D8
  8
DEFAULT
 10
1363.394069808147
 20
-115.3410036710952
 30
0.0
  0
VERTEX
  5
5D9
  8
DEFAULT
 10
1363.412865667216
 20
-115.3129245301639
 30
0.0
  0
VERTEX
  5
5DA
  8
DEFAULT
 10
1363.431123095176
 20
-115.2843069581245
 30
0.0
  0
VERTEX
  5
5DB
  8
DEFAULT
 10
1363.448844640127
 20
-115.2551535030757
 30
0.0
  0
VERTEX
  5
5DC
  8
DEFAULT
 10
1363.466033118389
 20
-115.2254669813369
 30
0.0
  0
VERTEX
  5
5DD
  8
DEFAULT
 10
1363.4826916145
 20
-115.1952504774485
 30
0.0
  0
VERTEX
  5
5DE
  8
DEFAULT
 10
1363.498823481224
 20
-115.1645073441718
 30
0.0
  0
VERTEX
  5
5DF
  8
DEFAULT
 10
1363.514432339541
 20
-115.1332412024889
 30
0.0
  0
VERTEX
  5
5E0
  8
DEFAULT
 10
1363.529522078655
 20
-115.1014559416029
 30
0.0
  0
VERTEX
  5
5E1
  8
DEFAULT
 10
1363.54409685599
 20
-115.0691557189379
 30
0.0
  0
VERTEX
  5
5E2
  8
DEFAULT
 10
1363.55816109719
 20
-115.0363449601385
 30
0.0
  0
VERTEX
  5
5E3
  8
DEFAULT
 10
1363.571719496123
 20
-115.0030283590708
 30
0.0
  0
VERTEX
  5
5E4
  8
DEFAULT
 10
1363.584777014873
 20
-114.9692108778212
 30
0.0
  0
VERTEX
  5
5E5
  8
DEFAULT
 10
1363.60941060128
 20
-114.9000944642279
 30
0.0
  0
VERTEX
  5
5E6
  8
DEFAULT
 10
1363.632106917522
 20
-114.8290407804701
 30
0.0
  0
VERTEX
  5
5E7
  8
DEFAULT
 10
1363.652915316246
 20
-114.7560991791937
 30
0.0
  0
VERTEX
  5
5E8
  8
DEFAULT
 10
1363.671889441631
 20
-114.681323304579
 30
0.0
  0
VERTEX
  5
5E9
  8
DEFAULT
 10
1363.689087229392
 20
-114.6047710923407
 30
0.0
  0
VERTEX
  5
5EA
  8
DEFAULT
 10
1363.70457090678
 20
-114.5265047697279
 30
0.0
  0
VERTEX
  5
5EB
  8
DEFAULT
 10
1363.718406992576
 20
-114.4465908555243
 30
0.0
  0
VERTEX
  5
5EC
  8
DEFAULT
 10
1363.7306662971
 20
-114.3651001600477
 30
0.0
  0
VERTEX
  5
5ED
  8
DEFAULT
 10
1363.741423922202
 20
-114.2821077851507
 30
0.0
  0
VERTEX
  5
5EE
  8
DEFAULT
 10
1363.750759261272
 20
-114.1976931242201
 30
0.0
  0
VERTEX
  5
5EF
  8
DEFAULT
 10
1363.765502112529
 20
-114.0249359754775
 30
0.0
  0
VERTEX
  5
5F0
  8
DEFAULT
 10
1363.775615828655
 20
-113.847549691603
 30
0.0
  0
VERTEX
  5
5F1
  8
DEFAULT
 10
1363.785183089397
 20
-113.4821169523454
 30
0.0
  0
VERTEX
  5
5F2
  8
DEFAULT
 10
1363.78660215678
 20
-113.1085360197284
 30
0.0
  0
VERTEX
  5
5F3
  8
DEFAULT
 10
1363.78660215678
 20
-90.00000000000028
 30
0.0
  0
VERTEX
  5
5F4
  8
DEFAULT
 10
1324.21339784322
 20
-89.99999999999972
 30
0.0
  0
VERTEX
  5
5F5
  8
DEFAULT
 10
1324.213397843219
 20
-113.1085360197282
 30
0.0
  0
VERTEX
  5
5F6
  8
DEFAULT
 10
1324.214816910602
 20
-113.4821169523452
 30
0.0
  0
VERTEX
  5
5F7
  8
DEFAULT
 10
1324.224384171344
 20
-113.8475496916028
 30
0.0
  0
VERTEX
  5
5F8
  8
DEFAULT
 10
1324.234497887469
 20
-114.0249359754773
 30
0.0
  0
VERTEX
  5
5F9
  8
DEFAULT
 10
1324.249240738727
 20
-114.1976931242199
 30
0.0
  0
VERTEX
  5
5FA
  8
DEFAULT
 10
1324.258576077796
 20
-114.2821077851505
 30
0.0
  0
VERTEX
  5
5FB
  8
DEFAULT
 10
1324.269333702899
 20
-114.3651001600475
 30
0.0
  0
VERTEX
  5
5FC
  8
DEFAULT
 10
1324.281593007423
 20
-114.446590855524
 30
0.0
  0
VERTEX
  5
5FD
  8
DEFAULT
 10
1324.295429093219
 20
-114.5265047697277
 30
0.0
  0
VERTEX
  5
5FE
  8
DEFAULT
 10
1324.310912770606
 20
-114.6047710923404
 30
0.0
  0
VERTEX
  5
5FF
  8
DEFAULT
 10
1324.328110558368
 20
-114.6813233045787
 30
0.0
  0
VERTEX
  5
600
  8
DEFAULT
 10
1324.347084683753
 20
-114.7560991791935
 30
0.0
  0
VERTEX
  5
601
  8
DEFAULT
 10
1324.367893082477
 20
-114.8290407804699
 30
0.0
  0
VERTEX
  5
602
  8
DEFAULT
 10
1324.390589398719
 20
-114.9000944642276
 30
0.0
  0
VERTEX
  5
603
  8
DEFAULT
 10
1324.415222985126
 20
-114.969210877821
 30
0.0
  0
VERTEX
  5
604
  8
DEFAULT
 10
1324.428280503876
 20
-115.0030283590705
 30
0.0
  0
VERTEX
  5
605
  8
DEFAULT
 10
1324.441838902809
 20
-115.0363449601383
 30
0.0
  0
VERTEX
  5
606
  8
DEFAULT
 10
1324.455903144009
 20
-115.0691557189377
 30
0.0
  0
VERTEX
  5
607
  8
DEFAULT
 10
1324.470477921344
 20
-115.1014559416027
 30
0.0
  0
VERTEX
  5
608
  8
DEFAULT
 10
1324.485567660458
 20
-115.1332412024887
 30
0.0
  0
VERTEX
  5
609
  8
DEFAULT
 10
1324.501176518775
 20
-115.1645073441716
 30
0.0
  0
VERTEX
  5
60A
  8
DEFAULT
 10
1324.517308385498
 20
-115.1952504774483
 30
0.0
  0
VERTEX
  5
60B
  8
DEFAULT
 10
1324.53396688161
 20
-115.2254669813367
 30
0.0
  0
VERTEX
  5
60C
  8
DEFAULT
 10
1324.551155359871
 20
-115.2551535030755
 30
0.0
  0
VERTEX
  5
60D
  8
DEFAULT
 10
1324.568876904822
 20
-115.2843069581243
 30
0.0
  0
VERTEX
  5
60E
  8
DEFAULT
 10
1324.587134332783
 20
-115.3129245301637
 30
0.0
  0
VERTEX
  5
60F
  8
DEFAULT
 10
1324.605930191852
 20
-115.341003671095
 30
0.0
  0
VERTEX
  5
610
  8
DEFAULT
 10
1324.625266761906
 20
-115.3685421010408
 30
0.0
  0
VERTEX
  5
611
  8
DEFAULT
 10
1324.645146054603
 20
-115.3955378083441
 30
0.0
  0
VERTEX
  5
612
  8
DEFAULT
 10
1324.665569813378
 20
-115.4219890495691
 30
0.0
  0
VERTEX
  5
613
  8
DEFAULT
 10
1324.686539513446
 20
-115.4478943495008
 30
0.0
  0
VERTEX
  5
614
  8
DEFAULT
 10
1324.708056361802
 20
-115.4732525011453
 30
0.0
  0
VERTEX
  5
615
  8
DEFAULT
 10
1324.730121297218
 20
-115.4980625657294
 30
0.0
  0
VERTEX
  5
616
  8
DEFAULT
 10
1324.752734990246
 20
-115.5223238727007
 30
0.0
  0
VERTEX
  5
617
  8
DEFAULT
 10
1324.775897843219
 20
-115.5460360197279
 30
0.0
  0
VERTEX
  5
618
  8
DEFAULT
 10
1324.799609990246
 20
-115.5691988727007
 30
0.0
  0
VERTEX
  5
619
  8
DEFAULT
 10
1324.823871297218
 20
-115.5918125657294
 30
0.0
  0
VERTEX
  5
61A
  8
DEFAULT
 10
1324.848681361801
 20
-115.6138775011454
 30
0.0
  0
VERTEX
  5
61B
  8
DEFAULT
 10
1324.874039513446
 20
-115.635394349501
 30
0.0
  0
VERTEX
  5
61C
  8
DEFAULT
 10
1324.899944813378
 20
-115.6563640495692
 30
0.0
  0
VERTEX
  5
61D
  8
DEFAULT
 10
1324.926396054603
 20
-115.6767878083442
 30
0.0
  0
VERTEX
  5
61E
  8
DEFAULT
 10
1324.953391761906
 20
-115.696667101041
 30
0.0
  0
VERTEX
  5
61F
  8
DEFAULT
 10
1324.980930191852
 20
-115.7160036710953
 30
0.0
  0
VERTEX
  5
620
  8
DEFAULT
 10
1325.009009332784
 20
-115.7347995301639
 30
0.0
  0
VERTEX
  5
621
  8
DEFAULT
 10
1325.037626904823
 20
-115.7530569581246
 30
0.0
  0
VERTEX
  5
622
  8
DEFAULT
 10
1325.066780359871
 20
-115.7707785030758
 30
0.0
  0
VERTEX
  5
623
  8
DEFAULT
 10
1325.09646688161
 20
-115.787966981337
 30
0.0
  0
VERTEX
  5
624
  8
DEFAULT
 10
1325.126683385499
 20
-115.8046254774487
 30
0.0
  0
VERTEX
  5
625
  8
DEFAULT
 10
1325.157426518775
 20
-115.820757344172
 30
0.0
  0
VERTEX
  5
626
  8
DEFAULT
 10
1325.188692660458
 20
-115.8363662024892
 30
0.0
  0
VERTEX
  5
627
  8
DEFAULT
 10
1325.220477921344
 20
-115.8514559416032
 30
0.0
  0
VERTEX
  5
628
  8
DEFAULT
 10
1325.252778144009
 20
-115.8660307189382
 30
0.0
  0
VERTEX
  5
629
  8
DEFAULT
 10
1325.285588902809
 20
-115.8800949601389
 30
0.0
  0
VERTEX
  5
62A
  8
DEFAULT
 10
1325.318905503876
 20
-115.8936533590711
 30
0.0
  0
VERTEX
  5
62B
  8
DEFAULT
 10
1325.352722985126
 20
-115.9067108778216
 30
0.0
  0
VERTEX
  5
62C
  8
DEFAULT
 10
1325.421839398719
 20
-115.9313444642283
 30
0.0
  0
VERTEX
  5
62D
  8
DEFAULT
 10
1325.492893082477
 20
-115.9540407804705
 30
0.0
  0
VERTEX
  5
62E
  8
DEFAULT
 10
1325.565834683754
 20
-115.9748491791942
 30
0.0
  0
VERTEX
  5
62F
  8
DEFAULT
 10
1325.640610558368
 20
-115.9938233045795
 30
0.0
  0
VERTEX
  5
630
  8
DEFAULT
 10
1325.717162770606
 20
-116.0110210923412
 30
0.0
  0
VERTEX
  5
631
  8
DEFAULT
 10
1325.795429093219
 20
-116.0265047697284
 30
0.0
  0
VERTEX
  5
632
  8
DEFAULT
 10
1325.875343007423
 20
-116.0403408555248
 30
0.0
  0
VERTEX
  5
633
  8
DEFAULT
 10
1325.956833702899
 20
-116.0526001600483
 30
0.0
  0
VERTEX
  5
634
  8
DEFAULT
 10
1326.039826077796
 20
-116.0633577851513
 30
0.0
  0
VERTEX
  5
635
  8
DEFAULT
 10
1326.124240738727
 20
-116.0726931242207
 30
0.0
  0
VERTEX
  5
636
  8
DEFAULT
 10
1326.296997887469
 20
-116.0874359754781
 30
0.0
  0
VERTEX
  5
637
  8
DEFAULT
 10
1326.474384171344
 20
-116.0975496916036
 30
0.0
  0
VERTEX
  5
638
  8
DEFAULT
 10
1326.839816910602
 20
-116.1071169523458
 30
0.0
  0
VERTEX
  5
639
  8
DEFAULT
 10
1327.213397843219
 20
-116.1085360197287
 30
0.0
  0
VERTEX
  5
63A
  8
DEFAULT
 10
1330.878169715179
 20
-116.1085360197273
 30
0.0
  0
VERTEX
  5
63B
  8
DEFAULT
 10
1331.251750647796
 20
-116.1071169523445
 30
0.0
  0
VERTEX
  5
63C
  8
DEFAULT
 10
1331.617183387054
 20
-116.0975496916024
 30
0.0
  0
VERTEX
  5
63D
  8
DEFAULT
 10
1331.794569670928
 20
-116.0874359754769
 30
0.0
  0
VERTEX
  5
63E
  8
DEFAULT
 10
1331.967326819671
 20
-116.0726931242196
 30
0.0
  0
VERTEX
  5
63F
  8
DEFAULT
 10
1332.051741480602
 20
-116.0633577851503
 30
0.0
  0
VERTEX
  5
640
  8
DEFAULT
 10
1332.134733855499
 20
-116.0526001600473
 30
0.0
  0
VERTEX
  5
641
  8
DEFAULT
 10
1332.216224550975
 20
-116.0403408555239
 30
0.0
  0
VERTEX
  5
642
  8
DEFAULT
 10
1332.296138465179
 20
-116.0265047697275
 30
0.0
  0
VERTEX
  5
643
  8
DEFAULT
 10
1332.374404787792
 20
-116.0110210923403
 30
0.0
  0
VERTEX
  5
644
  8
DEFAULT
 10
1332.45095700003
 20
-115.9938233045786
 30
0.0
  0
VERTEX
  5
645
  8
DEFAULT
 10
1332.525732874645
 20
-115.9748491791933
 30
0.0
  0
VERTEX
  5
646
  8
DEFAULT
 10
1332.598674475921
 20
-115.9540407804697
 30
0.0
  0
VERTEX
  5
647
  8
DEFAULT
 10
1332.669728159679
 20
-115.9313444642275
 30
0.0
  0
VERTEX
  5
648
  8
DEFAULT
 10
1332.738844573272
 20
-115.9067108778208
 30
0.0
  0
VERTEX
  5
649
  8
DEFAULT
 10
1332.772662054522
 20
-115.8936533590704
 30
0.0
  0
VERTEX
  5
64A
  8
DEFAULT
 10
1332.80597865559
 20
-115.8800949601382
 30
0.0
  0
VERTEX
  5
64B
  8
DEFAULT
 10
1332.838789414389
 20
-115.8660307189375
 30
0.0
  0
VERTEX
  5
64C
  8
DEFAULT
 10
1332.871089637054
 20
-115.8514559416026
 30
0.0
  0
VERTEX
  5
64D
  8
DEFAULT
 10
1332.90287489794
 20
-115.8363662024886
 30
0.0
  0
VERTEX
  5
64E
  8
DEFAULT
 10
1332.934141039623
 20
-115.8207573441714
 30
0.0
  0
VERTEX
  5
64F
  8
DEFAULT
 10
1332.964884172899
 20
-115.8046254774481
 30
0.0
  0
VERTEX
  5
650
  8
DEFAULT
 10
1332.995100676788
 20
-115.7879669813365
 30
0.0
  0
VERTEX
  5
651
  8
DEFAULT
 10
1333.024787198527
 20
-115.7707785030753
 30
0.0
  0
VERTEX
  5
652
  8
DEFAULT
 10
1333.053940653575
 20
-115.7530569581241
 30
0.0
  0
VERTEX
  5
653
  8
DEFAULT
 10
1333.082558225615
 20
-115.7347995301635
 30
0.0
  0
VERTEX
  5
654
  8
DEFAULT
 10
1333.110637366546
 20
-115.7160036710948
 30
0.0
  0
VERTEX
  5
655
  8
DEFAULT
 10
1333.138175796492
 20
-115.6966671010405
 30
0.0
  0
VERTEX
  5
656
  8
DEFAULT
 10
1333.165171503795
 20
-115.6767878083438
 30
0.0
  0
VERTEX
  5
657
  8
DEFAULT
 10
1333.19162274502
 20
-115.6563640495688
 30
0.0
  0
VERTEX
  5
658
  8
DEFAULT
 10
1333.217528044952
 20
-115.6353943495006
 30
0.0
  0
VERTEX
  5
659
  8
DEFAULT
 10
1333.242886196596
 20
-115.6138775011451
 30
0.0
  0
VERTEX
  5
65A
  8
DEFAULT
 10
1333.26769626118
 20
-115.5918125657291
 30
0.0
  0
VERTEX
  5
65B
  8
DEFAULT
 10
1333.291957568152
 20
-115.5691988727004
 30
0.0
  0
VERTEX
  5
65C
  8
DEFAULT
 10
1333.315669715179
 20
-115.5460360197277
 30
0.0
  0
VERTEX
  5
65D
  8
DEFAULT
 10
1333.338832568152
 20
-115.5223238727004
 30
0.0
  0
VERTEX
  5
65E
  8
DEFAULT
 10
1333.36144626118
 20
-115.4980625657291
 30
0.0
  0
VERTEX
  5
65F
  8
DEFAULT
 10
1333.383511196596
 20
-115.4732525011451
 30
0.0
  0
VERTEX
  5
660
  8
DEFAULT
 10
1333.405028044952
 20
-115.4478943495006
 30
0.0
  0
VERTEX
  5
661
  8
DEFAULT
 10
1333.42599774502
 20
-115.4219890495688
 30
0.0
  0
VERTEX
  5
662
  8
DEFAULT
 10
1333.446421503795
 20
-115.3955378083438
 30
0.0
  0
VERTEX
  5
663
  8
DEFAULT
 10
1333.466300796492
 20
-115.3685421010406
 30
0.0
  0
VERTEX
  5
664
  8
DEFAULT
 10
1333.485637366546
 20
-115.3410036710949
 30
0.0
  0
VERTEX
  5
665
  8
DEFAULT
 10
1333.504433225615
 20
-115.3129245301635
 30
0.0
  0
VERTEX
  5
666
  8
DEFAULT
 10
1333.522690653575
 20
-115.2843069581241
 30
0.0
  0
VERTEX
  5
667
  8
DEFAULT
 10
1333.540412198527
 20
-115.2551535030753
 30
0.0
  0
VERTEX
  5
668
  8
DEFAULT
 10
1333.557600676788
 20
-115.2254669813366
 30
0.0
  0
VERTEX
  5
669
  8
DEFAULT
 10
1333.574259172899
 20
-115.1952504774482
 30
0.0
  0
VERTEX
  5
66A
  8
DEFAULT
 10
1333.590391039623
 20
-115.1645073441715
 30
0.0
  0
VERTEX
  5
66B
  8
DEFAULT
 10
1333.60599989794
 20
-115.1332412024886
 30
0.0
  0
VERTEX
  5
66C
  8
DEFAULT
 10
1333.621089637054
 20
-115.1014559416027
 30
0.0
  0
VERTEX
  5
66D
  8
DEFAULT
 10
1333.635664414389
 20
-115.0691557189376
 30
0.0
  0
VERTEX
  5
66E
  8
DEFAULT
 10
1333.64972865559
 20
-115.0363449601383
 30
0.0
  0
VERTEX
  5
66F
  8
DEFAULT
 10
1333.663287054522
 20
-115.0030283590705
 30
0.0
  0
VERTEX
  5
670
  8
DEFAULT
 10
1333.676344573272
 20
-114.969210877821
 30
0.0
  0
VERTEX
  5
671
  8
DEFAULT
 10
1333.700978159679
 20
-114.9000944642277
 30
0.0
  0
VERTEX
  5
672
  8
DEFAULT
 10
1333.723674475921
 20
-114.8290407804699
 30
0.0
  0
VERTEX
  5
673
  8
DEFAULT
 10
1333.744482874645
 20
-114.7560991791935
 30
0.0
  0
VERTEX
  5
674
  8
DEFAULT
 10
1333.76345700003
 20
-114.6813233045788
 30
0.0
  0
VERTEX
  5
675
  8
DEFAULT
 10
1333.780654787792
 20
-114.6047710923405
 30
0.0
  0
VERTEX
  5
676
  8
DEFAULT
 10
1333.796138465179
 20
-114.5265047697278
 30
0.0
  0
VERTEX
  5
677
  8
DEFAULT
 10
1333.809974550975
 20
-114.4465908555242
 30
0.0
  0
VERTEX
  5
678
  8
DEFAULT
 10
1333.822233855499
 20
-114.3651001600477
 30
0.0
  0
VERTEX
  5
679
  8
DEFAULT
 10
1333.832991480602
 20
-114.2821077851507
 30
0.0
  0
VERTEX
  5
67A
  8
DEFAULT
 10
1333.842326819671
 20
-114.1976931242201
 30
0.0
  0
VERTEX
  5
67B
  8
DEFAULT
 10
1333.857069670928
 20
-114.0249359754774
 30
0.0
  0
VERTEX
  5
67C
  8
DEFAULT
 10
1333.867183387054
 20
-113.8475496916029
 30
0.0
  0
VERTEX
  5
67D
  8
DEFAULT
 10
1333.876750647796
 20
-113.4821169523452
 30
0.0
  0
VERTEX
  5
67E
  8
DEFAULT
 10
1333.878169715179
 20
-113.108536019728
 30
0.0
  0
VERTEX
  5
67F
  8
DEFAULT
 10
1333.87816971518
 20
-104.9971507564671
 30
0.0
  0
SEQEND
  5
680
  8
DEFAULT
  0
POLYLINE
  5
681
  8
DEFAULT
 66
     1
 10
0.0
 20
0.0
 30
0.0
 70
     1
  0
VERTEX
  5
682
  8
DEFAULT
 10
1328.878169715179
 20
-112.4985753782352
 30
0.0
 42
0.8582122497022898
  0
VERTEX
  5
683
  8
DEFAULT
 10
1329.328070008717
 20
-109.5676352236944
 30
0.0
  0
VERTEX
  5
684
  8
DEFAULT
 10
1328.428269421642
 20
-109.5676352236947
 30
0.0
 42
0.858212249701532
  0
SEQEND
  5
685
  8
DEFAULT
  0
CIRCLE
  5
686
  8
DEFAULT
 10
1505.1
 20
-254.4636013340757
 30
0.0
 40
85.53639866592403
  0
CIRCLE
  5
687
  8
DEFAULT
 10
1342.0
 20
-3.000001522211106
 30
0.0
 40
85.53639866592403
  0
CIRCLE
  5
688
  8
DEFAULT
 10
-1277.0
 20
-135.9275474548338
 30
0.0
 40
1.625
210
0.0
220
0.0
230
-1.0
  0
POLYLINE
  5
689
  8
DEFAULT
 66
     1
 10
0.0
 20
0.0
 30
0.0
 70
     1
  0
VERTEX
  5
68A
  8
DEFAULT
 10
1272.0
 20
-135.9275512695314
 30
0.0
  0
VERTEX
  5
68B
  8
DEFAULT
 10
1272.0
 20
-171.9275512695311
 30
0.0
  0
VERTEX
  5
68C
  8
DEFAULT
 10
1272.001419067383
 20
-172.3011322021483
 30
0.0
  0
VERTEX
  5
68D
  8
DEFAULT
 10
1272.010986328125
 20
-172.666564941406
 30
0.0
  0
VERTEX
  5
68E
  8
DEFAULT
 10
1272.021100044251
 20
-172.8439512252805
 30
0.0
  0
VERTEX
  5
68F
  8
DEFAULT
 10
1272.035842895508
 20
-173.0167083740232
 30
0.0
  0
VERTEX
  5
690
  8
DEFAULT
 10
1272.045178234578
 20
-173.1011230349538
 30
0.0
  0
VERTEX
  5
691
  8
DEFAULT
 10
1272.055935859681
 20
-173.1841154098508
 30
0.0
  0
VERTEX
  5
692
  8
DEFAULT
 10
1272.068195164204
 20
-173.2656061053274
 30
0.0
  0
VERTEX
  5
693
  8
DEFAULT
 10
1272.08203125
 20
-173.345520019531
 30
0.0
  0
VERTEX
  5
694
  8
DEFAULT
 10
1272.097514927388
 20
-173.4237863421438
 30
0.0
  0
VERTEX
  5
695
  8
DEFAULT
 10
1272.114712715149
 20
-173.5003385543821
 30
0.0
  0
VERTEX
  5
696
  8
DEFAULT
 10
1272.133686840535
 20
-173.5751144289968
 30
0.0
  0
VERTEX
  5
697
  8
DEFAULT
 10
1272.154495239258
 20
-173.6480560302732
 30
0.0
  0
VERTEX
  5
698
  8
DEFAULT
 10
1272.1771915555
 20
-173.719109714031
 30
0.0
  0
VERTEX
  5
699
  8
DEFAULT
 10
1272.201825141907
 20
-173.7882261276243
 30
0.0
  0
VERTEX
  5
69A
  8
DEFAULT
 10
1272.214882660658
 20
-173.8220436088739
 30
0.0
  0
VERTEX
  5
69B
  8
DEFAULT
 10
1272.22844105959
 20
-173.8553602099416
 30
0.0
  0
VERTEX
  5
69C
  8
DEFAULT
 10
1272.242505300791
 20
-173.888170968741
 30
0.0
  0
VERTEX
  5
69D
  8
DEFAULT
 10
1272.257080078125
 20
-173.920471191406
 30
0.0
  0
VERTEX
  5
69E
  8
DEFAULT
 10
1272.27216981724
 20
-173.952256452292
 30
0.0
  0
VERTEX
  5
69F
  8
DEFAULT
 10
1272.287778675557
 20
-173.9835225939748
 30
0.0
  0
VERTEX
  5
6A0
  8
DEFAULT
 10
1272.30391054228
 20
-174.0142657272515
 30
0.0
  0
VERTEX
  5
6A1
  8
DEFAULT
 10
1272.320569038392
 20
-174.0444822311399
 30
0.0
  0
VERTEX
  5
6A2
  8
DEFAULT
 10
1272.337757516653
 20
-174.0741687528787
 30
0.0
  0
VERTEX
  5
6A3
  8
DEFAULT
 10
1272.355479061604
 20
-174.1033222079275
 30
0.0
  0
VERTEX
  5
6A4
  8
DEFAULT
 10
1272.373736489565
 20
-174.1319397799668
 30
0.0
  0
VERTEX
  5
6A5
  8
DEFAULT
 10
1272.392532348633
 20
-174.1600189208982
 30
0.0
  0
VERTEX
  5
6A6
  8
DEFAULT
 10
1272.411868918688
 20
-174.1875573508439
 30
0.0
  0
VERTEX
  5
6A7
  8
DEFAULT
 10
1272.431748211384
 20
-174.2145530581472
 30
0.0
  0
VERTEX
  5
6A8
  8
DEFAULT
 10
1272.452171970159
 20
-174.2410042993722
 30
0.0
  0
VERTEX
  5
6A9
  8
DEFAULT
 10
1272.473141670228
 20
-174.266909599304
 30
0.0
  0
VERTEX
  5
6AA
  8
DEFAULT
 10
1272.494658518583
 20
-174.2922677509484
 30
0.0
  0
VERTEX
  5
6AB
  8
DEFAULT
 10
1272.516723453999
 20
-174.3170778155325
 30
0.0
  0
VERTEX
  5
6AC
  8
DEFAULT
 10
1272.539337147028
 20
-174.3413391225038
 30
0.0
  0
VERTEX
  5
6AD
  8
DEFAULT
 10
1272.5625
 20
-174.3650512695311
 30
0.0
  0
VERTEX
  5
6AE
  8
DEFAULT
 10
1272.586212147028
 20
-174.3882141225038
 30
0.0
  0
VERTEX
  5
6AF
  8
DEFAULT
 10
1272.610473453999
 20
-174.4108278155325
 30
0.0
  0
VERTEX
  5
6B0
  8
DEFAULT
 10
1272.635283518583
 20
-174.4328927509485
 30
0.0
  0
VERTEX
  5
6B1
  8
DEFAULT
 10
1272.660641670228
 20
-174.454409599304
 30
0.0
  0
VERTEX
  5
6B2
  8
DEFAULT
 10
1272.686546970159
 20
-174.4753792993723
 30
0.0
  0
VERTEX
  5
6B3
  8
DEFAULT
 10
1272.712998211384
 20
-174.4958030581473
 30
0.0
  0
VERTEX
  5
6B4
  8
DEFAULT
 10
1272.739993918688
 20
-174.515682350844
 30
0.0
  0
VERTEX
  5
6B5
  8
DEFAULT
 10
1272.767532348633
 20
-174.5350189208983
 30
0.0
  0
VERTEX
  5
6B6
  8
DEFAULT
 10
1272.795611489565
 20
-174.5538147799669
 30
0.0
  0
VERTEX
  5
6B7
  8
DEFAULT
 10
1272.824229061604
 20
-174.5720722079275
 30
0.0
  0
VERTEX
  5
6B8
  8
DEFAULT
 10
1272.853382516653
 20
-174.5897937528787
 30
0.0
  0
VERTEX
  5
6B9
  8
DEFAULT
 10
1272.883069038392
 20
-174.60698223114
 30
0.0
  0
VERTEX
  5
6BA
  8
DEFAULT
 10
1272.91328554228
 20
-174.6236407272516
 30
0.0
  0
VERTEX
  5
6BB
  8
DEFAULT
 10
1272.944028675557
 20
-174.6397725939749
 30
0.0
  0
VERTEX
  5
6BC
  8
DEFAULT
 10
1272.97529481724
 20
-174.655381452292
 30
0.0
  0
VERTEX
  5
6BD
  8
DEFAULT
 10
1273.007080078125
 20
-174.6704711914061
 30
0.0
  0
VERTEX
  5
6BE
  8
DEFAULT
 10
1273.039380300791
 20
-174.685045968741
 30
0.0
  0
VERTEX
  5
6BF
  8
DEFAULT
 10
1273.07219105959
 20
-174.6991102099417
 30
0.0
  0
VERTEX
  5
6C0
  8
DEFAULT
 10
1273.105507660658
 20
-174.7126686088739
 30
0.0
  0
VERTEX
  5
6C1
  8
DEFAULT
 10
1273.139325141907
 20
-174.7257261276243
 30
0.0
  0
VERTEX
  5
6C2
  8
DEFAULT
 10
1273.2084415555
 20
-174.750359714031
 30
0.0
  0
VERTEX
  5
6C3
  8
DEFAULT
 10
1273.279495239258
 20
-174.7730560302733
 30
0.0
  0
VERTEX
  5
6C4
  8
DEFAULT
 10
1273.352436840535
 20
-174.7938644289969
 30
0.0
  0
VERTEX
  5
6C5
  8
DEFAULT
 10
1273.427212715149
 20
-174.8128385543822
 30
0.0
  0
VERTEX
  5
6C6
  8
DEFAULT
 10
1273.503764927388
 20
-174.8300363421439
 30
0.0
  0
VERTEX
  5
6C7
  8
DEFAULT
 10
1273.58203125
 20
-174.8455200195311
 30
0.0
  0
VERTEX
  5
6C8
  8
DEFAULT
 10
1273.661945164204
 20
-174.8593561053275
 30
0.0
  0
VERTEX
  5
6C9
  8
DEFAULT
 10
1273.743435859681
 20
-174.871615409851
 30
0.0
  0
VERTEX
  5
6CA
  8
DEFAULT
 10
1273.826428234578
 20
-174.882373034954
 30
0.0
  0
VERTEX
  5
6CB
  8
DEFAULT
 10
1273.910842895508
 20
-174.8917083740233
 30
0.0
  0
VERTEX
  5
6CC
  8
DEFAULT
 10
1274.083600044251
 20
-174.9064512252806
 30
0.0
  0
VERTEX
  5
6CD
  8
DEFAULT
 10
1274.260986328125
 20
-174.9165649414061
 30
0.0
  0
VERTEX
  5
6CE
  8
DEFAULT
 10
1274.626419067383
 20
-174.9261322021483
 30
0.0
  0
VERTEX
  5
6CF
  8
DEFAULT
 10
1275.0
 20
-174.9275512695311
 30
0.0
  0
VERTEX
  5
6D0
  8
DEFAULT
 10
1298.999999046326
 20
-174.9275512695306
 30
0.0
  0
VERTEX
  5
6D1
  8
DEFAULT
 10
1299.373579978943
 20
-174.9261322021478
 30
0.0
  0
VERTEX
  5
6D2
  8
DEFAULT
 10
1299.739012718201
 20
-174.9165649414056
 30
0.0
  0
VERTEX
  5
6D3
  8
DEFAULT
 10
1299.916399002076
 20
-174.9064512252801
 30
0.0
  0
VERTEX
  5
6D4
  8
DEFAULT
 10
1300.089156150818
 20
-174.8917083740228
 30
0.0
  0
VERTEX
  5
6D5
  8
DEFAULT
 10
1300.173570811749
 20
-174.8823730349534
 30
0.0
  0
VERTEX
  5
6D6
  8
DEFAULT
 10
1300.256563186646
 20
-174.8716154098504
 30
0.0
  0
VERTEX
  5
6D7
  8
DEFAULT
 10
1300.338053882122
 20
-174.8593561053269
 30
0.0
  0
VERTEX
  5
6D8
  8
DEFAULT
 10
1300.417967796326
 20
-174.8455200195306
 30
0.0
  0
VERTEX
  5
6D9
  8
DEFAULT
 10
1300.496234118939
 20
-174.8300363421433
 30
0.0
  0
VERTEX
  5
6DA
  8
DEFAULT
 10
1300.572786331177
 20
-174.8128385543816
 30
0.0
  0
VERTEX
  5
6DB
  8
DEFAULT
 10
1300.647562205792
 20
-174.7938644289964
 30
0.0
  0
VERTEX
  5
6DC
  8
DEFAULT
 10
1300.720503807068
 20
-174.7730560302728
 30
0.0
  0
VERTEX
  5
6DD
  8
DEFAULT
 10
1300.791557490826
 20
-174.7503597140305
 30
0.0
  0
VERTEX
  5
6DE
  8
DEFAULT
 10
1300.860673904419
 20
-174.7257261276238
 30
0.0
  0
VERTEX
  5
6DF
  8
DEFAULT
 10
1300.894491385669
 20
-174.7126686088734
 30
0.0
  0
VERTEX
  5
6E0
  8
DEFAULT
 10
1300.927807986737
 20
-174.6991102099412
 30
0.0
  0
VERTEX
  5
6E1
  8
DEFAULT
 10
1300.960618745536
 20
-174.6850459687405
 30
0.0
  0
VERTEX
  5
6E2
  8
DEFAULT
 10
1300.992918968201
 20
-174.6704711914056
 30
0.0
  0
VERTEX
  5
6E3
  8
DEFAULT
 10
1301.024704229087
 20
-174.6553814522915
 30
0.0
  0
VERTEX
  5
6E4
  8
DEFAULT
 10
1301.05597037077
 20
-174.6397725939744
 30
0.0
  0
VERTEX
  5
6E5
  8
DEFAULT
 10
1301.086713504047
 20
-174.6236407272511
 30
0.0
  0
VERTEX
  5
6E6
  8
DEFAULT
 10
1301.116930007935
 20
-174.6069822311395
 30
0.0
  0
VERTEX
  5
6E7
  8
DEFAULT
 10
1301.146616529674
 20
-174.5897937528782
 30
0.0
  0
VERTEX
  5
6E8
  8
DEFAULT
 10
1301.175769984723
 20
-174.572072207927
 30
0.0
  0
VERTEX
  5
6E9
  8
DEFAULT
 10
1301.204387556762
 20
-174.5538147799664
 30
0.0
  0
VERTEX
  5
6EA
  8
DEFAULT
 10
1301.232466697693
 20
-174.5350189208978
 30
0.0
  0
VERTEX
  5
6EB
  8
DEFAULT
 10
1301.260005127639
 20
-174.5156823508435
 30
0.0
  0
VERTEX
  5
6EC
  8
DEFAULT
 10
1301.287000834942
 20
-174.4958030581467
 30
0.0
  0
VERTEX
  5
6ED
  8
DEFAULT
 10
1301.313452076167
 20
-174.4753792993718
 30
0.0
  0
VERTEX
  5
6EE
  8
DEFAULT
 10
1301.339357376099
 20
-174.4544095993035
 30
0.0
  0
VERTEX
  5
6EF
  8
DEFAULT
 10
1301.364715527744
 20
-174.432892750948
 30
0.0
  0
VERTEX
  5
6F0
  8
DEFAULT
 10
1301.389525592328
 20
-174.410827815532
 30
0.0
  0
VERTEX
  5
6F1
  8
DEFAULT
 10
1301.413786899299
 20
-174.3882141225033
 30
0.0
  0
VERTEX
  5
6F2
  8
DEFAULT
 10
1301.437499046326
 20
-174.3650512695306
 30
0.0
  0
VERTEX
  5
6F3
  8
DEFAULT
 10
1301.460661899299
 20
-174.3413391225033
 30
0.0
  0
VERTEX
  5
6F4
  8
DEFAULT
 10
1301.483275592328
 20
-174.317077815532
 30
0.0
  0
VERTEX
  5
6F5
  8
DEFAULT
 10
1301.505340527744
 20
-174.292267750948
 30
0.0
  0
VERTEX
  5
6F6
  8
DEFAULT
 10
1301.526857376099
 20
-174.2669095993035
 30
0.0
  0
VERTEX
  5
6F7
  8
DEFAULT
 10
1301.547827076167
 20
-174.2410042993718
 30
0.0
  0
VERTEX
  5
6F8
  8
DEFAULT
 10
1301.568250834942
 20
-174.2145530581467
 30
0.0
  0
VERTEX
  5
6F9
  8
DEFAULT
 10
1301.588130127639
 20
-174.1875573508435
 30
0.0
  0
VERTEX
  5
6FA
  8
DEFAULT
 10
1301.607466697693
 20
-174.1600189208978
 30
0.0
  0
VERTEX
  5
6FB
  8
DEFAULT
 10
1301.626262556762
 20
-174.1319397799664
 30
0.0
  0
VERTEX
  5
6FC
  8
DEFAULT
 10
1301.644519984723
 20
-174.103322207927
 30
0.0
  0
VERTEX
  5
6FD
  8
DEFAULT
 10
1301.662241529674
 20
-174.0741687528782
 30
0.0
  0
VERTEX
  5
6FE
  8
DEFAULT
 10
1301.679430007935
 20
-174.0444822311395
 30
0.0
  0
VERTEX
  5
6FF
  8
DEFAULT
 10
1301.696088504047
 20
-174.0142657272511
 30
0.0
  0
VERTEX
  5
700
  8
DEFAULT
 10
1301.71222037077
 20
-173.9835225939744
 30
0.0
  0
VERTEX
  5
701
  8
DEFAULT
 10
1301.727829229087
 20
-173.9522564522915
 30
0.0
  0
VERTEX
  5
702
  8
DEFAULT
 10
1301.742918968201
 20
-173.9204711914056
 30
0.0
  0
VERTEX
  5
703
  8
DEFAULT
 10
1301.757493745536
 20
-173.8881709687406
 30
0.0
  0
VERTEX
  5
704
  8
DEFAULT
 10
1301.771557986737
 20
-173.8553602099412
 30
0.0
  0
VERTEX
  5
705
  8
DEFAULT
 10
1301.785116385669
 20
-173.8220436088735
 30
0.0
  0
VERTEX
  5
706
  8
DEFAULT
 10
1301.798173904419
 20
-173.7882261276239
 30
0.0
  0
VERTEX
  5
707
  8
DEFAULT
 10
1301.822807490826
 20
-173.7191097140306
 30
0.0
  0
VERTEX
  5
708
  8
DEFAULT
 10
1301.845503807068
 20
-173.6480560302728
 30
0.0
  0
VERTEX
  5
709
  8
DEFAULT
 10
1301.866312205792
 20
-173.5751144289964
 30
0.0
  0
VERTEX
  5
70A
  8
DEFAULT
 10
1301.885286331177
 20
-173.5003385543817
 30
0.0
  0
VERTEX
  5
70B
  8
DEFAULT
 10
1301.902484118939
 20
-173.4237863421434
 30
0.0
  0
VERTEX
  5
70C
  8
DEFAULT
 10
1301.917967796326
 20
-173.3455200195306
 30
0.0
  0
VERTEX
  5
70D
  8
DEFAULT
 10
1301.931803882122
 20
-173.265606105327
 30
0.0
  0
VERTEX
  5
70E
  8
DEFAULT
 10
1301.944063186646
 20
-173.1841154098504
 30
0.0
  0
VERTEX
  5
70F
  8
DEFAULT
 10
1301.954820811749
 20
-173.1011230349534
 30
0.0
  0
VERTEX
  5
710
  8
DEFAULT
 10
1301.964156150818
 20
-173.0167083740228
 30
0.0
  0
VERTEX
  5
711
  8
DEFAULT
 10
1301.978899002076
 20
-172.8439512252801
 30
0.0
  0
VERTEX
  5
712
  8
DEFAULT
 10
1301.989012718201
 20
-172.6665649414056
 30
0.0
  0
VERTEX
  5
713
  8
DEFAULT
 10
1301.998579978943
 20
-172.3011322021478
 30
0.0
  0
VERTEX
  5
714
  8
DEFAULT
 10
1301.999999046326
 20
-171.9275512695307
 30
0.0
  0
VERTEX
  5
715
  8
DEFAULT
 10
1301.999999046325
 20
-135.9275512695308
 30
0.0
  0
VERTEX
  5
716
  8
DEFAULT
 10
1301.998579978942
 20
-135.5539703369136
 30
0.0
  0
VERTEX
  5
717
  8
DEFAULT
 10
1301.9890127182
 20
-135.1885375976558
 30
0.0
  0
VERTEX
  5
718
  8
DEFAULT
 10
1301.978899002075
 20
-135.0111513137813
 30
0.0
  0
VERTEX
  5
719
  8
DEFAULT
 10
1301.964156150817
 20
-134.8383941650386
 30
0.0
  0
VERTEX
  5
71A
  8
DEFAULT
 10
1301.954820811748
 20
-134.753979504108
 30
0.0
  0
VERTEX
  5
71B
  8
DEFAULT
 10
1301.944063186645
 20
-134.670987129211
 30
0.0
  0
VERTEX
  5
71C
  8
DEFAULT
 10
1301.931803882122
 20
-134.5894964337345
 30
0.0
  0
VERTEX
  5
71D
  8
DEFAULT
 10
1301.917967796325
 20
-134.5095825195308
 30
0.0
  0
VERTEX
  5
71E
  8
DEFAULT
 10
1301.902484118938
 20
-134.4313161969181
 30
0.0
  0
VERTEX
  5
71F
  8
DEFAULT
 10
1301.885286331176
 20
-134.3547639846797
 30
0.0
  0
VERTEX
  5
720
  8
DEFAULT
 10
1301.866312205791
 20
-134.279988110065
 30
0.0
  0
VERTEX
  5
721
  8
DEFAULT
 10
1301.845503807067
 20
-134.2070465087886
 30
0.0
  0
VERTEX
  5
722
  8
DEFAULT
 10
1301.822807490825
 20
-134.1359928250308
 30
0.0
  0
VERTEX
  5
723
  8
DEFAULT
 10
1301.798173904418
 20
-134.0668764114375
 30
0.0
  0
VERTEX
  5
724
  8
DEFAULT
 10
1301.785116385668
 20
-134.033058930188
 30
0.0
  0
VERTEX
  5
725
  8
DEFAULT
 10
1301.771557986736
 20
-133.9997423291202
 30
0.0
  0
VERTEX
  5
726
  8
DEFAULT
 10
1301.757493745536
 20
-133.9669315703209
 30
0.0
  0
VERTEX
  5
727
  8
DEFAULT
 10
1301.7429189682
 20
-133.9346313476558
 30
0.0
  0
VERTEX
  5
728
  8
DEFAULT
 10
1301.727829229086
 20
-133.9028460867698
 30
0.0
  0
VERTEX
  5
729
  8
DEFAULT
 10
1301.712220370769
 20
-133.871579945087
 30
0.0
  0
VERTEX
  5
72A
  8
DEFAULT
 10
1301.696088504046
 20
-133.8408368118103
 30
0.0
  0
VERTEX
  5
72B
  8
DEFAULT
 10
1301.679430007935
 20
-133.8106203079219
 30
0.0
  0
VERTEX
  5
72C
  8
DEFAULT
 10
1301.662241529673
 20
-133.7809337861831
 30
0.0
  0
VERTEX
  5
72D
  8
DEFAULT
 10
1301.644519984722
 20
-133.7517803311343
 30
0.0
  0
VERTEX
  5
72E
  8
DEFAULT
 10
1301.626262556762
 20
-133.723162759095
 30
0.0
  0
VERTEX
  5
72F
  8
DEFAULT
 10
1301.607466697693
 20
-133.6950836181636
 30
0.0
  0
VERTEX
  5
730
  8
DEFAULT
 10
1301.588130127639
 20
-133.6675451882179
 30
0.0
  0
VERTEX
  5
731
  8
DEFAULT
 10
1301.568250834942
 20
-133.6405494809146
 30
0.0
  0
VERTEX
  5
732
  8
DEFAULT
 10
1301.547827076167
 20
-133.6140982396896
 30
0.0
  0
VERTEX
  5
733
  8
DEFAULT
 10
1301.526857376098
 20
-133.5881929397578
 30
0.0
  0
VERTEX
  5
734
  8
DEFAULT
 10
1301.505340527743
 20
-133.5628347881134
 30
0.0
  0
VERTEX
  5
735
  8
DEFAULT
 10
1301.483275592327
 20
-133.5380247235293
 30
0.0
  0
VERTEX
  5
736
  8
DEFAULT
 10
1301.460661899298
 20
-133.513763416558
 30
0.0
  0
VERTEX
  5
737
  8
DEFAULT
 10
1301.437499046325
 20
-133.4900512695307
 30
0.0
  0
VERTEX
  5
738
  8
DEFAULT
 10
1301.413786899298
 20
-133.466888416558
 30
0.0
  0
VERTEX
  5
739
  8
DEFAULT
 10
1301.389525592327
 20
-133.4442747235293
 30
0.0
  0
VERTEX
  5
73A
  8
DEFAULT
 10
1301.364715527743
 20
-133.4222097881133
 30
0.0
  0
VERTEX
  5
73B
  8
DEFAULT
 10
1301.339357376098
 20
-133.4006929397578
 30
0.0
  0
VERTEX
  5
73C
  8
DEFAULT
 10
1301.313452076166
 20
-133.3797232396895
 30
0.0
  0
VERTEX
  5
73D
  8
DEFAULT
 10
1301.287000834941
 20
-133.3592994809145
 30
0.0
  0
VERTEX
  5
73E
  8
DEFAULT
 10
1301.260005127638
 20
-133.3394201882178
 30
0.0
  0
VERTEX
  5
73F
  8
DEFAULT
 10
1301.232466697692
 20
-133.3200836181635
 30
0.0
  0
VERTEX
  5
740
  8
DEFAULT
 10
1301.204387556761
 20
-133.3012877590949
 30
0.0
  0
VERTEX
  5
741
  8
DEFAULT
 10
1301.175769984722
 20
-133.2830303311342
 30
0.0
  0
VERTEX
  5
742
  8
DEFAULT
 10
1301.146616529673
 20
-133.265308786183
 30
0.0
  0
VERTEX
  5
743
  8
DEFAULT
 10
1301.116930007934
 20
-133.2481203079218
 30
0.0
  0
VERTEX
  5
744
  8
DEFAULT
 10
1301.086713504046
 20
-133.2314618118102
 30
0.0
  0
VERTEX
  5
745
  8
DEFAULT
 10
1301.055970370769
 20
-133.2153299450869
 30
0.0
  0
VERTEX
  5
746
  8
DEFAULT
 10
1301.024704229086
 20
-133.1997210867697
 30
0.0
  0
VERTEX
  5
747
  8
DEFAULT
 10
1300.9929189682
 20
-133.1846313476557
 30
0.0
  0
VERTEX
  5
748
  8
DEFAULT
 10
1300.960618745535
 20
-133.1700565703208
 30
0.0
  0
VERTEX
  5
749
  8
DEFAULT
 10
1300.927807986736
 20
-133.15599232912
 30
0.0
  0
VERTEX
  5
74A
  8
DEFAULT
 10
1300.894491385668
 20
-133.1424339301878
 30
0.0
  0
VERTEX
  5
74B
  8
DEFAULT
 10
1300.860673904419
 20
-133.1293764114374
 30
0.0
  0
VERTEX
  5
74C
  8
DEFAULT
 10
1300.791557490825
 20
-133.1047428250307
 30
0.0
  0
VERTEX
  5
74D
  8
DEFAULT
 10
1300.720503807068
 20
-133.0820465087884
 30
0.0
  0
VERTEX
  5
74E
  8
DEFAULT
 10
1300.647562205791
 20
-133.0612381100648
 30
0.0
  0
VERTEX
  5
74F
  8
DEFAULT
 10
1300.572786331176
 20
-133.0422639846796
 30
0.0
  0
VERTEX
  5
750
  8
DEFAULT
 10
1300.496234118938
 20
-133.0250661969179
 30
0.0
  0
VERTEX
  5
751
  8
DEFAULT
 10
1300.417967796325
 20
-133.0095825195306
 30
0.0
  0
VERTEX
  5
752
  8
DEFAULT
 10
1300.338053882122
 20
-132.9957464337342
 30
0.0
  0
VERTEX
  5
753
  8
DEFAULT
 10
1300.256563186645
 20
-132.9834871292107
 30
0.0
  0
VERTEX
  5
754
  8
DEFAULT
 10
1300.173570811748
 20
-132.9727295041077
 30
0.0
  0
VERTEX
  5
755
  8
DEFAULT
 10
1300.089156150817
 20
-132.9633941650384
 30
0.0
  0
VERTEX
  5
756
  8
DEFAULT
 10
1299.916399002075
 20
-132.9486513137811
 30
0.0
  0
VERTEX
  5
757
  8
DEFAULT
 10
1299.7390127182
 20
-132.9385375976556
 30
0.0
  0
VERTEX
  5
758
  8
DEFAULT
 10
1299.373579978942
 20
-132.9289703369134
 30
0.0
  0
VERTEX
  5
759
  8
DEFAULT
 10
1298.999999046325
 20
-132.9275512695306
 30
0.0
  0
VERTEX
  5
75A
  8
DEFAULT
 10
1275.0
 20
-132.9275512695311
 30
0.0
  0
VERTEX
  5
75B
  8
DEFAULT
 10
1274.626419067382
 20
-132.9289703369139
 30
0.0
  0
VERTEX
  5
75C
  8
DEFAULT
 10
1274.260986328125
 20
-132.9385375976561
 30
0.0
  0
VERTEX
  5
75D
  8
DEFAULT
 10
1274.08360004425
 20
-132.9486513137816
 30
0.0
  0
VERTEX
  5
75E
  8
DEFAULT
 10
1273.910842895507
 20
-132.9633941650389
 30
0.0
  0
VERTEX
  5
75F
  8
DEFAULT
 10
1273.826428234577
 20
-132.9727295041083
 30
0.0
  0
VERTEX
  5
760
  8
DEFAULT
 10
1273.74343585968
 20
-132.9834871292113
 30
0.0
  0
VERTEX
  5
761
  8
DEFAULT
 10
1273.661945164203
 20
-132.9957464337348
 30
0.0
  0
VERTEX
  5
762
  8
DEFAULT
 10
1273.58203125
 20
-133.0095825195311
 30
0.0
  0
VERTEX
  5
763
  8
DEFAULT
 10
1273.503764927387
 20
-133.0250661969184
 30
0.0
  0
VERTEX
  5
764
  8
DEFAULT
 10
1273.427212715148
 20
-133.0422639846801
 30
0.0
  0
VERTEX
  5
765
  8
DEFAULT
 10
1273.352436840534
 20
-133.0612381100653
 30
0.0
  0
VERTEX
  5
766
  8
DEFAULT
 10
1273.279495239257
 20
-133.082046508789
 30
0.0
  0
VERTEX
  5
767
  8
DEFAULT
 10
1273.2084415555
 20
-133.1047428250312
 30
0.0
  0
VERTEX
  5
768
  8
DEFAULT
 10
1273.139325141906
 20
-133.1293764114379
 30
0.0
  0
VERTEX
  5
769
  8
DEFAULT
 10
1273.105507660657
 20
-133.1424339301884
 30
0.0
  0
VERTEX
  5
76A
  8
DEFAULT
 10
1273.072191059589
 20
-133.1559923291206
 30
0.0
  0
VERTEX
  5
76B
  8
DEFAULT
 10
1273.03938030079
 20
-133.1700565703213
 30
0.0
  0
VERTEX
  5
76C
  8
DEFAULT
 10
1273.007080078125
 20
-133.1846313476562
 30
0.0
  0
VERTEX
  5
76D
  8
DEFAULT
 10
1272.975294817239
 20
-133.1997210867702
 30
0.0
  0
VERTEX
  5
76E
  8
DEFAULT
 10
1272.944028675556
 20
-133.2153299450874
 30
0.0
  0
VERTEX
  5
76F
  8
DEFAULT
 10
1272.913285542279
 20
-133.2314618118107
 30
0.0
  0
VERTEX
  5
770
  8
DEFAULT
 10
1272.883069038391
 20
-133.2481203079223
 30
0.0
  0
VERTEX
  5
771
  8
DEFAULT
 10
1272.853382516652
 20
-133.2653087861835
 30
0.0
  0
VERTEX
  5
772
  8
DEFAULT
 10
1272.824229061603
 20
-133.2830303311347
 30
0.0
  0
VERTEX
  5
773
  8
DEFAULT
 10
1272.795611489564
 20
-133.3012877590954
 30
0.0
  0
VERTEX
  5
774
  8
DEFAULT
 10
1272.767532348632
 20
-133.320083618164
 30
0.0
  0
VERTEX
  5
775
  8
DEFAULT
 10
1272.739993918687
 20
-133.3394201882183
 30
0.0
  0
VERTEX
  5
776
  8
DEFAULT
 10
1272.712998211383
 20
-133.359299480915
 30
0.0
  0
VERTEX
  5
777
  8
DEFAULT
 10
1272.686546970158
 20
-133.37972323969
 30
0.0
  0
VERTEX
  5
778
  8
DEFAULT
 10
1272.660641670227
 20
-133.4006929397583
 30
0.0
  0
VERTEX
  5
779
  8
DEFAULT
 10
1272.635283518582
 20
-133.4222097881138
 30
0.0
  0
VERTEX
  5
77A
  8
DEFAULT
 10
1272.610473453998
 20
-133.4442747235298
 30
0.0
  0
VERTEX
  5
77B
  8
DEFAULT
 10
1272.586212147027
 20
-133.4668884165585
 30
0.0
  0
VERTEX
  5
77C
  8
DEFAULT
 10
1272.5625
 20
-133.4900512695312
 30
0.0
  0
VERTEX
  5
77D
  8
DEFAULT
 10
1272.539337147027
 20
-133.5137634165585
 30
0.0
  0
VERTEX
  5
77E
  8
DEFAULT
 10
1272.516723453998
 20
-133.5380247235298
 30
0.0
  0
VERTEX
  5
77F
  8
DEFAULT
 10
1272.494658518582
 20
-133.5628347881139
 30
0.0
  0
VERTEX
  5
780
  8
DEFAULT
 10
1272.473141670227
 20
-133.5881929397584
 30
0.0
  0
VERTEX
  5
781
  8
DEFAULT
 10
1272.452171970158
 20
-133.6140982396901
 30
0.0
  0
VERTEX
  5
782
  8
DEFAULT
 10
1272.431748211383
 20
-133.6405494809151
 30
0.0
  0
VERTEX
  5
783
  8
DEFAULT
 10
1272.411868918687
 20
-133.6675451882184
 30
0.0
  0
VERTEX
  5
784
  8
DEFAULT
 10
1272.392532348632
 20
-133.6950836181641
 30
0.0
  0
VERTEX
  5
785
  8
DEFAULT
 10
1272.373736489564
 20
-133.7231627590955
 30
0.0
  0
VERTEX
  5
786
  8
DEFAULT
 10
1272.355479061603
 20
-133.7517803311349
 30
0.0
  0
VERTEX
  5
787
  8
DEFAULT
 10
1272.337757516652
 20
-133.7809337861837
 30
0.0
  0
VERTEX
  5
788
  8
DEFAULT
 10
1272.320569038391
 20
-133.8106203079224
 30
0.0
  0
VERTEX
  5
789
  8
DEFAULT
 10
1272.303910542279
 20
-133.8408368118108
 30
0.0
  0
VERTEX
  5
78A
  8
DEFAULT
 10
1272.287778675556
 20
-133.8715799450875
 30
0.0
  0
VERTEX
  5
78B
  8
DEFAULT
 10
1272.272169817239
 20
-133.9028460867704
 30
0.0
  0
VERTEX
  5
78C
  8
DEFAULT
 10
1272.257080078125
 20
-133.9346313476563
 30
0.0
  0
VERTEX
  5
78D
  8
DEFAULT
 10
1272.24250530079
 20
-133.9669315703214
 30
0.0
  0
VERTEX
  5
78E
  8
DEFAULT
 10
1272.228441059589
 20
-133.9997423291207
 30
0.0
  0
VERTEX
  5
78F
  8
DEFAULT
 10
1272.214882660657
 20
-134.0330589301885
 30
0.0
  0
VERTEX
  5
790
  8
DEFAULT
 10
1272.201825141906
 20
-134.066876411438
 30
0.0
  0
VERTEX
  5
791
  8
DEFAULT
 10
1272.1771915555
 20
-134.1359928250313
 30
0.0
  0
VERTEX
  5
792
  8
DEFAULT
 10
1272.154495239257
 20
-134.2070465087891
 30
0.0
  0
VERTEX
  5
793
  8
DEFAULT
 10
1272.133686840534
 20
-134.2799881100655
 30
0.0
  0
VERTEX
  5
794
  8
DEFAULT
 10
1272.114712715148
 20
-134.3547639846802
 30
0.0
  0
VERTEX
  5
795
  8
DEFAULT
 10
1272.097514927387
 20
-134.4313161969185
 30
0.0
  0
VERTEX
  5
796
  8
DEFAULT
 10
1272.08203125
 20
-134.5095825195313
 30
0.0
  0
VERTEX
  5
797
  8
DEFAULT
 10
1272.068195164203
 20
-134.589496433735
 30
0.0
  0
VERTEX
  5
798
  8
DEFAULT
 10
1272.05593585968
 20
-134.6709871292115
 30
0.0
  0
VERTEX
  5
799
  8
DEFAULT
 10
1272.045178234577
 20
-134.7539795041085
 30
0.0
  0
VERTEX
  5
79A
  8
DEFAULT
 10
1272.035842895507
 20
-134.8383941650391
 30
0.0
  0
VERTEX
  5
79B
  8
DEFAULT
 10
1272.02110004425
 20
-135.0111513137819
 30
0.0
  0
VERTEX
  5
79C
  8
DEFAULT
 10
1272.010986328125
 20
-135.1885375976564
 30
0.0
  0
VERTEX
  5
79D
  8
DEFAULT
 10
1272.001419067382
 20
-135.5539703369142
 30
0.0
  0
SEQEND
  5
79E
  8
DEFAULT
  0
CIRCLE
  5
79F
  8
DEFAULT
 10
-1296.999999046326
 20
-171.9275550842281
 30
0.0
 40
1.625
210
0.0
220
0.0
230
-1.0
  0
CIRCLE
  5
7A0
  8
DEFAULT
 10
-1277.0
 20
-171.9275550842283
 30
0.0
 40
1.625000000000227
210
0.0
220
0.0
230
-1.0
  0
CIRCLE
  5
7A1
  8
DEFAULT
 10
-1296.999999046325
 20
-135.9275474548335
 30
0.0
 40
1.625
210
0.0
220
0.0
230
-1.0
  0
POLYLINE
  5
7A2
  8
DEFAULT
 66
     1
 10
0.0
 20
0.0
 30
0.0
 70
     1
  0
VERTEX
  5
7A3
  8
DEFAULT
 10
1264.008820202798
 20
-203.9581939413592
 30
0.0
  0
VERTEX
  5
7A4
  8
DEFAULT
 10
1267.008820202798
 20
-203.9581939413592
 30
0.0
  0
VERTEX
  5
7A5
  8
DEFAULT
 10
1267.008820202798
 20
-103.8887025670009
 30
0.0
  0
VERTEX
  5
7A6
  8
DEFAULT
 10
1264.008820202798
 20
-103.8887025670009
 30
0.0
  0
SEQEND
  5
7A7
  8
DEFAULT
  0
CIRCLE
  5
7A8
  8
DEFAULT
 10
1411.0
 20
-135.927547454834
 30
0.0
 40
1.625
  0
POLYLINE
  5
7A9
  8
DEFAULT
 66
     1
 10
0.0
 20
0.0
 30
0.0
 70
     1
  0
VERTEX
  5
7AA
  8
DEFAULT
 10
1416.0
 20
-135.9275512695314
 30
0.0
  0
VERTEX
  5
7AB
  8
DEFAULT
 10
1415.999999999999
 20
-171.9275512695311
 30
0.0
  0
VERTEX
  5
7AC
  8
DEFAULT
 10
1415.998580932617
 20
-172.3011322021483
 30
0.0
  0
VERTEX
  5
7AD
  8
DEFAULT
 10
1415.989013671874
 20
-172.666564941406
 30
0.0
  0
VERTEX
  5
7AE
  8
DEFAULT
 10
1415.978899955749
 20
-172.8439512252805
 30
0.0
  0
VERTEX
  5
7AF
  8
DEFAULT
 10
1415.964157104491
 20
-173.0167083740232
 30
0.0
  0
VERTEX
  5
7B0
  8
DEFAULT
 10
1415.954821765422
 20
-173.1011230349538
 30
0.0
  0
VERTEX
  5
7B1
  8
DEFAULT
 10
1415.944064140319
 20
-173.1841154098508
 30
0.0
  0
VERTEX
  5
7B2
  8
DEFAULT
 10
1415.931804835795
 20
-173.2656061053274
 30
0.0
  0
VERTEX
  5
7B3
  8
DEFAULT
 10
1415.917968749999
 20
-173.345520019531
 30
0.0
  0
VERTEX
  5
7B4
  8
DEFAULT
 10
1415.902485072612
 20
-173.4237863421438
 30
0.0
  0
VERTEX
  5
7B5
  8
DEFAULT
 10
1415.88528728485
 20
-173.5003385543821
 30
0.0
  0
VERTEX
  5
7B6
  8
DEFAULT
 10
1415.866313159465
 20
-173.5751144289968
 30
0.0
  0
VERTEX
  5
7B7
  8
DEFAULT
 10
1415.845504760741
 20
-173.6480560302732
 30
0.0
  0
VERTEX
  5
7B8
  8
DEFAULT
 10
1415.822808444499
 20
-173.719109714031
 30
0.0
  0
VERTEX
  5
7B9
  8
DEFAULT
 10
1415.798174858092
 20
-173.7882261276243
 30
0.0
  0
VERTEX
  5
7BA
  8
DEFAULT
 10
1415.785117339342
 20
-173.8220436088739
 30
0.0
  0
VERTEX
  5
7BB
  8
DEFAULT
 10
1415.77155894041
 20
-173.8553602099416
 30
0.0
  0
VERTEX
  5
7BC
  8
DEFAULT
 10
1415.757494699209
 20
-173.888170968741
 30
0.0
  0
VERTEX
  5
7BD
  8
DEFAULT
 10
1415.742919921874
 20
-173.920471191406
 30
0.0
  0
VERTEX
  5
7BE
  8
DEFAULT
 10
1415.72783018276
 20
-173.952256452292
 30
0.0
  0
VERTEX
  5
7BF
  8
DEFAULT
 10
1415.712221324443
 20
-173.9835225939748
 30
0.0
  0
VERTEX
  5
7C0
  8
DEFAULT
 10
1415.69608945772
 20
-174.0142657272515
 30
0.0
  0
VERTEX
  5
7C1
  8
DEFAULT
 10
1415.679430961608
 20
-174.0444822311399
 30
0.0
  0
VERTEX
  5
7C2
  8
DEFAULT
 10
1415.662242483347
 20
-174.0741687528787
 30
0.0
  0
VERTEX
  5
7C3
  8
DEFAULT
 10
1415.644520938396
 20
-174.1033222079275
 30
0.0
  0
VERTEX
  5
7C4
  8
DEFAULT
 10
1415.626263510435
 20
-174.1319397799668
 30
0.0
  0
VERTEX
  5
7C5
  8
DEFAULT
 10
1415.607467651367
 20
-174.1600189208982
 30
0.0
  0
VERTEX
  5
7C6
  8
DEFAULT
 10
1415.588131081312
 20
-174.1875573508439
 30
0.0
  0
VERTEX
  5
7C7
  8
DEFAULT
 10
1415.568251788615
 20
-174.2145530581472
 30
0.0
  0
VERTEX
  5
7C8
  8
DEFAULT
 10
1415.547828029841
 20
-174.2410042993722
 30
0.0
  0
VERTEX
  5
7C9
  8
DEFAULT
 10
1415.526858329772
 20
-174.266909599304
 30
0.0
  0
VERTEX
  5
7CA
  8
DEFAULT
 10
1415.505341481417
 20
-174.2922677509484
 30
0.0
  0
VERTEX
  5
7CB
  8
DEFAULT
 10
1415.483276546001
 20
-174.3170778155325
 30
0.0
  0
VERTEX
  5
7CC
  8
DEFAULT
 10
1415.460662852972
 20
-174.3413391225038
 30
0.0
  0
VERTEX
  5
7CD
  8
DEFAULT
 10
1415.437499999999
 20
-174.3650512695311
 30
0.0
  0
VERTEX
  5
7CE
  8
DEFAULT
 10
1415.413787852972
 20
-174.3882141225038
 30
0.0
  0
VERTEX
  5
7CF
  8
DEFAULT
 10
1415.389526546001
 20
-174.4108278155325
 30
0.0
  0
VERTEX
  5
7D0
  8
DEFAULT
 10
1415.364716481417
 20
-174.4328927509485
 30
0.0
  0
VERTEX
  5
7D1
  8
DEFAULT
 10
1415.339358329772
 20
-174.454409599304
 30
0.0
  0
VERTEX
  5
7D2
  8
DEFAULT
 10
1415.31345302984
 20
-174.4753792993723
 30
0.0
  0
VERTEX
  5
7D3
  8
DEFAULT
 10
1415.287001788615
 20
-174.4958030581473
 30
0.0
  0
VERTEX
  5
7D4
  8
DEFAULT
 10
1415.260006081312
 20
-174.515682350844
 30
0.0
  0
VERTEX
  5
7D5
  8
DEFAULT
 10
1415.232467651366
 20
-174.5350189208983
 30
0.0
  0
VERTEX
  5
7D6
  8
DEFAULT
 10
1415.204388510435
 20
-174.5538147799669
 30
0.0
  0
VERTEX
  5
7D7
  8
DEFAULT
 10
1415.175770938396
 20
-174.5720722079275
 30
0.0
  0
VERTEX
  5
7D8
  8
DEFAULT
 10
1415.146617483347
 20
-174.5897937528787
 30
0.0
  0
VERTEX
  5
7D9
  8
DEFAULT
 10
1415.116930961608
 20
-174.60698223114
 30
0.0
  0
VERTEX
  5
7DA
  8
DEFAULT
 10
1415.08671445772
 20
-174.6236407272516
 30
0.0
  0
VERTEX
  5
7DB
  8
DEFAULT
 10
1415.055971324443
 20
-174.6397725939749
 30
0.0
  0
VERTEX
  5
7DC
  8
DEFAULT
 10
1415.02470518276
 20
-174.655381452292
 30
0.0
  0
VERTEX
  5
7DD
  8
DEFAULT
 10
1414.992919921874
 20
-174.6704711914061
 30
0.0
  0
VERTEX
  5
7DE
  8
DEFAULT
 10
1414.960619699209
 20
-174.685045968741
 30
0.0
  0
VERTEX
  5
7DF
  8
DEFAULT
 10
1414.92780894041
 20
-174.6991102099417
 30
0.0
  0
VERTEX
  5
7E0
  8
DEFAULT
 10
1414.894492339342
 20
-174.7126686088739
 30
0.0
  0
VERTEX
  5
7E1
  8
DEFAULT
 10
1414.860674858093
 20
-174.7257261276243
 30
0.0
  0
VERTEX
  5
7E2
  8
DEFAULT
 10
1414.791558444499
 20
-174.750359714031
 30
0.0
  0
VERTEX
  5
7E3
  8
DEFAULT
 10
1414.720504760742
 20
-174.7730560302733
 30
0.0
  0
VERTEX
  5
7E4
  8
DEFAULT
 10
1414.647563159465
 20
-174.7938644289969
 30
0.0
  0
VERTEX
  5
7E5
  8
DEFAULT
 10
1414.572787284851
 20
-174.8128385543822
 30
0.0
  0
VERTEX
  5
7E6
  8
DEFAULT
 10
1414.496235072612
 20
-174.8300363421439
 30
0.0
  0
VERTEX
  5
7E7
  8
DEFAULT
 10
1414.417968749999
 20
-174.8455200195311
 30
0.0
  0
VERTEX
  5
7E8
  8
DEFAULT
 10
1414.338054835796
 20
-174.8593561053275
 30
0.0
  0
VERTEX
  5
7E9
  8
DEFAULT
 10
1414.256564140319
 20
-174.871615409851
 30
0.0
  0
VERTEX
  5
7EA
  8
DEFAULT
 10
1414.173571765422
 20
-174.882373034954
 30
0.0
  0
VERTEX
  5
7EB
  8
DEFAULT
 10
1414.089157104492
 20
-174.8917083740233
 30
0.0
  0
VERTEX
  5
7EC
  8
DEFAULT
 10
1413.916399955749
 20
-174.9064512252806
 30
0.0
  0
VERTEX
  5
7ED
  8
DEFAULT
 10
1413.739013671875
 20
-174.9165649414061
 30
0.0
  0
VERTEX
  5
7EE
  8
DEFAULT
 10
1413.373580932617
 20
-174.9261322021483
 30
0.0
  0
VERTEX
  5
7EF
  8
DEFAULT
 10
1412.999999999999
 20
-174.9275512695311
 30
0.0
  0
VERTEX
  5
7F0
  8
DEFAULT
 10
1389.000000953674
 20
-174.9275512695306
 30
0.0
  0
VERTEX
  5
7F1
  8
DEFAULT
 10
1388.626420021056
 20
-174.9261322021478
 30
0.0
  0
VERTEX
  5
7F2
  8
DEFAULT
 10
1388.260987281798
 20
-174.9165649414056
 30
0.0
  0
VERTEX
  5
7F3
  8
DEFAULT
 10
1388.083600997924
 20
-174.9064512252801
 30
0.0
  0
VERTEX
  5
7F4
  8
DEFAULT
 10
1387.910843849181
 20
-174.8917083740228
 30
0.0
  0
VERTEX
  5
7F5
  8
DEFAULT
 10
1387.826429188251
 20
-174.8823730349534
 30
0.0
  0
VERTEX
  5
7F6
  8
DEFAULT
 10
1387.743436813354
 20
-174.8716154098504
 30
0.0
  0
VERTEX
  5
7F7
  8
DEFAULT
 10
1387.661946117877
 20
-174.8593561053269
 30
0.0
  0
VERTEX
  5
7F8
  8
DEFAULT
 10
1387.582032203674
 20
-174.8455200195306
 30
0.0
  0
VERTEX
  5
7F9
  8
DEFAULT
 10
1387.503765881061
 20
-174.8300363421433
 30
0.0
  0
VERTEX
  5
7FA
  8
DEFAULT
 10
1387.427213668822
 20
-174.8128385543816
 30
0.0
  0
VERTEX
  5
7FB
  8
DEFAULT
 10
1387.352437794208
 20
-174.7938644289964
 30
0.0
  0
VERTEX
  5
7FC
  8
DEFAULT
 10
1387.279496192931
 20
-174.7730560302728
 30
0.0
  0
VERTEX
  5
7FD
  8
DEFAULT
 10
1387.208442509174
 20
-174.7503597140305
 30
0.0
  0
VERTEX
  5
7FE
  8
DEFAULT
 10
1387.13932609558
 20
-174.7257261276238
 30
0.0
  0
VERTEX
  5
7FF
  8
DEFAULT
 10
1387.105508614331
 20
-174.7126686088734
 30
0.0
  0
VERTEX
  5
800
  8
DEFAULT
 10
1387.072192013263
 20
-174.6991102099412
 30
0.0
  0
VERTEX
  5
801
  8
DEFAULT
 10
1387.039381254464
 20
-174.6850459687405
 30
0.0
  0
VERTEX
  5
802
  8
DEFAULT
 10
1387.007081031799
 20
-174.6704711914056
 30
0.0
  0
VERTEX
  5
803
  8
DEFAULT
 10
1386.975295770913
 20
-174.6553814522915
 30
0.0
  0
VERTEX
  5
804
  8
DEFAULT
 10
1386.94402962923
 20
-174.6397725939744
 30
0.0
  0
VERTEX
  5
805
  8
DEFAULT
 10
1386.913286495953
 20
-174.6236407272511
 30
0.0
  0
VERTEX
  5
806
  8
DEFAULT
 10
1386.883069992065
 20
-174.6069822311395
 30
0.0
  0
VERTEX
  5
807
  8
DEFAULT
 10
1386.853383470326
 20
-174.5897937528782
 30
0.0
  0
VERTEX
  5
808
  8
DEFAULT
 10
1386.824230015277
 20
-174.572072207927
 30
0.0
  0
VERTEX
  5
809
  8
DEFAULT
 10
1386.795612443238
 20
-174.5538147799664
 30
0.0
  0
VERTEX
  5
80A
  8
DEFAULT
 10
1386.767533302307
 20
-174.5350189208978
 30
0.0
  0
VERTEX
  5
80B
  8
DEFAULT
 10
1386.739994872361
 20
-174.5156823508435
 30
0.0
  0
VERTEX
  5
80C
  8
DEFAULT
 10
1386.712999165058
 20
-174.4958030581467
 30
0.0
  0
VERTEX
  5
80D
  8
DEFAULT
 10
1386.686547923833
 20
-174.4753792993718
 30
0.0
  0
VERTEX
  5
80E
  8
DEFAULT
 10
1386.660642623901
 20
-174.4544095993035
 30
0.0
  0
VERTEX
  5
80F
  8
DEFAULT
 10
1386.635284472256
 20
-174.432892750948
 30
0.0
  0
VERTEX
  5
810
  8
DEFAULT
 10
1386.610474407672
 20
-174.410827815532
 30
0.0
  0
VERTEX
  5
811
  8
DEFAULT
 10
1386.586213100701
 20
-174.3882141225033
 30
0.0
  0
VERTEX
  5
812
  8
DEFAULT
 10
1386.562500953674
 20
-174.3650512695306
 30
0.0
  0
VERTEX
  5
813
  8
DEFAULT
 10
1386.539338100701
 20
-174.3413391225033
 30
0.0
  0
VERTEX
  5
814
  8
DEFAULT
 10
1386.516724407672
 20
-174.317077815532
 30
0.0
  0
VERTEX
  5
815
  8
DEFAULT
 10
1386.494659472256
 20
-174.292267750948
 30
0.0
  0
VERTEX
  5
816
  8
DEFAULT
 10
1386.473142623901
 20
-174.2669095993035
 30
0.0
  0
VERTEX
  5
817
  8
DEFAULT
 10
1386.452172923832
 20
-174.2410042993718
 30
0.0
  0
VERTEX
  5
818
  8
DEFAULT
 10
1386.431749165057
 20
-174.2145530581467
 30
0.0
  0
VERTEX
  5
819
  8
DEFAULT
 10
1386.411869872361
 20
-174.1875573508435
 30
0.0
  0
VERTEX
  5
81A
  8
DEFAULT
 10
1386.392533302306
 20
-174.1600189208978
 30
0.0
  0
VERTEX
  5
81B
  8
DEFAULT
 10
1386.373737443238
 20
-174.1319397799664
 30
0.0
  0
VERTEX
  5
81C
  8
DEFAULT
 10
1386.355480015277
 20
-174.103322207927
 30
0.0
  0
VERTEX
  5
81D
  8
DEFAULT
 10
1386.337758470326
 20
-174.0741687528782
 30
0.0
  0
VERTEX
  5
81E
  8
DEFAULT
 10
1386.320569992065
 20
-174.0444822311395
 30
0.0
  0
VERTEX
  5
81F
  8
DEFAULT
 10
1386.303911495953
 20
-174.0142657272511
 30
0.0
  0
VERTEX
  5
820
  8
DEFAULT
 10
1386.28777962923
 20
-173.9835225939744
 30
0.0
  0
VERTEX
  5
821
  8
DEFAULT
 10
1386.272170770913
 20
-173.9522564522915
 30
0.0
  0
VERTEX
  5
822
  8
DEFAULT
 10
1386.257081031799
 20
-173.9204711914056
 30
0.0
  0
VERTEX
  5
823
  8
DEFAULT
 10
1386.242506254463
 20
-173.8881709687406
 30
0.0
  0
VERTEX
  5
824
  8
DEFAULT
 10
1386.228442013263
 20
-173.8553602099412
 30
0.0
  0
VERTEX
  5
825
  8
DEFAULT
 10
1386.214883614331
 20
-173.8220436088735
 30
0.0
  0
VERTEX
  5
826
  8
DEFAULT
 10
1386.201826095581
 20
-173.7882261276239
 30
0.0
  0
VERTEX
  5
827
  8
DEFAULT
 10
1386.177192509174
 20
-173.7191097140306
 30
0.0
  0
VERTEX
  5
828
  8
DEFAULT
 10
1386.154496192932
 20
-173.6480560302728
 30
0.0
  0
VERTEX
  5
829
  8
DEFAULT
 10
1386.133687794208
 20
-173.5751144289964
 30
0.0
  0
VERTEX
  5
82A
  8
DEFAULT
 10
1386.114713668823
 20
-173.5003385543817
 30
0.0
  0
VERTEX
  5
82B
  8
DEFAULT
 10
1386.097515881061
 20
-173.4237863421434
 30
0.0
  0
VERTEX
  5
82C
  8
DEFAULT
 10
1386.082032203674
 20
-173.3455200195306
 30
0.0
  0
VERTEX
  5
82D
  8
DEFAULT
 10
1386.068196117878
 20
-173.265606105327
 30
0.0
  0
VERTEX
  5
82E
  8
DEFAULT
 10
1386.055936813354
 20
-173.1841154098504
 30
0.0
  0
VERTEX
  5
82F
  8
DEFAULT
 10
1386.045179188251
 20
-173.1011230349534
 30
0.0
  0
VERTEX
  5
830
  8
DEFAULT
 10
1386.035843849182
 20
-173.0167083740228
 30
0.0
  0
VERTEX
  5
831
  8
DEFAULT
 10
1386.021100997924
 20
-172.8439512252801
 30
0.0
  0
VERTEX
  5
832
  8
DEFAULT
 10
1386.010987281799
 20
-172.6665649414056
 30
0.0
  0
VERTEX
  5
833
  8
DEFAULT
 10
1386.001420021057
 20
-172.3011322021478
 30
0.0
  0
VERTEX
  5
834
  8
DEFAULT
 10
1386.000000953674
 20
-171.9275512695307
 30
0.0
  0
VERTEX
  5
835
  8
DEFAULT
 10
1386.000000953674
 20
-135.9275512695308
 30
0.0
  0
VERTEX
  5
836
  8
DEFAULT
 10
1386.001420021057
 20
-135.5539703369136
 30
0.0
  0
VERTEX
  5
837
  8
DEFAULT
 10
1386.010987281799
 20
-135.1885375976558
 30
0.0
  0
VERTEX
  5
838
  8
DEFAULT
 10
1386.021100997925
 20
-135.0111513137813
 30
0.0
  0
VERTEX
  5
839
  8
DEFAULT
 10
1386.035843849182
 20
-134.8383941650386
 30
0.0
  0
VERTEX
  5
83A
  8
DEFAULT
 10
1386.045179188252
 20
-134.753979504108
 30
0.0
  0
VERTEX
  5
83B
  8
DEFAULT
 10
1386.055936813354
 20
-134.670987129211
 30
0.0
  0
VERTEX
  5
83C
  8
DEFAULT
 10
1386.068196117878
 20
-134.5894964337345
 30
0.0
  0
VERTEX
  5
83D
  8
DEFAULT
 10
1386.082032203674
 20
-134.5095825195308
 30
0.0
  0
VERTEX
  5
83E
  8
DEFAULT
 10
1386.097515881062
 20
-134.4313161969181
 30
0.0
  0
VERTEX
  5
83F
  8
DEFAULT
 10
1386.114713668823
 20
-134.3547639846797
 30
0.0
  0
VERTEX
  5
840
  8
DEFAULT
 10
1386.133687794209
 20
-134.279988110065
 30
0.0
  0
VERTEX
  5
841
  8
DEFAULT
 10
1386.154496192932
 20
-134.2070465087886
 30
0.0
  0
VERTEX
  5
842
  8
DEFAULT
 10
1386.177192509174
 20
-134.1359928250308
 30
0.0
  0
VERTEX
  5
843
  8
DEFAULT
 10
1386.201826095581
 20
-134.0668764114375
 30
0.0
  0
VERTEX
  5
844
  8
DEFAULT
 10
1386.214883614331
 20
-134.033058930188
 30
0.0
  0
VERTEX
  5
845
  8
DEFAULT
 10
1386.228442013264
 20
-133.9997423291202
 30
0.0
  0
VERTEX
  5
846
  8
DEFAULT
 10
1386.242506254464
 20
-133.9669315703209
 30
0.0
  0
VERTEX
  5
847
  8
DEFAULT
 10
1386.257081031799
 20
-133.9346313476558
 30
0.0
  0
VERTEX
  5
848
  8
DEFAULT
 10
1386.272170770913
 20
-133.9028460867698
 30
0.0
  0
VERTEX
  5
849
  8
DEFAULT
 10
1386.28777962923
 20
-133.871579945087
 30
0.0
  0
VERTEX
  5
84A
  8
DEFAULT
 10
1386.303911495954
 20
-133.8408368118103
 30
0.0
  0
VERTEX
  5
84B
  8
DEFAULT
 10
1386.320569992065
 20
-133.8106203079219
 30
0.0
  0
VERTEX
  5
84C
  8
DEFAULT
 10
1386.337758470327
 20
-133.7809337861831
 30
0.0
  0
VERTEX
  5
84D
  8
DEFAULT
 10
1386.355480015278
 20
-133.7517803311343
 30
0.0
  0
VERTEX
  5
84E
  8
DEFAULT
 10
1386.373737443238
 20
-133.723162759095
 30
0.0
  0
VERTEX
  5
84F
  8
DEFAULT
 10
1386.392533302307
 20
-133.6950836181636
 30
0.0
  0
VERTEX
  5
850
  8
DEFAULT
 10
1386.411869872361
 20
-133.6675451882179
 30
0.0
  0
VERTEX
  5
851
  8
DEFAULT
 10
1386.431749165058
 20
-133.6405494809146
 30
0.0
  0
VERTEX
  5
852
  8
DEFAULT
 10
1386.452172923833
 20
-133.6140982396896
 30
0.0
  0
VERTEX
  5
853
  8
DEFAULT
 10
1386.473142623901
 20
-133.5881929397578
 30
0.0
  0
VERTEX
  5
854
  8
DEFAULT
 10
1386.494659472257
 20
-133.5628347881134
 30
0.0
  0
VERTEX
  5
855
  8
DEFAULT
 10
1386.516724407673
 20
-133.5380247235293
 30
0.0
  0
VERTEX
  5
856
  8
DEFAULT
 10
1386.539338100702
 20
-133.513763416558
 30
0.0
  0
VERTEX
  5
857
  8
DEFAULT
 10
1386.562500953674
 20
-133.4900512695307
 30
0.0
  0
VERTEX
  5
858
  8
DEFAULT
 10
1386.586213100702
 20
-133.466888416558
 30
0.0
  0
VERTEX
  5
859
  8
DEFAULT
 10
1386.610474407673
 20
-133.4442747235293
 30
0.0
  0
VERTEX
  5
85A
  8
DEFAULT
 10
1386.635284472257
 20
-133.4222097881133
 30
0.0
  0
VERTEX
  5
85B
  8
DEFAULT
 10
1386.660642623901
 20
-133.4006929397578
 30
0.0
  0
VERTEX
  5
85C
  8
DEFAULT
 10
1386.686547923833
 20
-133.3797232396895
 30
0.0
  0
VERTEX
  5
85D
  8
DEFAULT
 10
1386.712999165058
 20
-133.3592994809145
 30
0.0
  0
VERTEX
  5
85E
  8
DEFAULT
 10
1386.739994872361
 20
-133.3394201882178
 30
0.0
  0
VERTEX
  5
85F
  8
DEFAULT
 10
1386.767533302307
 20
-133.3200836181635
 30
0.0
  0
VERTEX
  5
860
  8
DEFAULT
 10
1386.795612443238
 20
-133.3012877590949
 30
0.0
  0
VERTEX
  5
861
  8
DEFAULT
 10
1386.824230015278
 20
-133.2830303311342
 30
0.0
  0
VERTEX
  5
862
  8
DEFAULT
 10
1386.853383470327
 20
-133.265308786183
 30
0.0
  0
VERTEX
  5
863
  8
DEFAULT
 10
1386.883069992065
 20
-133.2481203079218
 30
0.0
  0
VERTEX
  5
864
  8
DEFAULT
 10
1386.913286495954
 20
-133.2314618118102
 30
0.0
  0
VERTEX
  5
865
  8
DEFAULT
 10
1386.94402962923
 20
-133.2153299450869
 30
0.0
  0
VERTEX
  5
866
  8
DEFAULT
 10
1386.975295770913
 20
-133.1997210867697
 30
0.0
  0
VERTEX
  5
867
  8
DEFAULT
 10
1387.007081031799
 20
-133.1846313476557
 30
0.0
  0
VERTEX
  5
868
  8
DEFAULT
 10
1387.039381254464
 20
-133.1700565703208
 30
0.0
  0
VERTEX
  5
869
  8
DEFAULT
 10
1387.072192013264
 20
-133.15599232912
 30
0.0
  0
VERTEX
  5
86A
  8
DEFAULT
 10
1387.105508614331
 20
-133.1424339301878
 30
0.0
  0
VERTEX
  5
86B
  8
DEFAULT
 10
1387.139326095581
 20
-133.1293764114374
 30
0.0
  0
VERTEX
  5
86C
  8
DEFAULT
 10
1387.208442509174
 20
-133.1047428250307
 30
0.0
  0
VERTEX
  5
86D
  8
DEFAULT
 10
1387.279496192932
 20
-133.0820465087884
 30
0.0
  0
VERTEX
  5
86E
  8
DEFAULT
 10
1387.352437794209
 20
-133.0612381100648
 30
0.0
  0
VERTEX
  5
86F
  8
DEFAULT
 10
1387.427213668823
 20
-133.0422639846796
 30
0.0
  0
VERTEX
  5
870
  8
DEFAULT
 10
1387.503765881062
 20
-133.0250661969179
 30
0.0
  0
VERTEX
  5
871
  8
DEFAULT
 10
1387.582032203674
 20
-133.0095825195306
 30
0.0
  0
VERTEX
  5
872
  8
DEFAULT
 10
1387.661946117878
 20
-132.9957464337342
 30
0.0
  0
VERTEX
  5
873
  8
DEFAULT
 10
1387.743436813354
 20
-132.9834871292107
 30
0.0
  0
VERTEX
  5
874
  8
DEFAULT
 10
1387.826429188251
 20
-132.9727295041077
 30
0.0
  0
VERTEX
  5
875
  8
DEFAULT
 10
1387.910843849182
 20
-132.9633941650384
 30
0.0
  0
VERTEX
  5
876
  8
DEFAULT
 10
1388.083600997925
 20
-132.9486513137811
 30
0.0
  0
VERTEX
  5
877
  8
DEFAULT
 10
1388.260987281799
 20
-132.9385375976556
 30
0.0
  0
VERTEX
  5
878
  8
DEFAULT
 10
1388.626420021057
 20
-132.9289703369134
 30
0.0
  0
VERTEX
  5
879
  8
DEFAULT
 10
1389.000000953674
 20
-132.9275512695306
 30
0.0
  0
VERTEX
  5
87A
  8
DEFAULT
 10
1413.0
 20
-132.9275512695311
 30
0.0
  0
VERTEX
  5
87B
  8
DEFAULT
 10
1413.373580932617
 20
-132.9289703369139
 30
0.0
  0
VERTEX
  5
87C
  8
DEFAULT
 10
1413.739013671875
 20
-132.9385375976561
 30
0.0
  0
VERTEX
  5
87D
  8
DEFAULT
 10
1413.91639995575
 20
-132.9486513137816
 30
0.0
  0
VERTEX
  5
87E
  8
DEFAULT
 10
1414.089157104492
 20
-132.9633941650389
 30
0.0
  0
VERTEX
  5
87F
  8
DEFAULT
 10
1414.173571765423
 20
-132.9727295041083
 30
0.0
  0
VERTEX
  5
880
  8
DEFAULT
 10
1414.25656414032
 20
-132.9834871292113
 30
0.0
  0
VERTEX
  5
881
  8
DEFAULT
 10
1414.338054835796
 20
-132.9957464337348
 30
0.0
  0
VERTEX
  5
882
  8
DEFAULT
 10
1414.41796875
 20
-133.0095825195311
 30
0.0
  0
VERTEX
  5
883
  8
DEFAULT
 10
1414.496235072613
 20
-133.0250661969184
 30
0.0
  0
VERTEX
  5
884
  8
DEFAULT
 10
1414.572787284851
 20
-133.0422639846801
 30
0.0
  0
VERTEX
  5
885
  8
DEFAULT
 10
1414.647563159466
 20
-133.0612381100653
 30
0.0
  0
VERTEX
  5
886
  8
DEFAULT
 10
1414.720504760742
 20
-133.082046508789
 30
0.0
  0
VERTEX
  5
887
  8
DEFAULT
 10
1414.7915584445
 20
-133.1047428250312
 30
0.0
  0
VERTEX
  5
888
  8
DEFAULT
 10
1414.860674858093
 20
-133.1293764114379
 30
0.0
  0
VERTEX
  5
889
  8
DEFAULT
 10
1414.894492339343
 20
-133.1424339301884
 30
0.0
  0
VERTEX
  5
88A
  8
DEFAULT
 10
1414.927808940411
 20
-133.1559923291206
 30
0.0
  0
VERTEX
  5
88B
  8
DEFAULT
 10
1414.96061969921
 20
-133.1700565703213
 30
0.0
  0
VERTEX
  5
88C
  8
DEFAULT
 10
1414.992919921875
 20
-133.1846313476562
 30
0.0
  0
VERTEX
  5
88D
  8
DEFAULT
 10
1415.024705182761
 20
-133.1997210867702
 30
0.0
  0
VERTEX
  5
88E
  8
DEFAULT
 10
1415.055971324444
 20
-133.2153299450874
 30
0.0
  0
VERTEX
  5
88F
  8
DEFAULT
 10
1415.086714457721
 20
-133.2314618118107
 30
0.0
  0
VERTEX
  5
890
  8
DEFAULT
 10
1415.116930961609
 20
-133.2481203079223
 30
0.0
  0
VERTEX
  5
891
  8
DEFAULT
 10
1415.146617483348
 20
-133.2653087861835
 30
0.0
  0
VERTEX
  5
892
  8
DEFAULT
 10
1415.175770938396
 20
-133.2830303311347
 30
0.0
  0
VERTEX
  5
893
  8
DEFAULT
 10
1415.204388510436
 20
-133.3012877590954
 30
0.0
  0
VERTEX
  5
894
  8
DEFAULT
 10
1415.232467651367
 20
-133.320083618164
 30
0.0
  0
VERTEX
  5
895
  8
DEFAULT
 10
1415.260006081313
 20
-133.3394201882183
 30
0.0
  0
VERTEX
  5
896
  8
DEFAULT
 10
1415.287001788616
 20
-133.359299480915
 30
0.0
  0
VERTEX
  5
897
  8
DEFAULT
 10
1415.313453029841
 20
-133.37972323969
 30
0.0
  0
VERTEX
  5
898
  8
DEFAULT
 10
1415.339358329773
 20
-133.4006929397583
 30
0.0
  0
VERTEX
  5
899
  8
DEFAULT
 10
1415.364716481418
 20
-133.4222097881138
 30
0.0
  0
VERTEX
  5
89A
  8
DEFAULT
 10
1415.389526546002
 20
-133.4442747235298
 30
0.0
  0
VERTEX
  5
89B
  8
DEFAULT
 10
1415.413787852973
 20
-133.4668884165585
 30
0.0
  0
VERTEX
  5
89C
  8
DEFAULT
 10
1415.4375
 20
-133.4900512695312
 30
0.0
  0
VERTEX
  5
89D
  8
DEFAULT
 10
1415.460662852973
 20
-133.5137634165585
 30
0.0
  0
VERTEX
  5
89E
  8
DEFAULT
 10
1415.483276546001
 20
-133.5380247235298
 30
0.0
  0
VERTEX
  5
89F
  8
DEFAULT
 10
1415.505341481417
 20
-133.5628347881139
 30
0.0
  0
VERTEX
  5
8A0
  8
DEFAULT
 10
1415.526858329773
 20
-133.5881929397584
 30
0.0
  0
VERTEX
  5
8A1
  8
DEFAULT
 10
1415.547828029841
 20
-133.6140982396901
 30
0.0
  0
VERTEX
  5
8A2
  8
DEFAULT
 10
1415.568251788616
 20
-133.6405494809151
 30
0.0
  0
VERTEX
  5
8A3
  8
DEFAULT
 10
1415.588131081313
 20
-133.6675451882184
 30
0.0
  0
VERTEX
  5
8A4
  8
DEFAULT
 10
1415.607467651367
 20
-133.6950836181641
 30
0.0
  0
VERTEX
  5
8A5
  8
DEFAULT
 10
1415.626263510436
 20
-133.7231627590955
 30
0.0
  0
VERTEX
  5
8A6
  8
DEFAULT
 10
1415.644520938397
 20
-133.7517803311349
 30
0.0
  0
VERTEX
  5
8A7
  8
DEFAULT
 10
1415.662242483348
 20
-133.7809337861837
 30
0.0
  0
VERTEX
  5
8A8
  8
DEFAULT
 10
1415.679430961609
 20
-133.8106203079224
 30
0.0
  0
VERTEX
  5
8A9
  8
DEFAULT
 10
1415.696089457721
 20
-133.8408368118108
 30
0.0
  0
VERTEX
  5
8AA
  8
DEFAULT
 10
1415.712221324444
 20
-133.8715799450875
 30
0.0
  0
VERTEX
  5
8AB
  8
DEFAULT
 10
1415.727830182761
 20
-133.9028460867704
 30
0.0
  0
VERTEX
  5
8AC
  8
DEFAULT
 10
1415.742919921875
 20
-133.9346313476563
 30
0.0
  0
VERTEX
  5
8AD
  8
DEFAULT
 10
1415.75749469921
 20
-133.9669315703214
 30
0.0
  0
VERTEX
  5
8AE
  8
DEFAULT
 10
1415.771558940411
 20
-133.9997423291207
 30
0.0
  0
VERTEX
  5
8AF
  8
DEFAULT
 10
1415.785117339343
 20
-134.0330589301885
 30
0.0
  0
VERTEX
  5
8B0
  8
DEFAULT
 10
1415.798174858093
 20
-134.066876411438
 30
0.0
  0
VERTEX
  5
8B1
  8
DEFAULT
 10
1415.8228084445
 20
-134.1359928250313
 30
0.0
  0
VERTEX
  5
8B2
  8
DEFAULT
 10
1415.845504760742
 20
-134.2070465087891
 30
0.0
  0
VERTEX
  5
8B3
  8
DEFAULT
 10
1415.866313159466
 20
-134.2799881100655
 30
0.0
  0
VERTEX
  5
8B4
  8
DEFAULT
 10
1415.885287284851
 20
-134.3547639846802
 30
0.0
  0
VERTEX
  5
8B5
  8
DEFAULT
 10
1415.902485072613
 20
-134.4313161969185
 30
0.0
  0
VERTEX
  5
8B6
  8
DEFAULT
 10
1415.91796875
 20
-134.5095825195313
 30
0.0
  0
VERTEX
  5
8B7
  8
DEFAULT
 10
1415.931804835796
 20
-134.589496433735
 30
0.0
  0
VERTEX
  5
8B8
  8
DEFAULT
 10
1415.94406414032
 20
-134.6709871292115
 30
0.0
  0
VERTEX
  5
8B9
  8
DEFAULT
 10
1415.954821765423
 20
-134.7539795041085
 30
0.0
  0
VERTEX
  5
8BA
  8
DEFAULT
 10
1415.964157104492
 20
-134.8383941650391
 30
0.0
  0
VERTEX
  5
8BB
  8
DEFAULT
 10
1415.97889995575
 20
-135.0111513137819
 30
0.0
  0
VERTEX
  5
8BC
  8
DEFAULT
 10
1415.989013671875
 20
-135.1885375976564
 30
0.0
  0
VERTEX
  5
8BD
  8
DEFAULT
 10
1415.998580932617
 20
-135.5539703369142
 30
0.0
  0
SEQEND
  5
8BE
  8
DEFAULT
  0
CIRCLE
  5
8BF
  8
DEFAULT
 10
1391.000000953674
 20
-171.9275550842278
 30
0.0
 40
1.624999999999773
  0
CIRCLE
  5
8C0
  8
DEFAULT
 10
1411.0
 20
-171.9275550842285
 30
0.0
 40
1.625
  0
CIRCLE
  5
8C1
  8
DEFAULT
 10
1391.000000953674
 20
-135.9275474548335
 30
0.0
 40
1.625
  0
POLYLINE
  5
8C2
  8
DEFAULT
 66
     1
 10
0.0
 20
0.0
 30
0.0
 70
     1
  0
VERTEX
  5
8C3
  8
DEFAULT
 10
1411.103329501932
 20
-116.372502873552
 30
0.0
  0
VERTEX
  5
8C4
  8
DEFAULT
 10
1379.139992337196
 20
-92.4
 30
0.0
 42
0.1622776601684035
  0
VERTEX
  5
8C5
  8
DEFAULT
 10
1371.939992337196
 20
-89.99999999999991
 30
0.0
  0
VERTEX
  5
8C6
  8
DEFAULT
 10
1315.666666666667
 20
-90.0
 30
0.0
 42
0.1622776601683786
  0
VERTEX
  5
8C7
  8
DEFAULT
 10
1308.466666666667
 20
-92.39999999999999
 30
0.0
  0
VERTEX
  5
8C8
  8
DEFAULT
 10
1276.8
 20
-116.1499999999999
 30
0.0
 42
0.2360679774998526
  0
VERTEX
  5
8C9
  8
DEFAULT
 10
1272.0
 20
-125.7499999999999
 30
0.0
  0
VERTEX
  5
8CA
  8
DEFAULT
 10
1272.0
 20
-281.5144171070116
 30
0.0
 42
0.25859252483733
  0
VERTEX
  5
8CB
  8
DEFAULT
 10
1275.760008479974
 20
-288.2984035390522
 30
0.0
  0
VERTEX
  5
8CC
  8
DEFAULT
 10
1278.054378291265
 20
-289.7323846711088
 30
0.0
 42
0.1405647873996986
  0
VERTEX
  5
8CD
  8
DEFAULT
 10
1282.29436981129
 20
-290.9483982390681
 30
0.0
  0
VERTEX
  5
8CE
  8
DEFAULT
 10
1405.608959690641
 20
-290.9483982390681
 30
0.0
 42
0.1405647873997496
  0
VERTEX
  5
8CF
  8
DEFAULT
 10
1409.848951210667
 20
-289.7323846711088
 30
0.0
  0
VERTEX
  5
8D0
  8
DEFAULT
 10
1412.143321021957
 20
-288.2984035390523
 30
0.0
 42
0.2585925248373434
  0
VERTEX
  5
8D1
  8
DEFAULT
 10
1415.903329501932
 20
-281.5144171070115
 30
0.0
  0
VERTEX
  5
8D2
  8
DEFAULT
 10
1415.903329501932
 20
-125.972502873552
 30
0.0
 42
0.2360679774997713
  0
SEQEND
  5
8D3
  8
DEFAULT
  0
POLYLINE
  5
8D4
  8
DEFAULT
 66
     1
 10
0.0
 20
0.0
 30
-14.90031440630962
 70
     1
  0
VERTEX
  5
8D5
  8
DEFAULT
 10
745.0627947211271
 20
42.68391266867097
 30
-14.90031440630962
  0
VERTEX
  5
8D6
  8
DEFAULT
 10
745.0627947211271
 20
45.46919082296878
 30
-14.90031440630962
 42
2.380476142847526
  0
SEQEND
  5
8D7
  8
DEFAULT
  0
CIRCLE
  5
8D8
  8
DEFAULT
 10
743.6977353862518
 20
59.76954162348284
 30
-14.90031440630962
 40
1.500000000000114
  0
CIRCLE
  5
8D9
  8
DEFAULT
 10
732.6011158266924
 20
55.17317130533968
 30
-14.90031440630962
 40
1.500000000000114
  0
CIRCLE
  5
8DA
  8
DEFAULT
 10
728.0047455086847
 20
44.07655174572438
 30
-14.90031440630962
 40
1.5
  0
CIRCLE
  5
8DB
  8
DEFAULT
 10
732.6011158268279
 20
32.97993218616512
 30
-14.90031440630962
 40
1.5
  0
CIRCLE
  5
8DC
  8
DEFAULT
 10
743.6977353864434
 20
28.38356186815722
 30
-14.90031440630962
 40
1.500000000000114
  0
CIRCLE
  5
8DD
  8
DEFAULT
 10
754.7943549460026
 20
32.97993218630037
 30
-14.90031440630962
 40
1.5
  0
CIRCLE
  5
8DE
  8
DEFAULT
 10
759.3907252640106
 20
44.07655174591574
 30
-14.90031440630962
 40
1.5
  0
CIRCLE
  5
8DF
  8
DEFAULT
 10
754.7943549458673
 20
55.173171305475
 30
-14.90031440630962
 40
1.5
  0
CIRCLE
  5
8E0
  8
DEFAULT
 10
743.6977353863476
 20
44.07655174581998
 30
-14.90031440630962
 40
50.0
  0
TEXT
  5
8E1
  8
DEFAULT
 10
730.45
 20
119.995
 30
0.0
 40
5.0
  1
\U+041A\U+043E\U+043B\U+0435\U+0441\U+043E
  7
DEFAULT
1001
ACADANNOTATIVE
1000
AnnotativeData
1002
{
1070
     1
1070
     0
1002
}
  0
TEXT
  5
8E2
  8
DEFAULT
 10
577.65
 20
117.915
 30
0.0
 40
5.0
  1
\U+0421\U+043B\U+0435\U+0434 \U+043F\U+043B\U+0430\U+0442\U+044B
  7
DEFAULT
1001
ACADANNOTATIVE
1000
AnnotativeData
1002
{
1070
     1
1070
     0
1002
}
  0
CIRCLE
  5
8E3
  8
DEFAULT
 10
-630.9033295019317
 20
1.5
 30
5.99999999999999
 40
1.5
210
0.0
220
0.0
230
-1.0
  0
CIRCLE
  5
8E4
  8
DEFAULT
 10
-630.9033295019317
 20
90.5
 30
5.999999999999991
 40
1.5
210
0.0
220
0.0
230
-1.0
  0
CIRCLE
  5
8E5
  8
DEFAULT
 10
-562.7033295019305
 20
90.5
 30
5.99999999999999
 40
1.500000000000114
210
0.0
220
0.0
230
-1.0
  0
CIRCLE
  5
8E6
  8
DEFAULT
 10
-562.7033295019305
 20
1.5
 30
5.99999999999999
 40
1.500000000000114
210
0.0
220
0.0
230
-1.0
  0
POLYLINE
  5
8E7
  8
DEFAULT
 66
     1
 10
0.0
 20
0.0
 30
-5.99999999999999
 70
     1
  0
VERTEX
  5
8E8
  8
DEFAULT
 10
633.9033295019316
 20
90.5000000000006
 30
-5.99999999999999
  0
VERTEX
  5
8E9
  8
DEFAULT
 10
633.9033295019316
 20
1.499999999999396
 30
-5.99999999999999
 42
-0.4142135623731426
  0
VERTEX
  5
8EA
  8
DEFAULT
 10
630.9033295019316
 20
-1.500000000000106
 30
-5.99999999999999
  0
VERTEX
  5
8EB
  8
DEFAULT
 10
562.7033295019306
 20
-1.500000000000206
 30
-5.99999999999999
 42
-0.4142135623730867
  0
VERTEX
  5
8EC
  8
DEFAULT
 10
559.7033295019306
 20
1.499999999999396
 30
-5.99999999999999
  0
VERTEX
  5
8ED
  8
DEFAULT
 10
559.7033295019306
 20
90.50000000000048
 30
-5.99999999999999
 42
-0.4142135623730525
  0
VERTEX
  5
8EE
  8
DEFAULT
 10
562.7033295019306
 20
93.50000000000013
 30
-5.99999999999999
  0
VERTEX
  5
8EF
  8
DEFAULT
 10
630.9033295019316
 20
93.5000000000002
 30
-5.99999999999999
 42
-0.4142135623732256
  0
SEQEND
  5
8F0
  8
DEFAULT
  0
ENDSEC
  0
EOF
