  0
SECTION
  2
HEADER
  9
$ACADVER
  1
AC1009
  9
$DWGCODEPAGE
  3
ansi_1252
  9
$INSBASE
 10
0.0
 20
0.0
 30
0.0
  9
$EXTMIN
 10
-572.0000000000001
 20
-183.8970183545237
 30
-25.48756561200975
  9
$EXTMAX
 10
-86.69967205196141
 20
153.9814820501764
 30
3.000000000000002
  9
$LIMMIN
 10
0.0
 20
0.0
  9
$LIMMAX
 10
12.0
 20
9.0
  9
$ORTHOMODE
 70
     0
  9
$REGENMODE
 70
     1
  9
$FILLMODE
 70
     1
  9
$QTEXTMODE
 70
     0
  9
$MIRRTEXT
 70
     1
  9
$DRAGMODE
 70
     2
  9
$LTSCALE
 40
1.0
  9
$OSMODE
 70
    37
  9
$ATTMODE
 70
     1
  9
$TEXTSIZE
 40
0.2
  9
$TRACEWID
 40
0.05
  9
$TEXTSTYLE
  7
STANDARD
  9
$CLAYER
  8
DEFAULT
  9
$CELTYPE
  6
BYLAYER
  9
$CECOLOR
 62
   256
  9
$DIMSCALE
 40
1.0
  9
$DIMASZ
 40
0.18
  9
$DIMEXO
 40
0.0625
  9
$DIMDLI
 40
0.38
  9
$DIMRND
 40
0.0
  9
$DIMDLE
 40
0.0
  9
$DIMEXE
 40
0.18
  9
$DIMTP
 40
0.0
  9
$DIMTM
 40
0.0
  9
$DIMTXT
 40
0.18
  9
$DIMCEN
 40
0.09
  9
$DIMTSZ
 40
0.0
  9
$DIMTOL
 70
     0
  9
$DIMLIM
 70
     0
  9
$DIMTIH
 70
     1
  9
$DIMTOH
 70
     1
  9
$DIMSE1
 70
     0
  9
$DIMSE2
 70
     0
  9
$DIMTAD
 70
     0
  9
$DIMZIN
 70
     0
  9
$DIMBLK
  1

  9
$DIMASO
 70
     1
  9
$DIMSHO
 70
     1
  9
$DIMPOST
  1

  9
$DIMAPOST
  1

  9
$DIMALT
 70
     0
  9
$DIMALTD
 70
     2
  9
$DIMALTF
 40
25.4
  9
$DIMLFAC
 40
1.0
  9
$DIMTOFL
 70
     0
  9
$DIMTVP
 40
0.0
  9
$DIMTIX
 70
     0
  9
$DIMSOXD
 70
     0
  9
$DIMSAH
 70
     0
  9
$DIMBLK1
  1

  9
$DIMBLK2
  1

  9
$DIMSTYLE
  2
STANDARD_ACAD
  9
$DIMCLRD
 70
     0
  9
$DIMCLRE
 70
     0
  9
$DIMCLRT
 70
     0
  9
$DIMTFAC
 40
1.0
  9
$DIMGAP
 40
0.09
  9
$LUNITS
 70
     2
  9
$LUPREC
 70
     3
  9
$SKETCHINC
 40
0.1
  9
$FILLETRAD
 40
0.0
  9
$AUNITS
 70
     0
  9
$AUPREC
 70
     0
  9
$MENU
  1
.
  9
$ELEVATION
 40
0.0
  9
$PELEVATION
 40
0.0
  9
$THICKNESS
 40
0.0
  9
$LIMCHECK
 70
     0
  9
$CHAMFERA
 40
0.0
  9
$CHAMFERB
 40
0.0
  9
$SKPOLY
 70
     0
  9
$TDCREATE
 40
2461076.765099803
  9
$TDUPDATE
 40
2461076.765110833
  9
$TDINDWG
 40
0.0000000116
  9
$TDUSRTIMER
 40
0.0000000116
  9
$USRTIMER
 70
     1
  9
$ANGBASE
 50
0.0
  9
$ANGDIR
 70
     0
  9
$PDMODE
 70
     0
  9
$PDSIZE
 40
0.0
  9
$PLINEWID
 40
0.0
  9
$COORDS
 70
     1
  9
$SPLFRAME
 70
     0
  9
$SPLINETYPE
 70
     6
  9
$SPLINESEGS
 70
     8
  9
$ATTDIA
 70
     0
  9
$ATTREQ
 70
     1
  9
$HANDLING
 70
     1
  9
$HANDSEED
  5
1513
  9
$SURFTAB1
 70
     6
  9
$SURFTAB2
 70
     6
  9
$SURFTYPE
 70
     6
  9
$SURFU
 70
     6
  9
$SURFV
 70
     6
  9
$UCSNAME
  2

  9
$UCSORG
 10
0.0
 20
0.0
 30
0.0
  9
$UCSXDIR
 10
1.0
 20
0.0
 30
0.0
  9
$UCSYDIR
 10
0.0
 20
1.0
 30
0.0
  9
$PUCSNAME
  2

  9
$PUCSORG
 10
0.0
 20
0.0
 30
0.0
  9
$PUCSXDIR
 10
1.0
 20
0.0
 30
0.0
  9
$PUCSYDIR
 10
0.0
 20
1.0
 30
0.0
  9
$USERI1
 70
     0
  9
$USERI2
 70
     0
  9
$USERI3
 70
     0
  9
$USERI4
 70
     0
  9
$USERI5
 70
     0
  9
$USERR1
 40
0.0
  9
$USERR2
 40
0.0
  9
$USERR3
 40
0.0
  9
$USERR4
 40
0.0
  9
$USERR5
 40
0.0
  9
$WORLDVIEW
 70
     1
  9
$SHADEDGE
 70
     3
  9
$SHADEDIF
 70
    70
  9
$TILEMODE
 70
     1
  9
$MAXACTVP
 70
    64
  9
$PLIMCHECK
 70
     0
  9
$PEXTMIN
 10
1.000000000000000E+20
 20
1.000000000000000E+20
 30
1.000000000000000E+20
  9
$PEXTMAX
 10
-1.000000000000000E+20
 20
-1.000000000000000E+20
 30
-1.000000000000000E+20
  9
$PLIMMIN
 10
0.0
 20
0.0
  9
$PLIMMAX
 10
12.0
 20
9.0
  9
$UNITMODE
 70
     0
  9
$VISRETAIN
 70
     1
  9
$PLINEGEN
 70
     0
  9
$PSLTSCALE
 70
     1
  0
ENDSEC
  0
SECTION
  2
TABLES
  0
TABLE
  2
VPORT
 70
     1
  0
VPORT
  2
*ACTIVE
 70
     0
 10
0.0
 20
0.0
 11
1.0
 21
1.0
 12
10.42990654205607
 22
4.5
 13
0.0
 23
0.0
 14
0.5
 24
0.5
 15
0.5
 25
0.5
 16
0.0
 26
0.0
 36
1.0
 17
0.0
 27
0.0
 37
0.0
 40
9.0
 41
1.972972972850329
 42
50.0
 43
0.0
 44
0.0
 50
0.0
 51
0.0
 71
     0
 72
   100
 73
     1
 74
     3
 75
     0
 76
     0
 77
     0
 78
     0
  0
ENDTAB
  0
TABLE
  2
LTYPE
 70
     1
  0
LTYPE
  2
CONTINUOUS
 70
     0
  3
Solid line
 72
    65
 73
     0
 40
0.0
  0
ENDTAB
  0
TABLE
  2
LAYER
 70
     2
  0
LAYER
  2
0
 70
     0
 62
     7
  6
CONTINUOUS
  0
LAYER
  2
DEFAULT
 70
     0
 62
     7
  6
CONTINUOUS
  0
ENDTAB
  0
TABLE
  2
STYLE
 70
     1
  0
STYLE
  2
STANDARD
 70
     0
 40
0.0
 41
1.0
 50
0.0
 71
     0
 42
0.2
  3
txt
  4

  0
ENDTAB
  0
TABLE
  2
VIEW
 70
     0
  0
ENDTAB
  0
TABLE
  2
UCS
 70
     0
  0
ENDTAB
  0
TABLE
  2
APPID
 70
     2
  0
APPID
  2
ACAD
 70
     0
  0
APPID
  2
RHINO
 70
     0
  0
ENDTAB
  0
TABLE
  2
DIMSTYLE
 70
     1
  0
DIMSTYLE
  2
STANDARD_ACAD
 70
     0
  3

  4

  5

  6

  7

 40
1.0
 41
0.18
 42
0.0625
 43
0.38
 44
0.18
 45
0.0
 46
0.0
 47
0.0
 48
0.0
140
0.18
141
0.09
142
0.0
143
25.4
144
1.0
145
0.0
146
1.0
147
0.09
 71
     0
 72
     0
 73
     1
 74
     1
 75
     0
 76
     0
 77
     0
 78
     0
170
     0
171
     2
172
     0
173
     0
174
     0
175
     0
176
     0
177
     0
178
     0
  0
ENDTAB
  0
ENDSEC
  0
SECTION
  2
BLOCKS
  0
BLOCK
  8
0
  2
$MODEL_SPACE
 70
     0
 10
0.0
 20
0.0
 30
0.0
  3
$MODEL_SPACE
  1

  0
ENDBLK
  5
21
  8
0
  0
BLOCK
 67
     1
  8
0
  2
$PAPER_SPACE
 70
     0
 10
0.0
 20
0.0
 30
0.0
  3
$PAPER_SPACE
  1

  0
ENDBLK
  5
1D
 67
     1
  8
0
  0
ENDSEC
  0
SECTION
  2
ENTITIES
  0
POLYLINE
  5
60
  8
DEFAULT
 66
     1
 10
0.0
 20
0.0
 30
3.0
 70
     1
  0
VERTEX
  5
61
  8
DEFAULT
 10
-463.0929608717663
 20
-80.89015175808832
 30
3.0
  0
VERTEX
  5
62
  8
DEFAULT
 10
-466.3000001907349
 20
-80.89015175808832
 30
3.0
  0
VERTEX
  5
63
  8
DEFAULT
 10
-466.3000001907349
 20
-93.04797649634729
 30
3.0
  0
VERTEX
  5
64
  8
DEFAULT
 10
-463.3000001907349
 20
-93.04797649634729
 30
3.0
  0
VERTEX
  5
65
  8
DEFAULT
 10
-463.3000001907349
 20
-103.1717199874757
 30
3.0
  0
VERTEX
  5
66
  8
DEFAULT
 10
-466.3000001907349
 20
-103.1717199874757
 30
3.0
  0
VERTEX
  5
67
  8
DEFAULT
 10
-466.3000001907349
 20
-115.4067526255259
 30
3.0
  0
VERTEX
  5
68
  8
DEFAULT
 10
-463.3000001907349
 20
-115.4067526255259
 30
3.0
  0
VERTEX
  5
69
  8
DEFAULT
 10
-463.3000001907349
 20
-124.1098482419115
 30
3.0
  0
VERTEX
  5
6A
  8
DEFAULT
 10
-455.0
 20
-124.1098482419115
 30
3.0
  0
VERTEX
  5
6B
  8
DEFAULT
 10
-455.0
 20
-121.3598482419115
 30
3.0
  0
VERTEX
  5
6C
  8
DEFAULT
 10
-452.6019118814297
 20
-121.3598482419115
 30
3.0
  0
VERTEX
  5
6D
  8
DEFAULT
 10
-452.4454166582483
 20
-121.3592685903863
 30
3.0
  0
VERTEX
  5
6E
  8
DEFAULT
 10
-452.2931077795635
 20
-121.3553606172006
 30
3.0
  0
VERTEX
  5
6F
  8
DEFAULT
 10
-452.2196918092508
 20
-121.3512294314317
 30
3.0
  0
VERTEX
  5
70
  8
DEFAULT
 10
-452.1486541765067
 20
-121.3452073662924
 30
3.0
  0
VERTEX
  5
71
  8
DEFAULT
 10
-452.114144371318
 20
-121.3413941269812
 30
3.0
  0
VERTEX
  5
72
  8
DEFAULT
 10
-452.0803653022628
 20
-121.3369999214111
 30
3.0
  0
VERTEX
  5
73
  8
DEFAULT
 10
-452.0473577597411
 20
-121.3319923194816
 30
3.0
  0
VERTEX
  5
74
  8
DEFAULT
 10
-452.0151603292666
 20
-121.3263406440706
 30
3.0
  0
VERTEX
  5
75
  8
DEFAULT
 10
-451.9838093914666
 20
-121.3200159710346
 30
3.0
  0
VERTEX
  5
76
  8
DEFAULT
 10
-451.9533391220818
 20
-121.3129911292081
 30
3.0
  0
VERTEX
  5
77
  8
DEFAULT
 10
-451.9237814919665
 20
-121.3052407004046
 30
3.0
  0
VERTEX
  5
78
  8
DEFAULT
 10
-451.8951662670881
 20
-121.2967410194154
 30
3.0
  0
VERTEX
  5
79
  8
DEFAULT
 10
-451.8812207555791
 20
-121.2922032933036
 30
3.0
  0
VERTEX
  5
7A
  8
DEFAULT
 10
-451.8675210085281
 20
-121.2874701740106
 30
3.0
  0
VERTEX
  5
7B
  8
DEFAULT
 10
-451.8540701265567
 20
-121.2825391964104
 30
3.0
  0
VERTEX
  5
7C
  8
DEFAULT
 10
-451.8408710724812
 20
-121.2774080049385
 30
3.0
  0
VERTEX
  5
7D
  8
DEFAULT
 10
-451.8279266713123
 20
-121.2720743535911
 30
3.0
  0
VERTEX
  5
7E
  8
DEFAULT
 10
-451.8152396102555
 20
-121.2665361059259
 30
3.0
  0
VERTEX
  5
7F
  8
DEFAULT
 10
-451.8028124387108
 20
-121.2607912350615
 30
3.0
  0
VERTEX
  5
80
  8
DEFAULT
 10
-451.7906475682728
 20
-121.254837823678
 30
3.0
  0
VERTEX
  5
81
  8
DEFAULT
 10
-451.7787472727308
 20
-121.2486740640162
 30
3.0
  0
VERTEX
  5
82
  8
DEFAULT
 10
-451.7671136880684
 20
-121.2422982578783
 30
3.0
  0
VERTEX
  5
83
  8
DEFAULT
 10
-451.7557488124641
 20
-121.2357088166277
 30
3.0
  0
VERTEX
  5
84
  8
DEFAULT
 10
-451.7446545062909
 20
-121.2289042611889
 30
3.0
  0
VERTEX
  5
85
  8
DEFAULT
 10
-451.7338324921163
 20
-121.2218832220474
 30
3.0
  0
VERTEX
  5
86
  8
DEFAULT
 10
-451.7232843547026
 20
-121.2146444392501
 30
3.0
  0
VERTEX
  5
87
  8
DEFAULT
 10
-451.7130115410065
 20
-121.2071867624048
 30
3.0
  0
VERTEX
  5
88
  8
DEFAULT
 10
-451.7030153601793
 20
-121.1995091506806
 30
3.0
  0
VERTEX
  5
89
  8
DEFAULT
 10
-451.693296983567
 20
-121.1916106728079
 30
3.0
  0
VERTEX
  5
8A
  8
DEFAULT
 10
-451.6838574447101
 20
-121.1834905070778
 30
3.0
  0
VERTEX
  5
8B
  8
DEFAULT
 10
-451.6746976393438
 20
-121.175147941343
 30
3.0
  0
VERTEX
  5
8C
  8
DEFAULT
 10
-451.6658183253978
 20
-121.1665823730171
 30
3.0
  0
VERTEX
  5
8D
  8
DEFAULT
 10
-451.6572201229965
 20
-121.157793309075
 30
3.0
  0
VERTEX
  5
8E
  8
DEFAULT
 10
-451.6489035144587
 20
-121.1487803660527
 30
3.0
  0
VERTEX
  5
8F
  8
DEFAULT
 10
-451.6408688442979
 20
-121.1395432700472
 30
3.0
  0
VERTEX
  5
90
  8
DEFAULT
 10
-451.6331163192224
 20
-121.1300818567168
 30
3.0
  0
VERTEX
  5
91
  8
DEFAULT
 10
-451.6256460081347
 20
-121.1203960712809
 30
3.0
  0
VERTEX
  5
92
  8
DEFAULT
 10
-451.6184578421323
 20
-121.1104859685202
 30
3.0
  0
VERTEX
  5
93
  8
DEFAULT
 10
-451.6115516145069
 20
-121.1003517127764
 30
3.0
  0
VERTEX
  5
94
  8
DEFAULT
 10
-451.6049269807451
 20
-121.0899935779522
 30
3.0
  0
VERTEX
  5
95
  8
DEFAULT
 10
-451.5985834585279
 20
-121.0794119475119
 30
3.0
  0
VERTEX
  5
96
  8
DEFAULT
 10
-451.592520427731
 20
-121.0686073144805
 30
3.0
  0
VERTEX
  5
97
  8
DEFAULT
 10
-451.5867371304247
 20
-121.0575802814443
 30
3.0
  0
VERTEX
  5
98
  8
DEFAULT
 10
-451.5812326708738
 20
-121.0463315605508
 30
3.0
  0
VERTEX
  5
99
  8
DEFAULT
 10
-451.5760060155379
 20
-121.0348619735088
 30
3.0
  0
VERTEX
  5
9A
  8
DEFAULT
 10
-451.5710559930709
 20
-121.0231724515878
 30
3.0
  0
VERTEX
  5
9B
  8
DEFAULT
 10
-451.5663812943214
 20
-121.0112640356189
 30
3.0
  0
VERTEX
  5
9C
  8
DEFAULT
 10
-451.5619804723328
 20
-120.9991378759942
 30
3.0
  0
VERTEX
  5
9D
  8
DEFAULT
 10
-451.5578519423428
 20
-120.9867952326668
 30
3.0
  0
VERTEX
  5
9E
  8
DEFAULT
 10
-451.5539939817839
 20
-120.9742374751511
 30
3.0
  0
VERTEX
  5
9F
  8
DEFAULT
 10
-451.550404730283
 20
-120.9614660825228
 30
3.0
  0
VERTEX
  5
A0
  8
DEFAULT
 10
-451.5470821896619
 20
-120.9484826434184
 30
3.0
  0
VERTEX
  5
A1
  8
DEFAULT
 10
-451.5440242239367
 20
-120.9352888560357
 30
3.0
  0
VERTEX
  5
A2
  8
DEFAULT
 10
-451.5412285593182
 20
-120.9218865281338
 30
3.0
  0
VERTEX
  5
A3
  8
DEFAULT
 10
-451.5386927842118
 20
-120.9082775770328
 30
3.0
  0
VERTEX
  5
A4
  8
DEFAULT
 10
-451.5364143492175
 20
-120.894464029614
 30
3.0
  0
VERTEX
  5
A5
  8
DEFAULT
 10
-451.5343905671298
 20
-120.8804480223197
 30
3.0
  0
VERTEX
  5
A6
  8
DEFAULT
 10
-451.5326186129381
 20
-120.8662318011536
 30
3.0
  0
VERTEX
  5
A7
  8
DEFAULT
 10
-451.5310955238259
 20
-120.8518177216804
 30
3.0
  0
VERTEX
  5
A8
  8
DEFAULT
 10
-451.5298181991717
 20
-120.837208249026
 30
3.0
  0
VERTEX
  5
A9
  8
DEFAULT
 10
-451.5279877517236
 20
-120.8074135324827
 30
3.0
  0
VERTEX
  5
AA
  8
DEFAULT
 10
-451.5270997095127
 20
-120.7768695637538
 30
3.0
  0
VERTEX
  5
AB
  8
DEFAULT
 10
-451.5271243065711
 20
-120.7456000080478
 30
3.0
  0
VERTEX
  5
AC
  8
DEFAULT
 10
-451.5280295720447
 20
-120.7136302835514
 30
3.0
  0
VERTEX
  5
AD
  8
DEFAULT
 10
-451.5297813301927
 20
-120.6809875614299
 30
3.0
  0
VERTEX
  5
AE
  8
DEFAULT
 10
-451.5323432003881
 20
-120.647700765827
 30
3.0
  0
VERTEX
  5
AF
  8
DEFAULT
 10
-451.535676597117
 20
-120.6138005738647
 30
3.0
  0
VERTEX
  5
B0
  8
DEFAULT
 10
-451.5397407299793
 20
-120.5793194156434
 30
3.0
  0
VERTEX
  5
B1
  8
DEFAULT
 10
-451.5498870180706
 20
-120.5087526857178
 30
3.0
  0
VERTEX
  5
B2
  8
DEFAULT
 10
-451.5624116437305
 20
-120.4362950764219
 30
3.0
  0
VERTEX
  5
B3
  8
DEFAULT
 10
-451.5929378331099
 20
-120.2870254594778
 30
3.0
  0
VERTEX
  5
B4
  8
DEFAULT
 10
-451.6276503669857
 20
-120.1344275208732
 30
3.0
  0
VERTEX
  5
B5
  8
DEFAULT
 10
-460.1701763284345
 20
-83.21388959497347
 30
3.0
  0
VERTEX
  5
B6
  8
DEFAULT
 10
-460.2382573657665
 20
-82.924521545553
 30
3.0
  0
VERTEX
  5
B7
  8
DEFAULT
 10
-460.3113562514133
 20
-82.64146491786968
 30
3.0
  0
VERTEX
  5
B8
  8
DEFAULT
 10
-460.3511880858836
 20
-82.50406517800847
 30
3.0
  0
VERTEX
  5
B9
  8
DEFAULT
 10
-460.39387065019
 20
-82.37025107029989
 30
3.0
  0
VERTEX
  5
BA
  8
DEFAULT
 10
-460.4398479393379
 20
-82.2405810491954
 30
3.0
  0
VERTEX
  5
BB
  8
DEFAULT
 10
-460.4641992917966
 20
-82.17746004505109
 30
3.0
  0
VERTEX
  5
BC
  8
DEFAULT
 10
-460.4895216630941
 20
-82.11556038300823
 30
3.0
  0
VERTEX
  5
BD
  8
DEFAULT
 10
-460.5158586598825
 20
-82.05493691127185
 30
3.0
  0
VERTEX
  5
BE
  8
DEFAULT
 10
-460.5432512459868
 20
-81.99564115391338
 30
3.0
  0
VERTEX
  5
BF
  8
DEFAULT
 10
-460.5717377424043
 20
-81.93772131087059
 30
3.0
  0
VERTEX
  5
C0
  8
DEFAULT
 10
-460.6013538273053
 20
-81.88122225794758
 30
3.0
  0
VERTEX
  5
C1
  8
DEFAULT
 10
-460.6321325360324
 20
-81.82618554681491
 30
3.0
  0
VERTEX
  5
C2
  8
DEFAULT
 10
-460.6641042611008
 20
-81.77264940500939
 30
3.0
  0
VERTEX
  5
C3
  8
DEFAULT
 10
-460.6972967521984
 20
-81.72064873593426
 30
3.0
  0
VERTEX
  5
C4
  8
DEFAULT
 10
-460.7317351161856
 20
-81.67021511885909
 30
3.0
  0
VERTEX
  5
C5
  8
DEFAULT
 10
-460.7674418170955
 20
-81.6213768089198
 30
3.0
  0
VERTEX
  5
C6
  8
DEFAULT
 10
-460.8044366761334
 20
-81.57415873711872
 30
3.0
  0
VERTEX
  5
C7
  8
DEFAULT
 10
-460.8427368716778
 20
-81.52858251032448
 30
3.0
  0
VERTEX
  5
C8
  8
DEFAULT
 10
-460.8623811162349
 20
-81.5064159320086
 30
3.0
  0
VERTEX
  5
C9
  8
DEFAULT
 10
-460.8823569392794
 20
-81.48466641127212
 30
3.0
  0
VERTEX
  5
CA
  8
DEFAULT
 10
-460.9026657448131
 20
-81.46333571406103
 30
3.0
  0
VERTEX
  5
CB
  8
DEFAULT
 10
-460.9233087716614
 20
-81.442425398563
 30
3.0
  0
VERTEX
  5
CC
  8
DEFAULT
 10
-460.9442870934731
 20
-81.42193681520729
 30
3.0
  0
VERTEX
  5
CD
  8
DEFAULT
 10
-460.9656016187199
 20
-81.40187110666486
 30
3.0
  0
VERTEX
  5
CE
  8
DEFAULT
 10
-460.9872530906972
 20
-81.38222920784827
 30
3.0
  0
VERTEX
  5
CF
  8
DEFAULT
 10
-461.0092420875235
 20
-81.3630118459118
 30
3.0
  0
VERTEX
  5
D0
  8
DEFAULT
 10
-461.0315690221404
 20
-81.34421954025129
 30
3.0
  0
VERTEX
  5
D1
  8
DEFAULT
 10
-461.0542341423131
 20
-81.32585260250428
 30
3.0
  0
VERTEX
  5
D2
  8
DEFAULT
 10
-461.07723753063
 20
-81.30791113654996
 30
3.0
  0
VERTEX
  5
D3
  8
DEFAULT
 10
-461.1005791045027
 20
-81.29039503850916
 30
3.0
  0
VERTEX
  5
D4
  8
DEFAULT
 10
-461.124258616166
 20
-81.27330399674432
 30
3.0
  0
VERTEX
  5
D5
  8
DEFAULT
 10
-461.1482756526782
 20
-81.25663749185955
 30
3.0
  0
VERTEX
  5
D6
  8
DEFAULT
 10
-461.1726296359209
 20
-81.24039479670064
 30
3.0
  0
VERTEX
  5
D7
  8
DEFAULT
 10
-461.1973198225988
 20
-81.22457497635503
 30
3.0
  0
VERTEX
  5
D8
  8
DEFAULT
 10
-461.2223453042399
 20
-81.20917688815172
 30
3.0
  0
VERTEX
  5
D9
  8
DEFAULT
 10
-461.2477050071958
 20
-81.19419918166147
 30
3.0
  0
VERTEX
  5
DA
  8
DEFAULT
 10
-461.273397692641
 20
-81.17964029869663
 30
3.0
  0
VERTEX
  5
DB
  8
DEFAULT
 10
-461.2994219565734
 20
-81.16549847331117
 30
3.0
  0
VERTEX
  5
DC
  8
DEFAULT
 10
-461.3524587780081
 20
-81.13845789270276
 30
3.0
  0
VERTEX
  5
DD
  8
DEFAULT
 10
-461.4068009359491
 20
-81.11305915710119
 30
3.0
  0
VERTEX
  5
DE
  8
DEFAULT
 10
-461.4624312520185
 20
-81.08928065963781
 30
3.0
  0
VERTEX
  5
DF
  8
DEFAULT
 10
-461.5193299050104
 20
-81.06709746931033
 30
3.0
  0
VERTEX
  5
E0
  8
DEFAULT
 10
-461.577474430892
 20
-81.04648133098279
 30
3.0
  0
VERTEX
  5
E1
  8
DEFAULT
 10
-461.6368397228026
 20
-81.02740066538563
 30
3.0
  0
VERTEX
  5
E2
  8
DEFAULT
 10
-461.6973980310547
 20
-81.00982056911565
 30
3.0
  0
VERTEX
  5
E3
  8
DEFAULT
 10
-461.7591189631328
 20
-80.99370281463598
 30
3.0
  0
VERTEX
  5
E4
  8
DEFAULT
 10
-461.8219694836943
 20
-80.97900585027611
 30
3.0
  0
VERTEX
  5
E5
  8
DEFAULT
 10
-461.8859139145692
 20
-80.96568480023193
 30
3.0
  0
VERTEX
  5
E6
  8
DEFAULT
 10
-461.9509139347599
 20
-80.95369146456565
 30
3.0
  0
VERTEX
  5
E7
  8
DEFAULT
 10
-462.0169285804416
 20
-80.94297431920586
 30
3.0
  0
VERTEX
  5
E8
  8
DEFAULT
 10
-462.083914244962
 20
-80.93347851594748
 30
3.0
  0
VERTEX
  5
E9
  8
DEFAULT
 10
-462.2206109897724
 20
-80.91791492224665
 30
3.0
  0
VERTEX
  5
EA
  8
DEFAULT
 10
-462.3606024594241
 20
-80.90649541514992
 30
3.0
  0
VERTEX
  5
EB
  8
DEFAULT
 10
-462.5034446589121
 20
-80.89866154020581
 30
3.0
  0
VERTEX
  5
EC
  8
DEFAULT
 10
-462.7956938411819
 20
-80.8912509382785
 30
3.0
  0
SEQEND
  5
ED
  8
DEFAULT
  0
CIRCLE
  5
EE
  8
DEFAULT
 10
-392.6443331768155
 20
-100.8999547481718
 30
3.0
 40
1.49999999994702
  0
POLYLINE
  5
EF
  8
DEFAULT
 66
     1
 10
0.0
 20
0.0
 30
3.0
 70
     1
  0
VERTEX
  5
F0
  8
DEFAULT
 10
-411.9601439926149
 20
-88.47988355959401
 30
3.0
  0
VERTEX
  5
F1
  8
DEFAULT
 10
-393.9571553184149
 20
-92.80586975489533
 30
3.0
  0
VERTEX
  5
F2
  8
DEFAULT
 10
-393.1936973683861
 20
-92.99230568953668
 30
3.0
  0
VERTEX
  5
F3
  8
DEFAULT
 10
-392.4468912398381
 20
-93.19186613164568
 30
3.0
  0
VERTEX
  5
F4
  8
DEFAULT
 10
-392.0843808523263
 20
-93.30023166078033
 30
3.0
  0
VERTEX
  5
F5
  8
DEFAULT
 10
-391.7313306639563
 20
-93.41605345855355
 30
3.0
  0
VERTEX
  5
F6
  8
DEFAULT
 10
-391.3892140802807
 20
-93.54049282267667
 30
3.0
  0
VERTEX
  5
F7
  8
DEFAULT
 10
-391.2226779595021
 20
-93.60627675552635
 30
3.0
  0
VERTEX
  5
F8
  8
DEFAULT
 10
-391.0593641825133
 20
-93.67460045107899
 30
3.0
  0
VERTEX
  5
F9
  8
DEFAULT
 10
-390.8994174587883
 20
-93.74557796535984
 30
3.0
  0
VERTEX
  5
FA
  8
DEFAULT
 10
-390.7429737275298
 20
-93.81931644190776
 30
3.0
  0
VERTEX
  5
FB
  8
DEFAULT
 10
-390.5901601576695
 20
-93.8959161117752
 30
3.0
  0
VERTEX
  5
FC
  8
DEFAULT
 10
-390.4410951478678
 20
-93.97547029352825
 30
3.0
  0
VERTEX
  5
FD
  8
DEFAULT
 10
-390.2958883265141
 20
-94.0580653932466
 30
3.0
  0
VERTEX
  5
FE
  8
DEFAULT
 10
-390.1546405517264
 20
-94.1437809045236
 30
3.0
  0
VERTEX
  5
FF
  8
DEFAULT
 10
-390.0174439113518
 20
-94.2326894084662
 30
3.0
  0
VERTEX
  5
100
  8
DEFAULT
 10
-389.8843817229663
 20
-94.324856573695
 30
3.0
  0
VERTEX
  5
101
  8
DEFAULT
 10
-389.7555285338744
 20
-94.4203411563442
 30
3.0
  0
VERTEX
  5
102
  8
DEFAULT
 10
-389.6309501211099
 20
-94.5191950000616
 30
3.0
  0
VERTEX
  5
103
  8
DEFAULT
 10
-389.5107034914351
 20
-94.62146303600869
 30
3.0
  0
VERTEX
  5
104
  8
DEFAULT
 10
-389.4522200117486
 20
-94.67388952692332
 30
3.0
  0
VERTEX
  5
105
  8
DEFAULT
 10
-389.3948368813413
 20
-94.72718328286051
 30
3.0
  0
VERTEX
  5
106
  8
DEFAULT
 10
-389.3385587594199
 20
-94.78134797607868
 30
3.0
  0
VERTEX
  5
107
  8
DEFAULT
 10
-389.2833897570488
 20
-94.83638684680577
 30
3.0
  0
VERTEX
  5
108
  8
DEFAULT
 10
-389.2293334371508
 20
-94.89230270323941
 30
3.0
  0
VERTEX
  5
109
  8
DEFAULT
 10
-389.1763928145065
 20
-94.94909792154678
 30
3.0
  0
VERTEX
  5
10A
  8
DEFAULT
 10
-389.1245703557547
 20
-95.00677444586469
 30
3.0
  0
VERTEX
  5
10B
  8
DEFAULT
 10
-389.0738679793923
 20
-95.06533378829951
 30
3.0
  0
VERTEX
  5
10C
  8
DEFAULT
 10
-389.024287055774
 20
-95.12477702892724
 30
3.0
  0
VERTEX
  5
10D
  8
DEFAULT
 10
-388.9758284071129
 20
-95.18510481579351
 30
3.0
  0
VERTEX
  5
10E
  8
DEFAULT
 10
-388.9284923074798
 20
-95.24631736491347
 30
3.0
  0
VERTEX
  5
10F
  8
DEFAULT
 10
-388.8822784828038
 20
-95.30841446027195
 30
3.0
  0
VERTEX
  5
110
  8
DEFAULT
 10
-388.837186110872
 20
-95.37139545382335
 30
3.0
  0
VERTEX
  5
111
  8
DEFAULT
 10
-388.7932138213296
 20
-95.43525926549167
 30
3.0
  0
VERTEX
  5
112
  8
DEFAULT
 10
-388.7503596956795
 20
-95.5000043831705
 30
3.0
  0
VERTEX
  5
113
  8
DEFAULT
 10
-388.7086212672833
 20
-95.56562886272309
 30
3.0
  0
VERTEX
  5
114
  8
DEFAULT
 10
-388.6679955213601
 20
-95.6321303279822
 30
3.0
  0
VERTEX
  5
115
  8
DEFAULT
 10
-388.6284788949873
 20
-95.69950597075025
 30
3.0
  0
VERTEX
  5
116
  8
DEFAULT
 10
-388.5900672771003
 20
-95.76775255079926
 30
3.0
  0
VERTEX
  5
117
  8
DEFAULT
 10
-388.5527560084925
 20
-95.83686639587086
 30
3.0
  0
VERTEX
  5
118
  8
DEFAULT
 10
-388.4814131415788
 20
-95.9776790318962
 30
3.0
  0
VERTEX
  5
119
  8
DEFAULT
 10
-388.4144020577548
 20
-96.12190586015122
 30
3.0
  0
VERTEX
  5
11A
  8
DEFAULT
 10
-388.3516657502581
 20
-96.26950194947446
 30
3.0
  0
VERTEX
  5
11B
  8
DEFAULT
 10
-388.2931384420551
 20
-96.4204154562181
 30
3.0
  0
VERTEX
  5
11C
  8
DEFAULT
 10
-388.2387455858412
 20
-96.57458762424791
 30
3.0
  0
VERTEX
  5
11D
  8
DEFAULT
 10
-388.1884038640403
 20
-96.73195278494333
 30
3.0
  0
VERTEX
  5
11E
  8
DEFAULT
 10
-388.1420211888055
 20
-96.89243835719742
 30
3.0
  0
VERTEX
  5
11F
  8
DEFAULT
 10
-388.0994967020187
 20
-97.05596484741682
 30
3.0
  0
VERTEX
  5
120
  8
DEFAULT
 10
-388.0607207752904
 20
-97.22244584952182
 30
3.0
  0
VERTEX
  5
121
  8
DEFAULT
 10
-388.0255750099603
 20
-97.39178804494634
 30
3.0
  0
VERTEX
  5
122
  8
DEFAULT
 10
-387.9939322370967
 20
-97.56389120263788
 30
3.0
  0
VERTEX
  5
123
  8
DEFAULT
 10
-387.9656565174969
 20
-97.73864817905763
 30
3.0
  0
VERTEX
  5
124
  8
DEFAULT
 10
-387.9406031416871
 20
-97.9159449181804
 30
3.0
  0
VERTEX
  5
125
  8
DEFAULT
 10
-387.8995407321858
 20
-98.27766689800211
 30
3.0
  0
VERTEX
  5
126
  8
DEFAULT
 10
-387.8694119273786
 20
-98.64800644417372
 30
3.0
  0
VERTEX
  5
127
  8
DEFAULT
 10
-387.8487433217132
 20
-99.0258022589839
 30
3.0
  0
VERTEX
  5
128
  8
DEFAULT
 10
-387.829191463907
 20
-99.79856450476454
 30
3.0
  0
VERTEX
  5
129
  8
DEFAULT
 10
-387.8262914275817
 20
-100.5844512580128
 30
3.0
  0
VERTEX
  5
12A
  8
DEFAULT
 10
-387.8262914275817
 20
-101.415447557225
 30
3.0
  0
VERTEX
  5
12B
  8
DEFAULT
 10
-387.829191463907
 20
-102.2013343104733
 30
3.0
  0
VERTEX
  5
12C
  8
DEFAULT
 10
-387.8487433217132
 20
-102.974096556254
 30
3.0
  0
VERTEX
  5
12D
  8
DEFAULT
 10
-387.8694119273785
 20
-103.3518923710643
 30
3.0
  0
VERTEX
  5
12E
  8
DEFAULT
 10
-387.8995407321856
 20
-103.7222319172359
 30
3.0
  0
VERTEX
  5
12F
  8
DEFAULT
 10
-387.940603141687
 20
-104.0839538970576
 30
3.0
  0
VERTEX
  5
130
  8
DEFAULT
 10
-387.9656565174969
 20
-104.2612506361804
 30
3.0
  0
VERTEX
  5
131
  8
DEFAULT
 10
-387.9939322370967
 20
-104.4360076126002
 30
3.0
  0
VERTEX
  5
132
  8
DEFAULT
 10
-388.0255750099603
 20
-104.6081107702917
 30
3.0
  0
VERTEX
  5
133
  8
DEFAULT
 10
-388.0607207752904
 20
-104.7774529657162
 30
3.0
  0
VERTEX
  5
134
  8
DEFAULT
 10
-388.0994967020187
 20
-104.9439339678212
 30
3.0
  0
VERTEX
  5
135
  8
DEFAULT
 10
-388.1420211888055
 20
-105.1074604580406
 30
3.0
  0
VERTEX
  5
136
  8
DEFAULT
 10
-388.1884038640403
 20
-105.2679460302947
 30
3.0
  0
VERTEX
  5
137
  8
DEFAULT
 10
-388.2387455858412
 20
-105.4253111909901
 30
3.0
  0
VERTEX
  5
138
  8
DEFAULT
 10
-388.2931384420551
 20
-105.5794833590199
 30
3.0
  0
VERTEX
  5
139
  8
DEFAULT
 10
-388.3516657502581
 20
-105.7303968657636
 30
3.0
  0
VERTEX
  5
13A
  8
DEFAULT
 10
-388.4144020577548
 20
-105.8779929550868
 30
3.0
  0
VERTEX
  5
13B
  8
DEFAULT
 10
-388.4814131415788
 20
-106.0222197833418
 30
3.0
  0
VERTEX
  5
13C
  8
DEFAULT
 10
-388.5527560084926
 20
-106.1630324193672
 30
3.0
  0
VERTEX
  5
13D
  8
DEFAULT
 10
-388.5900672771004
 20
-106.2321462644387
 30
3.0
  0
VERTEX
  5
13E
  8
DEFAULT
 10
-388.6284788949874
 20
-106.3003928444878
 30
3.0
  0
VERTEX
  5
13F
  8
DEFAULT
 10
-388.6679955213602
 20
-106.3677684872558
 30
3.0
  0
VERTEX
  5
140
  8
DEFAULT
 10
-388.7086212672834
 20
-106.4342699525149
 30
3.0
  0
VERTEX
  5
141
  8
DEFAULT
 10
-388.7503596956797
 20
-106.4998944320675
 30
3.0
  0
VERTEX
  5
142
  8
DEFAULT
 10
-388.7932138213297
 20
-106.5646395497463
 30
3.0
  0
VERTEX
  5
143
  8
DEFAULT
 10
-388.8371861108722
 20
-106.6285033614146
 30
3.0
  0
VERTEX
  5
144
  8
DEFAULT
 10
-388.8822784828041
 20
-106.691484354966
 30
3.0
  0
VERTEX
  5
145
  8
DEFAULT
 10
-388.92849230748
 20
-106.7535814503245
 30
3.0
  0
VERTEX
  5
146
  8
DEFAULT
 10
-388.9758284071131
 20
-106.8147939994444
 30
3.0
  0
VERTEX
  5
147
  8
DEFAULT
 10
-389.0242870557743
 20
-106.8751217863107
 30
3.0
  0
VERTEX
  5
148
  8
DEFAULT
 10
-389.0738679793926
 20
-106.9345650269384
 30
3.0
  0
VERTEX
  5
149
  8
DEFAULT
 10
-389.1245703557551
 20
-106.9931243693732
 30
3.0
  0
VERTEX
  5
14A
  8
DEFAULT
 10
-389.1763928145068
 20
-107.0508008936912
 30
3.0
  0
VERTEX
  5
14B
  8
DEFAULT
 10
-389.2293334371511
 20
-107.1075961119985
 30
3.0
  0
VERTEX
  5
14C
  8
DEFAULT
 10
-389.2833897570491
 20
-107.1635119684322
 30
3.0
  0
VERTEX
  5
14D
  8
DEFAULT
 10
-389.3385587594202
 20
-107.2185508391593
 30
3.0
  0
VERTEX
  5
14E
  8
DEFAULT
 10
-389.3948368813417
 20
-107.2727155323774
 30
3.0
  0
VERTEX
  5
14F
  8
DEFAULT
 10
-389.452220011749
 20
-107.3260092883146
 30
3.0
  0
VERTEX
  5
150
  8
DEFAULT
 10
-389.5107034914354
 20
-107.3784357792292
 30
3.0
  0
VERTEX
  5
151
  8
DEFAULT
 10
-389.6309501211102
 20
-107.4807038151763
 30
3.0
  0
VERTEX
  5
152
  8
DEFAULT
 10
-389.7555285338748
 20
-107.5795576588937
 30
3.0
  0
VERTEX
  5
153
  8
DEFAULT
 10
-389.8843817229666
 20
-107.6750422415429
 30
3.0
  0
VERTEX
  5
154
  8
DEFAULT
 10
-390.0174439113522
 20
-107.7672094067717
 30
3.0
  0
VERTEX
  5
155
  8
DEFAULT
 10
-390.1546405517267
 20
-107.8561179107143
 30
3.0
  0
VERTEX
  5
156
  8
DEFAULT
 10
-390.2958883265144
 20
-107.9418334219913
 30
3.0
  0
VERTEX
  5
157
  8
DEFAULT
 10
-390.4410951478682
 20
-108.0244285217096
 30
3.0
  0
VERTEX
  5
158
  8
DEFAULT
 10
-390.5901601576699
 20
-108.1039827034627
 30
3.0
  0
VERTEX
  5
159
  8
DEFAULT
 10
-390.7429737275301
 20
-108.1805823733301
 30
3.0
  0
VERTEX
  5
15A
  8
DEFAULT
 10
-390.8994174587885
 20
-108.254320849878
 30
3.0
  0
VERTEX
  5
15B
  8
DEFAULT
 10
-391.0593641825135
 20
-108.3252983641588
 30
3.0
  0
VERTEX
  5
15C
  8
DEFAULT
 10
-391.2226779595023
 20
-108.3936220597115
 30
3.0
  0
VERTEX
  5
15D
  8
DEFAULT
 10
-391.3892140802809
 20
-108.4594059925612
 30
3.0
  0
VERTEX
  5
15E
  8
DEFAULT
 10
-391.7313306639566
 20
-108.5838453566843
 30
3.0
  0
VERTEX
  5
15F
  8
DEFAULT
 10
-392.0843808523266
 20
-108.6996671544575
 30
3.0
  0
VERTEX
  5
160
  8
DEFAULT
 10
-392.4468912398384
 20
-108.8080326835921
 30
3.0
  0
VERTEX
  5
161
  8
DEFAULT
 10
-393.1936973683863
 20
-109.0075931257011
 30
3.0
  0
VERTEX
  5
162
  8
DEFAULT
 10
-393.9571553184152
 20
-109.1940290603425
 30
3.0
  0
VERTEX
  5
163
  8
DEFAULT
 10
-444.8262914275818
 20
-121.4175095365913
 30
3.0
  0
VERTEX
  5
164
  8
DEFAULT
 10
-444.8262914275818
 20
-106.9999494073804
 30
3.0
  0
VERTEX
  5
165
  8
DEFAULT
 10
-447.5762914275818
 20
-106.9999494073804
 30
3.0
  0
VERTEX
  5
166
  8
DEFAULT
 10
-447.5762914275818
 20
-94.99994940785311
 30
3.0
  0
VERTEX
  5
167
  8
DEFAULT
 10
-444.8262914275818
 20
-94.99994940785311
 30
3.0
  0
VERTEX
  5
168
  8
DEFAULT
 10
-444.8262914275818
 20
-80.58238927864647
 30
3.0
  0
VERTEX
  5
169
  8
DEFAULT
 10
-440.7777355141069
 20
-81.55522758386175
 30
3.0
  0
VERTEX
  5
16A
  8
DEFAULT
 10
-440.2245241205914
 20
-81.6862536153887
 30
3.0
  0
VERTEX
  5
16B
  8
DEFAULT
 10
-439.6747207441703
 20
-81.80551308999875
 30
3.0
  0
VERTEX
  5
16C
  8
DEFAULT
 10
-439.4020483873667
 20
-81.8574458134217
 30
3.0
  0
VERTEX
  5
16D
  8
DEFAULT
 10
-439.1313121863421
 20
-81.90269374432654
 30
3.0
  0
VERTEX
  5
16E
  8
DEFAULT
 10
-438.862813693171
 20
-81.94021574073895
 30
3.0
  0
VERTEX
  5
16F
  8
DEFAULT
 10
-438.5968257406826
 20
-81.96906981706297
 30
3.0
  0
VERTEX
  5
170
  8
DEFAULT
 10
-438.4648506245347
 20
-81.9799791277654
 30
3.0
  0
VERTEX
  5
171
  8
DEFAULT
 10
-438.3335924424607
 20
-81.98841314408129
 30
3.0
  0
VERTEX
  5
172
  8
DEFAULT
 10
-438.2030772212761
 20
-81.99428200554263
 30
3.0
  0
VERTEX
  5
173
  8
DEFAULT
 10
-438.0733291928443
 20
-81.99750204895503
 30
3.0
  0
VERTEX
  5
174
  8
DEFAULT
 10
-437.9443707940754
 20
-81.9979958083978
 30
3.0
  0
VERTEX
  5
175
  8
DEFAULT
 10
-437.816222666927
 20
-81.99569201522388
 30
3.0
  0
VERTEX
  5
176
  8
DEFAULT
 10
-437.6889036584037
 20
-81.99052559805988
 30
3.0
  0
VERTEX
  5
177
  8
DEFAULT
 10
-437.5624308205573
 20
-81.98243768280602
 30
3.0
  0
VERTEX
  5
178
  8
DEFAULT
 10
-437.4368194104868
 20
-81.97137559263625
 30
3.0
  0
VERTEX
  5
179
  8
DEFAULT
 10
-437.3120828903385
 20
-81.95729284799813
 30
3.0
  0
VERTEX
  5
17A
  8
DEFAULT
 10
-437.1882329273056
 20
-81.9401491666129
 30
3.0
  0
VERTEX
  5
17B
  8
DEFAULT
 10
-437.0652793936288
 20
-81.91991046347542
 30
3.0
  0
VERTEX
  5
17C
  8
DEFAULT
 10
-436.9432303665956
 20
-81.89654885085426
 30
3.0
  0
VERTEX
  5
17D
  8
DEFAULT
 10
-436.822092128541
 20
-81.87004263829161
 30
3.0
  0
VERTEX
  5
17E
  8
DEFAULT
 10
-436.701869166847
 20
-81.84037633260331
 30
3.0
  0
VERTEX
  5
17F
  8
DEFAULT
 10
-436.5825641739429
 20
-81.8075406378789
 30
3.0
  0
VERTEX
  5
180
  8
DEFAULT
 10
-436.4641780473051
 20
-81.77153245548155
 30
3.0
  0
VERTEX
  5
181
  8
DEFAULT
 10
-436.3467098894572
 20
-81.73235488404808
 30
3.0
  0
VERTEX
  5
182
  8
DEFAULT
 10
-436.2301570079699
 20
-81.69001721948898
 30
3.0
  0
VERTEX
  5
183
  8
DEFAULT
 10
-436.1145149154611
 20
-81.64453495498839
 30
3.0
  0
VERTEX
  5
184
  8
DEFAULT
 10
-435.9997773295962
 20
-81.5959297810041
 30
3.0
  0
VERTEX
  5
185
  8
DEFAULT
 10
-435.8859361730871
 20
-81.54422958526759
 30
3.0
  0
VERTEX
  5
186
  8
DEFAULT
 10
-435.7729815736936
 20
-81.48946845278395
 30
3.0
  0
VERTEX
  5
187
  8
DEFAULT
 10
-435.6609018642221
 20
-81.43168666583196
 30
3.0
  0
VERTEX
  5
188
  8
DEFAULT
 10
-435.5496835825266
 20
-81.37093070396405
 30
3.0
  0
VERTEX
  5
189
  8
DEFAULT
 10
-435.439311471508
 20
-81.30725324400632
 30
3.0
  0
VERTEX
  5
18A
  8
DEFAULT
 10
-435.3297684791146
 20
-81.2407131600585
 30
3.0
  0
VERTEX
  5
18B
  8
DEFAULT
 10
-435.2210357583415
 20
-81.17137552349396
 30
3.0
  0
VERTEX
  5
18C
  8
DEFAULT
 10
-435.1130926672315
 20
-81.0993116029598
 30
3.0
  0
VERTEX
  5
18D
  8
DEFAULT
 10
-435.005916768874
 20
-81.02459886437671
 30
3.0
  0
VERTEX
  5
18E
  8
DEFAULT
 10
-434.8994838314063
 20
-80.94732097093907
 30
3.0
  0
VERTEX
  5
18F
  8
DEFAULT
 10
-434.7937678280122
 20
-80.86756778311491
 30
3.0
  0
VERTEX
  5
190
  8
DEFAULT
 10
-434.5843735414168
 20
-80.70102595254738
 30
3.0
  0
VERTEX
  5
191
  8
DEFAULT
 10
-434.3774897955042
 20
-80.52581620189152
 30
3.0
  0
VERTEX
  5
192
  8
DEFAULT
 10
-434.1728437574449
 20
-80.34288051674318
 30
3.0
  0
VERTEX
  5
193
  8
DEFAULT
 10
-433.9701338751647
 20
-80.15326003907674
 30
3.0
  0
VERTEX
  5
194
  8
DEFAULT
 10
-433.5691727734182
 20
-79.75862505597973
 30
3.0
  0
VERTEX
  5
195
  8
DEFAULT
 10
-433.1716196887662
 20
-79.35222351596582
 30
3.0
  0
VERTEX
  5
196
  8
DEFAULT
 10
-432.7576560235022
 20
-78.92627639600869
 30
3.0
  0
VERTEX
  5
197
  8
DEFAULT
 10
-432.3508329380334
 20
-78.51043028654612
 30
3.0
  0
VERTEX
  5
198
  8
DEFAULT
 10
-431.9405838010937
 20
-78.10687065698647
 30
3.0
  0
VERTEX
  5
199
  8
DEFAULT
 10
-431.7332181041511
 20
-77.91312796020492
 30
3.0
  0
VERTEX
  5
19A
  8
DEFAULT
 10
-431.523906005776
 20
-77.72636543353676
 30
3.0
  0
VERTEX
  5
19B
  8
DEFAULT
 10
-431.3123443581557
 20
-77.54767022337785
 30
3.0
  0
VERTEX
  5
19C
  8
DEFAULT
 10
-431.0982588846975
 20
-77.37802593837212
 30
3.0
  0
VERTEX
  5
19D
  8
DEFAULT
 10
-430.9901918963185
 20
-77.29687695939887
 30
3.0
  0
VERTEX
  5
19E
  8
DEFAULT
 10
-430.8814041800294
 20
-77.21831264941152
 30
3.0
  0
VERTEX
  5
19F
  8
DEFAULT
 10
-430.7718695712871
 20
-77.14242683949777
 30
3.0
  0
VERTEX
  5
1A0
  8
DEFAULT
 10
-430.6615637099994
 20
-77.06930688963593
 30
3.0
  0
VERTEX
  5
1A1
  8
DEFAULT
 10
-430.5504640405255
 20
-76.9990336886947
 30
3.0
  0
VERTEX
  5
1A2
  8
DEFAULT
 10
-430.4385498116758
 20
-76.93168165443333
 30
3.0
  0
VERTEX
  5
1A3
  8
DEFAULT
 10
-430.3258020767121
 20
-76.86731873350158
 30
3.0
  0
VERTEX
  5
1A4
  8
DEFAULT
 10
-430.2122036933472
 20
-76.80600640143967
 30
3.0
  0
VERTEX
  5
1A5
  8
DEFAULT
 10
-430.0977393237455
 20
-76.74779966267836
 30
3.0
  0
VERTEX
  5
1A6
  8
DEFAULT
 10
-429.9823954345223
 20
-76.69274705053891
 30
3.0
  0
VERTEX
  5
1A7
  8
DEFAULT
 10
-429.8661602967446
 20
-76.64089062723302
 30
3.0
  0
VERTEX
  5
1A8
  8
DEFAULT
 10
-429.7490239859303
 20
-76.59226598386297
 30
3.0
  0
VERTEX
  5
1A9
  8
DEFAULT
 10
-429.6309783820489
 20
-76.5469022404215
 30
3.0
  0
VERTEX
  5
1AA
  8
DEFAULT
 10
-429.5120171695206
 20
-76.50482204579185
 30
3.0
  0
VERTEX
  5
1AB
  8
DEFAULT
 10
-429.3921358372175
 20
-76.4660415777478
 30
3.0
  0
VERTEX
  5
1AC
  8
DEFAULT
 10
-429.2713316784626
 20
-76.43057054295357
 30
3.0
  0
VERTEX
  5
1AD
  8
DEFAULT
 10
-429.1496037910304
 20
-76.39841217696392
 30
3.0
  0
VERTEX
  5
1AE
  8
DEFAULT
 10
-429.0269530771464
 20
-76.36956324422408
 30
3.0
  0
VERTEX
  5
1AF
  8
DEFAULT
 10
-428.9033822434876
 20
-76.34401403806984
 30
3.0
  0
VERTEX
  5
1B0
  8
DEFAULT
 10
-428.778895801182
 20
-76.32174838072741
 30
3.0
  0
VERTEX
  5
1B1
  8
DEFAULT
 10
-428.6535000658092
 20
-76.30274362331357
 30
3.0
  0
VERTEX
  5
1B2
  8
DEFAULT
 10
-428.5272031573999
 20
-76.28697064583557
 30
3.0
  0
VERTEX
  5
1B3
  8
DEFAULT
 10
-428.4000150004359
 20
-76.27439385719116
 30
3.0
  0
VERTEX
  5
1B4
  8
DEFAULT
 10
-428.2719473238506
 20
-76.26497119516857
 30
3.0
  0
VERTEX
  5
1B5
  8
DEFAULT
 10
-428.1430136610284
 20
-76.25865412644657
 30
3.0
  0
VERTEX
  5
1B6
  8
DEFAULT
 10
-428.0132293498051
 20
-76.25538764659444
 30
3.0
  0
VERTEX
  5
1B7
  8
DEFAULT
 10
-427.8826115324676
 20
-76.25511028007192
 30
3.0
  0
VERTEX
  5
1B8
  8
DEFAULT
 10
-427.7511791557546
 20
-76.25775408022926
 30
3.0
  0
VERTEX
  5
1B9
  8
DEFAULT
 10
-427.6189529708553
 20
-76.26324462930721
 30
3.0
  0
VERTEX
  5
1BA
  8
DEFAULT
 10
-427.4859555334106
 20
-76.27150103843704
 30
3.0
  0
VERTEX
  5
1BB
  8
DEFAULT
 10
-427.3522112035125
 20
-76.2824359476405
 30
3.0
  0
VERTEX
  5
1BC
  8
DEFAULT
 10
-427.2177461457044
 20
-76.29595552582984
 30
3.0
  0
VERTEX
  5
1BD
  8
DEFAULT
 10
-426.9467675267884
 20
-76.33034100926776
 30
3.0
  0
VERTEX
  5
1BE
  8
DEFAULT
 10
-426.6732650820347
 20
-76.37377741785886
 30
3.0
  0
VERTEX
  5
1BF
  8
DEFAULT
 10
-426.3975130880357
 20
-76.42528114295924
 30
3.0
  0
VERTEX
  5
1C0
  8
DEFAULT
 10
-426.1198146926041
 20
-76.48376503817298
 30
3.0
  0
VERTEX
  5
1C1
  8
DEFAULT
 10
-425.5599356447955
 20
-76.61680706459703
 30
3.0
  0
VERTEX
  5
1C2
  8
DEFAULT
 10
-424.996630545516
 20
-76.76213557092393
 30
3.0
  0
VERTEX
  5
1C3
  8
DEFAULT
 10
-423.5497362503287
 20
-77.14051888769797
 30
3.0
  0
VERTEX
  5
1C4
  8
DEFAULT
 10
-423.0327637518374
 20
-77.27745889822111
 30
3.0
  0
VERTEX
  5
1C5
  8
DEFAULT
 10
-422.5232651939025
 20
-77.42246055597766
 30
3.0
  0
VERTEX
  5
1C6
  8
DEFAULT
 10
-422.2734049427639
 20
-77.50023485704551
 30
3.0
  0
VERTEX
  5
1C7
  8
DEFAULT
 10
-422.0277907716185
 20
-77.58258912483514
 30
3.0
  0
VERTEX
  5
1C8
  8
DEFAULT
 10
-421.7870839982401
 20
-77.67023667925625
 30
3.0
  0
VERTEX
  5
1C9
  8
DEFAULT
 10
-421.5518829577577
 20
-77.76382290498907
 30
3.0
  0
VERTEX
  5
1CA
  8
DEFAULT
 10
-421.4365168452632
 20
-77.81302612627061
 30
3.0
  0
VERTEX
  5
1CB
  8
DEFAULT
 10
-421.3227230026549
 20
-77.86392525148429
 30
3.0
  0
VERTEX
  5
1CC
  8
DEFAULT
 10
-421.2105585079548
 20
-77.91658184693185
 30
3.0
  0
VERTEX
  5
1CD
  8
DEFAULT
 10
-421.1000765027701
 20
-77.97105323296316
 30
3.0
  0
VERTEX
  5
1CE
  8
DEFAULT
 10
-420.991326192292
 20
-78.02739248397624
 30
3.0
  0
VERTEX
  5
1CF
  8
DEFAULT
 10
-420.8843528452969
 20
-78.08564842841733
 30
3.0
  0
VERTEX
  5
1D0
  8
DEFAULT
 10
-420.7791977941454
 20
-78.14586564878076
 30
3.0
  0
VERTEX
  5
1D1
  8
DEFAULT
 10
-420.6758984347833
 20
-78.20808448160905
 30
3.0
  0
VERTEX
  5
1D2
  8
DEFAULT
 10
-420.5744882267408
 20
-78.27234101749288
 30
3.0
  0
VERTEX
  5
1D3
  8
DEFAULT
 10
-420.4749966931327
 20
-78.33866710107105
 30
3.0
  0
VERTEX
  5
1D4
  8
DEFAULT
 10
-420.3774494206586
 20
-78.40709033103059
 30
3.0
  0
VERTEX
  5
1D5
  8
DEFAULT
 10
-420.281868059603
 20
-78.4776340601066
 30
3.0
  0
VERTEX
  5
1D6
  8
DEFAULT
 10
-420.1882703238346
 20
-78.55031739508236
 30
3.0
  0
VERTEX
  5
1D7
  8
DEFAULT
 10
-420.0966699908071
 20
-78.62515519678938
 30
3.0
  0
VERTEX
  5
1D8
  8
DEFAULT
 10
-420.0070769015588
 20
-78.70215808010721
 30
3.0
  0
VERTEX
  5
1D9
  8
DEFAULT
 10
-419.9194969607125
 20
-78.78133241396365
 30
3.0
  0
VERTEX
  5
1DA
  8
DEFAULT
 10
-419.8339321364762
 20
-78.86268032133461
 30
3.0
  0
VERTEX
  5
1DB
  8
DEFAULT
 10
-419.7503804606421
 20
-78.94619967924417
 30
3.0
  0
VERTEX
  5
1DC
  8
DEFAULT
 10
-419.6688360285871
 20
-79.03188411876457
 30
3.0
  0
VERTEX
  5
1DD
  8
DEFAULT
 10
-419.589288999273
 20
-79.11972302501619
 30
3.0
  0
VERTEX
  5
1DE
  8
DEFAULT
 10
-419.5117255952461
 20
-79.20970153716756
 30
3.0
  0
VERTEX
  5
1DF
  8
DEFAULT
 10
-419.4361281026376
 20
-79.30180054843544
 30
3.0
  0
VERTEX
  5
1E0
  8
DEFAULT
 10
-419.3624748711632
 20
-79.39599670608465
 30
3.0
  0
VERTEX
  5
1E1
  8
DEFAULT
 10
-419.2907403141231
 20
-79.4922624114282
 30
3.0
  0
VERTEX
  5
1E2
  8
DEFAULT
 10
-419.2208949084027
 20
-79.59056581982728
 30
3.0
  0
VERTEX
  5
1E3
  8
DEFAULT
 10
-419.1529051944716
 20
-79.69087084069125
 30
3.0
  0
VERTEX
  5
1E4
  8
DEFAULT
 10
-419.0867337763842
 20
-79.79313713747756
 30
3.0
  0
VERTEX
  5
1E5
  8
DEFAULT
 10
-419.0223393217798
 20
-79.89732012769187
 30
3.0
  0
VERTEX
  5
1E6
  8
DEFAULT
 10
-418.959676561882
 20
-80.00337098288794
 30
3.0
  0
VERTEX
  5
1E7
  8
DEFAULT
 10
-418.8986962914995
 20
-80.1112366286678
 30
3.0
  0
VERTEX
  5
1E8
  8
DEFAULT
 10
-418.8393453690254
 20
-80.22085974468149
 30
3.0
  0
VERTEX
  5
1E9
  8
DEFAULT
 10
-418.7815667164373
 20
-80.33217876462732
 30
3.0
  0
VERTEX
  5
1EA
  8
DEFAULT
 10
-418.6704782267547
 20
-80.55963702134925
 30
3.0
  0
VERTEX
  5
1EB
  8
DEFAULT
 10
-418.564895469968
 20
-80.79303394938287
 30
3.0
  0
VERTEX
  5
1EC
  8
DEFAULT
 10
-418.4642201109483
 20
-81.03172416404797
 30
3.0
  0
VERTEX
  5
1ED
  8
DEFAULT
 10
-418.3677908319218
 20
-81.27499434543486
 30
3.0
  0
VERTEX
  5
1EE
  8
DEFAULT
 10
-418.1847103295265
 20
-81.77208165258773
 30
3.0
  0
VERTEX
  5
1EF
  8
DEFAULT
 10
-418.0091037676876
 20
-82.277230606974
 30
3.0
  0
VERTEX
  5
1F0
  8
DEFAULT
 10
-417.6556861282229
 20
-83.30430859780418
 30
3.0
  0
VERTEX
  5
1F1
  8
DEFAULT
 10
-417.475835484178
 20
-83.82159684570127
 30
3.0
  0
VERTEX
  5
1F2
  8
DEFAULT
 10
-417.2882727880745
 20
-84.33039824570763
 30
3.0
  0
VERTEX
  5
1F3
  8
DEFAULT
 10
-417.1894466531598
 20
-84.5792473313778
 30
3.0
  0
VERTEX
  5
1F4
  8
DEFAULT
 10
-417.086239162827
 20
-84.8232748861887
 30
3.0
  0
VERTEX
  5
1F5
  8
DEFAULT
 10
-416.9779679304473
 20
-85.0617299671388
 30
3.0
  0
VERTEX
  5
1F6
  8
DEFAULT
 10
-416.8640155585945
 20
-85.29393314960758
 30
3.0
  0
VERTEX
  5
1F7
  8
DEFAULT
 10
-416.8047337791552
 20
-85.40749751452492
 30
3.0
  0
VERTEX
  5
1F8
  8
DEFAULT
 10
-416.7438296390453
 20
-85.51927652735571
 30
3.0
  0
VERTEX
  5
1F9
  8
DEFAULT
 10
-416.6812442418
 20
-85.62920537456705
 30
3.0
  0
VERTEX
  5
1FA
  8
DEFAULT
 10
-416.6169227527793
 20
-85.73722371252492
 30
3.0
  0
VERTEX
  5
1FB
  8
DEFAULT
 10
-416.5508143991686
 20
-85.84327566749407
 30
3.0
  0
VERTEX
  5
1FC
  8
DEFAULT
 10
-416.4828724699786
 20
-85.94730983563808
 30
3.0
  0
VERTEX
  5
1FD
  8
DEFAULT
 10
-416.4130543160448
 20
-86.04927928301933
 30
3.0
  0
VERTEX
  5
1FE
  8
DEFAULT
 10
-416.3413213500281
 20
-86.1491415455991
 30
3.0
  0
VERTEX
  5
1FF
  8
DEFAULT
 10
-416.2676390464146
 20
-86.24685862923737
 30
3.0
  0
VERTEX
  5
200
  8
DEFAULT
 10
-416.1919769415153
 20
-86.342397009693
 30
3.0
  0
VERTEX
  5
201
  8
DEFAULT
 10
-416.114308633467
 20
-86.43572763262371
 30
3.0
  0
VERTEX
  5
202
  8
DEFAULT
 10
-416.034611782231
 20
-86.52682591358595
 30
3.0
  0
VERTEX
  5
203
  8
DEFAULT
 10
-415.952868109594
 20
-86.61567173803508
 30
3.0
  0
VERTEX
  5
204
  8
DEFAULT
 10
-415.8690633991679
 20
-86.70224946132521
 30
3.0
  0
VERTEX
  5
205
  8
DEFAULT
 10
-415.7831874963899
 20
-86.7865479087093
 30
3.0
  0
VERTEX
  5
206
  8
DEFAULT
 10
-415.6952343085222
 20
-86.86856037533911
 30
3.0
  0
VERTEX
  5
207
  8
DEFAULT
 10
-415.6052018046522
 20
-86.94828462626525
 30
3.0
  0
VERTEX
  5
208
  8
DEFAULT
 10
-415.5130920156925
 20
-87.0257228964371
 30
3.0
  0
VERTEX
  5
209
  8
DEFAULT
 10
-415.4189110343808
 20
-87.10088189070292
 30
3.0
  0
VERTEX
  5
20A
  8
DEFAULT
 10
-415.32266901528
 20
-87.17377278380974
 30
3.0
  0
VERTEX
  5
20B
  8
DEFAULT
 10
-415.2243801747783
 20
-87.24441122040342
 30
3.0
  0
VERTEX
  5
20C
  8
DEFAULT
 10
-415.124062791089
 20
-87.31281731502867
 30
3.0
  0
VERTEX
  5
20D
  8
DEFAULT
 10
-415.0217392042504
 20
-87.37901565212898
 30
3.0
  0
VERTEX
  5
20E
  8
DEFAULT
 10
-414.9174358161262
 20
-87.44303528604665
 30
3.0
  0
VERTEX
  5
20F
  8
DEFAULT
 10
-414.8111830904051
 20
-87.50490974102283
 30
3.0
  0
VERTEX
  5
210
  8
DEFAULT
 10
-414.7030155526012
 20
-87.56467701119752
 30
3.0
  0
VERTEX
  5
211
  8
DEFAULT
 10
-414.5929717900535
 20
-87.62237956060946
 30
3.0
  0
VERTEX
  5
212
  8
DEFAULT
 10
-414.4810944519264
 20
-87.67806432319625
 30
3.0
  0
VERTEX
  5
213
  8
DEFAULT
 10
-414.3674302492093
 20
-87.7317827027943
 30
3.0
  0
VERTEX
  5
214
  8
DEFAULT
 10
-414.2520299547169
 20
-87.7835905731389
 30
3.0
  0
VERTEX
  5
215
  8
DEFAULT
 10
-414.1349484030891
 20
-87.83354827786405
 30
3.0
  0
VERTEX
  5
216
  8
DEFAULT
 10
-414.0162444907905
 20
-87.88172063050263
 30
3.0
  0
VERTEX
  5
217
  8
DEFAULT
 10
-413.7742254791679
 20
-87.97299088314568
 30
3.0
  0
VERTEX
  5
218
  8
DEFAULT
 10
-413.5265253280721
 20
-88.05800923730747
 30
3.0
  0
VERTEX
  5
219
  8
DEFAULT
 10
-413.2737614349294
 20
-88.13745511760843
 30
3.0
  0
VERTEX
  5
21A
  8
DEFAULT
 10
-413.0166161863686
 20
-88.21207946705007
 30
3.0
  0
VERTEX
  5
21B
  8
DEFAULT
 10
-412.4922361155211
 20
-88.35022493726741
 30
3.0
  0
SEQEND
  5
21C
  8
DEFAULT
  0
POLYLINE
  5
21D
  8
DEFAULT
 66
     1
 10
0.0
 20
0.0
 30
3.0
 70
     1
  0
VERTEX
  5
21E
  8
DEFAULT
 10
-425.1016704829149
 20
-109.5148403567771
 30
3.0
 42
0.9999999999999999
  0
VERTEX
  5
21F
  8
DEFAULT
 10
-428.1869958708049
 20
-109.5148403567771
 30
3.0
  0
VERTEX
  5
220
  8
DEFAULT
 10
-428.186995870805
 20
-111.2310867247725
 30
3.0
 42
1.0
  0
VERTEX
  5
221
  8
DEFAULT
 10
-425.1016704829148
 20
-111.2310867247725
 30
3.0
  0
SEQEND
  5
222
  8
DEFAULT
  0
POLYLINE
  5
223
  8
DEFAULT
 66
     1
 10
0.0
 20
0.0
 30
3.0
 70
     1
  0
VERTEX
  5
224
  8
DEFAULT
 10
-425.1016704829149
 20
-82.39437111842633
 30
3.0
  0
VERTEX
  5
225
  8
DEFAULT
 10
-425.1016704829149
 20
-79.92725810011143
 30
3.0
 42
1.000000000000037
  0
VERTEX
  5
226
  8
DEFAULT
 10
-428.186995870805
 20
-79.9272581001114
 30
3.0
  0
VERTEX
  5
227
  8
DEFAULT
 10
-428.186995870805
 20
-82.3943711184263
 30
3.0
 42
1.000000000000074
  0
SEQEND
  5
228
  8
DEFAULT
  0
POLYLINE
  5
229
  8
DEFAULT
 66
     1
 10
0.0
 20
0.0
 30
3.0
 70
     1
  0
VERTEX
  5
22A
  8
DEFAULT
 10
-429.3347476226558
 20
-95.67848781254077
 30
3.0
 42
4.124051154232077
  0
VERTEX
  5
22B
  8
DEFAULT
 10
-423.9539187310642
 20
-95.67848781254082
 30
3.0
  0
VERTEX
  5
22C
  8
DEFAULT
 10
-423.9539187310642
 20
-94.15967532131805
 30
3.0
 42
0.7619971876223967
  0
VERTEX
  5
22D
  8
DEFAULT
 10
-429.3347476226558
 20
-94.15967532131815
 30
3.0
  0
SEQEND
  5
22E
  8
DEFAULT
  0
POLYLINE
  5
22F
  8
DEFAULT
 66
     1
 10
0.0
 20
0.0
 30
3.0
 70
     1
  0
VERTEX
  5
230
  8
DEFAULT
 10
-434.6629036502281
 20
-102.4999999999999
 30
3.0
  0
VERTEX
  5
231
  8
DEFAULT
 10
-434.6629036502281
 20
-99.49999999999984
 30
3.0
  0
VERTEX
  5
232
  8
DEFAULT
 10
-440.8731958111962
 20
-99.49999999999984
 30
3.0
  0
VERTEX
  5
233
  8
DEFAULT
 10
-440.8731958111962
 20
-102.4999999999999
 30
3.0
  0
SEQEND
  5
234
  8
DEFAULT
  0
CIRCLE
  5
235
  8
DEFAULT
 10
440.3569583460757
 20
-132.0999946594342
 30
-3.0
 40
1.499999999999976
210
0.0
220
0.0
230
-1.0
  0
POLYLINE
  5
236
  8
DEFAULT
 66
     1
 10
0.0
 20
0.0
 30
3.0
 70
     1
  0
VERTEX
  5
237
  8
DEFAULT
 10
-439.0441362045207
 20
-140.1940796530446
 30
3.0
  0
VERTEX
  5
238
  8
DEFAULT
 10
-439.8075941545495
 20
-140.0076437183959
 30
3.0
  0
VERTEX
  5
239
  8
DEFAULT
 10
-440.5544002830976
 20
-139.808083276279
 30
3.0
  0
VERTEX
  5
23A
  8
DEFAULT
 10
-440.9169106706094
 20
-139.6997177471401
 30
3.0
  0
VERTEX
  5
23B
  8
DEFAULT
 10
-441.2699608589793
 20
-139.5838959493623
 30
3.0
  0
VERTEX
  5
23C
  8
DEFAULT
 10
-441.6120774426549
 20
-139.4594565852343
 30
3.0
  0
VERTEX
  5
23D
  8
DEFAULT
 10
-441.7786135634336
 20
-139.393672652382
 30
3.0
  0
VERTEX
  5
23E
  8
DEFAULT
 10
-441.9419273404224
 20
-139.3253489568267
 30
3.0
  0
VERTEX
  5
23F
  8
DEFAULT
 10
-442.1018740641474
 20
-139.2543714425431
 30
3.0
  0
VERTEX
  5
240
  8
DEFAULT
 10
-442.2583177954057
 20
-139.1806329659922
 30
3.0
  0
VERTEX
  5
241
  8
DEFAULT
 10
-442.411131365266
 20
-139.1040332961218
 30
3.0
  0
VERTEX
  5
242
  8
DEFAULT
 10
-442.5601963750677
 20
-139.0244791143656
 30
3.0
  0
VERTEX
  5
243
  8
DEFAULT
 10
-442.7054031964215
 20
-138.941884014644
 30
3.0
  0
VERTEX
  5
244
  8
DEFAULT
 10
-442.8466509712091
 20
-138.8561685033636
 30
3.0
  0
VERTEX
  5
245
  8
DEFAULT
 10
-442.9838476115837
 20
-138.7672599994175
 30
3.0
  0
VERTEX
  5
246
  8
DEFAULT
 10
-443.1169097999692
 20
-138.6750928341851
 30
3.0
  0
VERTEX
  5
247
  8
DEFAULT
 10
-443.2457629890611
 20
-138.5796082515321
 30
3.0
  0
VERTEX
  5
248
  8
DEFAULT
 10
-443.3703414018256
 20
-138.4807544078108
 30
3.0
  0
VERTEX
  5
249
  8
DEFAULT
 10
-443.4905880315004
 20
-138.3784863718597
 30
3.0
  0
VERTEX
  5
24A
  8
DEFAULT
 10
-443.5490715111869
 20
-138.326059880943
 30
3.0
  0
VERTEX
  5
24B
  8
DEFAULT
 10
-443.6064546415942
 20
-138.2727661250037
 30
3.0
  0
VERTEX
  5
24C
  8
DEFAULT
 10
-443.6627327635156
 20
-138.2186014317834
 30
3.0
  0
VERTEX
  5
24D
  8
DEFAULT
 10
-443.7179017658867
 20
-138.1635625610542
 30
3.0
  0
VERTEX
  5
24E
  8
DEFAULT
 10
-443.7719580857847
 20
-138.1076467046183
 30
3.0
  0
VERTEX
  5
24F
  8
DEFAULT
 10
-443.824898708429
 20
-138.0508514863087
 30
3.0
  0
VERTEX
  5
250
  8
DEFAULT
 10
-443.8767211671808
 20
-137.9931749619885
 30
3.0
  0
VERTEX
  5
251
  8
DEFAULT
 10
-443.9274235435432
 20
-137.9346156195514
 30
3.0
  0
VERTEX
  5
252
  8
DEFAULT
 10
-443.9770044671615
 20
-137.8751723789213
 30
3.0
  0
VERTEX
  5
253
  8
DEFAULT
 10
-444.0254631158226
 20
-137.8148445920527
 30
3.0
  0
VERTEX
  5
254
  8
DEFAULT
 10
-444.0727992154557
 20
-137.7536320429303
 30
3.0
  0
VERTEX
  5
255
  8
DEFAULT
 10
-444.1190130401317
 20
-137.6915349475694
 30
3.0
  0
VERTEX
  5
256
  8
DEFAULT
 10
-444.1641054120635
 20
-137.6285539540155
 30
3.0
  0
VERTEX
  5
257
  8
DEFAULT
 10
-444.2080777016059
 20
-137.5646901423447
 30
3.0
  0
VERTEX
  5
258
  8
DEFAULT
 10
-444.250931827256
 20
-137.4999450246633
 30
3.0
  0
VERTEX
  5
259
  8
DEFAULT
 10
-444.2926702556522
 20
-137.4343205451081
 30
3.0
  0
VERTEX
  5
25A
  8
DEFAULT
 10
-444.3332960015754
 20
-137.3678190798464
 30
3.0
  0
VERTEX
  5
25B
  8
DEFAULT
 10
-444.3728126279482
 20
-137.3004434370757
 30
3.0
  0
VERTEX
  5
25C
  8
DEFAULT
 10
-444.4112242458352
 20
-137.232196857024
 30
3.0
  0
VERTEX
  5
25D
  8
DEFAULT
 10
-444.4485355144431
 20
-137.1630830119497
 30
3.0
  0
VERTEX
  5
25E
  8
DEFAULT
 10
-444.5198783813568
 20
-137.0222703759188
 30
3.0
  0
VERTEX
  5
25F
  8
DEFAULT
 10
-444.5868894651808
 20
-136.8780435476581
 30
3.0
  0
VERTEX
  5
260
  8
DEFAULT
 10
-444.6496257726775
 20
-136.7304474583291
 30
3.0
  0
VERTEX
  5
261
  8
DEFAULT
 10
-444.7081530808805
 20
-136.5795339515795
 30
3.0
  0
VERTEX
  5
262
  8
DEFAULT
 10
-444.7625459370944
 20
-136.4253617835436
 30
3.0
  0
VERTEX
  5
263
  8
DEFAULT
 10
-444.8128876588952
 20
-136.267996622842
 30
3.0
  0
VERTEX
  5
264
  8
DEFAULT
 10
-444.85927033413
 20
-136.1075110505815
 30
3.0
  0
VERTEX
  5
265
  8
DEFAULT
 10
-444.9017948209168
 20
-135.9439845603557
 30
3.0
  0
VERTEX
  5
266
  8
DEFAULT
 10
-444.9405707476451
 20
-135.7775035582442
 30
3.0
  0
VERTEX
  5
267
  8
DEFAULT
 10
-444.9757165129752
 20
-135.608161362813
 30
3.0
  0
VERTEX
  5
268
  8
DEFAULT
 10
-445.0073592858388
 20
-135.4360582051146
 30
3.0
  0
VERTEX
  5
269
  8
DEFAULT
 10
-445.0356350054386
 20
-135.261301228688
 30
3.0
  0
VERTEX
  5
26A
  8
DEFAULT
 10
-445.0606883812485
 20
-135.0840044895583
 30
3.0
  0
VERTEX
  5
26B
  8
DEFAULT
 10
-445.1017507907499
 20
-134.7222825097223
 30
3.0
  0
VERTEX
  5
26C
  8
DEFAULT
 10
-445.131879595557
 20
-134.3519429635361
 30
3.0
  0
VERTEX
  5
26D
  8
DEFAULT
 10
-445.1525482012223
 20
-133.974147148711
 30
3.0
  0
VERTEX
  5
26E
  8
DEFAULT
 10
-445.1721000590285
 20
-133.2013849028999
 30
3.0
  0
VERTEX
  5
26F
  8
DEFAULT
 10
-445.1750000953538
 20
-132.4154981496206
 30
3.0
  0
VERTEX
  5
270
  8
DEFAULT
 10
-445.1750000953538
 20
-131.5845018503764
 30
3.0
  0
VERTEX
  5
271
  8
DEFAULT
 10
-445.1721000590285
 20
-130.798615097097
 30
3.0
  0
VERTEX
  5
272
  8
DEFAULT
 10
-445.1525482012223
 20
-130.0258528512858
 30
3.0
  0
VERTEX
  5
273
  8
DEFAULT
 10
-445.131879595557
 20
-129.6480570364607
 30
3.0
  0
VERTEX
  5
274
  8
DEFAULT
 10
-445.1017507907499
 20
-129.2777174902745
 30
3.0
  0
VERTEX
  5
275
  8
DEFAULT
 10
-445.0606883812485
 20
-128.9159955104384
 30
3.0
  0
VERTEX
  5
276
  8
DEFAULT
 10
-445.0356350054386
 20
-128.7386987713087
 30
3.0
  0
VERTEX
  5
277
  8
DEFAULT
 10
-445.0073592858388
 20
-128.563941794882
 30
3.0
  0
VERTEX
  5
278
  8
DEFAULT
 10
-444.9757165129752
 20
-128.3918386371837
 30
3.0
  0
VERTEX
  5
279
  8
DEFAULT
 10
-444.9405707476451
 20
-128.2224964417525
 30
3.0
  0
VERTEX
  5
27A
  8
DEFAULT
 10
-444.9017948209168
 20
-128.0560154396409
 30
3.0
  0
VERTEX
  5
27B
  8
DEFAULT
 10
-444.85927033413
 20
-127.8924889494151
 30
3.0
  0
VERTEX
  5
27C
  8
DEFAULT
 10
-444.8128876588952
 20
-127.7320033771547
 30
3.0
  0
VERTEX
  5
27D
  8
DEFAULT
 10
-444.7625459370943
 20
-127.5746382164531
 30
3.0
  0
VERTEX
  5
27E
  8
DEFAULT
 10
-444.7081530808804
 20
-127.4204660484172
 30
3.0
  0
VERTEX
  5
27F
  8
DEFAULT
 10
-444.6496257726774
 20
-127.2695525416676
 30
3.0
  0
VERTEX
  5
280
  8
DEFAULT
 10
-444.5868894651807
 20
-127.1219564523385
 30
3.0
  0
VERTEX
  5
281
  8
DEFAULT
 10
-444.5198783813567
 20
-126.9777296240778
 30
3.0
  0
VERTEX
  5
282
  8
DEFAULT
 10
-444.4485355144429
 20
-126.8369169880469
 30
3.0
  0
VERTEX
  5
283
  8
DEFAULT
 10
-444.4112242458351
 20
-126.7678031429726
 30
3.0
  0
VERTEX
  5
284
  8
DEFAULT
 10
-444.3728126279481
 20
-126.6995565629209
 30
3.0
  0
VERTEX
  5
285
  8
DEFAULT
 10
-444.3332960015753
 20
-126.6321809201502
 30
3.0
  0
VERTEX
  5
286
  8
DEFAULT
 10
-444.2926702556521
 20
-126.5656794548885
 30
3.0
  0
VERTEX
  5
287
  8
DEFAULT
 10
-444.2509318272558
 20
-126.5000549753333
 30
3.0
  0
VERTEX
  5
288
  8
DEFAULT
 10
-444.2080777016058
 20
-126.4353098576519
 30
3.0
  0
VERTEX
  5
289
  8
DEFAULT
 10
-444.1641054120633
 20
-126.3714460459811
 30
3.0
  0
VERTEX
  5
28A
  8
DEFAULT
 10
-444.1190130401316
 20
-126.3084650524272
 30
3.0
  0
VERTEX
  5
28B
  8
DEFAULT
 10
-444.0727992154556
 20
-126.2463679570663
 30
3.0
  0
VERTEX
  5
28C
  8
DEFAULT
 10
-444.0254631158224
 20
-126.1851554079439
 30
3.0
  0
VERTEX
  5
28D
  8
DEFAULT
 10
-443.9770044671613
 20
-126.1248276210753
 30
3.0
  0
VERTEX
  5
28E
  8
DEFAULT
 10
-443.927423543543
 20
-126.0653843804452
 30
3.0
  0
VERTEX
  5
28F
  8
DEFAULT
 10
-443.8767211671806
 20
-126.0068250380081
 30
3.0
  0
VERTEX
  5
290
  8
DEFAULT
 10
-443.8248987084288
 20
-125.9491485136879
 30
3.0
  0
VERTEX
  5
291
  8
DEFAULT
 10
-443.7719580857845
 20
-125.8923532953783
 30
3.0
  0
VERTEX
  5
292
  8
DEFAULT
 10
-443.7179017658864
 20
-125.8364374389425
 30
3.0
  0
VERTEX
  5
293
  8
DEFAULT
 10
-443.6627327635153
 20
-125.7813985682132
 30
3.0
  0
VERTEX
  5
294
  8
DEFAULT
 10
-443.6064546415938
 20
-125.7272338749929
 30
3.0
  0
VERTEX
  5
295
  8
DEFAULT
 10
-443.5490715111865
 20
-125.6739401190536
 30
3.0
  0
VERTEX
  5
296
  8
DEFAULT
 10
-443.4905880315001
 20
-125.6215136281369
 30
3.0
  0
VERTEX
  5
297
  8
DEFAULT
 10
-443.3703414018253
 20
-125.5192455921858
 30
3.0
  0
VERTEX
  5
298
  8
DEFAULT
 10
-443.2457629890607
 20
-125.4203917484645
 30
3.0
  0
VERTEX
  5
299
  8
DEFAULT
 10
-443.1169097999689
 20
-125.3249071658116
 30
3.0
  0
VERTEX
  5
29A
  8
DEFAULT
 10
-442.9838476115833
 20
-125.2327400005792
 30
3.0
  0
VERTEX
  5
29B
  8
DEFAULT
 10
-442.8466509712087
 20
-125.1438314966331
 30
3.0
  0
VERTEX
  5
29C
  8
DEFAULT
 10
-442.7054031964211
 20
-125.0581159853527
 30
3.0
  0
VERTEX
  5
29D
  8
DEFAULT
 10
-442.5601963750672
 20
-124.9755208856311
 30
3.0
  0
VERTEX
  5
29E
  8
DEFAULT
 10
-442.4111313652655
 20
-124.8959667038749
 30
3.0
  0
VERTEX
  5
29F
  8
DEFAULT
 10
-442.2583177954052
 20
-124.8193670340045
 30
3.0
  0
VERTEX
  5
2A0
  8
DEFAULT
 10
-442.1018740641468
 20
-124.7456285574537
 30
3.0
  0
VERTEX
  5
2A1
  8
DEFAULT
 10
-441.9419273404218
 20
-124.6746510431701
 30
3.0
  0
VERTEX
  5
2A2
  8
DEFAULT
 10
-441.778613563433
 20
-124.6063273476147
 30
3.0
  0
VERTEX
  5
2A3
  8
DEFAULT
 10
-441.6120774426544
 20
-124.5405434147625
 30
3.0
  0
VERTEX
  5
2A4
  8
DEFAULT
 10
-441.2699608589786
 20
-124.4161040506345
 30
3.0
  0
VERTEX
  5
2A5
  8
DEFAULT
 10
-440.9169106706087
 20
-124.3002822528567
 30
3.0
  0
VERTEX
  5
2A6
  8
DEFAULT
 10
-440.5544002830968
 20
-124.1919167237178
 30
3.0
  0
VERTEX
  5
2A7
  8
DEFAULT
 10
-439.8075941545488
 20
-123.992356281601
 30
3.0
  0
VERTEX
  5
2A8
  8
DEFAULT
 10
-439.0441362045199
 20
-123.8059203469523
 30
3.0
  0
VERTEX
  5
2A9
  8
DEFAULT
 10
-388.1750000953539
 20
-111.5824398702252
 30
3.0
  0
VERTEX
  5
2AA
  8
DEFAULT
 10
-388.1750000953538
 20
-126.0
 30
3.0
  0
VERTEX
  5
2AB
  8
DEFAULT
 10
-385.4250000953538
 20
-126.0
 30
3.0
  0
VERTEX
  5
2AC
  8
DEFAULT
 10
-385.4250000953538
 20
-138.0000000000001
 30
3.0
  0
VERTEX
  5
2AD
  8
DEFAULT
 10
-388.1750000953538
 20
-138.0000000000001
 30
3.0
  0
VERTEX
  5
2AE
  8
DEFAULT
 10
-388.1750000953537
 20
-152.4175601297748
 30
3.0
  0
SEQEND
  5
2AF
  8
DEFAULT
  0
POLYLINE
  5
2B0
  8
DEFAULT
 66
     1
 10
0.0
 20
0.0
 30
3.0
 70
     1
  0
VERTEX
  5
2B1
  8
DEFAULT
 10
-406.3631283497896
 20
-133.5000000000004
 30
3.0
  0
VERTEX
  5
2B2
  8
DEFAULT
 10
-406.3631283497896
 20
-130.5000000000003
 30
3.0
  0
VERTEX
  5
2B3
  8
DEFAULT
 10
-394.1280957117393
 20
-130.5000000000003
 30
3.0
  0
VERTEX
  5
2B4
  8
DEFAULT
 10
-394.1280957117393
 20
-133.5000000000003
 30
3.0
  0
SEQEND
  5
2B5
  8
DEFAULT
  0
POLYLINE
  5
2B6
  8
DEFAULT
 66
     1
 10
0.0
 20
0.0
 30
3.0
 70
     1
  0
VERTEX
  5
2B7
  8
DEFAULT
 10
-416.486871840918
 20
-130.5000000000004
 30
3.0
  0
VERTEX
  5
2B8
  8
DEFAULT
 10
-416.486871840918
 20
-133.5000000000004
 30
3.0
  0
VERTEX
  5
2B9
  8
DEFAULT
 10
-428.6446965791769
 20
-133.5000000000005
 30
3.0
  0
VERTEX
  5
2BA
  8
DEFAULT
 10
-428.6446965791769
 20
-130.5000000000004
 30
3.0
  0
SEQEND
  5
2BB
  8
DEFAULT
  0
POLYLINE
  5
2BC
  8
DEFAULT
 66
     1
 10
0.0
 20
0.0
 30
3.0
 70
     1
  0
VERTEX
  5
2BD
  8
DEFAULT
 10
-479.8749825515229
 20
-133.6392585345147
 30
3.0
  0
VERTEX
  5
2BE
  8
DEFAULT
 10
-480.2879098434121
 20
-133.4898860704495
 30
3.0
  0
VERTEX
  5
2BF
  8
DEFAULT
 10
-480.6918307564314
 20
-133.3341700036829
 30
3.0
  0
VERTEX
  5
2C0
  8
DEFAULT
 10
-480.8878997509206
 20
-133.2521623453582
 30
3.0
  0
VERTEX
  5
2C1
  8
DEFAULT
 10
-481.0788520596615
 20
-133.1665507722965
 30
3.0
  0
VERTEX
  5
2C2
  8
DEFAULT
 10
-481.2638907699169
 20
-133.0767739825734
 30
3.0
  0
VERTEX
  5
2C3
  8
DEFAULT
 10
-481.353964243318
 20
-133.03016284185
 30
3.0
  0
VERTEX
  5
2C4
  8
DEFAULT
 10
-481.442294865401
 20
-132.9823241315906
 30
3.0
  0
VERTEX
  5
2C5
  8
DEFAULT
 10
-481.5288043679503
 20
-132.9332027239274
 30
3.0
  0
VERTEX
  5
2C6
  8
DEFAULT
 10
-481.6134192262789
 20
-132.8827468320758
 30
3.0
  0
VERTEX
  5
2C7
  8
DEFAULT
 10
-481.6960706592281
 20
-132.8309080103341
 30
3.0
  0
VERTEX
  5
2C8
  8
DEFAULT
 10
-481.7766946291671
 20
-132.7776411540832
 30
3.0
  0
VERTEX
  5
2C9
  8
DEFAULT
 10
-481.8552318419935
 20
-132.7229044997871
 30
3.0
  0
VERTEX
  5
2CA
  8
DEFAULT
 10
-481.9316277471331
 20
-132.6666596249927
 30
3.0
  0
VERTEX
  5
2CB
  8
DEFAULT
 10
-482.0058325375397
 20
-132.6088714483298
 30
3.0
  0
VERTEX
  5
2CC
  8
DEFAULT
 10
-482.0778011496955
 20
-132.5495082295108
 30
3.0
  0
VERTEX
  5
2CD
  8
DEFAULT
 10
-482.1474932636108
 20
-132.4885415693313
 30
3.0
  0
VERTEX
  5
2CE
  8
DEFAULT
 10
-482.2148733028242
 20
-132.4259464096696
 30
3.0
  0
VERTEX
  5
2CF
  8
DEFAULT
 10
-482.2799104344024
 20
-132.3617010334871
 30
3.0
  0
VERTEX
  5
2D0
  8
DEFAULT
 10
-482.3425785689402
 20
-132.2957870648279
 30
3.0
  0
VERTEX
  5
2D1
  8
DEFAULT
 10
-482.4028563605609
 20
-132.2281894688189
 30
3.0
  0
VERTEX
  5
2D2
  8
DEFAULT
 10
-482.4607272069156
 20
-132.1588965516701
 30
3.0
  0
VERTEX
  5
2D3
  8
DEFAULT
 10
-482.5161792491839
 20
-132.0878999606743
 30
3.0
  0
VERTEX
  5
2D4
  8
DEFAULT
 10
-482.5692053720736
 20
-132.0151946842072
 30
3.0
  0
VERTEX
  5
2D5
  8
DEFAULT
 10
-482.6198032038205
 20
-131.9407790517272
 30
3.0
  0
VERTEX
  5
2D6
  8
DEFAULT
 10
-482.6679751161887
 20
-131.864654733776
 30
3.0
  0
VERTEX
  5
2D7
  8
DEFAULT
 10
-482.7137282244705
 20
-131.7868267419777
 30
3.0
  0
VERTEX
  5
2D8
  8
DEFAULT
 10
-482.7570743874865
 20
-131.7073034290397
 30
3.0
  0
VERTEX
  5
2D9
  8
DEFAULT
 10
-482.7980302075852
 20
-131.6260964887518
 30
3.0
  0
VERTEX
  5
2DA
  8
DEFAULT
 10
-482.8366170306435
 20
-131.5432209559873
 30
3.0
  0
VERTEX
  5
2DB
  8
DEFAULT
 10
-482.8728609460667
 20
-131.4586952067019
 30
3.0
  0
VERTEX
  5
2DC
  8
DEFAULT
 10
-482.9067927867879
 20
-131.3725409579344
 30
3.0
  0
VERTEX
  5
2DD
  8
DEFAULT
 10
-482.9384481292687
 20
-131.2847832678063
 30
3.0
  0
VERTEX
  5
2DE
  8
DEFAULT
 10
-482.9678672934987
 20
-131.1954505355222
 30
3.0
  0
VERTEX
  5
2DF
  8
DEFAULT
 10
-482.9950953429956
 20
-131.1045745013696
 30
3.0
  0
VERTEX
  5
2E0
  8
DEFAULT
 10
-483.0201820848058
 20
-131.0121902467186
 30
3.0
  0
VERTEX
  5
2E1
  8
DEFAULT
 10
-483.0431820695034
 20
-130.9183361940225
 30
3.0
  0
VERTEX
  5
2E2
  8
DEFAULT
 10
-483.0641545911907
 20
-130.8230541068172
 30
3.0
  0
VERTEX
  5
2E3
  8
DEFAULT
 10
-483.0831636874987
 20
-130.7263890897217
 30
3.0
  0
VERTEX
  5
2E4
  8
DEFAULT
 10
-483.100278139586
 20
-130.6283895884378
 30
3.0
  0
VERTEX
  5
2E5
  8
DEFAULT
 10
-483.1155714721397
 20
-130.5291073897502
 30
3.0
  0
VERTEX
  5
2E6
  8
DEFAULT
 10
-483.129121953375
 20
-130.4285976215265
 30
3.0
  0
VERTEX
  5
2E7
  8
DEFAULT
 10
-483.1513311523927
 20
-130.2241325933555
 30
3.0
  0
VERTEX
  5
2E8
  8
DEFAULT
 10
-483.1676267529249
 20
-130.0155023485231
 30
3.0
  0
VERTEX
  5
2E9
  8
DEFAULT
 10
-483.1788056677089
 20
-129.8032681889537
 30
3.0
  0
VERTEX
  5
2EA
  8
DEFAULT
 10
-483.1893805732358
 20
-129.3705006199321
 30
3.0
  0
VERTEX
  5
2EB
  8
DEFAULT
 10
-483.190949099893
 20
-128.9313894482091
 30
3.0
  0
VERTEX
  5
2EC
  8
DEFAULT
 10
-483.190949099893
 20
-128.0477295245348
 30
3.0
 42
-0.1329494940973383
  0
VERTEX
  5
2ED
  8
DEFAULT
 10
-482.7580433102161
 20
-126.0126249881455
 30
3.0
  0
VERTEX
  5
2EE
  8
DEFAULT
 10
-479.051900189498
 20
-117.6954577436115
 30
3.0
 42
-0.4057415020185706
  0
VERTEX
  5
2EF
  8
DEFAULT
 10
-478.1384813474334
 20
-117.1024786508894
 30
3.0
  0
VERTEX
  5
2F0
  8
DEFAULT
 10
-478.0614266928096
 20
-117.1024786508894
 30
3.0
 42
-0.6249999999999638
  0
VERTEX
  5
2F1
  8
DEFAULT
 10
-477.0614266928095
 20
-118.1024786508894
 30
3.0
  0
VERTEX
  5
2F2
  8
DEFAULT
 10
-477.0614266928096
 20
-126.9841335717568
 30
3.0
  0
VERTEX
  5
2F3
  8
DEFAULT
 10
-453.6999998092656
 20
-126.9841335717568
 30
3.0
  0
VERTEX
  5
2F4
  8
DEFAULT
 10
-453.6999998092656
 20
-128.9841335717568
 30
3.0
  0
VERTEX
  5
2F5
  8
DEFAULT
 10
-450.6999998092656
 20
-128.9841335717568
 30
3.0
  0
VERTEX
  5
2F6
  8
DEFAULT
 10
-450.6999998092656
 20
-135.1944257327249
 30
3.0
  0
VERTEX
  5
2F7
  8
DEFAULT
 10
-453.6999998092656
 20
-135.1944257327249
 30
3.0
  0
VERTEX
  5
2F8
  8
DEFAULT
 10
-453.6999998092656
 20
-141.8975213491104
 30
3.0
  0
VERTEX
  5
2F9
  8
DEFAULT
 10
-462.0000000000005
 20
-141.8975213491104
 30
3.0
  0
VERTEX
  5
2FA
  8
DEFAULT
 10
-462.0000000000005
 20
-139.1475213491104
 30
3.0
  0
VERTEX
  5
2FB
  8
DEFAULT
 10
-464.3980881185709
 20
-139.1475213491104
 30
3.0
  0
VERTEX
  5
2FC
  8
DEFAULT
 10
-464.4761314374522
 20
-139.1474852005137
 30
3.0
  0
VERTEX
  5
2FD
  8
DEFAULT
 10
-465.4308903872942
 20
-138.8059982923684
 30
3.0
  0
SEQEND
  5
2FE
  8
DEFAULT
  0
POLYLINE
  5
2FF
  8
DEFAULT
 66
     1
 10
0.0
 20
0.0
 30
3.0
 70
     1
  0
VERTEX
  5
300
  8
DEFAULT
 10
-452.0627308765334
 20
-159.1086379126498
 30
3.0
  0
VERTEX
  5
301
  8
DEFAULT
 10
-451.6394240424285
 20
-158.7360468605426
 30
3.0
  0
VERTEX
  5
302
  8
DEFAULT
 10
-450.8450426213433
 20
-159.5304282816277
 30
3.0
  0
VERTEX
  5
303
  8
DEFAULT
 10
-451.2176336734506
 20
-159.9537351157327
 30
3.0
 42
0.1193071592405302
  0
VERTEX
  5
304
  8
DEFAULT
 10
-451.7524520760476
 20
-161.5905674025032
 30
3.0
  0
VERTEX
  5
305
  8
DEFAULT
 10
-451.1903758287324
 20
-161.9989397001594
 30
3.0
 42
0.1193071592404795
  0
VERTEX
  5
306
  8
DEFAULT
 10
-449.7989237916239
 20
-160.9844881797812
 30
3.0
  0
VERTEX
  5
307
  8
DEFAULT
 10
-449.5114720357093
 20
-160.4993240261879
 30
3.0
  0
VERTEX
  5
308
  8
DEFAULT
 10
-448.5104930496315
 20
-161.0093482940036
 30
3.0
  0
VERTEX
  5
309
  8
DEFAULT
 10
-448.7340391920778
 20
-161.5270739840246
 30
3.0
 42
0.1193071592407065
  0
VERTEX
  5
30A
  8
DEFAULT
 10
-448.7368727253487
 20
-163.249061971747
 30
3.0
  0
VERTEX
  5
30B
  8
DEFAULT
 10
-448.0761124676771
 20
-163.4637559939524
 30
3.0
 42
0.1193071592406254
  0
VERTEX
  5
30C
  8
DEFAULT
 10
-447.0662457004394
 20
-162.068972938707
 30
3.0
  0
VERTEX
  5
30D
  8
DEFAULT
 10
-446.9427868033781
 20
-161.5187269313187
 30
3.0
  0
VERTEX
  5
30E
  8
DEFAULT
 10
-445.8331930496956
 20
-161.6944693169833
 30
3.0
  0
VERTEX
  5
30F
  8
DEFAULT
 10
-445.8858120285208
 20
-162.2559352651741
 30
3.0
 42
0.1193071592405116
  0
VERTEX
  5
310
  8
DEFAULT
 10
-445.3563833264865
 20
-163.8945187718142
 30
3.0
  0
VERTEX
  5
311
  8
DEFAULT
 10
-444.6616188762669
 20
-163.8945187718142
 30
3.0
 42
0.1193071592405476
  0
VERTEX
  5
312
  8
DEFAULT
 10
-444.1321901742326
 20
-162.2559352651741
 30
3.0
  0
VERTEX
  5
313
  8
DEFAULT
 10
-444.1848091530577
 20
-161.6944693169833
 30
3.0
  0
VERTEX
  5
314
  8
DEFAULT
 10
-443.0752153993752
 20
-161.5187269313187
 30
3.0
  0
VERTEX
  5
315
  8
DEFAULT
 10
-442.9517565023141
 20
-162.068972938707
 30
3.0
 42
0.119307159240573
  0
VERTEX
  5
316
  8
DEFAULT
 10
-441.9418897350762
 20
-163.4637559939524
 30
3.0
  0
VERTEX
  5
317
  8
DEFAULT
 10
-441.2811294774046
 20
-163.249061971747
 30
3.0
 42
0.1193071592404987
  0
VERTEX
  5
318
  8
DEFAULT
 10
-441.2839630106755
 20
-161.5270739840246
 30
3.0
  0
VERTEX
  5
319
  8
DEFAULT
 10
-441.5075091531218
 20
-161.0093482940036
 30
3.0
  0
VERTEX
  5
31A
  8
DEFAULT
 10
-440.506530167044
 20
-160.4993240261879
 30
3.0
  0
VERTEX
  5
31B
  8
DEFAULT
 10
-440.2190784111294
 20
-160.9844881797812
 30
3.0
 42
0.1193071592405238
  0
VERTEX
  5
31C
  8
DEFAULT
 10
-438.827626374021
 20
-161.9989397001594
 30
3.0
  0
VERTEX
  5
31D
  8
DEFAULT
 10
-438.2655501267058
 20
-161.5905674025033
 30
3.0
 42
0.1193071592404778
  0
VERTEX
  5
31E
  8
DEFAULT
 10
-438.8003685293028
 20
-159.9537351157327
 30
3.0
  0
VERTEX
  5
31F
  8
DEFAULT
 10
-439.1729595814099
 20
-159.5304282816277
 30
3.0
  0
VERTEX
  5
320
  8
DEFAULT
 10
-438.378578160325
 20
-158.7360468605426
 30
3.0
  0
VERTEX
  5
321
  8
DEFAULT
 10
-437.95527132622
 20
-159.1086379126499
 30
3.0
 42
0.1193071592404405
  0
VERTEX
  5
322
  8
DEFAULT
 10
-436.3184390394495
 20
-159.6434563152469
 30
3.0
  0
VERTEX
  5
323
  8
DEFAULT
 10
-435.9100667417932
 20
-159.0813800679317
 30
3.0
 42
0.1193071592405332
  0
VERTEX
  5
324
  8
DEFAULT
 10
-436.9245182621715
 20
-157.6899280308232
 30
3.0
  0
VERTEX
  5
325
  8
DEFAULT
 10
-437.4096824157648
 20
-157.4024762749086
 30
3.0
  0
VERTEX
  5
326
  8
DEFAULT
 10
-436.899658147949
 20
-156.4014972888309
 30
3.0
  0
VERTEX
  5
327
  8
DEFAULT
 10
-436.3819324579281
 20
-156.6250434312772
 30
3.0
 42
0.119307159240498
  0
VERTEX
  5
328
  8
DEFAULT
 10
-434.6599444702057
 20
-156.627876964548
 30
3.0
  0
VERTEX
  5
329
  8
DEFAULT
 10
-434.4452504480003
 20
-155.9671167068765
 30
3.0
 42
0.1193071592405271
  0
VERTEX
  5
32A
  8
DEFAULT
 10
-435.8400335032456
 20
-154.9572499396386
 30
3.0
  0
VERTEX
  5
32B
  8
DEFAULT
 10
-436.3902795106339
 20
-154.8337910425774
 30
3.0
  0
VERTEX
  5
32C
  8
DEFAULT
 10
-436.2145371249694
 20
-153.7241972888949
 30
3.0
  0
VERTEX
  5
32D
  8
DEFAULT
 10
-435.6530711767787
 20
-153.7768162677202
 30
3.0
 42
0.1193071592404831
  0
VERTEX
  5
32E
  8
DEFAULT
 10
-434.0144876701385
 20
-153.2473875656858
 30
3.0
  0
VERTEX
  5
32F
  8
DEFAULT
 10
-434.0144876701385
 20
-152.5526231154662
 30
3.0
 42
0.119307159240501
  0
VERTEX
  5
330
  8
DEFAULT
 10
-435.6530711767787
 20
-152.0231944134318
 30
3.0
  0
VERTEX
  5
331
  8
DEFAULT
 10
-436.2145371249693
 20
-152.0758133922571
 30
3.0
  0
VERTEX
  5
332
  8
DEFAULT
 10
-436.3902795106339
 20
-150.9662196385746
 30
3.0
  0
VERTEX
  5
333
  8
DEFAULT
 10
-435.8400335032456
 20
-150.8427607415134
 30
3.0
 42
0.1193071592405186
  0
VERTEX
  5
334
  8
DEFAULT
 10
-434.4452504480003
 20
-149.8328939742755
 30
3.0
  0
VERTEX
  5
335
  8
DEFAULT
 10
-434.6599444702057
 20
-149.172133716604
 30
3.0
 42
0.1193071592404794
  0
VERTEX
  5
336
  8
DEFAULT
 10
-436.3819324579281
 20
-149.1749672498748
 30
3.0
  0
VERTEX
  5
337
  8
DEFAULT
 10
-436.899658147949
 20
-149.3985133923211
 30
3.0
  0
VERTEX
  5
338
  8
DEFAULT
 10
-437.4096824157648
 20
-148.3975344062434
 30
3.0
  0
VERTEX
  5
339
  8
DEFAULT
 10
-436.9245182621714
 20
-148.1100826503287
 30
3.0
 42
0.1193071592404731
  0
VERTEX
  5
33A
  8
DEFAULT
 10
-435.9100667417932
 20
-146.7186306132203
 30
3.0
  0
VERTEX
  5
33B
  8
DEFAULT
 10
-436.3184390394495
 20
-146.1565543659051
 30
3.0
 42
0.1193071592404723
  0
VERTEX
  5
33C
  8
DEFAULT
 10
-437.9552713262199
 20
-146.6913727685021
 30
3.0
  0
VERTEX
  5
33D
  8
DEFAULT
 10
-438.3785781603249
 20
-147.0639638206093
 30
3.0
  0
VERTEX
  5
33E
  8
DEFAULT
 10
-439.1729595814101
 20
-146.2695823995242
 30
3.0
  0
VERTEX
  5
33F
  8
DEFAULT
 10
-438.8003685293028
 20
-145.8462755654193
 30
3.0
 42
0.1193071592404309
  0
VERTEX
  5
340
  8
DEFAULT
 10
-438.2655501267057
 20
-144.2094432786487
 30
3.0
  0
VERTEX
  5
341
  8
DEFAULT
 10
-438.827626374021
 20
-143.8010709809926
 30
3.0
 42
0.1193071592405005
  0
VERTEX
  5
342
  8
DEFAULT
 10
-440.2190784111294
 20
-144.8155225013708
 30
3.0
  0
VERTEX
  5
343
  8
DEFAULT
 10
-440.506530167044
 20
-145.3006866549641
 30
3.0
  0
VERTEX
  5
344
  8
DEFAULT
 10
-441.5075091531218
 20
-144.7906623871484
 30
3.0
  0
VERTEX
  5
345
  8
DEFAULT
 10
-441.2839630106755
 20
-144.2729366971274
 30
3.0
 42
0.1193071592405729
  0
VERTEX
  5
346
  8
DEFAULT
 10
-441.2811294774046
 20
-142.550948709405
 30
3.0
  0
VERTEX
  5
347
  8
DEFAULT
 10
-441.9418897350762
 20
-142.3362546871996
 30
3.0
 42
0.1193071592405839
  0
VERTEX
  5
348
  8
DEFAULT
 10
-442.951756502314
 20
-143.731037742445
 30
3.0
  0
VERTEX
  5
349
  8
DEFAULT
 10
-443.0752153993752
 20
-144.2812837498333
 30
3.0
  0
VERTEX
  5
34A
  8
DEFAULT
 10
-444.1848091530577
 20
-144.1055413641687
 30
3.0
  0
VERTEX
  5
34B
  8
DEFAULT
 10
-444.1321901742325
 20
-143.5440754159779
 30
3.0
 42
0.1193071592405976
  0
VERTEX
  5
34C
  8
DEFAULT
 10
-444.6616188762669
 20
-141.9054919093377
 30
3.0
  0
VERTEX
  5
34D
  8
DEFAULT
 10
-445.3563833264865
 20
-141.9054919093378
 30
3.0
 42
0.1193071592403386
  0
VERTEX
  5
34E
  8
DEFAULT
 10
-445.8858120285208
 20
-143.5440754159779
 30
3.0
  0
VERTEX
  5
34F
  8
DEFAULT
 10
-445.8331930496955
 20
-144.1055413641687
 30
3.0
  0
VERTEX
  5
350
  8
DEFAULT
 10
-446.9427868033781
 20
-144.2812837498333
 30
3.0
  0
VERTEX
  5
351
  8
DEFAULT
 10
-447.0662457004394
 20
-143.731037742445
 30
3.0
 42
0.1193071592407086
  0
VERTEX
  5
352
  8
DEFAULT
 10
-448.0761124676771
 20
-142.3362546871996
 30
3.0
  0
VERTEX
  5
353
  8
DEFAULT
 10
-448.7368727253487
 20
-142.550948709405
 30
3.0
 42
0.1193071592404457
  0
VERTEX
  5
354
  8
DEFAULT
 10
-448.7340391920778
 20
-144.2729366971274
 30
3.0
  0
VERTEX
  5
355
  8
DEFAULT
 10
-448.5104930496315
 20
-144.7906623871484
 30
3.0
  0
VERTEX
  5
356
  8
DEFAULT
 10
-449.5114720357093
 20
-145.3006866549641
 30
3.0
  0
VERTEX
  5
357
  8
DEFAULT
 10
-449.7989237916239
 20
-144.8155225013708
 30
3.0
 42
0.1193071592405247
  0
VERTEX
  5
358
  8
DEFAULT
 10
-451.1903758287324
 20
-143.8010709809926
 30
3.0
  0
VERTEX
  5
359
  8
DEFAULT
 10
-451.7524520760476
 20
-144.2094432786487
 30
3.0
 42
0.1193071592404228
  0
VERTEX
  5
35A
  8
DEFAULT
 10
-451.2176336734506
 20
-145.8462755654193
 30
3.0
  0
VERTEX
  5
35B
  8
DEFAULT
 10
-450.8450426213433
 20
-146.2695823995242
 30
3.0
  0
VERTEX
  5
35C
  8
DEFAULT
 10
-451.6394240424283
 20
-147.0639638206093
 30
3.0
  0
VERTEX
  5
35D
  8
DEFAULT
 10
-452.0627308765334
 20
-146.6913727685021
 30
3.0
 42
0.1193071592405665
  0
VERTEX
  5
35E
  8
DEFAULT
 10
-453.6995631633039
 20
-146.156554365905
 30
3.0
  0
VERTEX
  5
35F
  8
DEFAULT
 10
-454.1079354609601
 20
-146.7186306132203
 30
3.0
 42
0.1193071592406373
  0
VERTEX
  5
360
  8
DEFAULT
 10
-453.0934839405818
 20
-148.1100826503287
 30
3.0
  0
VERTEX
  5
361
  8
DEFAULT
 10
-452.6083197869885
 20
-148.3975344062433
 30
3.0
  0
VERTEX
  5
362
  8
DEFAULT
 10
-453.1183440548043
 20
-149.3985133923211
 30
3.0
  0
VERTEX
  5
363
  8
DEFAULT
 10
-453.6360697448252
 20
-149.1749672498748
 30
3.0
 42
0.1193071592405339
  0
VERTEX
  5
364
  8
DEFAULT
 10
-455.3580577325476
 20
-149.172133716604
 30
3.0
  0
VERTEX
  5
365
  8
DEFAULT
 10
-455.5727517547531
 20
-149.8328939742755
 30
3.0
 42
0.1193071592404611
  0
VERTEX
  5
366
  8
DEFAULT
 10
-454.1779686995077
 20
-150.8427607415133
 30
3.0
  0
VERTEX
  5
367
  8
DEFAULT
 10
-453.6277226921194
 20
-150.9662196385746
 30
3.0
  0
VERTEX
  5
368
  8
DEFAULT
 10
-453.803465077784
 20
-152.075813392257
 30
3.0
  0
VERTEX
  5
369
  8
DEFAULT
 10
-454.3649310259748
 20
-152.0231944134318
 30
3.0
 42
0.1193071592404633
  0
VERTEX
  5
36A
  8
DEFAULT
 10
-456.0035145326148
 20
-152.5526231154662
 30
3.0
  0
VERTEX
  5
36B
  8
DEFAULT
 10
-456.0035145326149
 20
-153.2473875656858
 30
3.0
 42
0.119307159240465
  0
VERTEX
  5
36C
  8
DEFAULT
 10
-454.3649310259747
 20
-153.7768162677202
 30
3.0
  0
VERTEX
  5
36D
  8
DEFAULT
 10
-453.803465077784
 20
-153.7241972888949
 30
3.0
  0
VERTEX
  5
36E
  8
DEFAULT
 10
-453.6277226921194
 20
-154.8337910425774
 30
3.0
  0
VERTEX
  5
36F
  8
DEFAULT
 10
-454.1779686995077
 20
-154.9572499396386
 30
3.0
 42
0.1193071592405321
  0
VERTEX
  5
370
  8
DEFAULT
 10
-455.5727517547531
 20
-155.9671167068764
 30
3.0
  0
VERTEX
  5
371
  8
DEFAULT
 10
-455.3580577325476
 20
-156.627876964548
 30
3.0
 42
0.1193071592404407
  0
VERTEX
  5
372
  8
DEFAULT
 10
-453.6360697448252
 20
-156.6250434312772
 30
3.0
  0
VERTEX
  5
373
  8
DEFAULT
 10
-453.1183440548043
 20
-156.4014972888309
 30
3.0
  0
VERTEX
  5
374
  8
DEFAULT
 10
-452.6083197869885
 20
-157.4024762749086
 30
3.0
  0
VERTEX
  5
375
  8
DEFAULT
 10
-453.0934839405819
 20
-157.6899280308232
 30
3.0
 42
0.1193071592405809
  0
VERTEX
  5
376
  8
DEFAULT
 10
-454.1079354609601
 20
-159.0813800679317
 30
3.0
  0
VERTEX
  5
377
  8
DEFAULT
 10
-453.699563163304
 20
-159.6434563152469
 30
3.0
 42
0.1193071592404868
  0
SEQEND
  5
378
  8
DEFAULT
  0
POLYLINE
  5
379
  8
DEFAULT
 66
     1
 10
0.0
 20
0.0
 30
3.0
 70
     1
  0
VERTEX
  5
37A
  8
DEFAULT
 10
-444.9904831514789
 20
-156.4704618914227
 30
3.0
 42
-1.000000000020776
  0
VERTEX
  5
37B
  8
DEFAULT
 10
-444.9904831514789
 20
-149.3295487897293
 30
3.0
  0
VERTEX
  5
37C
  8
DEFAULT
 10
-439.2648688894502
 20
-149.9390605613899
 30
3.0
  0
VERTEX
  5
37D
  8
DEFAULT
 10
-439.2648688894502
 20
-155.8609501197622
 30
3.0
  0
SEQEND
  5
37E
  8
DEFAULT
  0
CIRCLE
  5
37F
  8
DEFAULT
 10
493.990483151553
 20
-158.9000053405662
 30
-3.0
 40
1.5
210
0.0
220
0.0
230
-1.0
  0
POLYLINE
  5
380
  8
DEFAULT
 66
     1
 10
0.0
 20
0.0
 30
3.0
 70
     1
  0
VERTEX
  5
381
  8
DEFAULT
 10
-493.6040373208874
 20
-133.9029923266087
 30
3.0
  0
VERTEX
  5
382
  8
DEFAULT
 10
-494.3769289822187
 20
-133.9029923266087
 30
3.0
 42
0.0753112191068709
  0
VERTEX
  5
383
  8
DEFAULT
 10
-495.0479498468515
 20
-136.0915057584294
 30
3.0
  0
VERTEX
  5
384
  8
DEFAULT
 10
-495.9191698311345
 20
-136.1486085330732
 30
3.0
 42
0.0753112191070249
  0
VERTEX
  5
385
  8
DEFAULT
 10
-496.8701083441272
 20
-134.0664039354077
 30
3.0
  0
VERTEX
  5
386
  8
DEFAULT
 10
-497.6363878101528
 20
-134.1672865409599
 30
3.0
 42
0.0753112191068101
  0
VERTEX
  5
387
  8
DEFAULT
 10
-498.0160096733896
 20
-136.4246627353468
 30
3.0
  0
VERTEX
  5
388
  8
DEFAULT
 10
-498.8723228421936
 20
-136.594994014972
 30
3.0
 42
0.0753112191069581
  0
VERTEX
  5
389
  8
DEFAULT
 10
-500.0869081819391
 20
-134.654725349424
 30
3.0
  0
VERTEX
  5
38A
  8
DEFAULT
 10
-500.8334641985425
 20
-134.8547644311774
 30
3.0
 42
0.0753112191068744
  0
VERTEX
  5
38B
  8
DEFAULT
 10
-500.9151916250522
 20
-137.1423790555817
 30
3.0
  0
VERTEX
  5
38C
  8
DEFAULT
 10
-501.7419462226443
 20
-137.4230244247692
 30
3.0
 42
0.0753112191069092
  0
VERTEX
  5
38D
  8
DEFAULT
 10
-503.1993964972328
 20
-135.6578902261502
 30
3.0
  0
VERTEX
  5
38E
  8
DEFAULT
 10
-503.9134552839854
 20
-135.9536630599549
 30
3.0
 42
0.0753112191068797
  0
VERTEX
  5
38F
  8
DEFAULT
 10
-503.6958898948415
 20
-138.2323743939063
 30
3.0
  0
VERTEX
  5
390
  8
DEFAULT
 10
-504.478939920837
 20
-138.6185319325797
 30
3.0
 42
0.0753112191068908
  0
VERTEX
  5
391
  8
DEFAULT
 10
-506.1543177519887
 20
-137.0587341364159
 30
3.0
  0
VERTEX
  5
392
  8
DEFAULT
 10
-506.8236615650749
 20
-137.4451799670816
 30
3.0
 42
0.0753112191069385
  0
VERTEX
  5
393
  8
DEFAULT
 10
-506.3105259644059
 20
-139.6759986278782
 30
3.0
  0
VERTEX
  5
394
  8
DEFAULT
 10
-507.0364732157577
 20
-140.1610610734877
 30
3.0
 42
0.0753112191069243
  0
VERTEX
  5
395
  8
DEFAULT
 10
-508.9011124242792
 20
-138.8332882525291
 30
3.0
  0
VERTEX
  5
396
  8
DEFAULT
 10
-509.5142886054796
 20
-139.30379488475
 30
3.0
 42
0.0753112191068547
  0
VERTEX
  5
397
  8
DEFAULT
 10
-508.7143626856812
 20
-141.4485509466057
 30
3.0
  0
VERTEX
  5
398
  8
DEFAULT
 10
-509.370786003648
 20
-142.0242187462223
 30
3.0
 42
0.0753112191069573
  0
VERTEX
  5
399
  8
DEFAULT
 10
-511.3927820957058
 20
-140.9511894615635
 30
3.0
  0
VERTEX
  5
39A
  8
DEFAULT
 10
-511.9392990305557
 20
-141.4977063964134
 30
3.0
 42
0.075311219106787
  0
VERTEX
  5
39B
  8
DEFAULT
 10
-510.8662697458969
 20
-143.5197024884712
 30
3.0
  0
VERTEX
  5
39C
  8
DEFAULT
 10
-511.4419375455135
 20
-144.1761258064381
 30
3.0
 42
0.0753112191068668
  0
VERTEX
  5
39D
  8
DEFAULT
 10
-513.5866936073692
 20
-143.3761998866396
 30
3.0
  0
VERTEX
  5
39E
  8
DEFAULT
 10
-514.0572002395902
 20
-143.9893760678401
 30
3.0
 42
0.0753112191069376
  0
VERTEX
  5
39F
  8
DEFAULT
 10
-512.7294274186315
 20
-145.8540152763615
 30
3.0
  0
VERTEX
  5
3A0
  8
DEFAULT
 10
-513.214489864241
 20
-146.5799625277134
 30
3.0
 42
0.075311219106899
  0
VERTEX
  5
3A1
  8
DEFAULT
 10
-515.4453085250376
 20
-146.0668269270444
 30
3.0
  0
VERTEX
  5
3A2
  8
DEFAULT
 10
-515.8317543557033
 20
-146.7361707401305
 30
3.0
 42
0.0753112191068147
  0
VERTEX
  5
3A3
  8
DEFAULT
 10
-514.2719565595395
 20
-148.4115485712821
 30
3.0
  0
VERTEX
  5
3A4
  8
DEFAULT
 10
-514.6581140982129
 20
-149.1945985972778
 30
3.0
 42
0.0753112191069087
  0
VERTEX
  5
3A5
  8
DEFAULT
 10
-516.9368254321644
 20
-148.9770332081338
 30
3.0
  0
VERTEX
  5
3A6
  8
DEFAULT
 10
-517.232598265969
 20
-149.6910919948864
 30
3.0
 42
0.0753112191069851
  0
VERTEX
  5
3A7
  8
DEFAULT
 10
-515.4674640673501
 20
-151.1485422694749
 30
3.0
  0
VERTEX
  5
3A8
  8
DEFAULT
 10
-515.7481094365376
 20
-151.975296867067
 30
3.0
 42
0.0753112191069012
  0
VERTEX
  5
3A9
  8
DEFAULT
 10
-518.0357240609419
 20
-152.0570242935767
 30
3.0
  0
VERTEX
  5
3AA
  8
DEFAULT
 10
-518.2357631426953
 20
-152.8035803101801
 30
3.0
 42
0.0753112191069222
  0
VERTEX
  5
3AB
  8
DEFAULT
 10
-516.2954944771473
 20
-154.0181656499256
 30
3.0
  0
VERTEX
  5
3AC
  8
DEFAULT
 10
-516.4658257567725
 20
-154.8744788187296
 30
3.0
 42
0.0753112191068868
  0
VERTEX
  5
3AD
  8
DEFAULT
 10
-518.7232019511594
 20
-155.2541006819664
 30
3.0
  0
VERTEX
  5
3AE
  8
DEFAULT
 10
-518.8240845567116
 20
-156.020380147992
 30
3.0
 42
0.0753112191069324
  0
VERTEX
  5
3AF
  8
DEFAULT
 10
-516.7418799590462
 20
-156.9713186609848
 30
3.0
  0
VERTEX
  5
3B0
  8
DEFAULT
 10
-516.7989827336899
 20
-157.8425386452678
 30
3.0
 42
0.0753112191068556
  0
VERTEX
  5
3B1
  8
DEFAULT
 10
-518.9874961655106
 20
-158.5135595099005
 30
3.0
  0
VERTEX
  5
3B2
  8
DEFAULT
 10
-518.9874961655106
 20
-159.2864511712318
 30
3.0
 42
0.0753112191069102
  0
VERTEX
  5
3B3
  8
DEFAULT
 10
-516.7989827336899
 20
-159.9574720358646
 30
3.0
  0
VERTEX
  5
3B4
  8
DEFAULT
 10
-516.7418799590462
 20
-160.8286920201476
 30
3.0
 42
0.0753112191068561
  0
VERTEX
  5
3B5
  8
DEFAULT
 10
-518.8240845567116
 20
-161.7796305331403
 30
3.0
  0
VERTEX
  5
3B6
  8
DEFAULT
 10
-518.7232019511594
 20
-162.5459099991659
 30
3.0
 42
0.075311219106874
  0
VERTEX
  5
3B7
  8
DEFAULT
 10
-516.4658257567725
 20
-162.9255318624027
 30
3.0
  0
VERTEX
  5
3B8
  8
DEFAULT
 10
-516.2954944771473
 20
-163.7818450312068
 30
3.0
 42
0.0753112191068624
  0
VERTEX
  5
3B9
  8
DEFAULT
 10
-518.2357631426953
 20
-164.9964303709522
 30
3.0
  0
VERTEX
  5
3BA
  8
DEFAULT
 10
-518.0357240609419
 20
-165.7429863875556
 30
3.0
 42
0.0753112191068876
  0
VERTEX
  5
3BB
  8
DEFAULT
 10
-515.7481094365376
 20
-165.8247138140653
 30
3.0
  0
VERTEX
  5
3BC
  8
DEFAULT
 10
-515.4674640673501
 20
-166.6514684116574
 30
3.0
 42
0.0753112191068508
  0
VERTEX
  5
3BD
  8
DEFAULT
 10
-517.232598265969
 20
-168.1089186862459
 30
3.0
  0
VERTEX
  5
3BE
  8
DEFAULT
 10
-516.9368254321644
 20
-168.8229774729986
 30
3.0
 42
0.0753112191068614
  0
VERTEX
  5
3BF
  8
DEFAULT
 10
-514.658114098213
 20
-168.6054120838546
 30
3.0
  0
VERTEX
  5
3C0
  8
DEFAULT
 10
-514.2719565595395
 20
-169.3884621098502
 30
3.0
 42
0.0753112191068516
  0
VERTEX
  5
3C1
  8
DEFAULT
 10
-515.8317543557033
 20
-171.0638399410018
 30
3.0
  0
VERTEX
  5
3C2
  8
DEFAULT
 10
-515.4453085250377
 20
-171.733183754088
 30
3.0
 42
0.0753112191068784
  0
VERTEX
  5
3C3
  8
DEFAULT
 10
-513.2144898642412
 20
-171.220048153419
 30
3.0
  0
VERTEX
  5
3C4
  8
DEFAULT
 10
-512.7294274186315
 20
-171.9459954047708
 30
3.0
 42
0.0753112191069219
  0
VERTEX
  5
3C5
  8
DEFAULT
 10
-514.0572002395902
 20
-173.8106346132923
 30
3.0
  0
VERTEX
  5
3C6
  8
DEFAULT
 10
-513.5866936073693
 20
-174.4238107944928
 30
3.0
 42
0.0753112191069195
  0
VERTEX
  5
3C7
  8
DEFAULT
 10
-511.4419375455136
 20
-173.6238848746943
 30
3.0
  0
VERTEX
  5
3C8
  8
DEFAULT
 10
-510.8662697458969
 20
-174.2803081926612
 30
3.0
 42
0.075311219106895
  0
VERTEX
  5
3C9
  8
DEFAULT
 10
-511.9392990305557
 20
-176.302304284719
 30
3.0
  0
VERTEX
  5
3CA
  8
DEFAULT
 10
-511.3927820957058
 20
-176.8488212195689
 30
3.0
 42
0.0753112191069384
  0
VERTEX
  5
3CB
  8
DEFAULT
 10
-509.3707860036482
 20
-175.7757919349101
 30
3.0
  0
VERTEX
  5
3CC
  8
DEFAULT
 10
-508.7143626856812
 20
-176.3514597345267
 30
3.0
 42
0.0753112191069061
  0
VERTEX
  5
3CD
  8
DEFAULT
 10
-509.5142886054797
 20
-178.4962157963824
 30
3.0
  0
VERTEX
  5
3CE
  8
DEFAULT
 10
-508.9011124242792
 20
-178.9667224286034
 30
3.0
 42
0.0753112191068938
  0
VERTEX
  5
3CF
  8
DEFAULT
 10
-507.0364732157577
 20
-177.6389496076447
 30
3.0
  0
VERTEX
  5
3D0
  8
DEFAULT
 10
-506.3105259644059
 20
-178.1240120532542
 30
3.0
 42
0.0753112191068875
  0
VERTEX
  5
3D1
  8
DEFAULT
 10
-506.8236615650749
 20
-180.3548307140508
 30
3.0
  0
VERTEX
  5
3D2
  8
DEFAULT
 10
-506.1543177519889
 20
-180.7412765447165
 30
3.0
 42
0.0753112191069241
  0
VERTEX
  5
3D3
  8
DEFAULT
 10
-504.4789399208371
 20
-179.1814787485526
 30
3.0
  0
VERTEX
  5
3D4
  8
DEFAULT
 10
-503.6958898948415
 20
-179.5676362872261
 30
3.0
 42
0.0753112191068282
  0
VERTEX
  5
3D5
  8
DEFAULT
 10
-503.9134552839855
 20
-181.8463476211775
 30
3.0
  0
VERTEX
  5
3D6
  8
DEFAULT
 10
-503.1993964972328
 20
-182.1421204549821
 30
3.0
 42
0.0753112191069712
  0
VERTEX
  5
3D7
  8
DEFAULT
 10
-501.7419462226444
 20
-180.3769862563632
 30
3.0
  0
VERTEX
  5
3D8
  8
DEFAULT
 10
-500.9151916250523
 20
-180.6576316255507
 30
3.0
 42
0.0753112191069211
  0
VERTEX
  5
3D9
  8
DEFAULT
 10
-500.8334641985425
 20
-182.945246249955
 30
3.0
  0
VERTEX
  5
3DA
  8
DEFAULT
 10
-500.0869081819392
 20
-183.1452853317085
 30
3.0
 42
0.0753112191068992
  0
VERTEX
  5
3DB
  8
DEFAULT
 10
-498.8723228421936
 20
-181.2050166661604
 30
3.0
  0
VERTEX
  5
3DC
  8
DEFAULT
 10
-498.0160096733896
 20
-181.3753479457856
 30
3.0
 42
0.0753112191068045
  0
VERTEX
  5
3DD
  8
DEFAULT
 10
-497.6363878101529
 20
-183.6327241401726
 30
3.0
  0
VERTEX
  5
3DE
  8
DEFAULT
 10
-496.8701083441273
 20
-183.7336067457248
 30
3.0
 42
0.0753112191069097
  0
VERTEX
  5
3DF
  8
DEFAULT
 10
-495.9191698311345
 20
-181.6514021480593
 30
3.0
  0
VERTEX
  5
3E0
  8
DEFAULT
 10
-495.0479498468515
 20
-181.708504922703
 30
3.0
 42
0.0753112191069038
  0
VERTEX
  5
3E1
  8
DEFAULT
 10
-494.3769289822187
 20
-183.8970183545237
 30
3.0
  0
VERTEX
  5
3E2
  8
DEFAULT
 10
-493.6040373208874
 20
-183.8970183545237
 30
3.0
 42
0.0753112191069039
  0
VERTEX
  5
3E3
  8
DEFAULT
 10
-492.9330164562547
 20
-181.708504922703
 30
3.0
  0
VERTEX
  5
3E4
  8
DEFAULT
 10
-492.0617964719717
 20
-181.6514021480593
 30
3.0
 42
0.0753112191067705
  0
VERTEX
  5
3E5
  8
DEFAULT
 10
-491.110857958979
 20
-183.7336067457248
 30
3.0
  0
VERTEX
  5
3E6
  8
DEFAULT
 10
-490.3445784929534
 20
-183.6327241401726
 30
3.0
 42
0.0753112191069039
  0
VERTEX
  5
3E7
  8
DEFAULT
 10
-489.9649566297165
 20
-181.3753479457856
 30
3.0
  0
VERTEX
  5
3E8
  8
DEFAULT
 10
-489.1086434609125
 20
-181.2050166661604
 30
3.0
 42
0.07531121910682
  0
VERTEX
  5
3E9
  8
DEFAULT
 10
-487.8940581211671
 20
-183.1452853317085
 30
3.0
  0
VERTEX
  5
3EA
  8
DEFAULT
 10
-487.1475021045636
 20
-182.945246249955
 30
3.0
 42
0.0753112191069717
  0
VERTEX
  5
3EB
  8
DEFAULT
 10
-487.0657746780539
 20
-180.6576316255507
 30
3.0
  0
VERTEX
  5
3EC
  8
DEFAULT
 10
-486.2390200804618
 20
-180.3769862563632
 30
3.0
 42
0.0753112191068607
  0
VERTEX
  5
3ED
  8
DEFAULT
 10
-484.7815698058733
 20
-182.1421204549821
 30
3.0
  0
VERTEX
  5
3EE
  8
DEFAULT
 10
-484.0675110191207
 20
-181.8463476211775
 30
3.0
 42
0.0753112191068808
  0
VERTEX
  5
3EF
  8
DEFAULT
 10
-484.2850764082647
 20
-179.5676362872261
 30
3.0
  0
VERTEX
  5
3F0
  8
DEFAULT
 10
-483.5020263822692
 20
-179.1814787485526
 30
3.0
 42
0.0753112191068543
  0
VERTEX
  5
3F1
  8
DEFAULT
 10
-481.8266485511173
 20
-180.7412765447165
 30
3.0
  0
VERTEX
  5
3F2
  8
DEFAULT
 10
-481.1573047380313
 20
-180.3548307140508
 30
3.0
 42
0.075311219106852
  0
VERTEX
  5
3F3
  8
DEFAULT
 10
-481.6704403387002
 20
-178.1240120532543
 30
3.0
  0
VERTEX
  5
3F4
  8
DEFAULT
 10
-480.9444930873484
 20
-177.6389496076447
 30
3.0
 42
0.075311219106882
  0
VERTEX
  5
3F5
  8
DEFAULT
 10
-479.079853878827
 20
-178.9667224286034
 30
3.0
  0
VERTEX
  5
3F6
  8
DEFAULT
 10
-478.4666776976264
 20
-178.4962157963824
 30
3.0
 42
0.075311219106949
  0
VERTEX
  5
3F7
  8
DEFAULT
 10
-479.2666036174249
 20
-176.3514597345267
 30
3.0
  0
VERTEX
  5
3F8
  8
DEFAULT
 10
-478.6101802994581
 20
-175.7757919349102
 30
3.0
 42
0.0753112191068622
  0
VERTEX
  5
3F9
  8
DEFAULT
 10
-476.5881842074003
 20
-176.8488212195689
 30
3.0
  0
VERTEX
  5
3FA
  8
DEFAULT
 10
-476.0416672725504
 20
-176.302304284719
 30
3.0
 42
0.0753112191070077
  0
VERTEX
  5
3FB
  8
DEFAULT
 10
-477.1146965572092
 20
-174.2803081926612
 30
3.0
  0
VERTEX
  5
3FC
  8
DEFAULT
 10
-476.5390287575926
 20
-173.6238848746943
 30
3.0
 42
0.0753112191068691
  0
VERTEX
  5
3FD
  8
DEFAULT
 10
-474.394272695737
 20
-174.4238107944928
 30
3.0
  0
VERTEX
  5
3FE
  8
DEFAULT
 10
-473.9237660635159
 20
-173.8106346132924
 30
3.0
 42
0.0753112191069314
  0
VERTEX
  5
3FF
  8
DEFAULT
 10
-475.2515388844746
 20
-171.9459954047709
 30
3.0
  0
VERTEX
  5
400
  8
DEFAULT
 10
-474.7664764388651
 20
-171.220048153419
 30
3.0
 42
0.0753112191068826
  0
VERTEX
  5
401
  8
DEFAULT
 10
-472.5356577780685
 20
-171.733183754088
 30
3.0
  0
VERTEX
  5
402
  8
DEFAULT
 10
-472.1492119474028
 20
-171.063839941002
 30
3.0
 42
0.075311219106944
  0
VERTEX
  5
403
  8
DEFAULT
 10
-473.7090097435666
 20
-169.3884621098502
 30
3.0
  0
VERTEX
  5
404
  8
DEFAULT
 10
-473.3228522048933
 20
-168.6054120838546
 30
3.0
 42
0.0753112191068875
  0
VERTEX
  5
405
  8
DEFAULT
 10
-471.0441408709418
 20
-168.8229774729986
 30
3.0
  0
VERTEX
  5
406
  8
DEFAULT
 10
-470.7483680371371
 20
-168.108918686246
 30
3.0
 42
0.0753112191069369
  0
VERTEX
  5
407
  8
DEFAULT
 10
-472.5135022357561
 20
-166.6514684116575
 30
3.0
  0
VERTEX
  5
408
  8
DEFAULT
 10
-472.2328568665686
 20
-165.8247138140654
 30
3.0
 42
0.0753112191068959
  0
VERTEX
  5
409
  8
DEFAULT
 10
-469.9452422421643
 20
-165.7429863875557
 30
3.0
  0
VERTEX
  5
40A
  8
DEFAULT
 10
-469.7452031604108
 20
-164.9964303709523
 30
3.0
 42
0.0753112191069165
  0
VERTEX
  5
40B
  8
DEFAULT
 10
-471.6854718259589
 20
-163.7818450312068
 30
3.0
  0
VERTEX
  5
40C
  8
DEFAULT
 10
-471.5151405463337
 20
-162.9255318624027
 30
3.0
 42
0.0753112191069061
  0
VERTEX
  5
40D
  8
DEFAULT
 10
-469.2577643519467
 20
-162.545909999166
 30
3.0
  0
VERTEX
  5
40E
  8
DEFAULT
 10
-469.1568817463946
 20
-161.7796305331404
 30
3.0
 42
0.0753112191069149
  0
VERTEX
  5
40F
  8
DEFAULT
 10
-471.23908634406
 20
-160.8286920201476
 30
3.0
  0
VERTEX
  5
410
  8
DEFAULT
 10
-471.1819835694163
 20
-159.9574720358647
 30
3.0
 42
0.0753112191068959
  0
VERTEX
  5
411
  8
DEFAULT
 10
-468.9934701375955
 20
-159.2864511712319
 30
3.0
  0
VERTEX
  5
412
  8
DEFAULT
 10
-468.9934701375955
 20
-158.5135595099006
 30
3.0
 42
0.0753112191069583
  0
VERTEX
  5
413
  8
DEFAULT
 10
-471.1819835694163
 20
-157.8425386452678
 30
3.0
  0
VERTEX
  5
414
  8
DEFAULT
 10
-471.23908634406
 20
-156.9713186609848
 30
3.0
 42
0.0753112191068838
  0
VERTEX
  5
415
  8
DEFAULT
 10
-469.1568817463946
 20
-156.0203801479921
 30
3.0
  0
VERTEX
  5
416
  8
DEFAULT
 10
-469.2577643519467
 20
-155.2541006819665
 30
3.0
 42
0.0753112191068898
  0
VERTEX
  5
417
  8
DEFAULT
 10
-471.5151405463337
 20
-154.8744788187297
 30
3.0
  0
VERTEX
  5
418
  8
DEFAULT
 10
-471.6854718259589
 20
-154.0181656499256
 30
3.0
 42
0.0753112191069277
  0
VERTEX
  5
419
  8
DEFAULT
 10
-469.7452031604108
 20
-152.8035803101802
 30
3.0
  0
VERTEX
  5
41A
  8
DEFAULT
 10
-469.9452422421643
 20
-152.0570242935768
 30
3.0
 42
0.0753112191069384
  0
VERTEX
  5
41B
  8
DEFAULT
 10
-472.2328568665686
 20
-151.9752968670671
 30
3.0
  0
VERTEX
  5
41C
  8
DEFAULT
 10
-472.5135022357561
 20
-151.148542269475
 30
3.0
 42
0.0753112191068975
  0
VERTEX
  5
41D
  8
DEFAULT
 10
-470.7483680371371
 20
-149.6910919948865
 30
3.0
  0
VERTEX
  5
41E
  8
DEFAULT
 10
-471.0441408709418
 20
-148.9770332081338
 30
3.0
 42
0.0753112191069141
  0
VERTEX
  5
41F
  8
DEFAULT
 10
-473.3228522048933
 20
-149.1945985972778
 30
3.0
  0
VERTEX
  5
420
  8
DEFAULT
 10
-473.7090097435666
 20
-148.4115485712823
 30
3.0
 42
0.0753112191069322
  0
VERTEX
  5
421
  8
DEFAULT
 10
-472.1492119474028
 20
-146.7361707401305
 30
3.0
  0
VERTEX
  5
422
  8
DEFAULT
 10
-472.5356577780685
 20
-146.0668269270444
 30
3.0
 42
0.0753112191069099
  0
VERTEX
  5
423
  8
DEFAULT
 10
-474.7664764388651
 20
-146.5799625277134
 30
3.0
  0
VERTEX
  5
424
  8
DEFAULT
 10
-475.2515388844746
 20
-145.8540152763616
 30
3.0
 42
0.0753112191069215
  0
VERTEX
  5
425
  8
DEFAULT
 10
-473.9237660635159
 20
-143.9893760678401
 30
3.0
  0
VERTEX
  5
426
  8
DEFAULT
 10
-474.3942726957368
 20
-143.3761998866397
 30
3.0
 42
0.0753112191069159
  0
VERTEX
  5
427
  8
DEFAULT
 10
-476.5390287575926
 20
-144.1761258064381
 30
3.0
  0
VERTEX
  5
428
  8
DEFAULT
 10
-477.1146965572091
 20
-143.5197024884712
 30
3.0
 42
0.0753112191068752
  0
VERTEX
  5
429
  8
DEFAULT
 10
-476.0416672725503
 20
-141.4977063964135
 30
3.0
  0
VERTEX
  5
42A
  8
DEFAULT
 10
-476.5881842074002
 20
-140.9511894615636
 30
3.0
 42
0.0753112191068929
  0
VERTEX
  5
42B
  8
DEFAULT
 10
-478.610180299458
 20
-142.0242187462223
 30
3.0
  0
VERTEX
  5
42C
  8
DEFAULT
 10
-479.2666036174248
 20
-141.4485509466057
 30
3.0
 42
0.0753112191068905
  0
VERTEX
  5
42D
  8
DEFAULT
 10
-478.4666776976264
 20
-139.3037948847501
 30
3.0
  0
VERTEX
  5
42E
  8
DEFAULT
 10
-479.0798538788268
 20
-138.8332882525291
 30
3.0
 42
0.0753112191068964
  0
VERTEX
  5
42F
  8
DEFAULT
 10
-480.9444930873484
 20
-140.1610610734878
 30
3.0
  0
VERTEX
  5
430
  8
DEFAULT
 10
-481.6704403387002
 20
-139.6759986278782
 30
3.0
 42
0.0753112191069495
  0
VERTEX
  5
431
  8
DEFAULT
 10
-481.1573047380313
 20
-137.4451799670816
 30
3.0
  0
VERTEX
  5
432
  8
DEFAULT
 10
-481.8266485511173
 20
-137.058734136416
 30
3.0
 42
0.0753112191068905
  0
VERTEX
  5
433
  8
DEFAULT
 10
-483.502026382269
 20
-138.6185319325798
 30
3.0
  0
VERTEX
  5
434
  8
DEFAULT
 10
-484.2850764082647
 20
-138.2323743939064
 30
3.0
 42
0.0753112191070309
  0
VERTEX
  5
435
  8
DEFAULT
 10
-484.0675110191206
 20
-135.9536630599549
 30
3.0
  0
VERTEX
  5
436
  8
DEFAULT
 10
-484.7815698058732
 20
-135.6578902261503
 30
3.0
 42
0.0753112191069252
  0
VERTEX
  5
437
  8
DEFAULT
 10
-486.2390200804617
 20
-137.4230244247692
 30
3.0
  0
VERTEX
  5
438
  8
DEFAULT
 10
-487.0657746780538
 20
-137.1423790555817
 30
3.0
 42
0.075311219106922
  0
VERTEX
  5
439
  8
DEFAULT
 10
-487.1475021045635
 20
-134.8547644311774
 30
3.0
  0
VERTEX
  5
43A
  8
DEFAULT
 10
-487.8940581211669
 20
-134.654725349424
 30
3.0
 42
0.0753112191068856
  0
VERTEX
  5
43B
  8
DEFAULT
 10
-489.1086434609124
 20
-136.594994014972
 30
3.0
  0
VERTEX
  5
43C
  8
DEFAULT
 10
-489.9649566297165
 20
-136.4246627353468
 30
3.0
 42
0.0753112191070145
  0
VERTEX
  5
43D
  8
DEFAULT
 10
-490.3445784929532
 20
-134.1672865409599
 30
3.0
  0
VERTEX
  5
43E
  8
DEFAULT
 10
-491.1108579589788
 20
-134.0664039354077
 30
3.0
 42
0.0753112191068493
  0
VERTEX
  5
43F
  8
DEFAULT
 10
-492.0617964719717
 20
-136.1486085330732
 30
3.0
  0
VERTEX
  5
440
  8
DEFAULT
 10
-492.9330164562546
 20
-136.0915057584294
 30
3.0
 42
0.075311219106922
  0
SEQEND
  5
441
  8
DEFAULT
  0
CIRCLE
  5
442
  8
DEFAULT
 10
508.0000000000003
 20
-96.99999999999983
 30
-3.0
 40
1.500000000000057
210
0.0
220
0.0
230
-1.0
  0
POLYLINE
  5
443
  8
DEFAULT
 66
     1
 10
0.0
 20
0.0
 30
3.0
 70
     1
  0
VERTEX
  5
444
  8
DEFAULT
 10
-509.9256061846254
 20
-127.7728115358627
 30
3.0
  0
VERTEX
  5
445
  8
DEFAULT
 10
-509.099929122121
 20
-127.8133744488705
 30
3.0
 42
0.0548766701252497
  0
VERTEX
  5
446
  8
DEFAULT
 10
-508.3944549997193
 20
-129.9976424196213
 30
3.0
  0
VERTEX
  5
447
  8
DEFAULT
 10
-507.6055450002807
 20
-129.9976424196213
 30
3.0
 42
0.0548766701252473
  0
VERTEX
  5
448
  8
DEFAULT
 10
-506.900070877879
 20
-127.8133744488705
 30
3.0
  0
VERTEX
  5
449
  8
DEFAULT
 10
-506.0743938153746
 20
-127.7728115358627
 30
3.0
 42
0.05487667012518
  0
VERTEX
  5
44A
  8
DEFAULT
 10
-505.1582210434915
 20
-129.8774131032588
 30
3.0
  0
VERTEX
  5
44B
  8
DEFAULT
 10
-504.3731098613312
 20
-129.8000864011365
 30
3.0
 42
0.0548766701252259
  0
VERTEX
  5
44C
  8
DEFAULT
 10
-503.885128489861
 20
-127.5571877216317
 30
3.0
  0
VERTEX
  5
44D
  8
DEFAULT
 10
-503.0674031488294
 20
-127.4358896256347
 30
3.0
 42
0.0548766701251829
  0
VERTEX
  5
44E
  8
DEFAULT
 10
-501.9493549720892
 20
-129.4405563260899
 30
3.0
  0
VERTEX
  5
44F
  8
DEFAULT
 10
-501.1756036570769
 20
-129.2866476202577
 30
3.0
 42
0.0548766701252595
  0
VERTEX
  5
450
  8
DEFAULT
 10
-500.9098145639031
 20
-127.0067185723756
 30
3.0
  0
VERTEX
  5
451
  8
DEFAULT
 10
-500.1079160863928
 20
-126.8058534603621
 30
3.0
 42
0.0548766701251736
  0
VERTEX
  5
452
  8
DEFAULT
 10
-498.7987599199247
 20
-128.6912792576887
 30
3.0
  0
VERTEX
  5
453
  8
DEFAULT
 10
-498.0438201201994
 20
-128.4622707731188
 30
3.0
 42
0.054876670125192
  0
VERTEX
  5
454
  8
DEFAULT
 10
-498.0027829995846
 20
-126.1672683199267
 30
3.0
  0
VERTEX
  5
455
  8
DEFAULT
 10
-497.2244341062962
 20
-125.8887706327293
 30
3.0
 42
0.0548766701251101
  0
VERTEX
  5
456
  8
DEFAULT
 10
-495.7367778396408
 20
-127.6367978458205
 30
3.0
  0
VERTEX
  5
457
  8
DEFAULT
 10
-495.007920038166
 20
-127.3348950594082
 30
3.0
 42
0.0548766701252143
  0
VERTEX
  5
458
  8
DEFAULT
 10
-495.1920301000147
 20
-125.0469213291061
 30
3.0
  0
VERTEX
  5
459
  8
DEFAULT
 10
-494.4447267162794
 20
-124.6934731516949
 30
3.0
 42
0.0548766701251152
  0
VERTEX
  5
45A
  8
DEFAULT
 10
-492.7928972925204
 20
-126.2872673229197
 30
3.0
  0
VERTEX
  5
45B
  8
DEFAULT
 10
-492.0971407883584
 20
-125.9153777235349
 30
3.0
 42
0.0548766701253102
  0
VERTEX
  5
45C
  8
DEFAULT
 10
-492.5046249521303
 20
-123.6564671538794
 30
3.0
  0
VERTEX
  5
45D
  8
DEFAULT
 10
-491.795564018051
 20
-123.2314723854173
 30
3.0
 42
0.0548766701251333
  0
VERTEX
  5
45E
  8
DEFAULT
 10
-489.9954694575209
 20
-124.6556844056503
 30
3.0
  0
VERTEX
  5
45F
  8
DEFAULT
 10
-489.339514766146
 20
-124.2173894934307
 30
3.0
 42
0.0548766701251381
  0
VERTEX
  5
460
  8
DEFAULT
 10
-489.9664487365905
 20
-122.0092966280536
 30
3.0
  0
VERTEX
  5
461
  8
DEFAULT
 10
-489.3024588965745
 20
-121.5168482004867
 30
3.0
 42
0.0548766701251
  0
VERTEX
  5
462
  8
DEFAULT
 10
-487.371435093923
 20
-122.7577621294196
 30
3.0
  0
VERTEX
  5
463
  8
DEFAULT
 10
-486.7615994175945
 20
-122.2572829239662
 30
3.0
 42
0.0548766701252835
  0
VERTEX
  5
464
  8
DEFAULT
 10
-487.6019454778592
 20
-120.1212729042275
 30
3.0
  0
VERTEX
  5
465
  8
DEFAULT
 10
-486.9894213170397
 20
-119.5661133651129
 30
3.0
 42
0.0548766701252152
  0
VERTEX
  5
466
  8
DEFAULT
 10
-484.9460650870913
 20
-120.6117785232575
 30
3.0
  0
VERTEX
  5
467
  8
DEFAULT
 10
-484.3882214767424
 20
-120.0539349129086
 30
3.0
 42
0.0548766701251954
  0
VERTEX
  5
468
  8
DEFAULT
 10
-485.433886634887
 20
-118.0105786829602
 30
3.0
  0
VERTEX
  5
469
  8
DEFAULT
 10
-484.8787270957724
 20
-117.3980545221407
 30
3.0
 42
0.0548766701252301
  0
VERTEX
  5
46A
  8
DEFAULT
 10
-482.7427170760337
 20
-118.2384005824053
 30
3.0
  0
VERTEX
  5
46B
  8
DEFAULT
 10
-482.2422378705803
 20
-117.6285649060769
 30
3.0
 42
0.0548766701252117
  0
VERTEX
  5
46C
  8
DEFAULT
 10
-483.4831517995132
 20
-115.6975411034254
 30
3.0
  0
VERTEX
  5
46D
  8
DEFAULT
 10
-482.9907033719463
 20
-115.0335512634094
 30
3.0
 42
0.0548766701251974
  0
VERTEX
  5
46E
  8
DEFAULT
 10
-480.7826105065692
 20
-115.6604852338538
 30
3.0
  0
VERTEX
  5
46F
  8
DEFAULT
 10
-480.3443155943496
 20
-115.004530542479
 30
3.0
 42
0.0548766701252287
  0
VERTEX
  5
470
  8
DEFAULT
 10
-481.7685276145826
 20
-113.2044359819489
 30
3.0
  0
VERTEX
  5
471
  8
DEFAULT
 10
-481.3435328461205
 20
-112.4953750478696
 30
3.0
 42
0.0548766701251956
  0
VERTEX
  5
472
  8
DEFAULT
 10
-479.084622276465
 20
-112.9028592116415
 30
3.0
  0
VERTEX
  5
473
  8
DEFAULT
 10
-478.7127326770802
 20
-112.2071027074795
 30
3.0
 42
0.0548766701251452
  0
VERTEX
  5
474
  8
DEFAULT
 10
-480.306526848305
 20
-110.5552732837205
 30
3.0
  0
VERTEX
  5
475
  8
DEFAULT
 10
-479.9530786708938
 20
-109.8079698999852
 30
3.0
 42
0.054876670125174
  0
VERTEX
  5
476
  8
DEFAULT
 10
-477.6651049405917
 20
-109.9920799618339
 30
3.0
  0
VERTEX
  5
477
  8
DEFAULT
 10
-477.3632021541795
 20
-109.2632221603591
 30
3.0
 42
0.0548766701252331
  0
VERTEX
  5
478
  8
DEFAULT
 10
-479.1112293672707
 20
-107.7755658937037
 30
3.0
  0
VERTEX
  5
479
  8
DEFAULT
 10
-478.8327316800732
 20
-106.9972170004153
 30
3.0
 42
0.0548766701251811
  0
VERTEX
  5
47A
  8
DEFAULT
 10
-476.5377292268811
 20
-106.9561798798005
 30
3.0
  0
VERTEX
  5
47B
  8
DEFAULT
 10
-476.3087207423112
 20
-106.2012400800752
 30
3.0
 42
0.0548766701251997
  0
VERTEX
  5
47C
  8
DEFAULT
 10
-478.1941465396378
 20
-104.8920839136071
 30
3.0
  0
VERTEX
  5
47D
  8
DEFAULT
 10
-477.9932814276243
 20
-104.0901854360968
 30
3.0
 42
0.0548766701251994
  0
VERTEX
  5
47E
  8
DEFAULT
 10
-475.7133523797422
 20
-103.8243963429231
 30
3.0
  0
VERTEX
  5
47F
  8
DEFAULT
 10
-475.55944367391
 20
-103.0506450279107
 30
3.0
 42
0.0548766701252309
  0
VERTEX
  5
480
  8
DEFAULT
 10
-477.5641103743652
 20
-101.9325968511704
 30
3.0
  0
VERTEX
  5
481
  8
DEFAULT
 10
-477.4428122783682
 20
-101.114871510139
 30
3.0
 42
0.054876670125186
  0
VERTEX
  5
482
  8
DEFAULT
 10
-475.1999135988634
 20
-100.6268901386687
 30
3.0
  0
VERTEX
  5
483
  8
DEFAULT
 10
-475.122586896741
 20
-99.84177895650842
 30
3.0
 42
0.0548766701251921
  0
VERTEX
  5
484
  8
DEFAULT
 10
-477.2271884641372
 20
-98.92560618462531
 30
3.0
  0
VERTEX
  5
485
  8
DEFAULT
 10
-477.1866255511294
 20
-98.09992912212093
 30
3.0
 42
0.0548766701252043
  0
VERTEX
  5
486
  8
DEFAULT
 10
-475.0023575803786
 20
-97.39445499971917
 30
3.0
  0
VERTEX
  5
487
  8
DEFAULT
 10
-475.0023575803786
 20
-96.60554500028059
 30
3.0
 42
0.0548766701251841
  0
VERTEX
  5
488
  8
DEFAULT
 10
-477.1866255511294
 20
-95.90007087787885
 30
3.0
  0
VERTEX
  5
489
  8
DEFAULT
 10
-477.2271884641372
 20
-95.07439381537446
 30
3.0
 42
0.0548766701252021
  0
VERTEX
  5
48A
  8
DEFAULT
 10
-475.122586896741
 20
-94.15822104349135
 30
3.0
  0
VERTEX
  5
48B
  8
DEFAULT
 10
-475.1999135988634
 20
-93.37310986133107
 30
3.0
 42
0.0548766701251437
  0
VERTEX
  5
48C
  8
DEFAULT
 10
-477.4428122783682
 20
-92.88512848986085
 30
3.0
  0
VERTEX
  5
48D
  8
DEFAULT
 10
-477.5641103743652
 20
-92.06740314882938
 30
3.0
 42
0.0548766701251555
  0
VERTEX
  5
48E
  8
DEFAULT
 10
-475.55944367391
 20
-90.94935497208905
 30
3.0
  0
VERTEX
  5
48F
  8
DEFAULT
 10
-475.7133523797422
 20
-90.17560365707675
 30
3.0
 42
0.0548766701252281
  0
VERTEX
  5
490
  8
DEFAULT
 10
-477.9932814276243
 20
-89.909814563903
 30
3.0
  0
VERTEX
  5
491
  8
DEFAULT
 10
-478.1941465396378
 20
-89.10791608639272
 30
3.0
 42
0.0548766701252128
  0
VERTEX
  5
492
  8
DEFAULT
 10
-476.3087207423112
 20
-87.79875991992458
 30
3.0
  0
VERTEX
  5
493
  8
DEFAULT
 10
-476.5377292268811
 20
-87.04382012019931
 30
3.0
 42
0.0548766701251926
  0
VERTEX
  5
494
  8
DEFAULT
 10
-478.8327316800732
 20
-87.00278299958444
 30
3.0
  0
VERTEX
  5
495
  8
DEFAULT
 10
-479.1112293672706
 20
-86.22443410629609
 30
3.0
 42
0.0548766701251804
  0
VERTEX
  5
496
  8
DEFAULT
 10
-477.3632021541794
 20
-84.7367778396407
 30
3.0
  0
VERTEX
  5
497
  8
DEFAULT
 10
-477.6651049405917
 20
-84.00792003816588
 30
3.0
 42
0.0548766701251901
  0
VERTEX
  5
498
  8
DEFAULT
 10
-479.9530786708938
 20
-84.19203010001458
 30
3.0
  0
VERTEX
  5
499
  8
DEFAULT
 10
-480.306526848305
 20
-83.44472671627926
 30
3.0
 42
0.054876670125147
  0
VERTEX
  5
49A
  8
DEFAULT
 10
-478.7127326770802
 20
-81.79289729252025
 30
3.0
  0
VERTEX
  5
49B
  8
DEFAULT
 10
-479.084622276465
 20
-81.09714078835827
 30
3.0
 42
0.0548766701251864
  0
VERTEX
  5
49C
  8
DEFAULT
 10
-481.3435328461205
 20
-81.50462495213017
 30
3.0
  0
VERTEX
  5
49D
  8
DEFAULT
 10
-481.7685276145826
 20
-80.79556401805087
 30
3.0
 42
0.0548766701252182
  0
VERTEX
  5
49E
  8
DEFAULT
 10
-480.3443155943496
 20
-78.99546945752077
 30
3.0
  0
VERTEX
  5
49F
  8
DEFAULT
 10
-480.7826105065692
 20
-78.33951476614592
 30
3.0
 42
0.0548766701252009
  0
VERTEX
  5
4A0
  8
DEFAULT
 10
-482.9907033719463
 20
-78.96644873659034
 30
3.0
  0
VERTEX
  5
4A1
  8
DEFAULT
 10
-483.4831517995132
 20
-78.3024588965744
 30
3.0
 42
0.0548766701252152
  0
VERTEX
  5
4A2
  8
DEFAULT
 10
-482.2422378705803
 20
-76.37143509392288
 30
3.0
  0
VERTEX
  5
4A3
  8
DEFAULT
 10
-482.7427170760337
 20
-75.76159941759443
 30
3.0
 42
0.0548766701252245
  0
VERTEX
  5
4A4
  8
DEFAULT
 10
-484.8787270957723
 20
-76.60194547785908
 30
3.0
  0
VERTEX
  5
4A5
  8
DEFAULT
 10
-485.433886634887
 20
-75.98942131703956
 30
3.0
 42
0.0548766701252074
  0
VERTEX
  5
4A6
  8
DEFAULT
 10
-484.3882214767424
 20
-73.9460650870912
 30
3.0
  0
VERTEX
  5
4A7
  8
DEFAULT
 10
-484.9460650870913
 20
-73.38822147674227
 30
3.0
 42
0.0548766701251865
  0
VERTEX
  5
4A8
  8
DEFAULT
 10
-486.9894213170397
 20
-74.43388663488685
 30
3.0
  0
VERTEX
  5
4A9
  8
DEFAULT
 10
-487.6019454778591
 20
-73.87872709577226
 30
3.0
 42
0.0548766701252184
  0
VERTEX
  5
4AA
  8
DEFAULT
 10
-486.7615994175945
 20
-71.74271707603359
 30
3.0
  0
VERTEX
  5
4AB
  8
DEFAULT
 10
-487.371435093923
 20
-71.24223787058017
 30
3.0
 42
0.0548766701251895
  0
VERTEX
  5
4AC
  8
DEFAULT
 10
-489.3024588965745
 20
-72.48315179951305
 30
3.0
  0
VERTEX
  5
4AD
  8
DEFAULT
 10
-489.9664487365905
 20
-71.99070337194615
 30
3.0
 42
0.0548766701250884
  0
VERTEX
  5
4AE
  8
DEFAULT
 10
-489.339514766146
 20
-69.78261050656909
 30
3.0
  0
VERTEX
  5
4AF
  8
DEFAULT
 10
-489.9954694575209
 20
-69.34431559434947
 30
3.0
 42
0.0548766701251808
  0
VERTEX
  5
4B0
  8
DEFAULT
 10
-491.795564018051
 20
-70.76852761458245
 30
3.0
  0
VERTEX
  5
4B1
  8
DEFAULT
 10
-492.5046249521303
 20
-70.34353284612038
 30
3.0
 42
0.0548766701252642
  0
VERTEX
  5
4B2
  8
DEFAULT
 10
-492.0971407883584
 20
-68.08462227646487
 30
3.0
  0
VERTEX
  5
4B3
  8
DEFAULT
 10
-492.7928972925204
 20
-67.71273267708011
 30
3.0
 42
0.0548766701251942
  0
VERTEX
  5
4B4
  8
DEFAULT
 10
-494.4447267162794
 20
-69.30652684830491
 30
3.0
  0
VERTEX
  5
4B5
  8
DEFAULT
 10
-495.1920301000147
 20
-68.95307867089372
 30
3.0
 42
0.054876670125191
  0
VERTEX
  5
4B6
  8
DEFAULT
 10
-495.007920038166
 20
-66.66510494059165
 30
3.0
  0
VERTEX
  5
4B7
  8
DEFAULT
 10
-495.7367778396408
 20
-66.36320215417933
 30
3.0
 42
0.0548766701252201
  0
VERTEX
  5
4B8
  8
DEFAULT
 10
-497.2244341062961
 20
-68.11122936727051
 30
3.0
  0
VERTEX
  5
4B9
  8
DEFAULT
 10
-498.0027829995846
 20
-67.8327316800731
 30
3.0
 42
0.0548766701251926
  0
VERTEX
  5
4BA
  8
DEFAULT
 10
-498.0438201201994
 20
-65.53772922688097
 30
3.0
  0
VERTEX
  5
4BB
  8
DEFAULT
 10
-498.7987599199247
 20
-65.3087207423111
 30
3.0
 42
0.0548766701251808
  0
VERTEX
  5
4BC
  8
DEFAULT
 10
-500.1079160863928
 20
-67.19414653963771
 30
3.0
  0
VERTEX
  5
4BD
  8
DEFAULT
 10
-500.9098145639031
 20
-66.99328142762414
 30
3.0
 42
0.0548766701252115
  0
VERTEX
  5
4BE
  8
DEFAULT
 10
-501.1756036570769
 20
-64.7133523797421
 30
3.0
  0
VERTEX
  5
4BF
  8
DEFAULT
 10
-501.9493549720892
 20
-64.5594436739099
 30
3.0
 42
0.0548766701251766
  0
VERTEX
  5
4C0
  8
DEFAULT
 10
-503.0674031488294
 20
-66.5641103743651
 30
3.0
  0
VERTEX
  5
4C1
  8
DEFAULT
 10
-503.8851284898609
 20
-66.44281227836808
 30
3.0
 42
0.0548766701251982
  0
VERTEX
  5
4C2
  8
DEFAULT
 10
-504.3731098613312
 20
-64.19991359886328
 30
3.0
  0
VERTEX
  5
4C3
  8
DEFAULT
 10
-505.1582210434915
 20
-64.12258689674093
 30
3.0
 42
0.0548766701251414
  0
VERTEX
  5
4C4
  8
DEFAULT
 10
-506.0743938153746
 20
-66.22718846413704
 30
3.0
  0
VERTEX
  5
4C5
  8
DEFAULT
 10
-506.900070877879
 20
-66.18662555112931
 30
3.0
 42
0.0548766701252543
  0
VERTEX
  5
4C6
  8
DEFAULT
 10
-507.6055450002807
 20
-64.00235758037851
 30
3.0
  0
VERTEX
  5
4C7
  8
DEFAULT
 10
-508.3944549997193
 20
-64.00235758037851
 30
3.0
 42
0.0548766701251229
  0
VERTEX
  5
4C8
  8
DEFAULT
 10
-509.099929122121
 20
-66.18662555112931
 30
3.0
  0
VERTEX
  5
4C9
  8
DEFAULT
 10
-509.9256061846254
 20
-66.22718846413704
 30
3.0
 42
0.0548766701250513
  0
VERTEX
  5
4CA
  8
DEFAULT
 10
-510.8417789565085
 20
-64.1225868967409
 30
3.0
  0
VERTEX
  5
4CB
  8
DEFAULT
 10
-511.6268901386688
 20
-64.19991359886328
 30
3.0
 42
0.054876670125246
  0
VERTEX
  5
4CC
  8
DEFAULT
 10
-512.1148715101391
 20
-66.44281227836808
 30
3.0
  0
VERTEX
  5
4CD
  8
DEFAULT
 10
-512.9325968511705
 20
-66.5641103743651
 30
3.0
 42
0.05487667012506
  0
VERTEX
  5
4CE
  8
DEFAULT
 10
-514.0506450279108
 20
-64.5594436739099
 30
3.0
  0
VERTEX
  5
4CF
  8
DEFAULT
 10
-514.8243963429231
 20
-64.7133523797421
 30
3.0
 42
0.0548766701253354
  0
VERTEX
  5
4D0
  8
DEFAULT
 10
-515.0901854360968
 20
-66.99328142762414
 30
3.0
  0
VERTEX
  5
4D1
  8
DEFAULT
 10
-515.8920839136072
 20
-67.1941465396377
 30
3.0
 42
0.0548766701251739
  0
VERTEX
  5
4D2
  8
DEFAULT
 10
-517.2012400800753
 20
-65.30872074231111
 30
3.0
  0
VERTEX
  5
4D3
  8
DEFAULT
 10
-517.9561798798006
 20
-65.53772922688097
 30
3.0
 42
0.0548766701252908
  0
VERTEX
  5
4D4
  8
DEFAULT
 10
-517.9972170004155
 20
-67.8327316800731
 30
3.0
  0
VERTEX
  5
4D5
  8
DEFAULT
 10
-518.7755658937037
 20
-68.11122936727051
 30
3.0
 42
0.0548766701250965
  0
VERTEX
  5
4D6
  8
DEFAULT
 10
-520.2632221603592
 20
-66.36320215417932
 30
3.0
  0
VERTEX
  5
4D7
  8
DEFAULT
 10
-520.992079961834
 20
-66.66510494059165
 30
3.0
 42
0.0548766701251665
  0
VERTEX
  5
4D8
  8
DEFAULT
 10
-520.8079698999853
 20
-68.95307867089372
 30
3.0
  0
VERTEX
  5
4D9
  8
DEFAULT
 10
-521.5552732837206
 20
-69.30652684830491
 30
3.0
 42
0.0548766701250601
  0
VERTEX
  5
4DA
  8
DEFAULT
 10
-523.2071027074796
 20
-67.71273267708011
 30
3.0
  0
VERTEX
  5
4DB
  8
DEFAULT
 10
-523.9028592116416
 20
-68.08462227646487
 30
3.0
 42
0.0548766701252623
  0
VERTEX
  5
4DC
  8
DEFAULT
 10
-523.4953750478697
 20
-70.34353284612038
 30
3.0
  0
VERTEX
  5
4DD
  8
DEFAULT
 10
-524.204435981949
 20
-70.76852761458247
 30
3.0
 42
0.0548766701251276
  0
VERTEX
  5
4DE
  8
DEFAULT
 10
-526.0045305424792
 20
-69.34431559434947
 30
3.0
  0
VERTEX
  5
4DF
  8
DEFAULT
 10
-526.6604852338539
 20
-69.78261050656909
 30
3.0
 42
0.0548766701252598
  0
VERTEX
  5
4E0
  8
DEFAULT
 10
-526.0335512634095
 20
-71.99070337194615
 30
3.0
  0
VERTEX
  5
4E1
  8
DEFAULT
 10
-526.6975411034255
 20
-72.48315179951305
 30
3.0
 42
0.0548766701251482
  0
VERTEX
  5
4E2
  8
DEFAULT
 10
-528.628564906077
 20
-71.24223787058017
 30
3.0
  0
VERTEX
  5
4E3
  8
DEFAULT
 10
-529.2384005824055
 20
-71.74271707603359
 30
3.0
 42
0.0548766701252866
  0
VERTEX
  5
4E4
  8
DEFAULT
 10
-528.3980545221407
 20
-73.87872709577226
 30
3.0
  0
VERTEX
  5
4E5
  8
DEFAULT
 10
-529.0105786829604
 20
-74.43388663488685
 30
3.0
 42
0.054876670125294
  0
VERTEX
  5
4E6
  8
DEFAULT
 10
-531.0539349129087
 20
-73.38822147674227
 30
3.0
  0
VERTEX
  5
4E7
  8
DEFAULT
 10
-531.6117785232576
 20
-73.9460650870912
 30
3.0
 42
0.0548766701252715
  0
VERTEX
  5
4E8
  8
DEFAULT
 10
-530.5661133651131
 20
-75.98942131703956
 30
3.0
  0
VERTEX
  5
4E9
  8
DEFAULT
 10
-531.1212729042277
 20
-76.60194547785903
 30
3.0
 42
0.0548766701251348
  0
VERTEX
  5
4EA
  8
DEFAULT
 10
-533.2572829239663
 20
-75.76159941759441
 30
3.0
  0
VERTEX
  5
4EB
  8
DEFAULT
 10
-533.7577621294197
 20
-76.37143509392288
 30
3.0
 42
0.0548766701253121
  0
VERTEX
  5
4EC
  8
DEFAULT
 10
-532.5168482004868
 20
-78.30245889657441
 30
3.0
  0
VERTEX
  5
4ED
  8
DEFAULT
 10
-533.0092966280538
 20
-78.96644873659034
 30
3.0
 42
0.0548766701252007
  0
VERTEX
  5
4EE
  8
DEFAULT
 10
-535.2173894934308
 20
-78.3395147661459
 30
3.0
  0
VERTEX
  5
4EF
  8
DEFAULT
 10
-535.6556844056504
 20
-78.99546945752076
 30
3.0
 42
0.0548766701252184
  0
VERTEX
  5
4F0
  8
DEFAULT
 10
-534.2314723854174
 20
-80.79556401805087
 30
3.0
  0
VERTEX
  5
4F1
  8
DEFAULT
 10
-534.6564671538795
 20
-81.50462495213014
 30
3.0
 42
0.0548766701251442
  0
VERTEX
  5
4F2
  8
DEFAULT
 10
-536.915377723535
 20
-81.09714078835827
 30
3.0
  0
VERTEX
  5
4F3
  8
DEFAULT
 10
-537.2872673229198
 20
-81.79289729252022
 30
3.0
 42
0.0548766701252979
  0
VERTEX
  5
4F4
  8
DEFAULT
 10
-535.693473151695
 20
-83.4447267162793
 30
3.0
  0
VERTEX
  5
4F5
  8
DEFAULT
 10
-536.0469213291062
 20
-84.19203010001459
 30
3.0
 42
0.0548766701251807
  0
VERTEX
  5
4F6
  8
DEFAULT
 10
-538.3348950594083
 20
-84.00792003816589
 30
3.0
  0
VERTEX
  5
4F7
  8
DEFAULT
 10
-538.6367978458205
 20
-84.7367778396407
 30
3.0
 42
0.0548766701251333
  0
VERTEX
  5
4F8
  8
DEFAULT
 10
-536.8887706327293
 20
-86.22443410629609
 30
3.0
  0
VERTEX
  5
4F9
  8
DEFAULT
 10
-537.1672683199267
 20
-87.00278299958444
 30
3.0
 42
0.0548766701252163
  0
VERTEX
  5
4FA
  8
DEFAULT
 10
-539.4622707731189
 20
-87.04382012019933
 30
3.0
  0
VERTEX
  5
4FB
  8
DEFAULT
 10
-539.6912792576888
 20
-87.79875991992458
 30
3.0
 42
0.0548766701253264
  0
VERTEX
  5
4FC
  8
DEFAULT
 10
-537.8058534603622
 20
-89.10791608639275
 30
3.0
  0
VERTEX
  5
4FD
  8
DEFAULT
 10
-538.0067185723758
 20
-89.90981456390301
 30
3.0
 42
0.054876670125195
  0
VERTEX
  5
4FE
  8
DEFAULT
 10
-540.2866476202578
 20
-90.17560365707676
 30
3.0
  0
VERTEX
  5
4FF
  8
DEFAULT
 10
-540.44055632609
 20
-90.94935497208905
 30
3.0
 42
0.0548766701251997
  0
VERTEX
  5
500
  8
DEFAULT
 10
-538.4358896256348
 20
-92.06740314882936
 30
3.0
  0
VERTEX
  5
501
  8
DEFAULT
 10
-538.5571877216319
 20
-92.88512848986082
 30
3.0
 42
0.0548766701251896
  0
VERTEX
  5
502
  8
DEFAULT
 10
-540.8000864011366
 20
-93.37310986133105
 30
3.0
  0
VERTEX
  5
503
  8
DEFAULT
 10
-540.877413103259
 20
-94.15822104349132
 30
3.0
 42
0.0548766701252106
  0
VERTEX
  5
504
  8
DEFAULT
 10
-538.7728115358628
 20
-95.07439381537446
 30
3.0
  0
VERTEX
  5
505
  8
DEFAULT
 10
-538.8133744488706
 20
-95.90007087787882
 30
3.0
 42
0.0548766701252453
  0
VERTEX
  5
506
  8
DEFAULT
 10
-540.9976424196212
 20
-96.6055450002806
 30
3.0
  0
VERTEX
  5
507
  8
DEFAULT
 10
-540.9976424196213
 20
-97.39445499971919
 30
3.0
 42
0.0548766701252982
  0
VERTEX
  5
508
  8
DEFAULT
 10
-538.8133744488705
 20
-98.09992912212091
 30
3.0
  0
VERTEX
  5
509
  8
DEFAULT
 10
-538.7728115358628
 20
-98.92560618462531
 30
3.0
 42
0.0548766701251773
  0
VERTEX
  5
50A
  8
DEFAULT
 10
-540.877413103259
 20
-99.84177895650843
 30
3.0
  0
VERTEX
  5
50B
  8
DEFAULT
 10
-540.8000864011366
 20
-100.6268901386687
 30
3.0
 42
0.054876670125226
  0
VERTEX
  5
50C
  8
DEFAULT
 10
-538.5571877216319
 20
-101.114871510139
 30
3.0
  0
VERTEX
  5
50D
  8
DEFAULT
 10
-538.4358896256348
 20
-101.9325968511704
 30
3.0
 42
0.0548766701252219
  0
VERTEX
  5
50E
  8
DEFAULT
 10
-540.44055632609
 20
-103.0506450279107
 30
3.0
  0
VERTEX
  5
50F
  8
DEFAULT
 10
-540.2866476202578
 20
-103.824396342923
 30
3.0
 42
0.05487667012522
  0
VERTEX
  5
510
  8
DEFAULT
 10
-538.0067185723758
 20
-104.0901854360967
 30
3.0
  0
VERTEX
  5
511
  8
DEFAULT
 10
-537.8058534603622
 20
-104.892083913607
 30
3.0
 42
0.0548766701252058
  0
VERTEX
  5
512
  8
DEFAULT
 10
-539.6912792576888
 20
-106.2012400800752
 30
3.0
  0
VERTEX
  5
513
  8
DEFAULT
 10
-539.4622707731189
 20
-106.9561798798005
 30
3.0
 42
0.0548766701251863
  0
VERTEX
  5
514
  8
DEFAULT
 10
-537.1672683199267
 20
-106.9972170004153
 30
3.0
  0
VERTEX
  5
515
  8
DEFAULT
 10
-536.8887706327293
 20
-107.7755658937037
 30
3.0
 42
0.0548766701251666
  0
VERTEX
  5
516
  8
DEFAULT
 10
-538.6367978458205
 20
-109.2632221603591
 30
3.0
  0
VERTEX
  5
517
  8
DEFAULT
 10
-538.3348950594083
 20
-109.9920799618339
 30
3.0
 42
0.0548766701252023
  0
VERTEX
  5
518
  8
DEFAULT
 10
-536.0469213291062
 20
-109.8079698999852
 30
3.0
  0
VERTEX
  5
519
  8
DEFAULT
 10
-535.693473151695
 20
-110.5552732837205
 30
3.0
 42
0.0548766701251212
  0
VERTEX
  5
51A
  8
DEFAULT
 10
-537.2872673229198
 20
-112.2071027074795
 30
3.0
  0
VERTEX
  5
51B
  8
DEFAULT
 10
-536.915377723535
 20
-112.9028592116415
 30
3.0
 42
0.0548766701251774
  0
VERTEX
  5
51C
  8
DEFAULT
 10
-534.6564671538795
 20
-112.4953750478696
 30
3.0
  0
VERTEX
  5
51D
  8
DEFAULT
 10
-534.2314723854174
 20
-113.2044359819489
 30
3.0
 42
0.0548766701250811
  0
VERTEX
  5
51E
  8
DEFAULT
 10
-535.6556844056504
 20
-115.004530542479
 30
3.0
  0
VERTEX
  5
51F
  8
DEFAULT
 10
-535.2173894934308
 20
-115.6604852338538
 30
3.0
 42
0.0548766701252329
  0
VERTEX
  5
520
  8
DEFAULT
 10
-533.0092966280538
 20
-115.0335512634094
 30
3.0
  0
VERTEX
  5
521
  8
DEFAULT
 10
-532.5168482004868
 20
-115.6975411034254
 30
3.0
 42
0.0548766701251579
  0
VERTEX
  5
522
  8
DEFAULT
 10
-533.7577621294198
 20
-117.6285649060769
 30
3.0
  0
VERTEX
  5
523
  8
DEFAULT
 10
-533.2572829239663
 20
-118.2384005824053
 30
3.0
 42
0.0548766701252485
  0
VERTEX
  5
524
  8
DEFAULT
 10
-531.1212729042277
 20
-117.3980545221407
 30
3.0
  0
VERTEX
  5
525
  8
DEFAULT
 10
-530.5661133651131
 20
-118.0105786829602
 30
3.0
 42
0.054876670125194
  0
VERTEX
  5
526
  8
DEFAULT
 10
-531.6117785232576
 20
-120.0539349129086
 30
3.0
  0
VERTEX
  5
527
  8
DEFAULT
 10
-531.0539349129087
 20
-120.6117785232575
 30
3.0
 42
0.0548766701252125
  0
VERTEX
  5
528
  8
DEFAULT
 10
-529.0105786829604
 20
-119.5661133651129
 30
3.0
  0
VERTEX
  5
529
  8
DEFAULT
 10
-528.3980545221408
 20
-120.1212729042275
 30
3.0
 42
0.0548766701250289
  0
VERTEX
  5
52A
  8
DEFAULT
 10
-529.2384005824055
 20
-122.2572829239662
 30
3.0
  0
VERTEX
  5
52B
  8
DEFAULT
 10
-528.628564906077
 20
-122.7577621294196
 30
3.0
 42
0.054876670125198
  0
VERTEX
  5
52C
  8
DEFAULT
 10
-526.6975411034255
 20
-121.5168482004867
 30
3.0
  0
VERTEX
  5
52D
  8
DEFAULT
 10
-526.0335512634095
 20
-122.0092966280536
 30
3.0
 42
0.0548766701252669
  0
VERTEX
  5
52E
  8
DEFAULT
 10
-526.6604852338539
 20
-124.2173894934307
 30
3.0
  0
VERTEX
  5
52F
  8
DEFAULT
 10
-526.0045305424792
 20
-124.6556844056503
 30
3.0
 42
0.0548766701252282
  0
VERTEX
  5
530
  8
DEFAULT
 10
-524.204435981949
 20
-123.2314723854173
 30
3.0
  0
VERTEX
  5
531
  8
DEFAULT
 10
-523.4953750478697
 20
-123.6564671538794
 30
3.0
 42
0.0548766701251615
  0
VERTEX
  5
532
  8
DEFAULT
 10
-523.9028592116416
 20
-125.9153777235349
 30
3.0
  0
VERTEX
  5
533
  8
DEFAULT
 10
-523.2071027074796
 20
-126.2872673229197
 30
3.0
 42
0.0548766701252567
  0
VERTEX
  5
534
  8
DEFAULT
 10
-521.5552732837206
 20
-124.6934731516948
 30
3.0
  0
VERTEX
  5
535
  8
DEFAULT
 10
-520.8079698999853
 20
-125.0469213291061
 30
3.0
 42
0.0548766701250659
  0
VERTEX
  5
536
  8
DEFAULT
 10
-520.992079961834
 20
-127.3348950594081
 30
3.0
  0
VERTEX
  5
537
  8
DEFAULT
 10
-520.2632221603592
 20
-127.6367978458204
 30
3.0
 42
0.0548766701251186
  0
VERTEX
  5
538
  8
DEFAULT
 10
-518.7755658937037
 20
-125.8887706327293
 30
3.0
  0
VERTEX
  5
539
  8
DEFAULT
 10
-517.9972170004155
 20
-126.1672683199267
 30
3.0
 42
0.0548766701250934
  0
VERTEX
  5
53A
  8
DEFAULT
 10
-517.9561798798006
 20
-128.4622707731188
 30
3.0
  0
VERTEX
  5
53B
  8
DEFAULT
 10
-517.2012400800753
 20
-128.6912792576887
 30
3.0
 42
0.0548766701252418
  0
VERTEX
  5
53C
  8
DEFAULT
 10
-515.8920839136072
 20
-126.805853460362
 30
3.0
  0
VERTEX
  5
53D
  8
DEFAULT
 10
-515.0901854360968
 20
-127.0067185723756
 30
3.0
 42
0.0548766701251332
  0
VERTEX
  5
53E
  8
DEFAULT
 10
-514.8243963429231
 20
-129.2866476202577
 30
3.0
  0
VERTEX
  5
53F
  8
DEFAULT
 10
-514.0506450279108
 20
-129.4405563260899
 30
3.0
 42
0.0548766701252234
  0
VERTEX
  5
540
  8
DEFAULT
 10
-512.9325968511705
 20
-127.4358896256347
 30
3.0
  0
VERTEX
  5
541
  8
DEFAULT
 10
-512.1148715101391
 20
-127.5571877216317
 30
3.0
 42
0.0548766701251016
  0
VERTEX
  5
542
  8
DEFAULT
 10
-511.6268901386688
 20
-129.8000864011365
 30
3.0
  0
VERTEX
  5
543
  8
DEFAULT
 10
-510.8417789565086
 20
-129.8774131032588
 30
3.0
 42
0.0548766701253033
  0
SEQEND
  5
544
  8
DEFAULT
  0
POLYLINE
  5
545
  8
DEFAULT
 66
     1
 10
0.0
 20
0.0
 30
3.0
 70
     1
  0
VERTEX
  5
546
  8
DEFAULT
 10
-502.3000000000002
 20
-91.0
 30
3.0
  0
VERTEX
  5
547
  8
DEFAULT
 10
-502.2999999999922
 20
-103.0000000000001
 30
3.0
  0
VERTEX
  5
548
  8
DEFAULT
 10
-499.2999999999919
 20
-103.0000000000001
 30
3.0
  0
VERTEX
  5
549
  8
DEFAULT
 10
-499.3000000602685
 20
-98.49999999999991
 30
3.0
  0
VERTEX
  5
54A
  8
DEFAULT
 10
-491.0
 20
-98.49999999999989
 30
3.0
  0
VERTEX
  5
54B
  8
DEFAULT
 10
-491.0
 20
-95.49999999999983
 30
3.0
  0
VERTEX
  5
54C
  8
DEFAULT
 10
-499.3000000602685
 20
-95.49999999999983
 30
3.0
  0
VERTEX
  5
54D
  8
DEFAULT
 10
-499.3
 20
-91.00000000000006
 30
3.0
  0
SEQEND
  5
54E
  8
DEFAULT
  0
POLYLINE
  5
54F
  8
DEFAULT
 66
     1
 10
0.0
 20
0.0
 30
3.0
 70
     1
  0
VERTEX
  5
550
  8
DEFAULT
 10
-525.0000000000005
 20
-98.49999999999989
 30
3.0
  0
VERTEX
  5
551
  8
DEFAULT
 10
-525.0000000000005
 20
-95.49999999999983
 30
3.0
  0
VERTEX
  5
552
  8
DEFAULT
 10
-516.6996248756227
 20
-95.5000000033279
 30
3.0
  0
VERTEX
  5
553
  8
DEFAULT
 10
-516.6992099973547
 20
-90.99992277856208
 30
3.0
  0
VERTEX
  5
554
  8
DEFAULT
 10
-513.6992099974726
 20
-90.99994940785311
 30
3.0
  0
VERTEX
  5
555
  8
DEFAULT
 10
-513.699316514645
 20
-102.9999494073804
 30
3.0
  0
VERTEX
  5
556
  8
DEFAULT
 10
-516.6993165145271
 20
-102.9999227780894
 30
3.0
  0
VERTEX
  5
557
  8
DEFAULT
 10
-516.6996381902693
 20
-98.50000000320978
 30
3.0
  0
SEQEND
  5
558
  8
DEFAULT
  0
POLYLINE
  5
559
  8
DEFAULT
 66
     1
 10
0.0
 20
0.0
 30
-9.14608383178711
 70
     1
  0
VERTEX
  5
55A
  8
DEFAULT
 10
-118.3849017696876
 20
-23.54276092239968
 30
-9.14608383178711
  0
VERTEX
  5
55B
  8
DEFAULT
 10
-116.6686554016923
 20
-23.54276092239968
 30
-9.14608383178711
 42
1.000000000000005
  0
VERTEX
  5
55C
  8
DEFAULT
 10
-116.6686554016923
 20
-20.4574355345095
 30
-9.14608383178711
  0
VERTEX
  5
55D
  8
DEFAULT
 10
-118.3849017696876
 20
-20.4574355345095
 30
-9.14608383178711
 42
0.9999999999999999
  0
SEQEND
  5
55E
  8
DEFAULT
  0
POLYLINE
  5
55F
  8
DEFAULT
 66
     1
 10
0.0
 20
0.0
 30
-9.14608383178711
 70
     1
  0
VERTEX
  5
560
  8
DEFAULT
 10
-147.9724840263532
 20
-23.54276092239968
 30
-9.14608383178711
  0
VERTEX
  5
561
  8
DEFAULT
 10
-145.5053710080384
 20
-23.54276092239968
 30
-9.14608383178711
 42
0.9999999999999999
  0
VERTEX
  5
562
  8
DEFAULT
 10
-145.5053710080384
 20
-20.4574355345095
 30
-9.14608383178711
  0
VERTEX
  5
563
  8
DEFAULT
 10
-147.9724840263532
 20
-20.4574355345095
 30
-9.14608383178711
 42
0.9999999999999999
  0
SEQEND
  5
564
  8
DEFAULT
  0
POLYLINE
  5
565
  8
DEFAULT
 66
     1
 10
0.0
 20
0.0
 30
-9.14608383178711
 70
     1
  0
VERTEX
  5
566
  8
DEFAULT
 10
-132.221254313924
 20
-19.30968378265877
 30
-9.14608383178711
  0
VERTEX
  5
567
  8
DEFAULT
 10
-133.7400668051465
 20
-19.30968378265878
 30
-9.14608383178711
 42
0.7619971876224133
  0
VERTEX
  5
568
  8
DEFAULT
 10
-133.7400668051467
 20
-24.69051267425036
 30
-9.14608383178711
  0
VERTEX
  5
569
  8
DEFAULT
 10
-132.221254313924
 20
-24.6905126742504
 30
-9.14608383178711
 42
4.124051154232053
  0
SEQEND
  5
56A
  8
DEFAULT
  0
POLYLINE
  5
56B
  8
DEFAULT
 66
     1
 10
0.0
 20
0.0
 30
-9.14608383178711
 70
     1
  0
VERTEX
  5
56C
  8
DEFAULT
 10
-112.0467114005805
 20
-28.00009775161741
 30
-9.14608383178711
  0
VERTEX
  5
56D
  8
DEFAULT
 10
-112.0467114005805
 20
-16.00009870529176
 30
-9.14608383178711
  0
VERTEX
  5
56E
  8
DEFAULT
 10
-117.5544067099929
 20
-16.00009870529175
 30
-9.14608383178711
  0
VERTEX
  5
56F
  8
DEFAULT
 10
-117.5544067099929
 20
-13.02118346751631
 30
-9.14608383178711
  0
VERTEX
  5
570
  8
DEFAULT
 10
-135.0768586099988
 20
-13.02118346751631
 30
-9.14608383178711
  0
VERTEX
  5
571
  8
DEFAULT
 10
-135.0768586099988
 20
-16.00009870529175
 30
-9.14608383178711
  0
VERTEX
  5
572
  8
DEFAULT
 10
-146.0922492288236
 20
-16.00009870529175
 30
-9.14608383178711
  0
VERTEX
  5
573
  8
DEFAULT
 10
-146.0922492288236
 20
-13.0211834675163
 30
-9.14608383178711
  0
VERTEX
  5
574
  8
DEFAULT
 10
-152.7527728523492
 20
-13.0211834675163
 30
-9.14608383178711
  0
VERTEX
  5
575
  8
DEFAULT
 10
-152.7527728523492
 20
-30.97901298939288
 30
-9.14608383178711
  0
VERTEX
  5
576
  8
DEFAULT
 10
-146.0922492288236
 20
-30.97901298939288
 30
-9.14608383178711
  0
VERTEX
  5
577
  8
DEFAULT
 10
-146.0922492288236
 20
-28.00009775161744
 30
-9.14608383178711
  0
VERTEX
  5
578
  8
DEFAULT
 10
-135.0768586099988
 20
-28.00009775161744
 30
-9.14608383178711
  0
VERTEX
  5
579
  8
DEFAULT
 10
-135.0768586099988
 20
-30.97901298939288
 30
-9.14608383178711
  0
VERTEX
  5
57A
  8
DEFAULT
 10
-117.5544067099929
 20
-30.97901298939288
 30
-9.14608383178711
  0
VERTEX
  5
57B
  8
DEFAULT
 10
-117.5544067099929
 20
-28.00009775161744
 30
-9.14608383178711
  0
SEQEND
  5
57C
  8
DEFAULT
  0
CIRCLE
  5
57D
  8
DEFAULT
 10
-111.6996720519614
 20
128.9814820501764
 30
3.000000000000001
 40
1.5
  0
POLYLINE
  5
57E
  8
DEFAULT
 66
     1
 10
0.0
 20
0.0
 30
3.000000000000001
 70
     1
  0
VERTEX
  5
57F
  8
DEFAULT
 10
-117.908304624045
 20
102.0537297751567
 30
3.000000000000001
 42
-0.1193071592404935
  0
VERTEX
  5
580
  8
DEFAULT
 10
-118.4431230266421
 20
103.6905620619273
 30
3.000000000000001
 42
-0.0157940400089241
  0
VERTEX
  5
581
  8
DEFAULT
 10
-117.8810467793269
 20
104.0989343595834
 30
3.000000000000001
 42
-0.119307159240498
  0
VERTEX
  5
582
  8
DEFAULT
 10
-116.4895947422184
 20
103.0844828392052
 30
3.000000000000001
  0
VERTEX
  5
583
  8
DEFAULT
 10
-116.2021429863038
 20
102.5993186856119
 30
3.000000000000001
 42
-0.0318284576552783
  0
VERTEX
  5
584
  8
DEFAULT
 10
-115.201164000226
 20
103.1093429534276
 30
3.000000000000001
  0
VERTEX
  5
585
  8
DEFAULT
 10
-115.4247101426724
 20
103.6270686434486
 30
3.000000000000001
 42
-0.1193071592405224
  0
VERTEX
  5
586
  8
DEFAULT
 10
-115.4275436759432
 20
105.349056631171
 30
3.000000000000001
 42
-0.0157940400089298
  0
VERTEX
  5
587
  8
DEFAULT
 10
-114.7667834182716
 20
105.5637506533764
 30
3.000000000000001
 42
-0.1193071592405106
  0
VERTEX
  5
588
  8
DEFAULT
 10
-113.7569166510338
 20
104.168967598131
 30
3.000000000000001
  0
VERTEX
  5
589
  8
DEFAULT
 10
-113.6334577539726
 20
103.6187215907427
 30
3.000000000000001
 42
-0.031828457655274
  0
VERTEX
  5
58A
  8
DEFAULT
 10
-112.5238640002901
 20
103.7944639764073
 30
3.000000000000001
  0
VERTEX
  5
58B
  8
DEFAULT
 10
-112.5764829791154
 20
104.3559299245981
 30
3.000000000000001
 42
-0.1193071592405304
  0
VERTEX
  5
58C
  8
DEFAULT
 10
-112.047054277081
 20
105.9945134312382
 30
3.000000000000001
 42
-0.0157940400089241
  0
VERTEX
  5
58D
  8
DEFAULT
 10
-111.3522898268614
 20
105.9945134312382
 30
3.000000000000001
 42
-0.1193071592404755
  0
VERTEX
  5
58E
  8
DEFAULT
 10
-110.822861124827
 20
104.3559299245981
 30
3.000000000000001
  0
VERTEX
  5
58F
  8
DEFAULT
 10
-110.8754801036523
 20
103.7944639764073
 30
3.000000000000001
 42
-0.0318284576552741
  0
VERTEX
  5
590
  8
DEFAULT
 10
-109.7658863499697
 20
103.6187215907427
 30
3.000000000000001
  0
VERTEX
  5
591
  8
DEFAULT
 10
-109.6424274529085
 20
104.168967598131
 30
3.000000000000001
 42
-0.1193071592405203
  0
VERTEX
  5
592
  8
DEFAULT
 10
-108.6325606856707
 20
105.5637506533764
 30
3.000000000000001
 42
-0.0157940400089223
  0
VERTEX
  5
593
  8
DEFAULT
 10
-107.9718004279992
 20
105.349056631171
 30
3.000000000000001
 42
-0.1193071592405313
  0
VERTEX
  5
594
  8
DEFAULT
 10
-107.97463396127
 20
103.6270686434486
 30
3.000000000000001
  0
VERTEX
  5
595
  8
DEFAULT
 10
-108.1981801037163
 20
103.1093429534276
 30
3.000000000000001
 42
-0.031828457655275
  0
VERTEX
  5
596
  8
DEFAULT
 10
-107.1972011176385
 20
102.5993186856119
 30
3.000000000000001
  0
VERTEX
  5
597
  8
DEFAULT
 10
-106.9097493617239
 20
103.0844828392052
 30
3.000000000000001
 42
-0.1193071592405275
  0
VERTEX
  5
598
  8
DEFAULT
 10
-105.5182973246154
 20
104.0989343595834
 30
3.000000000000001
 42
-0.0157940400089241
  0
VERTEX
  5
599
  8
DEFAULT
 10
-104.9562210773002
 20
103.6905620619273
 30
3.000000000000001
 42
-0.1193071592405448
  0
VERTEX
  5
59A
  8
DEFAULT
 10
-105.4910394798973
 20
102.0537297751567
 30
3.000000000000001
  0
VERTEX
  5
59B
  8
DEFAULT
 10
-105.8636305320045
 20
101.6304229410517
 30
3.000000000000001
 42
-0.0318284576552709
  0
VERTEX
  5
59C
  8
DEFAULT
 10
-105.0692491109194
 20
100.8360415199667
 30
3.000000000000001
  0
VERTEX
  5
59D
  8
DEFAULT
 10
-104.6459422768145
 20
101.2086325720739
 30
3.000000000000001
 42
-0.1193071592405185
  0
VERTEX
  5
59E
  8
DEFAULT
 10
-103.0091099900439
 20
101.7434509746709
 30
3.000000000000001
 42
-0.0157940400089245
  0
VERTEX
  5
59F
  8
DEFAULT
 10
-102.6007376923878
 20
101.1813747273557
 30
3.000000000000001
 42
-0.119307159240493
  0
VERTEX
  5
5A0
  8
DEFAULT
 10
-103.615189212766
 20
99.78992269024728
 30
3.000000000000001
  0
VERTEX
  5
5A1
  8
DEFAULT
 10
-104.1003533663593
 20
99.50247093433265
 30
3.000000000000001
 42
-0.0318284576552775
  0
VERTEX
  5
5A2
  8
DEFAULT
 10
-103.5903290985435
 20
98.50149194825485
 30
3.000000000000001
  0
VERTEX
  5
5A3
  8
DEFAULT
 10
-103.0726034085226
 20
98.72503809070119
 30
3.000000000000001
 42
-0.1193071592405182
  0
VERTEX
  5
5A4
  8
DEFAULT
 10
-101.3506154208002
 20
98.72787162397199
 30
3.000000000000001
 42
-0.0157940400089301
  0
VERTEX
  5
5A5
  8
DEFAULT
 10
-101.1359213985948
 20
98.06711136630045
 30
3.000000000000001
 42
-0.1193071592405115
  0
VERTEX
  5
5A6
  8
DEFAULT
 10
-102.5307044538402
 20
97.05724459906266
 30
3.000000000000001
  0
VERTEX
  5
5A7
  8
DEFAULT
 10
-103.0809504612285
 20
96.93378570200143
 30
3.000000000000001
 42
-0.0318284576552775
  0
VERTEX
  5
5A8
  8
DEFAULT
 10
-102.9052080755638
 20
95.82419194831893
 30
3.000000000000001
  0
VERTEX
  5
5A9
  8
DEFAULT
 10
-102.3437421273731
 20
95.87681092714418
 30
3.000000000000001
 42
-0.1193071592405262
  0
VERTEX
  5
5AA
  8
DEFAULT
 10
-100.7051586207329
 20
95.34738222510978
 30
3.000000000000001
 42
-0.0157940400089179
  0
VERTEX
  5
5AB
  8
DEFAULT
 10
-100.705158620733
 20
94.65261777489022
 30
3.000000000000001
 42
-0.1193071592404981
  0
VERTEX
  5
5AC
  8
DEFAULT
 10
-102.3437421273731
 20
94.12318907285582
 30
3.000000000000001
  0
VERTEX
  5
5AD
  8
DEFAULT
 10
-102.9052080755638
 20
94.17580805168107
 30
3.000000000000001
 42
-0.0318284576552775
  0
VERTEX
  5
5AE
  8
DEFAULT
 10
-103.0809504612285
 20
93.06621429799857
 30
3.000000000000001
  0
VERTEX
  5
5AF
  8
DEFAULT
 10
-102.5307044538402
 20
92.94275540093734
 30
3.000000000000001
 42
-0.1193071592405189
  0
VERTEX
  5
5B0
  8
DEFAULT
 10
-101.1359213985948
 20
91.93288863369953
 30
3.000000000000001
 42
-0.0157940400089241
  0
VERTEX
  5
5B1
  8
DEFAULT
 10
-101.3506154208002
 20
91.272128376028
 30
3.000000000000001
 42
-0.1193071592405132
  0
VERTEX
  5
5B2
  8
DEFAULT
 10
-103.0726034085226
 20
91.27496190929881
 30
3.000000000000001
  0
VERTEX
  5
5B3
  8
DEFAULT
 10
-103.5903290985435
 20
91.49850805174513
 30
3.000000000000001
 42
-0.0318284576552754
  0
VERTEX
  5
5B4
  8
DEFAULT
 10
-104.1003533663593
 20
90.49752906566735
 30
3.000000000000001
  0
VERTEX
  5
5B5
  8
DEFAULT
 10
-103.615189212766
 20
90.21007730975272
 30
3.000000000000001
 42
-0.1193071592405116
  0
VERTEX
  5
5B6
  8
DEFAULT
 10
-102.6007376923878
 20
88.81862527264425
 30
3.000000000000001
 42
-0.0157940400089241
  0
VERTEX
  5
5B7
  8
DEFAULT
 10
-103.0091099900439
 20
88.25654902532905
 30
3.000000000000001
 42
-0.1193071592405039
  0
VERTEX
  5
5B8
  8
DEFAULT
 10
-104.6459422768145
 20
88.79136742792613
 30
3.000000000000001
  0
VERTEX
  5
5B9
  8
DEFAULT
 10
-105.0692491109194
 20
89.16395848003334
 30
3.000000000000001
 42
-0.0318284576552752
  0
VERTEX
  5
5BA
  8
DEFAULT
 10
-105.8636305320045
 20
88.36957705894825
 30
3.000000000000001
  0
VERTEX
  5
5BB
  8
DEFAULT
 10
-105.4910394798973
 20
87.94627022484329
 30
3.000000000000001
 42
-0.1193071592405143
  0
VERTEX
  5
5BC
  8
DEFAULT
 10
-104.9562210773002
 20
86.30943793807273
 30
3.000000000000001
 42
-0.0157940400089102
  0
VERTEX
  5
5BD
  8
DEFAULT
 10
-105.5182973246154
 20
85.90106564041659
 30
3.000000000000001
 42
-0.1193071592404978
  0
VERTEX
  5
5BE
  8
DEFAULT
 10
-106.9097493617239
 20
86.9155171607948
 30
3.000000000000001
  0
VERTEX
  5
5BF
  8
DEFAULT
 10
-107.1972011176385
 20
87.40068131438812
 30
3.000000000000001
 42
-0.0318284576552783
  0
VERTEX
  5
5C0
  8
DEFAULT
 10
-108.1981801037163
 20
86.89065704657236
 30
3.000000000000001
  0
VERTEX
  5
5C1
  8
DEFAULT
 10
-107.97463396127
 20
86.37293135655139
 30
3.000000000000001
 42
-0.1193071592405206
  0
VERTEX
  5
5C2
  8
DEFAULT
 10
-107.9718004279992
 20
84.65094336882899
 30
3.000000000000001
 42
-0.0157940400089296
  0
VERTEX
  5
5C3
  8
DEFAULT
 10
-108.6325606856707
 20
84.43624934662358
 30
3.000000000000001
 42
-0.119307159240496
  0
VERTEX
  5
5C4
  8
DEFAULT
 10
-109.6424274529085
 20
85.83103240186898
 30
3.000000000000001
  0
VERTEX
  5
5C5
  8
DEFAULT
 10
-109.7658863499697
 20
86.38127840925726
 30
3.000000000000001
 42
-0.0318284576552756
  0
VERTEX
  5
5C6
  8
DEFAULT
 10
-110.8754801036523
 20
86.20553602359267
 30
3.000000000000001
  0
VERTEX
  5
5C7
  8
DEFAULT
 10
-110.822861124827
 20
85.64407007540194
 30
3.000000000000001
 42
-0.1193071592405127
  0
VERTEX
  5
5C8
  8
DEFAULT
 10
-111.3522898268614
 20
84.00548656876175
 30
3.000000000000001
 42
-0.015794040008915
  0
VERTEX
  5
5C9
  8
DEFAULT
 10
-112.047054277081
 20
84.00548656876177
 30
3.000000000000001
 42
-0.119307159240498
  0
VERTEX
  5
5CA
  8
DEFAULT
 10
-112.5764829791154
 20
85.64407007540194
 30
3.000000000000001
  0
VERTEX
  5
5CB
  8
DEFAULT
 10
-112.5238640002901
 20
86.20553602359267
 30
3.000000000000001
 42
-0.0318284576552791
  0
VERTEX
  5
5CC
  8
DEFAULT
 10
-113.6334577539726
 20
86.38127840925728
 30
3.000000000000001
  0
VERTEX
  5
5CD
  8
DEFAULT
 10
-113.7569166510338
 20
85.83103240186898
 30
3.000000000000001
 42
-0.1193071592404961
  0
VERTEX
  5
5CE
  8
DEFAULT
 10
-114.7667834182716
 20
84.43624934662358
 30
3.000000000000001
 42
-0.0157940400089246
  0
VERTEX
  5
5CF
  8
DEFAULT
 10
-115.4275436759432
 20
84.650943368829
 30
3.000000000000001
 42
-0.1193071592405091
  0
VERTEX
  5
5D0
  8
DEFAULT
 10
-115.4247101426724
 20
86.37293135655139
 30
3.000000000000001
  0
VERTEX
  5
5D1
  8
DEFAULT
 10
-115.201164000226
 20
86.89065704657236
 30
3.000000000000001
 42
-0.0318284576552808
  0
VERTEX
  5
5D2
  8
DEFAULT
 10
-116.2021429863038
 20
87.40068131438812
 30
3.000000000000001
  0
VERTEX
  5
5D3
  8
DEFAULT
 10
-116.4895947422184
 20
86.9155171607948
 30
3.000000000000001
 42
-0.119307159240516
  0
VERTEX
  5
5D4
  8
DEFAULT
 10
-117.8810467793269
 20
85.9010656404166
 30
3.000000000000001
 42
-0.0157940400089266
  0
VERTEX
  5
5D5
  8
DEFAULT
 10
-118.4431230266421
 20
86.30943793807273
 30
3.000000000000001
 42
-0.1193071592405106
  0
VERTEX
  5
5D6
  8
DEFAULT
 10
-117.908304624045
 20
87.94627022484329
 30
3.000000000000001
  0
VERTEX
  5
5D7
  8
DEFAULT
 10
-117.5357135719378
 20
88.36957705894825
 30
3.000000000000001
 42
-0.0318284576552722
  0
VERTEX
  5
5D8
  8
DEFAULT
 10
-118.3300949930229
 20
89.16395848003334
 30
3.000000000000001
  0
VERTEX
  5
5D9
  8
DEFAULT
 10
-118.7534018271279
 20
88.79136742792613
 30
3.000000000000001
 42
-0.1193071592405109
  0
VERTEX
  5
5DA
  8
DEFAULT
 10
-120.3902341138984
 20
88.25654902532906
 30
3.000000000000001
 42
-0.0157940400089322
  0
VERTEX
  5
5DB
  8
DEFAULT
 10
-120.7986064115546
 20
88.81862527264425
 30
3.000000000000001
 42
-0.1193071592405081
  0
VERTEX
  5
5DC
  8
DEFAULT
 10
-119.7841548911764
 20
90.21007730975273
 30
3.000000000000001
  0
VERTEX
  5
5DD
  8
DEFAULT
 10
-119.2989907375831
 20
90.49752906566735
 30
3.000000000000001
 42
-0.0318284576552775
  0
VERTEX
  5
5DE
  8
DEFAULT
 10
-119.8090150053988
 20
91.49850805174515
 30
3.000000000000001
  0
VERTEX
  5
5DF
  8
DEFAULT
 10
-120.3267406954198
 20
91.27496190929881
 30
3.000000000000001
 42
-0.1193071592405206
  0
VERTEX
  5
5E0
  8
DEFAULT
 10
-122.0487286831422
 20
91.27212837602801
 30
3.000000000000001
 42
-0.0157940400089209
  0
VERTEX
  5
5E1
  8
DEFAULT
 10
-122.2634227053476
 20
91.93288863369955
 30
3.000000000000001
 42
-0.1193071592405135
  0
VERTEX
  5
5E2
  8
DEFAULT
 10
-120.8686396501022
 20
92.94275540093734
 30
3.000000000000001
  0
VERTEX
  5
5E3
  8
DEFAULT
 10
-120.3183936427139
 20
93.06621429799857
 30
3.000000000000001
 42
-0.0318284576552775
  0
VERTEX
  5
5E4
  8
DEFAULT
 10
-120.4941360283785
 20
94.17580805168107
 30
3.000000000000001
  0
VERTEX
  5
5E5
  8
DEFAULT
 10
-121.0556019765692
 20
94.12318907285582
 30
3.000000000000001
 42
-0.1193071592404957
  0
VERTEX
  5
5E6
  8
DEFAULT
 10
-122.6941854832094
 20
94.65261777489022
 30
3.000000000000001
 42
-0.0157940400089145
  0
VERTEX
  5
5E7
  8
DEFAULT
 10
-122.6941854832094
 20
95.34738222510978
 30
3.000000000000001
 42
-0.1193071592405033
  0
VERTEX
  5
5E8
  8
DEFAULT
 10
-121.0556019765692
 20
95.87681092714418
 30
3.000000000000001
  0
VERTEX
  5
5E9
  8
DEFAULT
 10
-120.4941360283785
 20
95.82419194831893
 30
3.000000000000001
 42
-0.0318284576552738
  0
VERTEX
  5
5EA
  8
DEFAULT
 10
-120.3183936427139
 20
96.93378570200143
 30
3.000000000000001
  0
VERTEX
  5
5EB
  8
DEFAULT
 10
-120.8686396501022
 20
97.05724459906266
 30
3.000000000000001
 42
-0.1193071592405128
  0
VERTEX
  5
5EC
  8
DEFAULT
 10
-122.2634227053476
 20
98.06711136630045
 30
3.000000000000001
 42
-0.0157940400089249
  0
VERTEX
  5
5ED
  8
DEFAULT
 10
-122.0487286831422
 20
98.72787162397199
 30
3.000000000000001
 42
-0.1193071592404987
  0
VERTEX
  5
5EE
  8
DEFAULT
 10
-120.3267406954198
 20
98.72503809070119
 30
3.000000000000001
  0
VERTEX
  5
5EF
  8
DEFAULT
 10
-119.8090150053988
 20
98.50149194825485
 30
3.000000000000001
 42
-0.0318284576552781
  0
VERTEX
  5
5F0
  8
DEFAULT
 10
-119.2989907375831
 20
99.50247093433265
 30
3.000000000000001
  0
VERTEX
  5
5F1
  8
DEFAULT
 10
-119.7841548911764
 20
99.78992269024728
 30
3.000000000000001
 42
-0.1193071592405182
  0
VERTEX
  5
5F2
  8
DEFAULT
 10
-120.7986064115546
 20
101.1813747273557
 30
3.000000000000001
 42
-0.0157940400089307
  0
VERTEX
  5
5F3
  8
DEFAULT
 10
-120.3902341138984
 20
101.7434509746709
 30
3.000000000000001
 42
-0.1193071592405168
  0
VERTEX
  5
5F4
  8
DEFAULT
 10
-118.7534018271279
 20
101.2086325720739
 30
3.000000000000001
  0
VERTEX
  5
5F5
  8
DEFAULT
 10
-118.3300949930229
 20
100.8360415199667
 30
3.000000000000001
 42
-0.0318284576552778
  0
VERTEX
  5
5F6
  8
DEFAULT
 10
-117.5357135719378
 20
101.6304229410517
 30
3.000000000000001
  0
SEQEND
  5
5F7
  8
DEFAULT
  0
POLYLINE
  5
5F8
  8
DEFAULT
 66
     1
 10
0.0
 20
0.0
 30
3.000000000000001
 70
     1
  0
VERTEX
  5
5F9
  8
DEFAULT
 10
-115.2701286028178
 20
94.98148205010224
 30
3.000000000000001
  0
VERTEX
  5
5FA
  8
DEFAULT
 10
-114.6606168311573
 20
89.2558677880736
 30
3.000000000000001
  0
VERTEX
  5
5FB
  8
DEFAULT
 10
-108.7387272727851
 20
89.2558677880736
 30
3.000000000000001
  0
VERTEX
  5
5FC
  8
DEFAULT
 10
-108.1292155011246
 20
94.98148205010249
 30
3.000000000000001
 42
1.000000000020718
  0
SEQEND
  5
5FD
  8
DEFAULT
  0
CIRCLE
  5
5FE
  8
DEFAULT
 10
-111.6996720519712
 20
94.98148205017637
 30
3.000000000000001
 40
10.0
  0
POLYLINE
  5
5FF
  8
DEFAULT
 66
     1
 10
0.0
 20
0.0
 30
3.000000000000001
 70
     1
  0
VERTEX
  5
600
  8
DEFAULT
 10
-86.70265903800392
 20
128.5950362195107
 30
3.000000000000001
 42
-0.075311219106891
  0
VERTEX
  5
601
  8
DEFAULT
 10
-88.89117246982462
 20
127.9240153548779
 30
3.000000000000001
 42
-0.0095603855908497
  0
VERTEX
  5
602
  8
DEFAULT
 10
-88.94827524446838
 20
127.0527953705949
 30
3.000000000000001
 42
-0.0753112191069144
  0
VERTEX
  5
603
  8
DEFAULT
 10
-86.86607064680288
 20
126.1018568576022
 30
3.000000000000001
 42
-0.0077293783642139
  0
VERTEX
  5
604
  8
DEFAULT
 10
-86.9669532523551
 20
125.3355773915766
 30
3.000000000000001
 42
-0.0753112191069071
  0
VERTEX
  5
605
  8
DEFAULT
 10
-89.22432944674202
 20
124.9559555283398
 30
3.000000000000001
 42
-0.0095603855908583
  0
VERTEX
  5
606
  8
DEFAULT
 10
-89.39466072636722
 20
124.0996423595358
 30
3.000000000000001
 42
-0.0753112191068843
  0
VERTEX
  5
607
  8
DEFAULT
 10
-87.45439206081919
 20
122.8850570197903
 30
3.000000000000001
 42
-0.0077293783642115
  0
VERTEX
  5
608
  8
DEFAULT
 10
-87.65443114257266
 20
122.1385010031869
 30
3.000000000000001
 42
-0.0753112191069021
  0
VERTEX
  5
609
  8
DEFAULT
 10
-89.94204576697693
 20
122.0567735766772
 30
3.000000000000001
 42
-0.0095603855908633
  0
VERTEX
  5
60A
  8
DEFAULT
 10
-90.22269113616441
 20
121.2300189790851
 30
3.000000000000001
 42
-0.0753112191069188
  0
VERTEX
  5
60B
  8
DEFAULT
 10
-88.4575569375455
 20
119.7725687044966
 30
3.000000000000001
 42
-0.0077293783642345
  0
VERTEX
  5
60C
  8
DEFAULT
 10
-88.75332977135011
 20
119.0585099177439
 30
3.000000000000001
 42
-0.0753112191068933
  0
VERTEX
  5
60D
  8
DEFAULT
 10
-91.03204110530157
 20
119.276075306888
 30
3.000000000000001
 42
-0.0095603855908601
  0
VERTEX
  5
60E
  8
DEFAULT
 10
-91.41819864397499
 20
118.4930252808924
 30
3.000000000000001
 42
-0.0753112191069141
  0
VERTEX
  5
60F
  8
DEFAULT
 10
-89.85840084781118
 20
116.8176474497407
 30
3.000000000000001
 42
-0.0077293783642033
  0
VERTEX
  5
610
  8
DEFAULT
 10
-90.24484667847686
 20
116.1483036366546
 30
3.000000000000001
 42
-0.0753112191068994
  0
VERTEX
  5
611
  8
DEFAULT
 10
-92.47566533927342
 20
116.6614392373236
 30
3.000000000000001
 42
-0.0095603855908596
  0
VERTEX
  5
612
  8
DEFAULT
 10
-92.96072778488295
 20
115.9354919859717
 30
3.000000000000001
 42
-0.0753112191068909
  0
VERTEX
  5
613
  8
DEFAULT
 10
-91.63295496392428
 20
114.0708527774502
 30
3.000000000000001
 42
-0.0077293783642139
  0
VERTEX
  5
614
  8
DEFAULT
 10
-92.10346159614527
 20
113.4576765962498
 30
3.000000000000001
 42
-0.0753112191069009
  0
VERTEX
  5
615
  8
DEFAULT
 10
-94.24821765800095
 20
114.2576025160482
 30
3.000000000000001
 42
-0.0095603855908663
  0
VERTEX
  5
616
  8
DEFAULT
 10
-94.8238854576175
 20
113.6011791980814
 30
3.000000000000001
 42
-0.0753112191069027
  0
VERTEX
  5
617
  8
DEFAULT
 10
-93.75085617295875
 20
111.5791831060236
 30
3.000000000000001
 42
-0.00772937836422
  0
VERTEX
  5
618
  8
DEFAULT
 10
-94.2973731078087
 20
111.0326661711737
 30
3.000000000000001
 42
-0.0753112191068881
  0
VERTEX
  5
619
  8
DEFAULT
 10
-96.3193691998664
 20
112.1056954558325
 30
3.000000000000001
 42
-0.0095603855908583
  0
VERTEX
  5
61A
  8
DEFAULT
 10
-96.9757925178333
 20
111.5300276562159
 30
3.000000000000001
 42
-0.075311219106906
  0
VERTEX
  5
61B
  8
DEFAULT
 10
-96.17586659803486
 20
109.3852715943602
 30
3.000000000000001
 42
-0.0077293783642123
  0
VERTEX
  5
61C
  8
DEFAULT
 10
-96.7890427792353
 20
108.9147649621392
 30
3.000000000000001
 42
-0.075311219106906
  0
VERTEX
  5
61D
  8
DEFAULT
 10
-98.65368198775676
 20
110.2425377830979
 30
3.000000000000001
 42
-0.0095603855908432
  0
VERTEX
  5
61E
  8
DEFAULT
 10
-99.37962923910862
 20
109.7574753374884
 30
3.000000000000001
 42
-0.0753112191069007
  0
VERTEX
  5
61F
  8
DEFAULT
 10
-98.86649363843962
 20
107.5266566766918
 30
3.000000000000001
 42
-0.0077293783642248
  0
VERTEX
  5
620
  8
DEFAULT
 10
-99.53583745152574
 20
107.1402108460261
 30
3.000000000000001
 42
-0.0753112191068951
  0
VERTEX
  5
621
  8
DEFAULT
 10
-101.2112152826775
 20
108.70000864219
 30
3.000000000000001
 42
-0.0095603855908607
  0
VERTEX
  5
622
  8
DEFAULT
 10
-101.9942653086731
 20
108.3138511035165
 30
3.000000000000001
 42
-0.0753112191068968
  0
VERTEX
  5
623
  8
DEFAULT
 10
-101.7766999195291
 20
106.0351397695651
 30
3.000000000000001
 42
-0.0077293783642312
  0
VERTEX
  5
624
  8
DEFAULT
 10
-102.4907587062817
 20
105.7393669357604
 30
3.000000000000001
 42
-0.0753112191068974
  0
VERTEX
  5
625
  8
DEFAULT
 10
-103.9482089808701
 20
107.5045011343794
 30
3.000000000000001
 42
-0.0095603855908591
  0
VERTEX
  5
626
  8
DEFAULT
 10
-104.7749635784622
 20
107.2238557651919
 30
3.000000000000001
 42
-0.0753112191069167
  0
VERTEX
  5
627
  8
DEFAULT
 10
-104.856691004972
 20
104.9362411407876
 30
3.000000000000001
 42
-0.0077293783642094
  0
VERTEX
  5
628
  8
DEFAULT
 10
-105.6032470215754
 20
104.7362020590341
 30
3.000000000000001
 42
-0.0753112191068938
  0
VERTEX
  5
629
  8
DEFAULT
 10
-106.8178323613208
 20
106.6764707245821
 30
3.000000000000001
 42
-0.0095603855908581
  0
VERTEX
  5
62A
  8
DEFAULT
 10
-107.6741455301249
 20
106.506139444957
 30
3.000000000000001
 42
-0.0753112191068976
  0
VERTEX
  5
62B
  8
DEFAULT
 10
-108.0537673933617
 20
104.2487632505701
 30
3.000000000000001
 42
-0.0077293783642317
  0
VERTEX
  5
62C
  8
DEFAULT
 10
-108.8200468593873
 20
104.1478806450178
 30
3.000000000000001
 42
-0.0753112191068855
  0
VERTEX
  5
62D
  8
DEFAULT
 10
-109.77098537238
 20
106.2300852426833
 30
3.000000000000001
 42
-0.0095603855908548
  0
VERTEX
  5
62E
  8
DEFAULT
 10
-110.642205356663
 20
106.1729824680396
 30
3.000000000000001
 42
-0.075311219106917
  0
VERTEX
  5
62F
  8
DEFAULT
 10
-111.3132262212958
 20
103.9844690362189
 30
3.000000000000001
 42
-0.0077293783642015
  0
VERTEX
  5
630
  8
DEFAULT
 10
-112.0861178826271
 20
103.9844690362189
 30
3.000000000000001
 42
-0.0753112191069036
  0
VERTEX
  5
631
  8
DEFAULT
 10
-112.7571387472599
 20
106.1729824680396
 30
3.000000000000001
 42
-0.0095603855908598
  0
VERTEX
  5
632
  8
DEFAULT
 10
-113.6283587315428
 20
106.2300852426833
 30
3.000000000000001
 42
-0.0753112191069221
  0
VERTEX
  5
633
  8
DEFAULT
 10
-114.5792972445356
 20
104.1478806450178
 30
3.000000000000001
 42
-0.0077293783642154
  0
VERTEX
  5
634
  8
DEFAULT
 10
-115.3455767105612
 20
104.24876325057
 30
3.000000000000001
 42
-0.0753112191068904
  0
VERTEX
  5
635
  8
DEFAULT
 10
-115.725198573798
 20
106.506139444957
 30
3.000000000000001
 42
-0.0095603855908562
  0
VERTEX
  5
636
  8
DEFAULT
 10
-116.581511742602
 20
106.6764707245822
 30
3.000000000000001
 42
-0.0753112191068867
  0
VERTEX
  5
637
  8
DEFAULT
 10
-117.7960970823475
 20
104.7362020590341
 30
3.000000000000001
 42
-0.0077293783642152
  0
VERTEX
  5
638
  8
DEFAULT
 10
-118.5426530989509
 20
104.9362411407876
 30
3.000000000000001
 42
-0.0753112191068808
  0
VERTEX
  5
639
  8
DEFAULT
 10
-118.6243805254606
 20
107.2238557651919
 30
3.000000000000001
 42
-0.0095603855908496
  0
VERTEX
  5
63A
  8
DEFAULT
 10
-119.4511351230527
 20
107.5045011343794
 30
3.000000000000001
 42
-0.075311219106911
  0
VERTEX
  5
63B
  8
DEFAULT
 10
-120.9085853976412
 20
105.7393669357605
 30
3.000000000000001
 42
-0.0077293783642221
  0
VERTEX
  5
63C
  8
DEFAULT
 10
-121.6226441843938
 20
106.0351397695651
 30
3.000000000000001
 42
-0.0753112191068864
  0
VERTEX
  5
63D
  8
DEFAULT
 10
-121.4050787952498
 20
108.3138511035165
 30
3.000000000000001
 42
-0.0095603855908625
  0
VERTEX
  5
63E
  8
DEFAULT
 10
-122.1881288212455
 20
108.70000864219
 30
3.000000000000001
 42
-0.0753112191069106
  0
VERTEX
  5
63F
  8
DEFAULT
 10
-123.8635066523972
 20
107.1402108460261
 30
3.000000000000001
 42
-0.0077293783642147
  0
VERTEX
  5
640
  8
DEFAULT
 10
-124.5328504654832
 20
107.5266566766918
 30
3.000000000000001
 42
-0.0753112191068864
  0
VERTEX
  5
641
  8
DEFAULT
 10
-124.0197148648143
 20
109.7574753374884
 30
3.000000000000001
 42
-0.0095603855908603
  0
VERTEX
  5
642
  8
DEFAULT
 10
-124.7456621161661
 20
110.2425377830979
 30
3.000000000000001
 42
-0.0753112191069022
  0
VERTEX
  5
643
  8
DEFAULT
 10
-126.6103013246876
 20
108.9147649621392
 30
3.000000000000001
 42
-0.0077293783641978
  0
VERTEX
  5
644
  8
DEFAULT
 10
-127.223477505888
 20
109.3852715943602
 30
3.000000000000001
 42
-0.075311219106894
  0
VERTEX
  5
645
  8
DEFAULT
 10
-126.4235515860896
 20
111.5300276562159
 30
3.000000000000001
 42
-0.0095603855908557
  0
VERTEX
  5
646
  8
DEFAULT
 10
-127.0799749040564
 20
112.1056954558325
 30
3.000000000000001
 42
-0.0753112191069173
  0
VERTEX
  5
647
  8
DEFAULT
 10
-129.1019709961142
 20
111.0326661711737
 30
3.000000000000001
 42
-0.007729378364203
  0
VERTEX
  5
648
  8
DEFAULT
 10
-129.6484879309641
 20
111.5791831060236
 30
3.000000000000001
 42
-0.0753112191068965
  0
VERTEX
  5
649
  8
DEFAULT
 10
-128.5754586463054
 20
113.6011791980813
 30
3.000000000000001
 42
-0.0095603855908512
  0
VERTEX
  5
64A
  8
DEFAULT
 10
-129.1511264459219
 20
114.2576025160482
 30
3.000000000000001
 42
-0.0753112191069209
  0
VERTEX
  5
64B
  8
DEFAULT
 10
-131.2958825077776
 20
113.4576765962498
 30
3.000000000000001
 42
-0.0077293783642203
  0
VERTEX
  5
64C
  8
DEFAULT
 10
-131.7663891399986
 20
114.0708527774502
 30
3.000000000000001
 42
-0.0753112191068798
  0
VERTEX
  5
64D
  8
DEFAULT
 10
-130.4386163190399
 20
115.9354919859717
 30
3.000000000000001
 42
-0.0095603855908562
  0
VERTEX
  5
64E
  8
DEFAULT
 10
-130.9236787646495
 20
116.6614392373236
 30
3.000000000000001
 42
-0.0753112191069212
  0
VERTEX
  5
64F
  8
DEFAULT
 10
-133.154497425446
 20
116.1483036366546
 30
3.000000000000001
 42
-0.0077293783641992
  0
VERTEX
  5
650
  8
DEFAULT
 10
-133.5409432561117
 20
116.8176474497407
 30
3.000000000000001
 42
-0.0753112191068743
  0
VERTEX
  5
651
  8
DEFAULT
 10
-131.9811454599479
 20
118.4930252808924
 30
3.000000000000001
 42
-0.0095603855908583
  0
VERTEX
  5
652
  8
DEFAULT
 10
-132.3673029986213
 20
119.276075306888
 30
3.000000000000001
 42
-0.0753112191068964
  0
VERTEX
  5
653
  8
DEFAULT
 10
-134.6460143325727
 20
119.058509917744
 30
3.000000000000001
 42
-0.0077293783642201
  0
VERTEX
  5
654
  8
DEFAULT
 10
-134.9417871663774
 20
119.7725687044966
 30
3.000000000000001
 42
-0.0753112191068809
  0
VERTEX
  5
655
  8
DEFAULT
 10
-133.1766529677585
 20
121.2300189790851
 30
3.000000000000001
 42
-0.0095603855908426
  0
VERTEX
  5
656
  8
DEFAULT
 10
-133.4572983369459
 20
122.0567735766772
 30
3.000000000000001
 42
-0.0753112191069051
  0
VERTEX
  5
657
  8
DEFAULT
 10
-135.7449129613502
 20
122.1385010031869
 30
3.000000000000001
 42
-0.0077293783641896
  0
VERTEX
  5
658
  8
DEFAULT
 10
-135.9449520431037
 20
122.8850570197903
 30
3.000000000000001
 42
-0.0753112191068812
  0
VERTEX
  5
659
  8
DEFAULT
 10
-134.0046833775556
 20
124.0996423595358
 30
3.000000000000001
 42
-0.0095603855908669
  0
VERTEX
  5
65A
  8
DEFAULT
 10
-134.1750146571808
 20
124.9559555283398
 30
3.000000000000001
 42
-0.0753112191068816
  0
VERTEX
  5
65B
  8
DEFAULT
 10
-136.4323908515678
 20
125.3355773915766
 30
3.000000000000001
 42
-0.0077293783642041
  0
VERTEX
  5
65C
  8
DEFAULT
 10
-136.53327345712
 20
126.1018568576022
 30
3.000000000000001
 42
-0.0753112191068788
  0
VERTEX
  5
65D
  8
DEFAULT
 10
-134.4510688594545
 20
127.052795370595
 30
3.000000000000001
 42
-0.0095603855908515
  0
VERTEX
  5
65E
  8
DEFAULT
 10
-134.5081716340982
 20
127.924015354878
 30
3.000000000000001
 42
-0.0753112191069024
  0
VERTEX
  5
65F
  8
DEFAULT
 10
-136.6966850659189
 20
128.5950362195107
 30
3.000000000000001
 42
-0.0077293783642205
  0
VERTEX
  5
660
  8
DEFAULT
 10
-136.6966850659189
 20
129.367927880842
 30
3.000000000000001
 42
-0.0753112191068998
  0
VERTEX
  5
661
  8
DEFAULT
 10
-134.5081716340982
 20
130.0389487454748
 30
3.000000000000001
 42
-0.0095603855908503
  0
VERTEX
  5
662
  8
DEFAULT
 10
-134.4510688594545
 20
130.9101687297578
 30
3.000000000000001
 42
-0.0753112191068698
  0
VERTEX
  5
663
  8
DEFAULT
 10
-136.53327345712
 20
131.8611072427505
 30
3.000000000000001
 42
-0.0077293783641971
  0
VERTEX
  5
664
  8
DEFAULT
 10
-136.4323908515678
 20
132.6273867087762
 30
3.000000000000001
 42
-0.0753112191068987
  0
VERTEX
  5
665
  8
DEFAULT
 10
-134.1750146571808
 20
133.0070085720129
 30
3.000000000000001
 42
-0.0095603855908548
  0
VERTEX
  5
666
  8
DEFAULT
 10
-134.0046833775556
 20
133.863321740817
 30
3.000000000000001
 42
-0.0753112191069143
  0
VERTEX
  5
667
  8
DEFAULT
 10
-135.9449520431037
 20
135.0779070805625
 30
3.000000000000001
 42
-0.0077293783642204
  0
VERTEX
  5
668
  8
DEFAULT
 10
-135.7449129613502
 20
135.8244630971658
 30
3.000000000000001
 42
-0.0753112191069083
  0
VERTEX
  5
669
  8
DEFAULT
 10
-133.4572983369459
 20
135.9061905236756
 30
3.000000000000001
 42
-0.0095603855908584
  0
VERTEX
  5
66A
  8
DEFAULT
 10
-133.1766529677584
 20
136.7329451212676
 30
3.000000000000001
 42
-0.0753112191069056
  0
VERTEX
  5
66B
  8
DEFAULT
 10
-134.9417871663773
 20
138.1903953958561
 30
3.000000000000001
 42
-0.0077293783642164
  0
VERTEX
  5
66C
  8
DEFAULT
 10
-134.6460143325727
 20
138.9044541826088
 30
3.000000000000001
 42
-0.0753112191069011
  0
VERTEX
  5
66D
  8
DEFAULT
 10
-132.3673029986213
 20
138.6868887934648
 30
3.000000000000001
 42
-0.009560385590855
  0
VERTEX
  5
66E
  8
DEFAULT
 10
-131.9811454599479
 20
139.4699388194604
 30
3.000000000000001
 42
-0.0753112191068947
  0
VERTEX
  5
66F
  8
DEFAULT
 10
-133.5409432561117
 20
141.1453166506121
 30
3.000000000000001
 42
-0.0077293783641915
  0
VERTEX
  5
670
  8
DEFAULT
 10
-133.154497425446
 20
141.8146604636982
 30
3.000000000000001
 42
-0.0753112191068757
  0
VERTEX
  5
671
  8
DEFAULT
 10
-130.9236787646494
 20
141.3015248630292
 30
3.000000000000001
 42
-0.0095603855908807
  0
VERTEX
  5
672
  8
DEFAULT
 10
-130.4386163190399
 20
142.0274721143811
 30
3.000000000000001
 42
-0.0753112191068845
  0
VERTEX
  5
673
  8
DEFAULT
 10
-131.7663891399986
 20
143.8921113229025
 30
3.000000000000001
 42
-0.00772937836422
  0
VERTEX
  5
674
  8
DEFAULT
 10
-131.2958825077776
 20
144.5052875041029
 30
3.000000000000001
 42
-0.0753112191069096
  0
VERTEX
  5
675
  8
DEFAULT
 10
-129.1511264459219
 20
143.7053615843045
 30
3.000000000000001
 42
-0.009560385590856
  0
VERTEX
  5
676
  8
DEFAULT
 10
-128.5754586463053
 20
144.3617849022714
 30
3.000000000000001
 42
-0.0753112191069162
  0
VERTEX
  5
677
  8
DEFAULT
 10
-129.6484879309641
 20
146.3837809943292
 30
3.000000000000001
 42
-0.0077293783642204
  0
VERTEX
  5
678
  8
DEFAULT
 10
-129.1019709961142
 20
146.9302979291791
 30
3.000000000000001
 42
-0.0753112191069258
  0
VERTEX
  5
679
  8
DEFAULT
 10
-127.0799749040565
 20
145.8572686445203
 30
3.000000000000001
 42
-0.0095603855908379
  0
VERTEX
  5
67A
  8
DEFAULT
 10
-126.4235515860896
 20
146.4329364441369
 30
3.000000000000001
 42
-0.0753112191069142
  0
VERTEX
  5
67B
  8
DEFAULT
 10
-127.223477505888
 20
148.5776925059925
 30
3.000000000000001
 42
-0.0077293783642171
  0
VERTEX
  5
67C
  8
DEFAULT
 10
-126.6103013246876
 20
149.0481991382136
 30
3.000000000000001
 42
-0.0753112191068791
  0
VERTEX
  5
67D
  8
DEFAULT
 10
-124.7456621161661
 20
147.7204263172549
 30
3.000000000000001
 42
-0.0095603855908503
  0
VERTEX
  5
67E
  8
DEFAULT
 10
-124.0197148648142
 20
148.2054887628644
 30
3.000000000000001
 42
-0.0753112191068989
  0
VERTEX
  5
67F
  8
DEFAULT
 10
-124.5328504654832
 20
150.436307423661
 30
3.000000000000001
 42
-0.007729378364211
  0
VERTEX
  5
680
  8
DEFAULT
 10
-123.8635066523971
 20
150.8227532543267
 30
3.000000000000001
 42
-0.0753112191068797
  0
VERTEX
  5
681
  8
DEFAULT
 10
-122.1881288212454
 20
149.2629554581628
 30
3.000000000000001
 42
-0.0095603855908769
  0
VERTEX
  5
682
  8
DEFAULT
 10
-121.4050787952498
 20
149.6491129968363
 30
3.000000000000001
 42
-0.0753112191068869
  0
VERTEX
  5
683
  8
DEFAULT
 10
-121.6226441843938
 20
151.9278243307877
 30
3.000000000000001
 42
-0.0077293783642222
  0
VERTEX
  5
684
  8
DEFAULT
 10
-120.9085853976412
 20
152.2235971645923
 30
3.000000000000001
 42
-0.0753112191069181
  0
VERTEX
  5
685
  8
DEFAULT
 10
-119.4511351230527
 20
150.4584629659734
 30
3.000000000000001
 42
-0.0095603855908359
  0
VERTEX
  5
686
  8
DEFAULT
 10
-118.6243805254606
 20
150.7391083351609
 30
3.000000000000001
 42
-0.0753112191069021
  0
VERTEX
  5
687
  8
DEFAULT
 10
-118.5426530989509
 20
153.0267229595651
 30
3.000000000000001
 42
-0.0077293783642322
  0
VERTEX
  5
688
  8
DEFAULT
 10
-117.7960970823475
 20
153.2267620413186
 30
3.000000000000001
 42
-0.0753112191068823
  0
VERTEX
  5
689
  8
DEFAULT
 10
-116.581511742602
 20
151.2864933757706
 30
3.000000000000001
 42
-0.0095603855908817
  0
VERTEX
  5
68A
  8
DEFAULT
 10
-115.725198573798
 20
151.4568246553958
 30
3.000000000000001
 42
-0.0753112191069054
  0
VERTEX
  5
68B
  8
DEFAULT
 10
-115.3455767105612
 20
153.7142008497827
 30
3.000000000000001
 42
-0.0077293783642283
  0
VERTEX
  5
68C
  8
DEFAULT
 10
-114.5792972445356
 20
153.8150834553349
 30
3.000000000000001
 42
-0.0753112191069008
  0
VERTEX
  5
68D
  8
DEFAULT
 10
-113.6283587315428
 20
151.7328788576694
 30
3.000000000000001
 42
-0.0095603855908515
  0
VERTEX
  5
68E
  8
DEFAULT
 10
-112.7571387472598
 20
151.7899816323132
 30
3.000000000000001
 42
-0.0753112191068922
  0
VERTEX
  5
68F
  8
DEFAULT
 10
-112.0861178826271
 20
153.9784950641339
 30
3.000000000000001
 42
-0.0077293783642426
  0
VERTEX
  5
690
  8
DEFAULT
 10
-111.3132262212957
 20
153.9784950641339
 30
3.000000000000001
 42
-0.0753112191068978
  0
VERTEX
  5
691
  8
DEFAULT
 10
-110.642205356663
 20
151.7899816323132
 30
3.000000000000001
 42
-0.0095603855908478
  0
VERTEX
  5
692
  8
DEFAULT
 10
-109.77098537238
 20
151.7328788576694
 30
3.000000000000001
 42
-0.0753112191069046
  0
VERTEX
  5
693
  8
DEFAULT
 10
-108.8200468593873
 20
153.815083455335
 30
3.000000000000001
 42
-0.0077293783642029
  0
VERTEX
  5
694
  8
DEFAULT
 10
-108.0537673933616
 20
153.7142008497827
 30
3.000000000000001
 42
-0.0753112191069063
  0
VERTEX
  5
695
  8
DEFAULT
 10
-107.6741455301249
 20
151.4568246553958
 30
3.000000000000001
 42
-0.0095603855908692
  0
VERTEX
  5
696
  8
DEFAULT
 10
-106.8178323613208
 20
151.2864933757706
 30
3.000000000000001
 42
-0.0753112191068868
  0
VERTEX
  5
697
  8
DEFAULT
 10
-105.6032470215753
 20
153.2267620413186
 30
3.000000000000001
 42
-0.0077293783642576
  0
VERTEX
  5
698
  8
DEFAULT
 10
-104.856691004972
 20
153.0267229595652
 30
3.000000000000001
 42
-0.0753112191069101
  0
VERTEX
  5
699
  8
DEFAULT
 10
-104.7749635784622
 20
150.7391083351609
 30
3.000000000000001
 42
-0.0095603855908505
  0
VERTEX
  5
69A
  8
DEFAULT
 10
-103.9482089808701
 20
150.4584629659734
 30
3.000000000000001
 42
-0.0753112191068786
  0
VERTEX
  5
69B
  8
DEFAULT
 10
-102.4907587062817
 20
152.2235971645923
 30
3.000000000000001
 42
-0.007729378364211
  0
VERTEX
  5
69C
  8
DEFAULT
 10
-101.776699919529
 20
151.9278243307877
 30
3.000000000000001
 42
-0.0753112191068873
  0
VERTEX
  5
69D
  8
DEFAULT
 10
-101.9942653086731
 20
149.6491129968362
 30
3.000000000000001
 42
-0.0095603855908629
  0
VERTEX
  5
69E
  8
DEFAULT
 10
-101.2112152826774
 20
149.2629554581628
 30
3.000000000000001
 42
-0.0753112191068719
  0
VERTEX
  5
69F
  8
DEFAULT
 10
-99.53583745152571
 20
150.8227532543266
 30
3.000000000000001
 42
-0.0077293783642192
  0
VERTEX
  5
6A0
  8
DEFAULT
 10
-98.86649363843964
 20
150.436307423661
 30
3.000000000000001
 42
-0.0753112191069333
  0
VERTEX
  5
6A1
  8
DEFAULT
 10
-99.37962923910861
 20
148.2054887628644
 30
3.000000000000001
 42
-0.0095603855908553
  0
VERTEX
  5
6A2
  8
DEFAULT
 10
-98.65368198775676
 20
147.7204263172549
 30
3.000000000000001
 42
-0.0753112191069032
  0
VERTEX
  5
6A3
  8
DEFAULT
 10
-96.78904277923529
 20
149.0481991382135
 30
3.000000000000001
 42
-0.0077293783642198
  0
VERTEX
  5
6A4
  8
DEFAULT
 10
-96.17586659803484
 20
148.5776925059926
 30
3.000000000000001
 42
-0.0753112191069236
  0
VERTEX
  5
6A5
  8
DEFAULT
 10
-96.97579251783327
 20
146.4329364441369
 30
3.000000000000001
 42
-0.0095603855908476
  0
VERTEX
  5
6A6
  8
DEFAULT
 10
-96.3193691998664
 20
145.8572686445203
 30
3.000000000000001
 42
-0.0753112191069074
  0
VERTEX
  5
6A7
  8
DEFAULT
 10
-94.29737310780865
 20
146.9302979291791
 30
3.000000000000001
 42
-0.00772937836422
  0
VERTEX
  5
6A8
  8
DEFAULT
 10
-93.75085617295875
 20
146.3837809943292
 30
3.000000000000001
 42
-0.075311219106901
  0
VERTEX
  5
6A9
  8
DEFAULT
 10
-94.8238854576175
 20
144.3617849022714
 30
3.000000000000001
 42
-0.0095603855908585
  0
VERTEX
  5
6AA
  8
DEFAULT
 10
-94.24821765800093
 20
143.7053615843045
 30
3.000000000000001
 42
-0.0753112191069053
  0
VERTEX
  5
6AB
  8
DEFAULT
 10
-92.10346159614524
 20
144.5052875041029
 30
3.000000000000001
 42
-0.0077293783642204
  0
VERTEX
  5
6AC
  8
DEFAULT
 10
-91.63295496392426
 20
143.8921113229025
 30
3.000000000000001
 42
-0.0753112191069062
  0
VERTEX
  5
6AD
  8
DEFAULT
 10
-92.96072778488295
 20
142.0274721143811
 30
3.000000000000001
 42
-0.0095603855908582
  0
VERTEX
  5
6AE
  8
DEFAULT
 10
-92.4756653392734
 20
141.3015248630292
 30
3.000000000000001
 42
-0.0753112191068902
  0
VERTEX
  5
6AF
  8
DEFAULT
 10
-90.24484667847683
 20
141.8146604636982
 30
3.000000000000001
 42
-0.0077293783642204
  0
VERTEX
  5
6B0
  8
DEFAULT
 10
-89.85840084781117
 20
141.1453166506121
 30
3.000000000000001
 42
-0.0753112191069149
  0
VERTEX
  5
6B1
  8
DEFAULT
 10
-91.418198643975
 20
139.4699388194603
 30
3.000000000000001
 42
-0.0095603855908869
  0
VERTEX
  5
6B2
  8
DEFAULT
 10
-91.03204110530156
 20
138.6868887934648
 30
3.000000000000001
 42
-0.0753112191069008
  0
VERTEX
  5
6B3
  8
DEFAULT
 10
-88.75332977135011
 20
138.9044541826088
 30
3.000000000000001
 42
-0.0077293783642503
  0
VERTEX
  5
6B4
  8
DEFAULT
 10
-88.45755693754548
 20
138.1903953958561
 30
3.000000000000001
 42
-0.0753112191069035
  0
VERTEX
  5
6B5
  8
DEFAULT
 10
-90.22269113616443
 20
136.7329451212676
 30
3.000000000000001
 42
-0.0095603855908511
  0
VERTEX
  5
6B6
  8
DEFAULT
 10
-89.94204576697692
 20
135.9061905236755
 30
3.000000000000001
 42
-0.0753112191069012
  0
VERTEX
  5
6B7
  8
DEFAULT
 10
-87.65443114257269
 20
135.8244630971658
 30
3.000000000000001
 42
-0.0077293783642327
  0
VERTEX
  5
6B8
  8
DEFAULT
 10
-87.45439206081916
 20
135.0779070805625
 30
3.000000000000001
 42
-0.0753112191069051
  0
VERTEX
  5
6B9
  8
DEFAULT
 10
-89.3946607263672
 20
133.863321740817
 30
3.000000000000001
 42
-0.0095603855908599
  0
VERTEX
  5
6BA
  8
DEFAULT
 10
-89.224329446742
 20
133.0070085720129
 30
3.000000000000001
 42
-0.0753112191069046
  0
VERTEX
  5
6BB
  8
DEFAULT
 10
-86.9669532523551
 20
132.6273867087761
 30
3.000000000000001
 42
-0.0077293783642201
  0
VERTEX
  5
6BC
  8
DEFAULT
 10
-86.86607064680288
 20
131.8611072427505
 30
3.000000000000001
 42
-0.0753112191068849
  0
VERTEX
  5
6BD
  8
DEFAULT
 10
-88.94827524446838
 20
130.9101687297578
 30
3.000000000000001
 42
-0.0095603855908578
  0
VERTEX
  5
6BE
  8
DEFAULT
 10
-88.89117246982464
 20
130.0389487454748
 30
3.000000000000001
 42
-0.0753112191069114
  0
VERTEX
  5
6BF
  8
DEFAULT
 10
-86.70265903800389
 20
129.367927880842
 30
3.000000000000001
 42
-0.0077293783642067
  0
SEQEND
  5
6C0
  8
DEFAULT
  0
CIRCLE
  5
6C1
  8
DEFAULT
 10
-111.6996720519614
 20
128.9814820501764
 30
3.000000000000001
 40
24.0
  0
ARC
  5
6C2
  8
DEFAULT
 10
-161.9881720519717
 20
95.0
 30
3.000000000000001
 40
3.631814042143731
 50
356.5435250723087
 51
183.4564749277
  0
POLYLINE
  5
6C3
  8
DEFAULT
 66
     1
 10
0.0
 20
0.0
 30
3.000000000000001
  0
VERTEX
  5
6C4
  8
DEFAULT
 10
-165.6199860941155
 20
94.99999999992485
 30
3.000000000000001
  0
VERTEX
  5
6C5
  8
DEFAULT
 10
-165.4047011944936
 20
89.17599234695287
 30
3.000000000000001
  0
VERTEX
  5
6C6
  8
DEFAULT
 10
-158.5716429094499
 20
89.17599234695287
 30
3.000000000000001
  0
VERTEX
  5
6C7
  8
DEFAULT
 10
-158.356358009828
 20
94.99999999992485
 30
3.000000000000001
  0
SEQEND
  5
6C8
  8
DEFAULT
  0
CIRCLE
  5
6C9
  8
DEFAULT
 10
-223.0
 20
119.0
 30
0.0
 40
6.0
  0
LINE
  5
6CA
  8
DEFAULT
 10
-94.95608930655996
 20
-11.94029458570733
 30
-3.238206706526427
 11
-94.94447069236318
 21
-11.94029458570733
 31
-3.238206706526427
  0
POLYLINE
  5
6CB
  8
DEFAULT
 66
     1
 10
0.0
 20
0.0
 30
3.000000000000001
 70
     1
  0
VERTEX
  5
6CC
  8
DEFAULT
 10
-151.8133757668758
 20
99.83610242216736
 30
3.000000000000001
  0
VERTEX
  5
6CD
  8
DEFAULT
 10
-152.2138477806052
 20
99.6459782327122
 30
3.000000000000001
 42
-0.0252781135731094
  0
VERTEX
  5
6CE
  8
DEFAULT
 10
-151.7949426903463
 20
98.63465188246192
 30
3.000000000000001
  0
VERTEX
  5
6CF
  8
DEFAULT
 10
-151.3773281101314
 20
98.7833902554141
 30
3.000000000000001
 42
-0.1124176414147898
  0
VERTEX
  5
6D0
  8
DEFAULT
 10
-149.5403067517129
 20
98.70891414818261
 30
3.000000000000001
 42
-0.0137614538650047
  0
VERTEX
  5
6D1
  8
DEFAULT
 10
-149.3551320495306
 20
98.01783275136185
 30
3.000000000000001
 42
-0.1124176414147537
  0
VERTEX
  5
6D2
  8
DEFAULT
 10
-150.9088011595999
 20
97.03482387131518
 30
3.000000000000001
  0
VERTEX
  5
6D3
  8
DEFAULT
 10
-151.3448351815329
 20
96.95482779070188
 30
3.000000000000001
 42
-0.0252781135731271
  0
VERTEX
  5
6D4
  8
DEFAULT
 10
-151.2019544563466
 20
95.86954093473909
 30
3.000000000000001
  0
VERTEX
  5
6D5
  8
DEFAULT
 10
-150.7600734242246
 20
95.9051245636617
 30
3.000000000000001
 42
-0.1124176414147577
  0
VERTEX
  5
6D6
  8
DEFAULT
 10
-149.0049228856401
 20
95.35773005442653
 30
3.000000000000001
 42
-0.0137614538649844
  0
VERTEX
  5
6D7
  8
DEFAULT
 10
-149.0049228856402
 20
94.64226994557349
 30
3.000000000000001
 42
-0.1124176414147667
  0
VERTEX
  5
6D8
  8
DEFAULT
 10
-150.7600734242246
 20
94.0948754363383
 30
3.000000000000001
  0
VERTEX
  5
6D9
  8
DEFAULT
 10
-151.2019544563466
 20
94.13045906526091
 30
3.000000000000001
 42
-0.0252781135731161
  0
VERTEX
  5
6DA
  8
DEFAULT
 10
-151.3448351815329
 20
93.04517220929812
 30
3.000000000000001
  0
VERTEX
  5
6DB
  8
DEFAULT
 10
-150.9088011595999
 20
92.96517612868482
 30
3.000000000000001
 42
-0.1124176414147734
  0
VERTEX
  5
6DC
  8
DEFAULT
 10
-149.3551320495306
 20
91.98216724863813
 30
3.000000000000001
 42
-0.0137614538650049
  0
VERTEX
  5
6DD
  8
DEFAULT
 10
-149.5403067517129
 20
91.29108585181733
 30
3.000000000000001
 42
-0.112417641414756
  0
VERTEX
  5
6DE
  8
DEFAULT
 10
-151.3773281101314
 20
91.21660974458591
 30
3.000000000000001
  0
VERTEX
  5
6DF
  8
DEFAULT
 10
-151.7949426903463
 20
91.36534811753808
 30
3.000000000000001
 42
-0.0252781135731285
  0
VERTEX
  5
6E0
  8
DEFAULT
 10
-152.2138477806053
 20
90.35402176728782
 30
3.000000000000001
  0
VERTEX
  5
6E1
  8
DEFAULT
 10
-151.8133757668758
 20
90.16389757783261
 30
3.000000000000001
 42
-0.1124176414147729
  0
VERTEX
  5
6E2
  8
DEFAULT
 10
-150.5670680676133
 20
88.81226475765064
 30
3.000000000000001
 42
-0.0137614538650179
  0
VERTEX
  5
6E3
  8
DEFAULT
 10
-150.9247981220398
 20
88.1926581279895
 30
3.000000000000001
 42
-0.11241764141478
  0
VERTEX
  5
6E4
  8
DEFAULT
 10
-152.7185003305375
 20
88.59617584639193
 30
3.000000000000001
  0
VERTEX
  5
6E5
  8
DEFAULT
 10
-153.0833887153444
 20
88.8479326890588
 30
3.000000000000001
 42
-0.0252781135731422
  0
VERTEX
  5
6E6
  8
DEFAULT
 10
-153.7497704810482
 20
87.9794870639948
 30
3.000000000000001
  0
VERTEX
  5
6E7
  8
DEFAULT
 10
-153.4121519814466
 20
87.69219141501401
 30
3.000000000000001
 42
-0.1124176414147418
  0
VERTEX
  5
6E8
  8
DEFAULT
 10
-152.5581395030748
 20
86.06404619771325
 30
3.000000000000001
 42
-0.0137614538650084
  0
VERTEX
  5
6E9
  8
DEFAULT
 10
-153.0640461977133
 20
85.55813950307477
 30
3.000000000000001
 42
-0.1124176414147471
  0
VERTEX
  5
6EA
  8
DEFAULT
 10
-154.692191415014
 20
86.4121519814466
 30
3.000000000000001
  0
VERTEX
  5
6EB
  8
DEFAULT
 10
-154.9794870639948
 20
86.74977048104822
 30
3.000000000000001
 42
-0.0252781135731339
  0
VERTEX
  5
6EC
  8
DEFAULT
 10
-155.8479326890588
 20
86.08338871534434
 30
3.000000000000001
  0
VERTEX
  5
6ED
  8
DEFAULT
 10
-155.5961758463919
 20
85.7185003305375
 30
3.000000000000001
 42
-0.1124176414147461
  0
VERTEX
  5
6EE
  8
DEFAULT
 10
-155.1926581279895
 20
83.92479812203983
 30
3.000000000000001
 42
-0.0137614538650055
  0
VERTEX
  5
6EF
  8
DEFAULT
 10
-155.8122647576506
 20
83.5670680676133
 30
3.000000000000001
 42
-0.1124176414147865
  0
VERTEX
  5
6F0
  8
DEFAULT
 10
-157.1638975778326
 20
84.8133757668758
 30
3.000000000000001
  0
VERTEX
  5
6F1
  8
DEFAULT
 10
-157.3540217672878
 20
85.21384778060526
 30
3.000000000000001
 42
-0.0252781135731276
  0
VERTEX
  5
6F2
  8
DEFAULT
 10
-158.3653481175381
 20
84.79494269034632
 30
3.000000000000001
  0
VERTEX
  5
6F3
  8
DEFAULT
 10
-158.2166097445859
 20
84.37732811013143
 30
3.000000000000001
 42
-0.1124176414148029
  0
VERTEX
  5
6F4
  8
DEFAULT
 10
-158.2910858518174
 20
82.54030675171293
 30
3.000000000000001
 42
-0.0137614538650095
  0
VERTEX
  5
6F5
  8
DEFAULT
 10
-158.9821672486382
 20
82.35513204953061
 30
3.000000000000001
 42
-0.1124176414147551
  0
VERTEX
  5
6F6
  8
DEFAULT
 10
-159.9651761286848
 20
83.9088011595999
 30
3.000000000000001
  0
VERTEX
  5
6F7
  8
DEFAULT
 10
-160.0451722092981
 20
84.34483518153286
 30
3.000000000000001
 42
-0.0252781135731202
  0
VERTEX
  5
6F8
  8
DEFAULT
 10
-161.1304590652609
 20
84.2019544563466
 30
3.000000000000001
  0
VERTEX
  5
6F9
  8
DEFAULT
 10
-161.0948754363383
 20
83.76007342422457
 30
3.000000000000001
 42
-0.1124176414147544
  0
VERTEX
  5
6FA
  8
DEFAULT
 10
-161.6422699455734
 20
82.00492288564013
 30
3.000000000000001
 42
-0.0137614538650085
  0
VERTEX
  5
6FB
  8
DEFAULT
 10
-162.3577300544265
 20
82.00492288564011
 30
3.000000000000001
 42
-0.1124176414147767
  0
VERTEX
  5
6FC
  8
DEFAULT
 10
-162.9051245636617
 20
83.76007342422457
 30
3.000000000000001
  0
VERTEX
  5
6FD
  8
DEFAULT
 10
-162.8695409347391
 20
84.2019544563466
 30
3.000000000000001
 42
-0.0252781135731299
  0
VERTEX
  5
6FE
  8
DEFAULT
 10
-163.9548277907019
 20
84.34483518153287
 30
3.000000000000001
  0
VERTEX
  5
6FF
  8
DEFAULT
 10
-164.0348238713152
 20
83.9088011595999
 30
3.000000000000001
 42
-0.1124176414147483
  0
VERTEX
  5
700
  8
DEFAULT
 10
-165.0178327513619
 20
82.35513204953064
 30
3.000000000000001
 42
-0.0137614538650141
  0
VERTEX
  5
701
  8
DEFAULT
 10
-165.7089141481826
 20
82.54030675171292
 30
3.000000000000001
 42
-0.1124176414147684
  0
VERTEX
  5
702
  8
DEFAULT
 10
-165.7833902554141
 20
84.37732811013143
 30
3.000000000000001
  0
VERTEX
  5
703
  8
DEFAULT
 10
-165.6346518824619
 20
84.79494269034633
 30
3.000000000000001
 42
-0.0252781135731323
  0
VERTEX
  5
704
  8
DEFAULT
 10
-166.6459782327122
 20
85.21384778060526
 30
3.000000000000001
  0
VERTEX
  5
705
  8
DEFAULT
 10
-166.8361024221674
 20
84.8133757668758
 30
3.000000000000001
 42
-0.1124176414147741
  0
VERTEX
  5
706
  8
DEFAULT
 10
-168.1877352423494
 20
83.56706806761328
 30
3.000000000000001
 42
-0.0137614538649855
  0
VERTEX
  5
707
  8
DEFAULT
 10
-168.8073418720105
 20
83.92479812203983
 30
3.000000000000001
 42
-0.1124176414147636
  0
VERTEX
  5
708
  8
DEFAULT
 10
-168.4038241536081
 20
85.7185003305375
 30
3.000000000000001
  0
VERTEX
  5
709
  8
DEFAULT
 10
-168.1520673109412
 20
86.08338871534437
 30
3.000000000000001
 42
-0.0252781135731244
  0
VERTEX
  5
70A
  8
DEFAULT
 10
-169.0205129360052
 20
86.7497704810482
 30
3.000000000000001
  0
VERTEX
  5
70B
  8
DEFAULT
 10
-169.307808584986
 20
86.41215198144661
 30
3.000000000000001
 42
-0.1124176414147499
  0
VERTEX
  5
70C
  8
DEFAULT
 10
-170.9359538022867
 20
85.55813950307478
 30
3.000000000000001
 42
-0.0137614538650108
  0
VERTEX
  5
70D
  8
DEFAULT
 10
-171.4418604969252
 20
86.06404619771325
 30
3.000000000000001
 42
-0.1124176414147594
  0
VERTEX
  5
70E
  8
DEFAULT
 10
-170.5878480185534
 20
87.69219141501402
 30
3.000000000000001
  0
VERTEX
  5
70F
  8
DEFAULT
 10
-170.2502295189518
 20
87.97948706399481
 30
3.000000000000001
 42
-0.0252781135731231
  0
VERTEX
  5
710
  8
DEFAULT
 10
-170.9166112846557
 20
88.84793268905878
 30
3.000000000000001
  0
VERTEX
  5
711
  8
DEFAULT
 10
-171.2814996694625
 20
88.59617584639196
 30
3.000000000000001
 42
-0.1124176414147741
  0
VERTEX
  5
712
  8
DEFAULT
 10
-173.0752018779602
 20
88.19265812798949
 30
3.000000000000001
 42
-0.0137614538649914
  0
VERTEX
  5
713
  8
DEFAULT
 10
-173.4329319323867
 20
88.81226475765064
 30
3.000000000000001
 42
-0.1124176414147819
  0
VERTEX
  5
714
  8
DEFAULT
 10
-172.1866242331242
 20
90.16389757783264
 30
3.000000000000001
  0
VERTEX
  5
715
  8
DEFAULT
 10
-171.7861522193948
 20
90.3540217672878
 30
3.000000000000001
 42
-0.0252781135731217
  0
VERTEX
  5
716
  8
DEFAULT
 10
-172.2050573096537
 20
91.36534811753808
 30
3.000000000000001
  0
VERTEX
  5
717
  8
DEFAULT
 10
-172.6226718898686
 20
91.2166097445859
 30
3.000000000000001
 42
-0.1124176414147742
  0
VERTEX
  5
718
  8
DEFAULT
 10
-174.4596932482871
 20
91.29108585181737
 30
3.000000000000001
 42
-0.0137614538650057
  0
VERTEX
  5
719
  8
DEFAULT
 10
-174.6448679504694
 20
91.98216724863815
 30
3.000000000000001
 42
-0.1124176414147554
  0
VERTEX
  5
71A
  8
DEFAULT
 10
-173.0911988404001
 20
92.96517612868482
 30
3.000000000000001
  0
VERTEX
  5
71B
  8
DEFAULT
 10
-172.6551648184671
 20
93.04517220929812
 30
3.000000000000001
 42
-0.0252781135731271
  0
VERTEX
  5
71C
  8
DEFAULT
 10
-172.7980455436534
 20
94.13045906526091
 30
3.000000000000001
  0
VERTEX
  5
71D
  8
DEFAULT
 10
-173.2399265757754
 20
94.0948754363383
 30
3.000000000000001
 42
-0.1124176414147556
  0
VERTEX
  5
71E
  8
DEFAULT
 10
-174.9950771143599
 20
94.64226994557345
 30
3.000000000000001
 42
-0.0137614538649835
  0
VERTEX
  5
71F
  8
DEFAULT
 10
-174.9950771143598
 20
95.35773005442653
 30
3.000000000000001
 42
-0.1124176414147681
  0
VERTEX
  5
720
  8
DEFAULT
 10
-173.2399265757754
 20
95.9051245636617
 30
3.000000000000001
  0
VERTEX
  5
721
  8
DEFAULT
 10
-172.7980455436534
 20
95.86954093473909
 30
3.000000000000001
 42
-0.0252781135731124
  0
VERTEX
  5
722
  8
DEFAULT
 10
-172.6551648184671
 20
96.95482779070188
 30
3.000000000000001
  0
VERTEX
  5
723
  8
DEFAULT
 10
-173.0911988404001
 20
97.03482387131518
 30
3.000000000000001
 42
-0.1124176414147564
  0
VERTEX
  5
724
  8
DEFAULT
 10
-174.6448679504693
 20
98.01783275136187
 30
3.000000000000001
 42
-0.0137614538650375
  0
VERTEX
  5
725
  8
DEFAULT
 10
-174.4596932482871
 20
98.70891414818264
 30
3.000000000000001
 42
-0.1124176414147887
  0
VERTEX
  5
726
  8
DEFAULT
 10
-172.6226718898685
 20
98.78339025541412
 30
3.000000000000001
  0
VERTEX
  5
727
  8
DEFAULT
 10
-172.2050573096537
 20
98.63465188246192
 30
3.000000000000001
 42
-0.0252781135731304
  0
VERTEX
  5
728
  8
DEFAULT
 10
-171.7861522193948
 20
99.64597823271218
 30
3.000000000000001
  0
VERTEX
  5
729
  8
DEFAULT
 10
-172.1866242331242
 20
99.83610242216737
 30
3.000000000000001
 42
-0.1124176414147741
  0
VERTEX
  5
72A
  8
DEFAULT
 10
-173.4329319323867
 20
101.1877352423494
 30
3.000000000000001
 42
-0.0137614538649899
  0
VERTEX
  5
72B
  8
DEFAULT
 10
-173.0752018779602
 20
101.8073418720105
 30
3.000000000000001
 42
-0.1124176414147844
  0
VERTEX
  5
72C
  8
DEFAULT
 10
-171.2814996694625
 20
101.4038241536081
 30
3.000000000000001
  0
VERTEX
  5
72D
  8
DEFAULT
 10
-170.9166112846557
 20
101.1520673109412
 30
3.000000000000001
 42
-0.0252781135731254
  0
VERTEX
  5
72E
  8
DEFAULT
 10
-170.2502295189518
 20
102.0205129360052
 30
3.000000000000001
  0
VERTEX
  5
72F
  8
DEFAULT
 10
-170.5878480185534
 20
102.307808584986
 30
3.000000000000001
 42
-0.1124176414148141
  0
VERTEX
  5
730
  8
DEFAULT
 10
-171.4418604969252
 20
103.9359538022867
 30
3.000000000000001
 42
-0.0137614538650268
  0
VERTEX
  5
731
  8
DEFAULT
 10
-170.9359538022867
 20
104.4418604969252
 30
3.000000000000001
 42
-0.1124176414147429
  0
VERTEX
  5
732
  8
DEFAULT
 10
-169.307808584986
 20
103.5878480185534
 30
3.000000000000001
  0
VERTEX
  5
733
  8
DEFAULT
 10
-169.0205129360052
 20
103.2502295189518
 30
3.000000000000001
 42
-0.0252781135731259
  0
VERTEX
  5
734
  8
DEFAULT
 10
-168.1520673109412
 20
103.9166112846557
 30
3.000000000000001
  0
VERTEX
  5
735
  8
DEFAULT
 10
-168.4038241536081
 20
104.2814996694625
 30
3.000000000000001
 42
-0.112417641414801
  0
VERTEX
  5
736
  8
DEFAULT
 10
-168.8073418720105
 20
106.0752018779602
 30
3.000000000000001
 42
-0.0137614538650021
  0
VERTEX
  5
737
  8
DEFAULT
 10
-168.1877352423494
 20
106.4329319323867
 30
3.000000000000001
 42
-0.1124176414147593
  0
VERTEX
  5
738
  8
DEFAULT
 10
-166.8361024221674
 20
105.1866242331242
 30
3.000000000000001
  0
VERTEX
  5
739
  8
DEFAULT
 10
-166.6459782327122
 20
104.7861522193947
 30
3.000000000000001
 42
-0.0252781135731275
  0
VERTEX
  5
73A
  8
DEFAULT
 10
-165.6346518824619
 20
105.2050573096537
 30
3.000000000000001
  0
VERTEX
  5
73B
  8
DEFAULT
 10
-165.7833902554141
 20
105.6226718898686
 30
3.000000000000001
 42
-0.1124176414147764
  0
VERTEX
  5
73C
  8
DEFAULT
 10
-165.7089141481826
 20
107.4596932482871
 30
3.000000000000001
 42
-0.0137614538649972
  0
VERTEX
  5
73D
  8
DEFAULT
 10
-165.0178327513618
 20
107.6448679504694
 30
3.000000000000001
 42
-0.1124176414147417
  0
VERTEX
  5
73E
  8
DEFAULT
 10
-164.0348238713152
 20
106.0911988404001
 30
3.000000000000001
  0
VERTEX
  5
73F
  8
DEFAULT
 10
-163.9548277907019
 20
105.6551648184671
 30
3.000000000000001
 42
-0.0252781135731318
  0
VERTEX
  5
740
  8
DEFAULT
 10
-162.8695409347391
 20
105.7980455436534
 30
3.000000000000001
  0
VERTEX
  5
741
  8
DEFAULT
 10
-162.9051245636617
 20
106.2399265757754
 30
3.000000000000001
 42
-0.1124176414147419
  0
VERTEX
  5
742
  8
DEFAULT
 10
-162.3577300544266
 20
107.9950771143599
 30
3.000000000000001
 42
-0.0137614538650098
  0
VERTEX
  5
743
  8
DEFAULT
 10
-161.6422699455735
 20
107.9950771143599
 30
3.000000000000001
 42
-0.1124176414147769
  0
VERTEX
  5
744
  8
DEFAULT
 10
-161.0948754363383
 20
106.2399265757754
 30
3.000000000000001
  0
VERTEX
  5
745
  8
DEFAULT
 10
-161.1304590652609
 20
105.7980455436534
 30
3.000000000000001
 42
-0.0252781135731266
  0
VERTEX
  5
746
  8
DEFAULT
 10
-160.0451722092981
 20
105.6551648184671
 30
3.000000000000001
  0
VERTEX
  5
747
  8
DEFAULT
 10
-159.9651761286848
 20
106.0911988404001
 30
3.000000000000001
 42
-0.1124176414148013
  0
VERTEX
  5
748
  8
DEFAULT
 10
-158.9821672486381
 20
107.6448679504694
 30
3.000000000000001
 42
-0.0137614538650065
  0
VERTEX
  5
749
  8
DEFAULT
 10
-158.2910858518173
 20
107.4596932482871
 30
3.000000000000001
 42
-0.1124176414147297
  0
VERTEX
  5
74A
  8
DEFAULT
 10
-158.2166097445859
 20
105.6226718898686
 30
3.000000000000001
  0
VERTEX
  5
74B
  8
DEFAULT
 10
-158.3653481175381
 20
105.2050573096537
 30
3.000000000000001
 42
-0.0252781135731177
  0
VERTEX
  5
74C
  8
DEFAULT
 10
-157.3540217672878
 20
104.7861522193947
 30
3.000000000000001
  0
VERTEX
  5
74D
  8
DEFAULT
 10
-157.1638975778326
 20
105.1866242331242
 30
3.000000000000001
 42
-0.1124176414147458
  0
VERTEX
  5
74E
  8
DEFAULT
 10
-155.8122647576506
 20
106.4329319323867
 30
3.000000000000001
 42
-0.0137614538650109
  0
VERTEX
  5
74F
  8
DEFAULT
 10
-155.1926581279895
 20
106.0752018779602
 30
3.000000000000001
 42
-0.1124176414147315
  0
VERTEX
  5
750
  8
DEFAULT
 10
-155.5961758463919
 20
104.2814996694625
 30
3.000000000000001
  0
VERTEX
  5
751
  8
DEFAULT
 10
-155.8479326890588
 20
103.9166112846557
 30
3.000000000000001
 42
-0.0252781135731179
  0
VERTEX
  5
752
  8
DEFAULT
 10
-154.9794870639948
 20
103.2502295189518
 30
3.000000000000001
  0
VERTEX
  5
753
  8
DEFAULT
 10
-154.692191415014
 20
103.5878480185534
 30
3.000000000000001
 42
-0.1124176414147932
  0
VERTEX
  5
754
  8
DEFAULT
 10
-153.0640461977133
 20
104.4418604969252
 30
3.000000000000001
 42
-0.0137614538650039
  0
VERTEX
  5
755
  8
DEFAULT
 10
-152.5581395030748
 20
103.9359538022867
 30
3.000000000000001
 42
-0.1124176414147835
  0
VERTEX
  5
756
  8
DEFAULT
 10
-153.4121519814466
 20
102.307808584986
 30
3.000000000000001
  0
VERTEX
  5
757
  8
DEFAULT
 10
-153.7497704810482
 20
102.0205129360052
 30
3.000000000000001
 42
-0.0252781135731255
  0
VERTEX
  5
758
  8
DEFAULT
 10
-153.0833887153443
 20
101.1520673109412
 30
3.000000000000001
  0
VERTEX
  5
759
  8
DEFAULT
 10
-152.7185003305375
 20
101.403824153608
 30
3.000000000000001
 42
-0.112417641414778
  0
VERTEX
  5
75A
  8
DEFAULT
 10
-150.9247981220398
 20
101.8073418720105
 30
3.000000000000001
 42
-0.013761453864992
  0
VERTEX
  5
75B
  8
DEFAULT
 10
-150.5670680676133
 20
101.1877352423494
 30
3.000000000000001
 42
-0.1124176414147211
  0
SEQEND
  5
75C
  8
DEFAULT
  0
POLYLINE
  5
75D
  8
DEFAULT
 66
     1
 10
0.0
 20
0.0
 30
3.000000000000002
  0
VERTEX
  5
75E
  8
DEFAULT
 10
-218.8666139817889
 20
95.39301647245884
 30
3.000000000000002
  0
VERTEX
  5
75F
  8
DEFAULT
 10
-218.7508126474078
 20
95.47384417057037
 30
3.000000000000002
  0
VERTEX
  5
760
  8
DEFAULT
 10
-218.6058040834125
 20
95.61487087607384
 30
3.000000000000002
  0
VERTEX
  5
761
  8
DEFAULT
 10
-218.4724892354663
 20
95.79190915822983
 30
3.000000000000002
  0
VERTEX
  5
762
  8
DEFAULT
 10
-218.4773884988483
 20
95.80730766057968
 30
3.000000000000002
  0
VERTEX
  5
763
  8
DEFAULT
 10
-218.482381937569
 20
95.82267582416534
 30
3.000000000000002
  0
VERTEX
  5
764
  8
DEFAULT
 10
-218.4874695516284
 20
95.83801311254501
 30
3.000000000000002
  0
VERTEX
  5
765
  8
DEFAULT
 10
-218.675971863335
 20
95.8973697423935
 30
3.000000000000002
  0
VERTEX
  5
766
  8
DEFAULT
 10
-218.8995915628131
 20
95.93173879384995
 30
3.000000000000002
  0
VERTEX
  5
767
  8
DEFAULT
 10
-219.0407654023822
 20
95.92906314134598
 30
3.000000000000002
  0
VERTEX
  5
768
  8
DEFAULT
 10
-219.0613449788745
 20
95.94190949201584
 30
3.000000000000002
  0
VERTEX
  5
769
  8
DEFAULT
 10
-219.0777405477222
 20
95.95979076623917
 30
3.000000000000002
  0
VERTEX
  5
76A
  8
DEFAULT
 10
-219.0887576318439
 20
95.98140478134155
 30
3.000000000000002
  0
VERTEX
  5
76B
  8
DEFAULT
 10
-219.0935946679767
 20
96.00517761707306
 30
3.000000000000002
  0
VERTEX
  5
76C
  8
DEFAULT
 10
-219.0918992734607
 20
96.02937835454941
 30
3.000000000000002
  0
VERTEX
  5
76D
  8
DEFAULT
 10
-219.0067428327258
 20
96.14203464984894
 30
3.000000000000002
  0
VERTEX
  5
76E
  8
DEFAULT
 10
-218.9158278680499
 20
96.31308448314667
 30
3.000000000000002
  0
VERTEX
  5
76F
  8
DEFAULT
 10
-218.8403290486987
 20
96.53053915500641
 30
3.000000000000002
  0
VERTEX
  5
770
  8
DEFAULT
 10
-218.8497468209918
 20
96.54367005825043
 30
3.000000000000002
  0
VERTEX
  5
771
  8
DEFAULT
 10
-218.8592447019275
 20
96.55674302577972
 30
3.000000000000002
  0
VERTEX
  5
772
  8
DEFAULT
 10
-218.8688226915057
 20
96.56975746154785
 30
3.000000000000002
  0
VERTEX
  5
773
  8
DEFAULT
 10
-219.1356469369586
 20
96.56104159355164
 30
3.000000000000002
  0
VERTEX
  5
774
  8
DEFAULT
 10
-219.2897371030505
 20
96.53154301643372
 30
3.000000000000002
  0
VERTEX
  5
775
  8
DEFAULT
 10
-219.4231746173556
 20
96.4853732585907
 30
3.000000000000002
  0
VERTEX
  5
776
  8
DEFAULT
 10
-219.4467166639026
 20
96.49123156070709
 30
3.000000000000002
  0
VERTEX
  5
777
  8
DEFAULT
 10
-219.4678351855929
 20
96.50317108631134
 30
3.000000000000002
  0
VERTEX
  5
778
  8
DEFAULT
 10
-219.4849923825915
 20
96.52032268047333
 30
3.000000000000002
  0
VERTEX
  5
779
  8
DEFAULT
 10
-219.4969389415439
 20
96.54143738746643
 30
3.000000000000002
  0
VERTEX
  5
77A
  8
DEFAULT
 10
-219.5028048730548
 20
96.56497752666473
 30
3.000000000000002
  0
VERTEX
  5
77B
  8
DEFAULT
 10
-219.4566289163287
 20
96.69843482971191
 30
3.000000000000002
  0
VERTEX
  5
77C
  8
DEFAULT
 10
-219.4271304584201
 20
96.85252499580383
 30
3.000000000000002
  0
VERTEX
  5
77D
  8
DEFAULT
 10
-219.4184144712146
 20
97.11934924125671
 30
3.000000000000002
  0
VERTEX
  5
77E
  8
DEFAULT
 10
-219.431429026192
 20
97.12892723083496
 30
3.000000000000002
  0
VERTEX
  5
77F
  8
DEFAULT
 10
-219.4445019937213
 20
97.13842523097992
 30
3.000000000000002
  0
VERTEX
  5
780
  8
DEFAULT
 10
-219.457632777756
 20
97.14784300327301
 30
3.000000000000002
  0
VERTEX
  5
781
  8
DEFAULT
 10
-219.6750875688251
 20
97.07234418392181
 30
3.000000000000002
  0
VERTEX
  5
782
  8
DEFAULT
 10
-219.8461374021228
 20
96.98142921924591
 30
3.000000000000002
  0
VERTEX
  5
783
  8
DEFAULT
 10
-219.9587765908893
 20
96.89628469944
 30
3.000000000000002
  0
VERTEX
  5
784
  8
DEFAULT
 10
-219.9829767919238
 20
96.89458131790161
 30
3.000000000000002
  0
VERTEX
  5
785
  8
DEFAULT
 10
-220.0067512965854
 20
96.8994106054306
 30
3.000000000000002
  0
VERTEX
  5
786
  8
DEFAULT
 10
-220.0283688283618
 20
96.9104208946228
 30
3.000000000000002
  0
VERTEX
  5
787
  8
DEFAULT
 10
-220.0462554670032
 20
96.92681038379669
 30
3.000000000000002
  0
VERTEX
  5
788
  8
DEFAULT
 10
-220.0591086126025
 20
96.94738578796387
 30
3.000000000000002
  0
VERTEX
  5
789
  8
DEFAULT
 10
-220.0564331985171
 20
97.08858048915863
 30
3.000000000000002
  0
VERTEX
  5
78A
  8
DEFAULT
 10
-220.0908021903689
 20
97.31220018863678
 30
3.000000000000002
  0
VERTEX
  5
78B
  8
DEFAULT
 10
-220.1501588798221
 20
97.50070250034332
 30
3.000000000000002
  0
VERTEX
  5
78C
  8
DEFAULT
 10
-220.1654962278064
 20
97.50579011440277
 30
3.000000000000002
  0
VERTEX
  5
78D
  8
DEFAULT
 10
-220.1808643317874
 20
97.51078355312347
 30
3.000000000000002
  0
VERTEX
  5
78E
  8
DEFAULT
 10
-220.1962628341373
 20
97.51568281650543
 30
3.000000000000002
  0
VERTEX
  5
78F
  8
DEFAULT
 10
-220.3733011460956
 20
97.38236796855927
 30
3.000000000000002
  0
VERTEX
  5
790
  8
DEFAULT
 10
-220.5143278217967
 20
97.2373594045639
 30
3.000000000000002
  0
VERTEX
  5
791
  8
DEFAULT
 10
-220.5951430774386
 20
97.12157475948334
 30
3.000000000000002
  0
VERTEX
  5
792
  8
DEFAULT
 10
-220.6176323867496
 20
97.11247634887695
 30
3.000000000000002
  0
VERTEX
  5
793
  8
DEFAULT
 10
-220.6417355514224
 20
97.10972261428833
 30
3.000000000000002
  0
VERTEX
  5
794
  8
DEFAULT
 10
-220.6656975126918
 20
97.11351370811462
 30
3.000000000000002
  0
VERTEX
  5
795
  8
DEFAULT
 10
-220.6877733445819
 20
97.12357378005981
 30
3.000000000000002
  0
VERTEX
  5
796
  8
DEFAULT
 10
-220.7063555098231
 20
97.13917028903961
 30
3.000000000000002
  0
VERTEX
  5
797
  8
DEFAULT
 10
-220.7474426007922
 20
97.27428114414215
 30
3.000000000000002
  0
VERTEX
  5
798
  8
DEFAULT
 10
-220.8404498673137
 20
97.46194326877594
 30
3.000000000000002
  0
VERTEX
  5
799
  8
DEFAULT
 10
-220.9639337635692
 20
97.6372698545456
 30
3.000000000000002
  0
VERTEX
  5
79A
  8
DEFAULT
 10
-220.9800925231631
 20
97.63736879825592
 30
3.000000000000002
  0
VERTEX
  5
79B
  8
DEFAULT
 10
-220.9962515807803
 20
97.63736879825592
 30
3.000000000000002
  0
VERTEX
  5
79C
  8
DEFAULT
 10
-221.012410310572
 20
97.6372698545456
 30
3.000000000000002
  0
VERTEX
  5
79D
  8
DEFAULT
 10
-221.1358942068275
 20
97.46194326877594
 30
3.000000000000002
  0
VERTEX
  5
79E
  8
DEFAULT
 10
-221.2289014733489
 20
97.27428114414215
 30
3.000000000000002
  0
VERTEX
  5
79F
  8
DEFAULT
 10
-221.2699818885978
 20
97.13918995857239
 30
3.000000000000002
  0
VERTEX
  5
7A0
  8
DEFAULT
 10
-221.2885589576419
 20
97.12358748912811
 30
3.000000000000002
  0
VERTEX
  5
7A1
  8
DEFAULT
 10
-221.3106314814742
 20
97.11352014541626
 30
3.000000000000002
  0
VERTEX
  5
7A2
  8
DEFAULT
 10
-221.3345921798702
 20
97.10972106456757
 30
3.000000000000002
  0
VERTEX
  5
7A3
  8
DEFAULT
 10
-221.3586962730716
 20
97.11246693134308
 30
3.000000000000002
  0
VERTEX
  5
7A4
  8
DEFAULT
 10
-221.3811885644774
 20
97.1215580701828
 30
3.000000000000002
  0
VERTEX
  5
7A5
  8
DEFAULT
 10
-221.4620162523444
 20
97.2373594045639
 30
3.000000000000002
  0
VERTEX
  5
7A6
  8
DEFAULT
 10
-221.6030429727491
 20
97.38236796855927
 30
3.000000000000002
  0
VERTEX
  5
7A7
  8
DEFAULT
 10
-221.7800812698062
 20
97.51568281650543
 30
3.000000000000002
  0
VERTEX
  5
7A8
  8
DEFAULT
 10
-221.7954797721561
 20
97.51078355312347
 30
3.000000000000002
  0
VERTEX
  5
7A9
  8
DEFAULT
 10
-221.8108479059394
 20
97.50579011440277
 30
3.000000000000002
  0
VERTEX
  5
7AA
  8
DEFAULT
 10
-221.8261852241214
 20
97.50070250034332
 30
3.000000000000002
  0
VERTEX
  5
7AB
  8
DEFAULT
 10
-221.8855418539699
 20
97.31220018863678
 30
3.000000000000002
  0
VERTEX
  5
7AC
  8
DEFAULT
 10
-221.9199108458217
 20
97.08858048915863
 30
3.000000000000002
  0
VERTEX
  5
7AD
  8
DEFAULT
 10
-221.9172352529224
 20
96.94740653038025
 30
3.000000000000002
  0
VERTEX
  5
7AE
  8
DEFAULT
 10
-221.9300816035922
 20
96.92682707309723
 30
3.000000000000002
  0
VERTEX
  5
7AF
  8
DEFAULT
 10
-221.9479628778155
 20
96.91043150424957
 30
3.000000000000002
  0
VERTEX
  5
7B0
  8
DEFAULT
 10
-221.9695768333133
 20
96.89941430091858
 30
3.000000000000002
  0
VERTEX
  5
7B1
  8
DEFAULT
 10
-221.9933497286494
 20
96.89457714557648
 30
3.000000000000002
  0
VERTEX
  5
7B2
  8
DEFAULT
 10
-222.0175504661258
 20
96.89627265930176
 30
3.000000000000002
  0
VERTEX
  5
7B3
  8
DEFAULT
 10
-222.1302067018207
 20
96.98142921924591
 30
3.000000000000002
  0
VERTEX
  5
7B4
  8
DEFAULT
 10
-222.301256594723
 20
97.07234418392181
 30
3.000000000000002
  0
VERTEX
  5
7B5
  8
DEFAULT
 10
-222.5187112069781
 20
97.14784300327301
 30
3.000000000000002
  0
VERTEX
  5
7B6
  8
DEFAULT
 10
-222.5318421102222
 20
97.13842523097992
 30
3.000000000000002
  0
VERTEX
  5
7B7
  8
DEFAULT
 10
-222.5449150777515
 20
97.12892723083496
 30
3.000000000000002
  0
VERTEX
  5
7B8
  8
DEFAULT
 10
-222.5579295135196
 20
97.11934924125671
 30
3.000000000000002
  0
VERTEX
  5
7B9
  8
DEFAULT
 10
-222.5492136455234
 20
96.85252499580383
 30
3.000000000000002
  0
VERTEX
  5
7BA
  8
DEFAULT
 10
-222.5197151876147
 20
96.69843482971191
 30
3.000000000000002
  0
VERTEX
  5
7BB
  8
DEFAULT
 10
-222.4735454297717
 20
96.56499743461609
 30
3.000000000000002
  0
VERTEX
  5
7BC
  8
DEFAULT
 10
-222.4794036126788
 20
96.54145526885986
 30
3.000000000000002
  0
VERTEX
  5
7BD
  8
DEFAULT
 10
-222.4913432574924
 20
96.5203367471695
 30
3.000000000000002
  0
VERTEX
  5
7BE
  8
DEFAULT
 10
-222.5084948516543
 20
96.5031795501709
 30
3.000000000000002
  0
VERTEX
  5
7BF
  8
DEFAULT
 10
-222.5296094394382
 20
96.49123299121857
 30
3.000000000000002
  0
VERTEX
  5
7C0
  8
DEFAULT
 10
-222.5531495786365
 20
96.48536705970764
 30
3.000000000000002
  0
VERTEX
  5
7C1
  8
DEFAULT
 10
-222.6866070008929
 20
96.53154301643372
 30
3.000000000000002
  0
VERTEX
  5
7C2
  8
DEFAULT
 10
-222.8406970477756
 20
96.56104159355164
 30
3.000000000000002
  0
VERTEX
  5
7C3
  8
DEFAULT
 10
-223.1075214124377
 20
96.56975746154785
 30
3.000000000000002
  0
VERTEX
  5
7C4
  8
DEFAULT
 10
-223.117099402016
 20
96.55674302577972
 30
3.000000000000002
  0
VERTEX
  5
7C5
  8
DEFAULT
 10
-223.1265972829516
 20
96.54367005825043
 30
3.000000000000002
  0
VERTEX
  5
7C6
  8
DEFAULT
 10
-223.1360150552447
 20
96.53053915500641
 30
3.000000000000002
  0
VERTEX
  5
7C7
  8
DEFAULT
 10
-223.0605162358935
 20
96.31308448314667
 30
3.000000000000002
  0
VERTEX
  5
7C8
  8
DEFAULT
 10
-222.9696013904269
 20
96.14203464984894
 30
3.000000000000002
  0
VERTEX
  5
7C9
  8
DEFAULT
 10
-222.884456870621
 20
96.02939534187317
 30
3.000000000000002
  0
VERTEX
  5
7CA
  8
DEFAULT
 10
-222.8827533698733
 20
96.00519520044327
 30
3.000000000000002
  0
VERTEX
  5
7CB
  8
DEFAULT
 10
-222.8875826574023
 20
95.98142069578171
 30
3.000000000000002
  0
VERTEX
  5
7CC
  8
DEFAULT
 10
-222.8985929465945
 20
95.95980316400528
 30
3.000000000000002
  0
VERTEX
  5
7CD
  8
DEFAULT
 10
-222.9149824357684
 20
95.94191652536392
 30
3.000000000000002
  0
VERTEX
  5
7CE
  8
DEFAULT
 10
-222.9355578399356
 20
95.92906337976456
 30
3.000000000000002
  0
VERTEX
  5
7CF
  8
DEFAULT
 10
-223.0767525411304
 20
95.93173879384995
 30
3.000000000000002
  0
VERTEX
  5
7D0
  8
DEFAULT
 10
-223.3003722406085
 20
95.8973697423935
 30
3.000000000000002
  0
VERTEX
  5
7D1
  8
DEFAULT
 10
-223.4888745523151
 20
95.83801311254501
 30
3.000000000000002
  0
VERTEX
  5
7D2
  8
DEFAULT
 10
-223.4939621663745
 20
95.82267582416534
 30
3.000000000000002
  0
VERTEX
  5
7D3
  8
DEFAULT
 10
-223.4989556050952
 20
95.80730766057968
 30
3.000000000000002
  0
VERTEX
  5
7D4
  8
DEFAULT
 10
-223.5038548684772
 20
95.79190915822983
 30
3.000000000000002
  0
VERTEX
  5
7D5
  8
DEFAULT
 10
-223.370540020531
 20
95.61487087607384
 30
3.000000000000002
  0
VERTEX
  5
7D6
  8
DEFAULT
 10
-223.2255314565356
 20
95.47384417057037
 30
3.000000000000002
  0
VERTEX
  5
7D7
  8
DEFAULT
 10
-223.1097468114551
 20
95.3930289298296
 30
3.000000000000002
  0
VERTEX
  5
7D8
  8
DEFAULT
 10
-223.1006484008487
 20
95.37053962051868
 30
3.000000000000002
  0
VERTEX
  5
7D9
  8
DEFAULT
 10
-223.0978946662601
 20
95.34643642604351
 30
3.000000000000002
  0
VERTEX
  5
7DA
  8
DEFAULT
 10
-223.1016857600864
 20
95.3224744796753
 30
3.000000000000002
  0
VERTEX
  5
7DB
  8
DEFAULT
 10
-223.1117458320315
 20
95.30039866268635
 30
3.000000000000002
  0
VERTEX
  5
7DC
  8
DEFAULT
 10
-223.1273423410113
 20
95.2818164974451
 30
3.000000000000002
  0
VERTEX
  5
7DD
  8
DEFAULT
 10
-223.2624531961139
 20
95.24072938412428
 30
3.000000000000002
  0
VERTEX
  5
7DE
  8
DEFAULT
 10
-223.4501153207477
 20
95.14772211632226
 30
3.000000000000002
  0
VERTEX
  5
7DF
  8
DEFAULT
 10
-223.6254419065173
 20
95.02423822879791
 30
3.000000000000002
  0
VERTEX
  5
7E0
  8
DEFAULT
 10
-223.6255408502277
 20
95.00807946920395
 30
3.000000000000002
  0
VERTEX
  5
7E1
  8
DEFAULT
 10
-223.6255408502277
 20
94.99192041158676
 30
3.000000000000002
  0
VERTEX
  5
7E2
  8
DEFAULT
 10
-223.6254419065173
 20
94.97576166689396
 30
3.000000000000002
  0
VERTEX
  5
7E3
  8
DEFAULT
 10
-223.4501153207477
 20
94.85227778553963
 30
3.000000000000002
  0
VERTEX
  5
7E4
  8
DEFAULT
 10
-223.2624531961139
 20
94.75927051901817
 30
3.000000000000002
  0
VERTEX
  5
7E5
  8
DEFAULT
 10
-223.1273620105441
 20
94.7181901037693
 30
3.000000000000002
  0
VERTEX
  5
7E6
  8
DEFAULT
 10
-223.1117595410998
 20
94.69961303472519
 30
3.000000000000002
  0
VERTEX
  5
7E7
  8
DEFAULT
 10
-223.101692197388
 20
94.67754051089287
 30
3.000000000000002
  0
VERTEX
  5
7E8
  8
DEFAULT
 10
-223.0978931165393
 20
94.65357980132103
 30
3.000000000000002
  0
VERTEX
  5
7E9
  8
DEFAULT
 10
-223.1006389833148
 20
94.62947571277618
 30
3.000000000000002
  0
VERTEX
  5
7EA
  8
DEFAULT
 10
-223.1097301221545
 20
94.60698342323303
 30
3.000000000000002
  0
VERTEX
  5
7EB
  8
DEFAULT
 10
-223.2255314565356
 20
94.52615571022034
 30
3.000000000000002
  0
VERTEX
  5
7EC
  8
DEFAULT
 10
-223.370540020531
 20
94.3851290345192
 30
3.000000000000002
  0
VERTEX
  5
7ED
  8
DEFAULT
 10
-223.5038548684772
 20
94.20809072256088
 30
3.000000000000002
  0
VERTEX
  5
7EE
  8
DEFAULT
 10
-223.4989556050952
 20
94.19269222021103
 30
3.000000000000002
  0
VERTEX
  5
7EF
  8
DEFAULT
 10
-223.4939621663745
 20
94.17732405662537
 30
3.000000000000002
  0
VERTEX
  5
7F0
  8
DEFAULT
 10
-223.4888745523151
 20
94.1619867682457
 30
3.000000000000002
  0
VERTEX
  5
7F1
  8
DEFAULT
 10
-223.3003722406085
 20
94.10263013839722
 30
3.000000000000002
  0
VERTEX
  5
7F2
  8
DEFAULT
 10
-223.0767525411304
 20
94.06826114654541
 30
3.000000000000002
  0
VERTEX
  5
7F3
  8
DEFAULT
 10
-222.935578582352
 20
94.07093679904938
 30
3.000000000000002
  0
VERTEX
  5
7F4
  8
DEFAULT
 10
-222.914999125069
 20
94.05809044837952
 30
3.000000000000002
  0
VERTEX
  5
7F5
  8
DEFAULT
 10
-222.8986036754306
 20
94.04020917415619
 30
3.000000000000002
  0
VERTEX
  5
7F6
  8
DEFAULT
 10
-222.8875863528903
 20
94.01859509944916
 30
3.000000000000002
  0
VERTEX
  5
7F7
  8
DEFAULT
 10
-222.8827493167575
 20
93.99482226371765
 30
3.000000000000002
  0
VERTEX
  5
7F8
  8
DEFAULT
 10
-222.8844448304828
 20
93.97062158584595
 30
3.000000000000002
  0
VERTEX
  5
7F9
  8
DEFAULT
 10
-222.9696013904269
 20
93.85796523094177
 30
3.000000000000002
  0
VERTEX
  5
7FA
  8
DEFAULT
 10
-223.0605162358935
 20
93.68691539764404
 30
3.000000000000002
  0
VERTEX
  5
7FB
  8
DEFAULT
 10
-223.1360150552447
 20
93.4694607257843
 30
3.000000000000002
  0
VERTEX
  5
7FC
  8
DEFAULT
 10
-223.1265972829516
 20
93.45632982254028
 30
3.000000000000002
  0
VERTEX
  5
7FD
  8
DEFAULT
 10
-223.117099402016
 20
93.44325685501099
 30
3.000000000000002
  0
VERTEX
  5
7FE
  8
DEFAULT
 10
-223.1075214124377
 20
93.43024241924286
 30
3.000000000000002
  0
VERTEX
  5
7FF
  8
DEFAULT
 10
-222.8406970477756
 20
93.43895828723907
 30
3.000000000000002
  0
VERTEX
  5
800
  8
DEFAULT
 10
-222.6866070008929
 20
93.468456864357
 30
3.000000000000002
  0
VERTEX
  5
801
  8
DEFAULT
 10
-222.5531694865878
 20
93.51462662220001
 30
3.000000000000002
  0
VERTEX
  5
802
  8
DEFAULT
 10
-222.5296273208316
 20
93.50876832008362
 30
3.000000000000002
  0
VERTEX
  5
803
  8
DEFAULT
 10
-222.5085089183505
 20
93.49682879447937
 30
3.000000000000002
  0
VERTEX
  5
804
  8
DEFAULT
 10
-222.4913517213519
 20
93.47967720031738
 30
3.000000000000002
  0
VERTEX
  5
805
  8
DEFAULT
 10
-222.4794051623996
 20
93.45856249332428
 30
3.000000000000002
  0
VERTEX
  5
806
  8
DEFAULT
 10
-222.4735391116794
 20
93.43502235412598
 30
3.000000000000002
  0
VERTEX
  5
807
  8
DEFAULT
 10
-222.5197151876147
 20
93.3015650510788
 30
3.000000000000002
  0
VERTEX
  5
808
  8
DEFAULT
 10
-222.5492136455234
 20
93.14747488498688
 30
3.000000000000002
  0
VERTEX
  5
809
  8
DEFAULT
 10
-222.5579295135196
 20
92.880650639534
 30
3.000000000000002
  0
VERTEX
  5
80A
  8
DEFAULT
 10
-222.5449150777515
 20
92.87107264995575
 30
3.000000000000002
  0
VERTEX
  5
80B
  8
DEFAULT
 10
-222.5318421102222
 20
92.86157476902008
 30
3.000000000000002
  0
VERTEX
  5
80C
  8
DEFAULT
 10
-222.5187112069781
 20
92.85215699672699
 30
3.000000000000002
  0
VERTEX
  5
80D
  8
DEFAULT
 10
-222.301256594723
 20
92.92765581607819
 30
3.000000000000002
  0
VERTEX
  5
80E
  8
DEFAULT
 10
-222.1302067018207
 20
93.01857054233551
 30
3.000000000000002
  0
VERTEX
  5
80F
  8
DEFAULT
 10
-222.0175674534495
 20
93.10371506214142
 30
3.000000000000002
  0
VERTEX
  5
810
  8
DEFAULT
 10
-221.9933673120196
 20
93.1054185628891
 30
3.000000000000002
  0
VERTEX
  5
811
  8
DEFAULT
 10
-221.9695928073581
 20
93.1005893945694
 30
3.000000000000002
  0
VERTEX
  5
812
  8
DEFAULT
 10
-221.947975215977
 20
93.08957898616791
 30
3.000000000000002
  0
VERTEX
  5
813
  8
DEFAULT
 10
-221.9300885773357
 20
93.07318961620331
 30
3.000000000000002
  0
VERTEX
  5
814
  8
DEFAULT
 10
-221.9172354913409
 20
93.05261409282684
 30
3.000000000000002
  0
VERTEX
  5
815
  8
DEFAULT
 10
-221.9199108458217
 20
92.91141951084137
 30
3.000000000000002
  0
VERTEX
  5
816
  8
DEFAULT
 10
-221.8855418539699
 20
92.68779981136322
 30
3.000000000000002
  0
VERTEX
  5
817
  8
DEFAULT
 10
-221.8261852241214
 20
92.4992972612381
 30
3.000000000000002
  0
VERTEX
  5
818
  8
DEFAULT
 10
-221.8108479059394
 20
92.49420964717865
 30
3.000000000000002
  0
VERTEX
  5
819
  8
DEFAULT
 10
-221.7954797721561
 20
92.48921644687653
 30
3.000000000000002
  0
VERTEX
  5
81A
  8
DEFAULT
 10
-221.7800812698062
 20
92.48431718349457
 30
3.000000000000002
  0
VERTEX
  5
81B
  8
DEFAULT
 10
-221.6030429727491
 20
92.61763203144073
 30
3.000000000000002
  0
VERTEX
  5
81C
  8
DEFAULT
 10
-221.4620162523444
 20
92.7626405954361
 30
3.000000000000002
  0
VERTEX
  5
81D
  8
DEFAULT
 10
-221.3812010213825
 20
92.87842524051666
 30
3.000000000000002
  0
VERTEX
  5
81E
  8
DEFAULT
 10
-221.3587117125373
 20
92.88752353191376
 30
3.000000000000002
  0
VERTEX
  5
81F
  8
DEFAULT
 10
-221.3346085189934
 20
92.89027726650238
 30
3.000000000000002
  0
VERTEX
  5
820
  8
DEFAULT
 10
-221.3106465763505
 20
92.88648617267609
 30
3.000000000000002
  0
VERTEX
  5
821
  8
DEFAULT
 10
-221.2885707668121
 20
92.8764261007309
 30
3.000000000000002
  0
VERTEX
  5
822
  8
DEFAULT
 10
-221.2699885941203
 20
92.86082971096039
 30
3.000000000000002
  0
VERTEX
  5
823
  8
DEFAULT
 10
-221.2289014733489
 20
92.72571885585785
 30
3.000000000000002
  0
VERTEX
  5
824
  8
DEFAULT
 10
-221.1358942068275
 20
92.53805673122406
 30
3.000000000000002
  0
VERTEX
  5
825
  8
DEFAULT
 10
-221.012410310572
 20
92.36272990703583
 30
3.000000000000002
  0
VERTEX
  5
826
  8
DEFAULT
 10
-220.9962515807803
 20
92.36263120174408
 30
3.000000000000002
  0
VERTEX
  5
827
  8
DEFAULT
 10
-220.9800925231631
 20
92.36263120174408
 30
3.000000000000002
  0
VERTEX
  5
828
  8
DEFAULT
 10
-220.9639337635692
 20
92.36272990703583
 30
3.000000000000002
  0
VERTEX
  5
829
  8
DEFAULT
 10
-220.8404498673137
 20
92.53805673122406
 30
3.000000000000002
  0
VERTEX
  5
82A
  8
DEFAULT
 10
-220.7474426007922
 20
92.72571885585785
 30
3.000000000000002
  0
VERTEX
  5
82B
  8
DEFAULT
 10
-220.7063621855434
 20
92.86080992221832
 30
3.000000000000002
  0
VERTEX
  5
82C
  8
DEFAULT
 10
-220.6877851463016
 20
92.87641251087189
 30
3.000000000000002
  0
VERTEX
  5
82D
  8
DEFAULT
 10
-220.6657125926669
 20
92.88647973537445
 30
3.000000000000002
  0
VERTEX
  5
82E
  8
DEFAULT
 10
-220.6417518830951
 20
92.89027893543243
 30
3.000000000000002
  0
VERTEX
  5
82F
  8
DEFAULT
 10
-220.6176478243526
 20
92.88753306865692
 30
3.000000000000002
  0
VERTEX
  5
830
  8
DEFAULT
 10
-220.5951555348094
 20
92.8784419298172
 30
3.000000000000002
  0
VERTEX
  5
831
  8
DEFAULT
 10
-220.5143278217967
 20
92.7626405954361
 30
3.000000000000002
  0
VERTEX
  5
832
  8
DEFAULT
 10
-220.3733011460956
 20
92.61763203144073
 30
3.000000000000002
  0
VERTEX
  5
833
  8
DEFAULT
 10
-220.1962628341373
 20
92.48431718349457
 30
3.000000000000002
  0
VERTEX
  5
834
  8
DEFAULT
 10
-220.1808643317874
 20
92.48921644687653
 30
3.000000000000002
  0
VERTEX
  5
835
  8
DEFAULT
 10
-220.1654962278064
 20
92.49420964717865
 30
3.000000000000002
  0
VERTEX
  5
836
  8
DEFAULT
 10
-220.1501588798221
 20
92.4992972612381
 30
3.000000000000002
  0
VERTEX
  5
837
  8
DEFAULT
 10
-220.0908021903689
 20
92.68779981136322
 30
3.000000000000002
  0
VERTEX
  5
838
  8
DEFAULT
 10
-220.0564331985171
 20
92.91141951084137
 30
3.000000000000002
  0
VERTEX
  5
839
  8
DEFAULT
 10
-220.0591088510211
 20
93.05259335041046
 30
3.000000000000002
  0
VERTEX
  5
83A
  8
DEFAULT
 10
-220.0462625003512
 20
93.07317292690277
 30
3.000000000000002
  0
VERTEX
  5
83B
  8
DEFAULT
 10
-220.0283812261279
 20
93.08956825733185
 30
3.000000000000002
  0
VERTEX
  5
83C
  8
DEFAULT
 10
-220.0067672706302
 20
93.10058557987213
 30
3.000000000000002
  0
VERTEX
  5
83D
  8
DEFAULT
 10
-219.9829943156894
 20
93.10542261600494
 30
3.000000000000002
  0
VERTEX
  5
83E
  8
DEFAULT
 10
-219.9587936378177
 20
93.10372722148895
 30
3.000000000000002
  0
VERTEX
  5
83F
  8
DEFAULT
 10
-219.8461374021228
 20
93.01857054233551
 30
3.000000000000002
  0
VERTEX
  5
840
  8
DEFAULT
 10
-219.6750875688251
 20
92.92765581607819
 30
3.000000000000002
  0
VERTEX
  5
841
  8
DEFAULT
 10
-219.457632777756
 20
92.85215699672699
 30
3.000000000000002
  0
VERTEX
  5
842
  8
DEFAULT
 10
-219.4445019937213
 20
92.86157476902008
 30
3.000000000000002
  0
VERTEX
  5
843
  8
DEFAULT
 10
-219.431429026192
 20
92.87107264995575
 30
3.000000000000002
  0
VERTEX
  5
844
  8
DEFAULT
 10
-219.4184144712146
 20
92.880650639534
 30
3.000000000000002
  0
VERTEX
  5
845
  8
DEFAULT
 10
-219.4271304584201
 20
93.14747488498688
 30
3.000000000000002
  0
VERTEX
  5
846
  8
DEFAULT
 10
-219.4566289163287
 20
93.3015650510788
 30
3.000000000000002
  0
VERTEX
  5
847
  8
DEFAULT
 10
-219.5027986741717
 20
93.43500244617462
 30
3.000000000000002
  0
VERTEX
  5
848
  8
DEFAULT
 10
-219.4969404912646
 20
93.45854461193085
 30
3.000000000000002
  0
VERTEX
  5
849
  8
DEFAULT
 10
-219.4850008464511
 20
93.47966313362122
 30
3.000000000000002
  0
VERTEX
  5
84A
  8
DEFAULT
 10
-219.4678492522891
 20
93.49682033061981
 30
3.000000000000002
  0
VERTEX
  5
84B
  8
DEFAULT
 10
-219.446734545296
 20
93.50876688957214
 30
3.000000000000002
  0
VERTEX
  5
84C
  8
DEFAULT
 10
-219.4231944060977
 20
93.51463282108307
 30
3.000000000000002
  0
VERTEX
  5
84D
  8
DEFAULT
 10
-219.2897371030505
 20
93.468456864357
 30
3.000000000000002
  0
VERTEX
  5
84E
  8
DEFAULT
 10
-219.1356469369586
 20
93.43895828723907
 30
3.000000000000002
  0
VERTEX
  5
84F
  8
DEFAULT
 10
-218.8688226915057
 20
93.43024241924286
 30
3.000000000000002
  0
VERTEX
  5
850
  8
DEFAULT
 10
-218.8592447019275
 20
93.44325685501099
 30
3.000000000000002
  0
VERTEX
  5
851
  8
DEFAULT
 10
-218.8497468209918
 20
93.45632982254028
 30
3.000000000000002
  0
VERTEX
  5
852
  8
DEFAULT
 10
-218.8403290486987
 20
93.4694607257843
 30
3.000000000000002
  0
VERTEX
  5
853
  8
DEFAULT
 10
-218.9158278680499
 20
93.68691539764404
 30
3.000000000000002
  0
VERTEX
  5
854
  8
DEFAULT
 10
-219.0067428327258
 20
93.85796523094177
 30
3.000000000000002
  0
VERTEX
  5
855
  8
DEFAULT
 10
-219.0918873525317
 20
93.97060453891754
 30
3.000000000000002
  0
VERTEX
  5
856
  8
DEFAULT
 10
-219.0935906148608
 20
93.9948046207428
 30
3.000000000000002
  0
VERTEX
  5
857
  8
DEFAULT
 10
-219.0887614465411
 20
94.01857912540436
 30
3.000000000000002
  0
VERTEX
  5
858
  8
DEFAULT
 10
-219.0777510381396
 20
94.04019677639008
 30
3.000000000000002
  0
VERTEX
  5
859
  8
DEFAULT
 10
-219.061361668175
 20
94.05808341503143
 30
3.000000000000002
  0
VERTEX
  5
85A
  8
DEFAULT
 10
-219.0407861447986
 20
94.07093644142151
 30
3.000000000000002
  0
VERTEX
  5
85B
  8
DEFAULT
 10
-218.8995915628131
 20
94.06826114654541
 30
3.000000000000002
  0
VERTEX
  5
85C
  8
DEFAULT
 10
-218.675971863335
 20
94.10263013839722
 30
3.000000000000002
  0
VERTEX
  5
85D
  8
DEFAULT
 10
-218.4874695516284
 20
94.1619867682457
 30
3.000000000000002
  0
VERTEX
  5
85E
  8
DEFAULT
 10
-218.482381937569
 20
94.17732405662537
 30
3.000000000000002
  0
VERTEX
  5
85F
  8
DEFAULT
 10
-218.4773884988483
 20
94.19269222021103
 30
3.000000000000002
  0
VERTEX
  5
860
  8
DEFAULT
 10
-218.4724892354663
 20
94.20809072256088
 30
3.000000000000002
  0
VERTEX
  5
861
  8
DEFAULT
 10
-218.6058040834125
 20
94.3851290345192
 30
3.000000000000002
  0
VERTEX
  5
862
  8
DEFAULT
 10
-218.7508126474078
 20
94.52615571022034
 30
3.000000000000002
  0
VERTEX
  5
863
  8
DEFAULT
 10
-218.8665972924884
 20
94.60697096586227
 30
3.000000000000002
  0
VERTEX
  5
864
  8
DEFAULT
 10
-218.8756955838855
 20
94.62946027517319
 30
3.000000000000002
  0
VERTEX
  5
865
  8
DEFAULT
 10
-218.8784493184741
 20
94.65356346964836
 30
3.000000000000002
  0
VERTEX
  5
866
  8
DEFAULT
 10
-218.8746582246478
 20
94.67752540111542
 30
3.000000000000002
  0
VERTEX
  5
867
  8
DEFAULT
 10
-218.8645981527026
 20
94.69960123300552
 30
3.000000000000002
  0
VERTEX
  5
868
  8
DEFAULT
 10
-218.8490017629321
 20
94.71818339824677
 30
3.000000000000002
  0
VERTEX
  5
869
  8
DEFAULT
 10
-218.7138909078296
 20
94.75927051901817
 30
3.000000000000002
  0
VERTEX
  5
86A
  8
DEFAULT
 10
-218.5262287831958
 20
94.85227778553963
 30
3.000000000000002
  0
VERTEX
  5
86B
  8
DEFAULT
 10
-218.3509021974261
 20
94.97576166689396
 30
3.000000000000002
  0
VERTEX
  5
86C
  8
DEFAULT
 10
-218.3508032537158
 20
94.99192041158676
 30
3.000000000000002
  0
VERTEX
  5
86D
  8
DEFAULT
 10
-218.3508032537158
 20
95.00807946920395
 30
3.000000000000002
  0
VERTEX
  5
86E
  8
DEFAULT
 10
-218.3509021974261
 20
95.02423822879791
 30
3.000000000000002
  0
VERTEX
  5
86F
  8
DEFAULT
 10
-218.5262287831958
 20
95.14772211632226
 30
3.000000000000002
  0
VERTEX
  5
870
  8
DEFAULT
 10
-218.7138909078296
 20
95.24072938412428
 30
3.000000000000002
  0
VERTEX
  5
871
  8
DEFAULT
 10
-218.8489819741901
 20
95.28180979192257
 30
3.000000000000002
  0
SEQEND
  5
872
  8
DEFAULT
  0
POLYLINE
  5
873
  8
DEFAULT
 66
     1
 10
0.0
 20
0.0
 30
3.000000000000001
 70
     1
  0
VERTEX
  5
874
  8
DEFAULT
 10
-210.8133757668758
 20
99.83610242216736
 30
3.000000000000001
  0
VERTEX
  5
875
  8
DEFAULT
 10
-211.2138477806052
 20
99.6459782327122
 30
3.000000000000001
 42
-0.0252781135731094
  0
VERTEX
  5
876
  8
DEFAULT
 10
-210.7949426903463
 20
98.63465188246192
 30
3.000000000000001
  0
VERTEX
  5
877
  8
DEFAULT
 10
-210.3773281101314
 20
98.7833902554141
 30
3.000000000000001
 42
-0.1124176414147863
  0
VERTEX
  5
878
  8
DEFAULT
 10
-208.5403067517129
 20
98.70891414818263
 30
3.000000000000001
 42
-0.0137614538650047
  0
VERTEX
  5
879
  8
DEFAULT
 10
-208.3551320495306
 20
98.01783275136185
 30
3.000000000000001
 42
-0.1124176414147537
  0
VERTEX
  5
87A
  8
DEFAULT
 10
-209.9088011595999
 20
97.03482387131518
 30
3.000000000000001
  0
VERTEX
  5
87B
  8
DEFAULT
 10
-210.3448351815329
 20
96.95482779070188
 30
3.000000000000001
 42
-0.0252781135731271
  0
VERTEX
  5
87C
  8
DEFAULT
 10
-210.2019544563466
 20
95.86954093473909
 30
3.000000000000001
  0
VERTEX
  5
87D
  8
DEFAULT
 10
-209.7600734242246
 20
95.9051245636617
 30
3.000000000000001
 42
-0.1124176414147577
  0
VERTEX
  5
87E
  8
DEFAULT
 10
-208.0049228856401
 20
95.35773005442653
 30
3.000000000000001
 42
-0.0137614538649844
  0
VERTEX
  5
87F
  8
DEFAULT
 10
-208.0049228856402
 20
94.64226994557347
 30
3.000000000000001
 42
-0.1124176414147666
  0
VERTEX
  5
880
  8
DEFAULT
 10
-209.7600734242246
 20
94.0948754363383
 30
3.000000000000001
  0
VERTEX
  5
881
  8
DEFAULT
 10
-210.2019544563466
 20
94.13045906526091
 30
3.000000000000001
 42
-0.0252781135731167
  0
VERTEX
  5
882
  8
DEFAULT
 10
-210.3448351815329
 20
93.04517220929812
 30
3.000000000000001
  0
VERTEX
  5
883
  8
DEFAULT
 10
-209.9088011595999
 20
92.96517612868482
 30
3.000000000000001
 42
-0.1124176414147734
  0
VERTEX
  5
884
  8
DEFAULT
 10
-208.3551320495306
 20
91.98216724863813
 30
3.000000000000001
 42
-0.0137614538650049
  0
VERTEX
  5
885
  8
DEFAULT
 10
-208.5403067517129
 20
91.29108585181733
 30
3.000000000000001
 42
-0.112417641414756
  0
VERTEX
  5
886
  8
DEFAULT
 10
-210.3773281101314
 20
91.21660974458591
 30
3.000000000000001
  0
VERTEX
  5
887
  8
DEFAULT
 10
-210.7949426903463
 20
91.36534811753808
 30
3.000000000000001
 42
-0.0252781135731285
  0
VERTEX
  5
888
  8
DEFAULT
 10
-211.2138477806053
 20
90.35402176728782
 30
3.000000000000001
  0
VERTEX
  5
889
  8
DEFAULT
 10
-210.8133757668758
 20
90.16389757783261
 30
3.000000000000001
 42
-0.1124176414147699
  0
VERTEX
  5
88A
  8
DEFAULT
 10
-209.5670680676133
 20
88.81226475765062
 30
3.000000000000001
 42
-0.0137614538650107
  0
VERTEX
  5
88B
  8
DEFAULT
 10
-209.9247981220398
 20
88.19265812798947
 30
3.000000000000001
 42
-0.1124176414147643
  0
VERTEX
  5
88C
  8
DEFAULT
 10
-211.7185003305375
 20
88.59617584639196
 30
3.000000000000001
  0
VERTEX
  5
88D
  8
DEFAULT
 10
-212.0833887153444
 20
88.84793268905878
 30
3.000000000000001
 42
-0.0252781135731426
  0
VERTEX
  5
88E
  8
DEFAULT
 10
-212.7497704810482
 20
87.9794870639948
 30
3.000000000000001
  0
VERTEX
  5
88F
  8
DEFAULT
 10
-212.4121519814466
 20
87.69219141501401
 30
3.000000000000001
 42
-0.1124176414148006
  0
VERTEX
  5
890
  8
DEFAULT
 10
-211.5581395030748
 20
86.06404619771327
 30
3.000000000000001
 42
-0.0137614538650126
  0
VERTEX
  5
891
  8
DEFAULT
 10
-212.0640461977133
 20
85.55813950307477
 30
3.000000000000001
 42
-0.1124176414147687
  0
VERTEX
  5
892
  8
DEFAULT
 10
-213.692191415014
 20
86.4121519814466
 30
3.000000000000001
  0
VERTEX
  5
893
  8
DEFAULT
 10
-213.9794870639948
 20
86.74977048104822
 30
3.000000000000001
 42
-0.0252781135731339
  0
VERTEX
  5
894
  8
DEFAULT
 10
-214.8479326890588
 20
86.08338871534434
 30
3.000000000000001
  0
VERTEX
  5
895
  8
DEFAULT
 10
-214.5961758463919
 20
85.7185003305375
 30
3.000000000000001
 42
-0.1124176414147444
  0
VERTEX
  5
896
  8
DEFAULT
 10
-214.1926581279895
 20
83.92479812203983
 30
3.000000000000001
 42
-0.0137614538650055
  0
VERTEX
  5
897
  8
DEFAULT
 10
-214.8122647576506
 20
83.56706806761329
 30
3.000000000000001
 42
-0.1124176414147658
  0
VERTEX
  5
898
  8
DEFAULT
 10
-216.1638975778326
 20
84.8133757668758
 30
3.000000000000001
  0
VERTEX
  5
899
  8
DEFAULT
 10
-216.3540217672878
 20
85.21384778060526
 30
3.000000000000001
 42
-0.0252781135731276
  0
VERTEX
  5
89A
  8
DEFAULT
 10
-217.3653481175381
 20
84.79494269034632
 30
3.000000000000001
  0
VERTEX
  5
89B
  8
DEFAULT
 10
-217.2166097445859
 20
84.37732811013143
 30
3.000000000000001
 42
-0.1124176414148044
  0
VERTEX
  5
89C
  8
DEFAULT
 10
-217.2910858518174
 20
82.54030675171292
 30
3.000000000000001
 42
-0.0137614538650088
  0
VERTEX
  5
89D
  8
DEFAULT
 10
-217.9821672486381
 20
82.35513204953061
 30
3.000000000000001
 42
-0.1124176414147885
  0
VERTEX
  5
89E
  8
DEFAULT
 10
-218.9651761286848
 20
83.9088011595999
 30
3.000000000000001
  0
VERTEX
  5
89F
  8
DEFAULT
 10
-219.0451722092981
 20
84.34483518153286
 30
3.000000000000001
 42
-0.0252781135731202
  0
VERTEX
  5
8A0
  8
DEFAULT
 10
-220.1304590652609
 20
84.2019544563466
 30
3.000000000000001
  0
VERTEX
  5
8A1
  8
DEFAULT
 10
-220.0948754363383
 20
83.76007342422457
 30
3.000000000000001
 42
-0.1124176414147552
  0
VERTEX
  5
8A2
  8
DEFAULT
 10
-220.6422699455734
 20
82.00492288564013
 30
3.000000000000001
 42
-0.0137614538650085
  0
VERTEX
  5
8A3
  8
DEFAULT
 10
-221.3577300544265
 20
82.00492288564011
 30
3.000000000000001
 42
-0.1124176414147761
  0
VERTEX
  5
8A4
  8
DEFAULT
 10
-221.9051245636617
 20
83.76007342422457
 30
3.000000000000001
  0
VERTEX
  5
8A5
  8
DEFAULT
 10
-221.8695409347391
 20
84.2019544563466
 30
3.000000000000001
 42
-0.0252781135731299
  0
VERTEX
  5
8A6
  8
DEFAULT
 10
-222.9548277907019
 20
84.34483518153287
 30
3.000000000000001
  0
VERTEX
  5
8A7
  8
DEFAULT
 10
-223.0348238713152
 20
83.9088011595999
 30
3.000000000000001
 42
-0.1124176414147473
  0
VERTEX
  5
8A8
  8
DEFAULT
 10
-224.0178327513619
 20
82.35513204953064
 30
3.000000000000001
 42
-0.0137614538650141
  0
VERTEX
  5
8A9
  8
DEFAULT
 10
-224.7089141481826
 20
82.54030675171293
 30
3.000000000000001
 42
-0.1124176414147401
  0
VERTEX
  5
8AA
  8
DEFAULT
 10
-224.7833902554141
 20
84.37732811013143
 30
3.000000000000001
  0
VERTEX
  5
8AB
  8
DEFAULT
 10
-224.6346518824619
 20
84.79494269034633
 30
3.000000000000001
 42
-0.0252781135731323
  0
VERTEX
  5
8AC
  8
DEFAULT
 10
-225.6459782327122
 20
85.21384778060526
 30
3.000000000000001
  0
VERTEX
  5
8AD
  8
DEFAULT
 10
-225.8361024221674
 20
84.8133757668758
 30
3.000000000000001
 42
-0.1124176414147749
  0
VERTEX
  5
8AE
  8
DEFAULT
 10
-227.1877352423494
 20
83.56706806761326
 30
3.000000000000001
 42
-0.0137614538649862
  0
VERTEX
  5
8AF
  8
DEFAULT
 10
-227.8073418720105
 20
83.92479812203983
 30
3.000000000000001
 42
-0.1124176414147636
  0
VERTEX
  5
8B0
  8
DEFAULT
 10
-227.4038241536081
 20
85.7185003305375
 30
3.000000000000001
  0
VERTEX
  5
8B1
  8
DEFAULT
 10
-227.1520673109412
 20
86.08338871534438
 30
3.000000000000001
 42
-0.0252781135731248
  0
VERTEX
  5
8B2
  8
DEFAULT
 10
-228.0205129360052
 20
86.7497704810482
 30
3.000000000000001
  0
VERTEX
  5
8B3
  8
DEFAULT
 10
-228.307808584986
 20
86.41215198144661
 30
3.000000000000001
 42
-0.1124176414147524
  0
VERTEX
  5
8B4
  8
DEFAULT
 10
-229.9359538022867
 20
85.5581395030748
 30
3.000000000000001
 42
-0.0137614538650116
  0
VERTEX
  5
8B5
  8
DEFAULT
 10
-230.4418604969252
 20
86.06404619771327
 30
3.000000000000001
 42
-0.1124176414147584
  0
VERTEX
  5
8B6
  8
DEFAULT
 10
-229.5878480185534
 20
87.69219141501402
 30
3.000000000000001
  0
VERTEX
  5
8B7
  8
DEFAULT
 10
-229.2502295189518
 20
87.9794870639948
 30
3.000000000000001
 42
-0.0252781135731232
  0
VERTEX
  5
8B8
  8
DEFAULT
 10
-229.9166112846557
 20
88.84793268905878
 30
3.000000000000001
  0
VERTEX
  5
8B9
  8
DEFAULT
 10
-230.2814996694625
 20
88.59617584639196
 30
3.000000000000001
 42
-0.1124176414147865
  0
VERTEX
  5
8BA
  8
DEFAULT
 10
-232.0752018779602
 20
88.1926581279895
 30
3.000000000000001
 42
-0.0137614538650015
  0
VERTEX
  5
8BB
  8
DEFAULT
 10
-232.4329319323867
 20
88.81226475765064
 30
3.000000000000001
 42
-0.1124176414147817
  0
VERTEX
  5
8BC
  8
DEFAULT
 10
-231.1866242331242
 20
90.16389757783264
 30
3.000000000000001
  0
VERTEX
  5
8BD
  8
DEFAULT
 10
-230.7861522193948
 20
90.3540217672878
 30
3.000000000000001
 42
-0.0252781135731217
  0
VERTEX
  5
8BE
  8
DEFAULT
 10
-231.2050573096537
 20
91.36534811753808
 30
3.000000000000001
  0
VERTEX
  5
8BF
  8
DEFAULT
 10
-231.6226718898686
 20
91.2166097445859
 30
3.000000000000001
 42
-0.1124176414147742
  0
VERTEX
  5
8C0
  8
DEFAULT
 10
-233.4596932482871
 20
91.29108585181737
 30
3.000000000000001
 42
-0.0137614538650061
  0
VERTEX
  5
8C1
  8
DEFAULT
 10
-233.6448679504693
 20
91.98216724863813
 30
3.000000000000001
 42
-0.1124176414147489
  0
VERTEX
  5
8C2
  8
DEFAULT
 10
-232.0911988404001
 20
92.96517612868482
 30
3.000000000000001
  0
VERTEX
  5
8C3
  8
DEFAULT
 10
-231.6551648184671
 20
93.04517220929812
 30
3.000000000000001
 42
-0.0252781135731271
  0
VERTEX
  5
8C4
  8
DEFAULT
 10
-231.7980455436534
 20
94.13045906526091
 30
3.000000000000001
  0
VERTEX
  5
8C5
  8
DEFAULT
 10
-232.2399265757754
 20
94.0948754363383
 30
3.000000000000001
 42
-0.1124176414147517
  0
VERTEX
  5
8C6
  8
DEFAULT
 10
-233.9950771143599
 20
94.64226994557346
 30
3.000000000000001
 42
-0.0137614538650094
  0
VERTEX
  5
8C7
  8
DEFAULT
 10
-233.9950771143598
 20
95.35773005442653
 30
3.000000000000001
 42
-0.1124176414147681
  0
VERTEX
  5
8C8
  8
DEFAULT
 10
-232.2399265757754
 20
95.9051245636617
 30
3.000000000000001
  0
VERTEX
  5
8C9
  8
DEFAULT
 10
-231.7980455436534
 20
95.86954093473909
 30
3.000000000000001
 42
-0.0252781135731119
  0
VERTEX
  5
8CA
  8
DEFAULT
 10
-231.6551648184671
 20
96.95482779070188
 30
3.000000000000001
  0
VERTEX
  5
8CB
  8
DEFAULT
 10
-232.0911988404001
 20
97.03482387131518
 30
3.000000000000001
 42
-0.1124176414147537
  0
VERTEX
  5
8CC
  8
DEFAULT
 10
-233.6448679504694
 20
98.01783275136187
 30
3.000000000000001
 42
-0.0137614538650111
  0
VERTEX
  5
8CD
  8
DEFAULT
 10
-233.4596932482871
 20
98.70891414818261
 30
3.000000000000001
 42
-0.1124176414148036
  0
VERTEX
  5
8CE
  8
DEFAULT
 10
-231.6226718898686
 20
98.7833902554141
 30
3.000000000000001
  0
VERTEX
  5
8CF
  8
DEFAULT
 10
-231.2050573096537
 20
98.63465188246192
 30
3.000000000000001
 42
-0.0252781135731304
  0
VERTEX
  5
8D0
  8
DEFAULT
 10
-230.7861522193948
 20
99.64597823271218
 30
3.000000000000001
  0
VERTEX
  5
8D1
  8
DEFAULT
 10
-231.1866242331242
 20
99.83610242216737
 30
3.000000000000001
 42
-0.1124176414148007
  0
VERTEX
  5
8D2
  8
DEFAULT
 10
-232.4329319323867
 20
101.1877352423494
 30
3.000000000000001
 42
-0.013761453865003
  0
VERTEX
  5
8D3
  8
DEFAULT
 10
-232.0752018779602
 20
101.8073418720105
 30
3.000000000000001
 42
-0.1124176414147827
  0
VERTEX
  5
8D4
  8
DEFAULT
 10
-230.2814996694625
 20
101.4038241536081
 30
3.000000000000001
  0
VERTEX
  5
8D5
  8
DEFAULT
 10
-229.9166112846557
 20
101.1520673109412
 30
3.000000000000001
 42
-0.0252781135731254
  0
VERTEX
  5
8D6
  8
DEFAULT
 10
-229.2502295189518
 20
102.0205129360052
 30
3.000000000000001
  0
VERTEX
  5
8D7
  8
DEFAULT
 10
-229.5878480185534
 20
102.307808584986
 30
3.000000000000001
 42
-0.1124176414148376
  0
VERTEX
  5
8D8
  8
DEFAULT
 10
-230.4418604969252
 20
103.9359538022867
 30
3.000000000000001
 42
-0.0137614538650271
  0
VERTEX
  5
8D9
  8
DEFAULT
 10
-229.9359538022867
 20
104.4418604969252
 30
3.000000000000001
 42
-0.1124176414147631
  0
VERTEX
  5
8DA
  8
DEFAULT
 10
-228.307808584986
 20
103.5878480185534
 30
3.000000000000001
  0
VERTEX
  5
8DB
  8
DEFAULT
 10
-228.0205129360052
 20
103.2502295189518
 30
3.000000000000001
 42
-0.0252781135731261
  0
VERTEX
  5
8DC
  8
DEFAULT
 10
-227.1520673109412
 20
103.9166112846557
 30
3.000000000000001
  0
VERTEX
  5
8DD
  8
DEFAULT
 10
-227.4038241536081
 20
104.2814996694625
 30
3.000000000000001
 42
-0.1124176414147763
  0
VERTEX
  5
8DE
  8
DEFAULT
 10
-227.8073418720105
 20
106.0752018779602
 30
3.000000000000001
 42
-0.0137614538650086
  0
VERTEX
  5
8DF
  8
DEFAULT
 10
-227.1877352423494
 20
106.4329319323867
 30
3.000000000000001
 42
-0.1124176414147588
  0
VERTEX
  5
8E0
  8
DEFAULT
 10
-225.8361024221674
 20
105.1866242331242
 30
3.000000000000001
  0
VERTEX
  5
8E1
  8
DEFAULT
 10
-225.6459782327122
 20
104.7861522193947
 30
3.000000000000001
 42
-0.0252781135731275
  0
VERTEX
  5
8E2
  8
DEFAULT
 10
-224.6346518824619
 20
105.2050573096537
 30
3.000000000000001
  0
VERTEX
  5
8E3
  8
DEFAULT
 10
-224.7833902554141
 20
105.6226718898686
 30
3.000000000000001
 42
-0.1124176414147771
  0
VERTEX
  5
8E4
  8
DEFAULT
 10
-224.7089141481826
 20
107.4596932482871
 30
3.000000000000001
 42
-0.0137614538649972
  0
VERTEX
  5
8E5
  8
DEFAULT
 10
-224.0178327513619
 20
107.6448679504694
 30
3.000000000000001
 42
-0.1124176414147437
  0
VERTEX
  5
8E6
  8
DEFAULT
 10
-223.0348238713152
 20
106.0911988404001
 30
3.000000000000001
  0
VERTEX
  5
8E7
  8
DEFAULT
 10
-222.9548277907019
 20
105.6551648184671
 30
3.000000000000001
 42
-0.0252781135731317
  0
VERTEX
  5
8E8
  8
DEFAULT
 10
-221.8695409347391
 20
105.7980455436534
 30
3.000000000000001
  0
VERTEX
  5
8E9
  8
DEFAULT
 10
-221.9051245636617
 20
106.2399265757754
 30
3.000000000000001
 42
-0.1124176414147706
  0
VERTEX
  5
8EA
  8
DEFAULT
 10
-221.3577300544266
 20
107.9950771143599
 30
3.000000000000001
 42
-0.0137614538650098
  0
VERTEX
  5
8EB
  8
DEFAULT
 10
-220.6422699455735
 20
107.9950771143599
 30
3.000000000000001
 42
-0.1124176414147784
  0
VERTEX
  5
8EC
  8
DEFAULT
 10
-220.0948754363383
 20
106.2399265757754
 30
3.000000000000001
  0
VERTEX
  5
8ED
  8
DEFAULT
 10
-220.1304590652609
 20
105.7980455436534
 30
3.000000000000001
 42
-0.0252781135731266
  0
VERTEX
  5
8EE
  8
DEFAULT
 10
-219.0451722092981
 20
105.6551648184671
 30
3.000000000000001
  0
VERTEX
  5
8EF
  8
DEFAULT
 10
-218.9651761286848
 20
106.0911988404001
 30
3.000000000000001
 42
-0.1124176414148228
  0
VERTEX
  5
8F0
  8
DEFAULT
 10
-217.9821672486381
 20
107.6448679504694
 30
3.000000000000001
 42
-0.0137614538650236
  0
VERTEX
  5
8F1
  8
DEFAULT
 10
-217.2910858518173
 20
107.4596932482871
 30
3.000000000000001
 42
-0.1124176414147292
  0
VERTEX
  5
8F2
  8
DEFAULT
 10
-217.2166097445859
 20
105.6226718898686
 30
3.000000000000001
  0
VERTEX
  5
8F3
  8
DEFAULT
 10
-217.3653481175381
 20
105.2050573096537
 30
3.000000000000001
 42
-0.0252781135731177
  0
VERTEX
  5
8F4
  8
DEFAULT
 10
-216.3540217672878
 20
104.7861522193947
 30
3.000000000000001
  0
VERTEX
  5
8F5
  8
DEFAULT
 10
-216.1638975778326
 20
105.1866242331242
 30
3.000000000000001
 42
-0.1124176414147441
  0
VERTEX
  5
8F6
  8
DEFAULT
 10
-214.8122647576506
 20
106.4329319323867
 30
3.000000000000001
 42
-0.0137614538650109
  0
VERTEX
  5
8F7
  8
DEFAULT
 10
-214.1926581279895
 20
106.0752018779602
 30
3.000000000000001
 42
-0.1124176414146977
  0
VERTEX
  5
8F8
  8
DEFAULT
 10
-214.5961758463919
 20
104.2814996694625
 30
3.000000000000001
  0
VERTEX
  5
8F9
  8
DEFAULT
 10
-214.8479326890588
 20
103.9166112846557
 30
3.000000000000001
 42
-0.0252781135731179
  0
VERTEX
  5
8FA
  8
DEFAULT
 10
-213.9794870639948
 20
103.2502295189518
 30
3.000000000000001
  0
VERTEX
  5
8FB
  8
DEFAULT
 10
-213.692191415014
 20
103.5878480185534
 30
3.000000000000001
 42
-0.1124176414148084
  0
VERTEX
  5
8FC
  8
DEFAULT
 10
-212.0640461977133
 20
104.4418604969252
 30
3.000000000000001
 42
-0.0137614538650039
  0
VERTEX
  5
8FD
  8
DEFAULT
 10
-211.5581395030748
 20
103.9359538022867
 30
3.000000000000001
 42
-0.1124176414147845
  0
VERTEX
  5
8FE
  8
DEFAULT
 10
-212.4121519814466
 20
102.307808584986
 30
3.000000000000001
  0
VERTEX
  5
8FF
  8
DEFAULT
 10
-212.7497704810482
 20
102.0205129360052
 30
3.000000000000001
 42
-0.0252781135731255
  0
VERTEX
  5
900
  8
DEFAULT
 10
-212.0833887153443
 20
101.1520673109412
 30
3.000000000000001
  0
VERTEX
  5
901
  8
DEFAULT
 10
-211.7185003305375
 20
101.403824153608
 30
3.000000000000001
 42
-0.1124176414147816
  0
VERTEX
  5
902
  8
DEFAULT
 10
-209.9247981220398
 20
101.8073418720105
 30
3.000000000000001
 42
-0.013761453864992
  0
VERTEX
  5
903
  8
DEFAULT
 10
-209.5670680676133
 20
101.1877352423494
 30
3.000000000000001
 42
-0.1124176414147227
  0
SEQEND
  5
904
  8
DEFAULT
  0
POLYLINE
  5
905
  8
DEFAULT
 66
     1
 10
0.0
 20
0.0
 30
-25.48756561200975
 70
     1
  0
VERTEX
  5
906
  8
DEFAULT
 10
-177.2935047149658
 20
-3.240022587531627
 30
-25.48756561200975
  0
VERTEX
  5
907
  8
DEFAULT
 10
-180.2935047149658
 20
-3.240022587531612
 30
-25.48756561200975
  0
VERTEX
  5
908
  8
DEFAULT
 10
-180.2935047149658
 20
4.00531471995648
 30
-25.48756561200975
  0
VERTEX
  5
909
  8
DEFAULT
 10
-177.2935047149658
 20
4.00531471995648
 30
-25.48756561200975
  0
SEQEND
  5
90A
  8
DEFAULT
  0
POLYLINE
  5
90B
  8
DEFAULT
 66
     1
 10
0.0
 20
0.0
 30
-25.48756561200975
 70
     1
  0
VERTEX
  5
90C
  8
DEFAULT
 10
-174.0012886940361
 20
31.29903810567667
 30
-25.48756561200975
  0
VERTEX
  5
90D
  8
DEFAULT
 10
-175.5012886940361
 20
28.70096189432336
 30
-25.48756561200975
  0
VERTEX
  5
90E
  8
DEFAULT
 10
-185.7467977691753
 20
34.61620931683976
 30
-25.48756561200975
  0
VERTEX
  5
90F
  8
DEFAULT
 10
-184.2467977691753
 20
37.21428552819309
 30
-25.48756561200975
  0
SEQEND
  5
910
  8
DEFAULT
  0
POLYLINE
  5
911
  8
DEFAULT
 66
     1
 10
0.0
 20
0.0
 30
-25.48756561200975
 70
     1
  0
VERTEX
  5
912
  8
DEFAULT
 10
-175.501288694036
 20
59.29903810567661
 30
-25.48756561200975
  0
VERTEX
  5
913
  8
DEFAULT
 10
-174.001288694036
 20
56.70096189432329
 30
-25.48756561200975
  0
VERTEX
  5
914
  8
DEFAULT
 10
-184.2467977691753
 20
50.78571447180693
 30
-25.48756561200975
  0
VERTEX
  5
915
  8
DEFAULT
 10
-185.7467977691753
 20
53.38379068316026
 30
-25.48756561200975
  0
SEQEND
  5
916
  8
DEFAULT
  0
POLYLINE
  5
917
  8
DEFAULT
 66
     1
 10
0.0
 20
0.0
 30
-25.48756561200975
 70
     1
  0
VERTEX
  5
918
  8
DEFAULT
 10
-200.5000000000002
 20
71.99999999999996
 30
-25.48756561200975
  0
VERTEX
  5
919
  8
DEFAULT
 10
-197.5000000000002
 20
71.99999999999994
 30
-25.48756561200975
  0
VERTEX
  5
91A
  8
DEFAULT
 10
-197.5000000000002
 20
60.16950515496718
 30
-25.48756561200975
  0
VERTEX
  5
91B
  8
DEFAULT
 10
-200.5000000000002
 20
60.16950515496718
 30
-25.48756561200975
  0
SEQEND
  5
91C
  8
DEFAULT
  0
POLYLINE
  5
91D
  8
DEFAULT
 66
     1
 10
0.0
 20
0.0
 30
-25.48756561200975
 70
     1
  0
VERTEX
  5
91E
  8
DEFAULT
 10
-223.9987113059644
 20
56.70096189432338
 30
-25.48756561200975
  0
VERTEX
  5
91F
  8
DEFAULT
 10
-222.4987113059644
 20
59.29903810567669
 30
-25.48756561200975
  0
VERTEX
  5
920
  8
DEFAULT
 10
-212.2532022308253
 20
53.38379068316029
 30
-25.48756561200975
  0
VERTEX
  5
921
  8
DEFAULT
 10
-213.7532022308253
 20
50.78571447180697
 30
-25.48756561200975
  0
SEQEND
  5
922
  8
DEFAULT
  0
POLYLINE
  5
923
  8
DEFAULT
 66
     1
 10
0.0
 20
0.0
 30
-25.48756561200975
 70
     1
  0
VERTEX
  5
924
  8
DEFAULT
 10
-222.4987113059645
 20
28.70096189432345
 30
-25.48756561200975
  0
VERTEX
  5
925
  8
DEFAULT
 10
-223.9987113059645
 20
31.29903810567677
 30
-25.48756561200975
  0
VERTEX
  5
926
  8
DEFAULT
 10
-213.7532022308253
 20
37.21428552819312
 30
-25.48756561200975
  0
VERTEX
  5
927
  8
DEFAULT
 10
-212.2532022308253
 20
34.6162093168398
 30
-25.48756561200975
  0
SEQEND
  5
928
  8
DEFAULT
  0
POLYLINE
  5
929
  8
DEFAULT
 66
     1
 10
0.0
 20
0.0
 30
-25.48756561200975
 70
     1
  0
VERTEX
  5
92A
  8
DEFAULT
 10
-225.2935047149658
 20
10.00531471995648
 30
-25.48756561200975
  0
VERTEX
  5
92B
  8
DEFAULT
 10
-225.2935047149658
 20
2.759977412468373
 30
-25.48756561200975
  0
VERTEX
  5
92C
  8
DEFAULT
 10
-228.2935047149658
 20
2.759977412468388
 30
-25.48756561200975
  0
VERTEX
  5
92D
  8
DEFAULT
 10
-228.2935047149658
 20
10.00531471995648
 30
-25.48756561200975
  0
SEQEND
  5
92E
  8
DEFAULT
  0
POLYLINE
  5
92F
  8
DEFAULT
 66
     1
 10
0.0
 20
0.0
 30
-25.48756561200975
 70
     1
  0
VERTEX
  5
930
  8
DEFAULT
 10
-220.5462725285889
 20
1.498403345711427
 30
-25.48756561200975
 42
0.9999999999999715
  0
VERTEX
  5
931
  8
DEFAULT
 10
-220.5462725285889
 20
-1.498403345711484
 30
-25.48756561200975
  0
VERTEX
  5
932
  8
DEFAULT
 10
-219.2564411078105
 20
-1.498403345711434
 30
-25.48756561200975
 42
0.9999999999999999
  0
VERTEX
  5
933
  8
DEFAULT
 10
-219.2564411078105
 20
1.498403345711434
 30
-25.48756561200975
  0
SEQEND
  5
934
  8
DEFAULT
  0
POLYLINE
  5
935
  8
DEFAULT
 66
     1
 10
0.0
 20
0.0
 30
-25.48756561200975
 70
     1
  0
VERTEX
  5
936
  8
DEFAULT
 10
-164.7722470629957
 20
3.116086369344478
 30
-25.48756561200975
  0
VERTEX
  5
937
  8
DEFAULT
 10
-164.7740662503078
 20
2.570593056408348
 30
-25.48756561200975
  0
VERTEX
  5
938
  8
DEFAULT
 10
-164.7862705550662
 20
2.031169788890561
 30
-25.48756561200975
  0
VERTEX
  5
939
  8
DEFAULT
 10
-164.7991231903456
 20
1.765362005917902
 30
-25.48756561200975
  0
VERTEX
  5
93A
  8
DEFAULT
 10
-164.8178063721013
 20
1.502894504245877
 30
-25.48756561200975
  0
VERTEX
  5
93B
  8
DEFAULT
 10
-164.8431994218871
 20
1.244242673310349
 30
-25.48756561200975
  0
VERTEX
  5
93C
  8
DEFAULT
 10
-164.8760885500099
 20
0.9898220270834673
 30
-25.48756561200975
  0
VERTEX
  5
93D
  8
DEFAULT
 10
-164.8955646952626
 20
0.8643123748436583
 30
-25.48756561200975
  0
VERTEX
  5
93E
  8
DEFAULT
 10
-164.9171681607257
 20
0.7399902386182342
 30
-25.48756561200975
  0
VERTEX
  5
93F
  8
DEFAULT
 10
-164.9409716163696
 20
0.6168916236876714
 30
-25.48756561200975
  0
VERTEX
  5
940
  8
DEFAULT
 10
-164.9670421574359
 20
0.4950491745930703
 30
-25.48756561200975
  0
VERTEX
  5
941
  8
DEFAULT
 10
-164.9954413452253
 20
0.3744922387156738
 30
-25.48756561200975
  0
VERTEX
  5
942
  8
DEFAULT
 10
-165.0262252478841
 20
0.255246929856384
 30
-25.48756561200975
  0
VERTEX
  5
943
  8
DEFAULT
 10
-165.0594444811925
 20
0.1373361918152803
 30
-25.48756561200975
  0
VERTEX
  5
944
  8
DEFAULT
 10
-165.0951442493516
 20
0.0207798619711374
 30
-25.48756561200975
  0
VERTEX
  5
945
  8
DEFAULT
 10
-165.1333643857706
 20
-0.0944052651390572
 30
-25.48756561200975
  0
VERTEX
  5
946
  8
DEFAULT
 10
-165.1741393938544
 20
-0.2082053742405856
 30
-25.48756561200975
  0
VERTEX
  5
947
  8
DEFAULT
 10
-165.2174984877909
 20
-0.3206095657414814
 30
-25.48756561200975
  0
VERTEX
  5
948
  8
DEFAULT
 10
-165.2634656333387
 20
-0.4316097921530125
 30
-25.48756561200975
  0
VERTEX
  5
949
  8
DEFAULT
 10
-165.312059588614
 20
-0.541200794510163
 30
-25.48756561200975
  0
VERTEX
  5
94A
  8
DEFAULT
 10
-165.3632939448783
 20
-0.6493800387921153
 30
-25.48756561200975
  0
VERTEX
  5
94B
  8
DEFAULT
 10
-165.4171771673255
 20
-0.7561476523427328
 30
-25.48756561200975
  0
VERTEX
  5
94C
  8
DEFAULT
 10
-165.4737126358697
 20
-0.8615063602910422
 30
-25.48756561200975
  0
VERTEX
  5
94D
  8
DEFAULT
 10
-165.5328986859323
 20
-0.9654614219717154
 30
-25.48756561200975
  0
VERTEX
  5
94E
  8
DEFAULT
 10
-165.5947286492292
 20
-1.068020567345552
 30
-25.48756561200975
  0
VERTEX
  5
94F
  8
DEFAULT
 10
-165.6591908945589
 20
-1.169193933419961
 30
-25.48756561200975
  0
VERTEX
  5
950
  8
DEFAULT
 10
-165.7262688685889
 20
-1.268994000669444
 30
-25.48756561200975
  0
VERTEX
  5
951
  8
DEFAULT
 10
-165.7959411366439
 20
-1.367435529456078
 30
-25.48756561200975
  0
VERTEX
  5
952
  8
DEFAULT
 10
-165.8681814234928
 20
-1.464535496449996
 30
-25.48756561200975
  0
VERTEX
  5
953
  8
DEFAULT
 10
-165.9429586541362
 20
-1.560313031049869
 30
-25.48756561200975
  0
VERTEX
  5
954
  8
DEFAULT
 10
-166.0202369945936
 20
-1.65478935180339
 30
-25.48756561200975
  0
VERTEX
  5
955
  8
DEFAULT
 10
-166.0999758926911
 20
-1.747987702827757
 30
-25.48756561200975
  0
VERTEX
  5
956
  8
DEFAULT
 10
-166.1821301188484
 20
-1.839933290230152
 30
-25.48756561200975
  0
VERTEX
  5
957
  8
DEFAULT
 10
-166.2666498068666
 20
-1.930653218528225
 30
-25.48756561200975
  0
VERTEX
  5
958
  8
DEFAULT
 10
-166.3534804947154
 20
-2.020176427070578
 30
-25.48756561200975
  0
VERTEX
  5
959
  8
DEFAULT
 10
-166.4425631653202
 20
-2.108533626457245
 30
-25.48756561200975
  0
VERTEX
  5
95A
  8
DEFAULT
 10
-166.53383428735
 20
-2.195757234960173
 30
-25.48756561200975
  0
VERTEX
  5
95B
  8
DEFAULT
 10
-166.7226654338011
 20
-2.366941509285081
 30
-25.48756561200975
  0
VERTEX
  5
95C
  8
DEFAULT
 10
-166.9193769482075
 20
-2.534020333637516
 30
-25.48756561200975
  0
VERTEX
  5
95D
  8
DEFAULT
 10
-167.1233022269941
 20
-2.697308045271197
 30
-25.48756561200975
  0
VERTEX
  5
95E
  8
DEFAULT
 10
-167.3337063540681
 20
-2.857140200556782
 30
-25.48756561200975
  0
VERTEX
  5
95F
  8
DEFAULT
 10
-167.5497874060156
 20
-3.013871540437296
 30
-25.48756561200975
  0
VERTEX
  5
960
  8
DEFAULT
 10
-167.9954453854454
 20
-3.319534453349668
 30
-25.48756561200975
  0
VERTEX
  5
961
  8
DEFAULT
 10
-168.4525702290036
 20
-3.617441090306377
 30
-25.48756561200975
 42
-0.06565457158015
  0
VERTEX
  5
962
  8
DEFAULT
 10
-181.8416038988097
 20
-9.90877113083824
 30
-25.48756561200975
  0
VERTEX
  5
963
  8
DEFAULT
 10
-182.1714661653106
 20
-10.0114142102894
 30
-25.48756561200975
  0
VERTEX
  5
964
  8
DEFAULT
 10
-182.3341947562635
 20
-10.05895692712986
 30
-25.48756561200975
  0
VERTEX
  5
965
  8
DEFAULT
 10
-182.4944117282163
 20
-10.10255479340201
 30
-25.48756561200975
  0
VERTEX
  5
966
  8
DEFAULT
 10
-182.6515078790587
 20
-10.14126641809871
 30
-25.48756561200975
  0
VERTEX
  5
967
  8
DEFAULT
 10
-182.8050006025946
 20
-10.17424907951519
 30
-25.48756561200975
  0
VERTEX
  5
968
  8
DEFAULT
 10
-182.8802770204591
 20
-10.18835494025562
 30
-25.48756561200975
  0
VERTEX
  5
969
  8
DEFAULT
 10
-182.9545238911427
 20
-10.20075572601663
 30
-25.48756561200975
  0
VERTEX
  5
96A
  8
DEFAULT
 10
-183.0277120420048
 20
-10.21137251173076
 30
-25.48756561200975
  0
VERTEX
  5
96B
  8
DEFAULT
 10
-183.0998183381371
 20
-10.22013197680584
 30
-25.48756561200975
  0
VERTEX
  5
96C
  8
DEFAULT
 10
-183.1708253699449
 20
-10.22696631139904
 30
-25.48756561200975
  0
VERTEX
  5
96D
  8
DEFAULT
 10
-183.2407211407282
 20
-10.23181312269083
 30
-25.48756561200975
  0
VERTEX
  5
96E
  8
DEFAULT
 10
-183.3094987542632
 20
-10.23461534115895
 30
-25.48756561200975
  0
VERTEX
  5
96F
  8
DEFAULT
 10
-183.3771561023834
 20
-10.23532112685244
 30
-25.48756561200975
  0
VERTEX
  5
970
  8
DEFAULT
 10
-183.4436955525611
 20
-10.23388377566559
 30
-25.48756561200975
  0
VERTEX
  5
971
  8
DEFAULT
 10
-183.5091236354883
 20
-10.23026162561197
 30
-25.48756561200975
  0
VERTEX
  5
972
  8
DEFAULT
 10
-183.5414240165704
 20
-10.22761958727845
 30
-25.48756561200975
  0
VERTEX
  5
973
  8
DEFAULT
 10
-183.5734507326582
 20
-10.22441796309836
 30
-25.48756561200975
  0
VERTEX
  5
974
  8
DEFAULT
 10
-183.60520563187
 20
-10.22065292168207
 30
-25.48756561200975
  0
VERTEX
  5
975
  8
DEFAULT
 10
-183.6366907639467
 20
-10.21632092919879
 30
-25.48756561200975
  0
VERTEX
  5
976
  8
DEFAULT
 10
-183.6679083704886
 20
-10.21141874644758
 30
-25.48756561200975
  0
VERTEX
  5
977
  8
DEFAULT
 10
-183.698860875193
 20
-10.2059434259285
 30
-25.48756561200975
  0
VERTEX
  5
978
  8
DEFAULT
 10
-183.7295508740905
 20
-10.19989230891358
 30
-25.48756561200975
  0
VERTEX
  5
979
  8
DEFAULT
 10
-183.7599811257819
 20
-10.19326302251794
 30
-25.48756561200975
  0
VERTEX
  5
97A
  8
DEFAULT
 10
-183.7901545416756
 20
-10.18605347677086
 30
-25.48756561200975
  0
VERTEX
  5
97B
  8
DEFAULT
 10
-183.820074176224
 20
-10.17826186168677
 30
-25.48756561200975
  0
VERTEX
  5
97C
  8
DEFAULT
 10
-183.8497432171608
 20
-10.16988664433641
 30
-25.48756561200975
  0
VERTEX
  5
97D
  8
DEFAULT
 10
-183.8791649757377
 20
-10.16092656591781
 30
-25.48756561200975
  0
VERTEX
  5
97E
  8
DEFAULT
 10
-183.9083428769612
 20
-10.1513806388274
 30
-25.48756561200975
  0
VERTEX
  5
97F
  8
DEFAULT
 10
-183.93728044983
 20
-10.14124814373105
 30
-25.48756561200975
  0
VERTEX
  5
980
  8
DEFAULT
 10
-183.9659813175714
 20
-10.13052862663516
 30
-25.48756561200975
  0
VERTEX
  5
981
  8
DEFAULT
 10
-183.9944491878784
 20
-10.11922189595766
 30
-25.48756561200975
  0
VERTEX
  5
982
  8
DEFAULT
 10
-184.0226878431466
 20
-10.10732801959916
 30
-25.48756561200975
  0
VERTEX
  5
983
  8
DEFAULT
 10
-184.0507011307113
 20
-10.09484732201394
 30
-25.48756561200975
  0
VERTEX
  5
984
  8
DEFAULT
 10
-184.0784929530842
 20
-10.08178038128105
 30
-25.48756561200975
  0
VERTEX
  5
985
  8
DEFAULT
 10
-184.1060672581902
 20
-10.06812802617534
 30
-25.48756561200975
  0
VERTEX
  5
986
  8
DEFAULT
 10
-184.1334280296047
 20
-10.05389133323856
 30
-25.48756561200975
  0
VERTEX
  5
987
  8
DEFAULT
 10
-184.1605792767903
 20
-10.03907162385041
 30
-25.48756561200975
  0
VERTEX
  5
988
  8
DEFAULT
 10
-184.1875250253335
 20
-10.02367046129957
 30
-25.48756561200975
  0
VERTEX
  5
989
  8
DEFAULT
 10
-184.2142693071819
 20
-10.00768964785482
 30
-25.48756561200975
  0
VERTEX
  5
98A
  8
DEFAULT
 10
-184.2408161508814
 20
-9.99113122183606
 30
-25.48756561200975
  0
VERTEX
  5
98B
  8
DEFAULT
 10
-184.2671695718121
 20
-9.973997454685366
 30
-25.48756561200975
  0
VERTEX
  5
98C
  8
DEFAULT
 10
-184.2933335624265
 20
-9.95629084803809
 30
-25.48756561200975
  0
VERTEX
  5
98D
  8
DEFAULT
 10
-184.3193120824855
 20
-9.938014130793892
 30
-25.48756561200975
  0
VERTEX
  5
98E
  8
DEFAULT
 10
-184.3707283279458
 20
-9.899762398861338
 30
-25.48756561200975
  0
VERTEX
  5
98F
  8
DEFAULT
 10
-184.421448961457
 20
-9.859268524071705
 30
-25.48756561200975
  0
VERTEX
  5
990
  8
DEFAULT
 10
-184.4715034883847
 20
-9.816562220386045
 30
-25.48756561200975
  0
VERTEX
  5
991
  8
DEFAULT
 10
-184.5209199537772
 20
-9.771676556816448
 30
-25.48756561200975
  0
VERTEX
  5
992
  8
DEFAULT
 10
-184.5697246299472
 20
-9.724647863700035
 30
-25.48756561200975
  0
VERTEX
  5
993
  8
DEFAULT
 10
-184.6179417040527
 20
-9.675515638972936
 30
-25.48756561200975
  0
VERTEX
  5
994
  8
DEFAULT
 10
-184.6655929656781
 20
-9.624322454444293
 30
-25.48756561200975
  0
VERTEX
  5
995
  8
DEFAULT
 10
-184.7126974944162
 20
-9.571113862070234
 30
-25.48756561200975
  0
VERTEX
  5
996
  8
DEFAULT
 10
-184.7592713474486
 20
-9.515938300227871
 30
-25.48756561200975
  0
VERTEX
  5
997
  8
DEFAULT
 10
-184.8053272471277
 20
-9.45884699998928
 30
-25.48756561200975
  0
VERTEX
  5
998
  8
DEFAULT
 10
-184.8508742685576
 20
-9.399893891395497
 30
-25.48756561200975
  0
VERTEX
  5
999
  8
DEFAULT
 10
-184.8959175271752
 20
-9.3391355097305
 30
-25.48756561200975
  0
VERTEX
  5
99A
  8
DEFAULT
 10
-184.9404578663321
 20
-9.276630901795198
 30
-25.48756561200975
  0
VERTEX
  5
99B
  8
DEFAULT
 10
-184.9844915448753
 20
-9.212441532181426
 30
-25.48756561200975
  0
VERTEX
  5
99C
  8
DEFAULT
 10
-185.0709991584739
 20
-9.079265892884308
 30
-25.48756561200975
  0
VERTEX
  5
99D
  8
DEFAULT
 10
-185.1553068767475
 20
-8.940145102803745
 30
-25.48756561200975
  0
VERTEX
  5
99E
  8
DEFAULT
 10
-185.2371878616034
 20
-8.795648359094297
 30
-25.48756561200975
  0
VERTEX
  5
99F
  8
DEFAULT
 10
-185.3163119306808
 20
-8.6463745458681
 30
-25.48756561200975
  0
VERTEX
  5
9A0
  8
DEFAULT
 10
-185.3922355599513
 20
-8.492949234962492
 30
-25.48756561200975
  0
VERTEX
  5
9A1
  8
DEFAULT
 10
-185.4643918863201
 20
-8.336021686707618
 30
-25.48756561200975
  0
VERTEX
  5
9A2
  8
DEFAULT
 10
-185.5320807102264
 20
-8.176261850694061
 30
-25.48756561200975
 42
-0.0924051582867842
  0
VERTEX
  5
9A3
  8
DEFAULT
 10
-186.1197235846973
 20
-3.0877903084537
 30
-25.48756561200975
  0
VERTEX
  5
9A4
  8
DEFAULT
 10
-186.1197235846973
 20
0.9999014218648373
 30
-25.48756561200975
  0
VERTEX
  5
9A5
  8
DEFAULT
 10
-186.1235077643848
 20
1.996117242177338
 30
-25.48756561200975
  0
VERTEX
  5
9A6
  8
DEFAULT
 10
-186.1490204596973
 20
2.970604546864839
 30
-25.48756561200975
  0
VERTEX
  5
9A7
  8
DEFAULT
 10
-186.1759903693653
 20
3.44363463719687
 30
-25.48756561200975
  0
VERTEX
  5
9A8
  8
DEFAULT
 10
-186.2153046393848
 20
3.904320367177339
 30
-25.48756561200975
  0
VERTEX
  5
9A9
  8
DEFAULT
 10
-186.2401988769031
 20
4.129426129659029
 30
-25.48756561200975
  0
VERTEX
  5
9AA
  8
DEFAULT
 10
-186.2688858771778
 20
4.350739129384371
 30
-25.48756561200975
  0
VERTEX
  5
9AB
  8
DEFAULT
 10
-186.3015773559071
 20
4.568047650655123
 30
-25.48756561200975
  0
VERTEX
  5
9AC
  8
DEFAULT
 10
-186.3384735846973
 20
4.781151421864839
 30
-25.48756561200975
  0
VERTEX
  5
9AD
  8
DEFAULT
 10
-186.3797633910633
 20
4.989861615498873
 30
-25.48756561200975
  0
VERTEX
  5
9AE
  8
DEFAULT
 10
-186.4256241584278
 20
5.194000848134371
 30
-25.48756561200975
  0
VERTEX
  5
9AF
  8
DEFAULT
 10
-186.4762218261219
 20
5.393403180440279
 30
-25.48756561200975
  0
VERTEX
  5
9B0
  8
DEFAULT
 10
-186.5317108893848
 20
5.587914117177339
 30
-25.48756561200975
  0
VERTEX
  5
9B1
  8
DEFAULT
 10
-186.5922343993641
 20
5.777390607198091
 30
-25.48756561200975
  0
VERTEX
  5
9B2
  8
DEFAULT
 10
-186.6579239631153
 20
5.961701043446871
 30
-25.48756561200975
  0
VERTEX
  5
9B3
  8
DEFAULT
 10
-186.6927440131165
 20
6.051880993445726
 30
-25.48756561200975
  0
VERTEX
  5
9B4
  8
DEFAULT
 10
-186.7288997436024
 20
6.14072526295981
 30
-25.48756561200975
  0
VERTEX
  5
9B5
  8
DEFAULT
 10
-186.7664043868042
 20
6.228220619757982
 30
-25.48756561200975
  0
VERTEX
  5
9B6
  8
DEFAULT
 10
-186.8052704596973
 20
6.314354546864839
 30
-25.48756561200975
  0
VERTEX
  5
9B7
  8
DEFAULT
 10
-186.8455097640015
 20
6.399115242560717
 30
-25.48756561200975
  0
VERTEX
  5
9B8
  8
DEFAULT
 10
-186.8871333861805
 20
6.482491620381685
 30
-25.48756561200975
  0
VERTEX
  5
9B9
  8
DEFAULT
 10
-186.9301516974426
 20
6.564473309119554
 30
-25.48756561200975
  0
VERTEX
  5
9BA
  8
DEFAULT
 10
-186.9745743537403
 20
6.645050652821871
 30
-25.48756561200975
  0
VERTEX
  5
9BB
  8
DEFAULT
 10
-187.0204102957703
 20
6.724214710791918
 30
-25.48756561200975
  0
VERTEX
  5
9BC
  8
DEFAULT
 10
-187.0676677489735
 20
6.801957257588716
 30
-25.48756561200975
  0
VERTEX
  5
9BD
  8
DEFAULT
 10
-187.1163542235352
 20
6.878270783027025
 30
-25.48756561200975
  0
VERTEX
  5
9BE
  8
DEFAULT
 10
-187.1664765143848
 20
6.953148492177339
 30
-25.48756561200975
  0
VERTEX
  5
9BF
  8
DEFAULT
 10
-187.2180407011963
 20
7.026584305365892
 30
-25.48756561200975
  0
VERTEX
  5
9C0
  8
DEFAULT
 10
-187.2710521483875
 20
7.098572858174654
 30
-25.48756561200975
  0
VERTEX
  5
9C1
  8
DEFAULT
 10
-187.3255155051208
 20
7.169109501441332
 30
-25.48756561200975
  0
VERTEX
  5
9C2
  8
DEFAULT
 10
-187.3814347053028
 20
7.238190301259371
 30
-25.48756561200975
  0
VERTEX
  5
9C3
  8
DEFAULT
 10
-187.4388129675842
 20
7.305812038977953
 30
-25.48756561200975
  0
VERTEX
  5
9C4
  8
DEFAULT
 10
-187.4976527953602
 20
7.371972211201998
 30
-25.48756561200975
  0
VERTEX
  5
9C5
  8
DEFAULT
 10
-187.55795597677
 20
7.436669029792162
 30
-25.48756561200975
  0
VERTEX
  5
9C6
  8
DEFAULT
 10
-187.6197235846973
 20
7.499901421864839
 30
-25.48756561200975
  0
VERTEX
  5
9C7
  8
DEFAULT
 10
-187.68295597677
 20
7.561669029792162
 30
-25.48756561200975
  0
VERTEX
  5
9C8
  8
DEFAULT
 10
-187.7476527953602
 20
7.621972211201998
 30
-25.48756561200975
  0
VERTEX
  5
9C9
  8
DEFAULT
 10
-187.8138129675842
 20
7.680812038977953
 30
-25.48756561200975
  0
VERTEX
  5
9CA
  8
DEFAULT
 10
-187.8814347053028
 20
7.738190301259371
 30
-25.48756561200975
  0
VERTEX
  5
9CB
  8
DEFAULT
 10
-187.9505155051208
 20
7.794109501441332
 30
-25.48756561200975
  0
VERTEX
  5
9CC
  8
DEFAULT
 10
-188.0210521483875
 20
7.848572858174654
 30
-25.48756561200975
  0
VERTEX
  5
9CD
  8
DEFAULT
 10
-188.0930407011963
 20
7.901584305365894
 30
-25.48756561200975
  0
VERTEX
  5
9CE
  8
DEFAULT
 10
-188.1664765143848
 20
7.95314849217734
 30
-25.48756561200975
  0
VERTEX
  5
9CF
  8
DEFAULT
 10
-188.2413542235352
 20
8.003270783027023
 30
-25.48756561200975
  0
VERTEX
  5
9D0
  8
DEFAULT
 10
-188.3176677489735
 20
8.051957257588716
 30
-25.48756561200975
  0
VERTEX
  5
9D1
  8
DEFAULT
 10
-188.3954102957703
 20
8.099214710791916
 30
-25.48756561200975
  0
VERTEX
  5
9D2
  8
DEFAULT
 10
-188.4745743537403
 20
8.145050652821869
 30
-25.48756561200975
  0
VERTEX
  5
9D3
  8
DEFAULT
 10
-188.5551516974426
 20
8.189473309119553
 30
-25.48756561200975
  0
VERTEX
  5
9D4
  8
DEFAULT
 10
-188.6371333861805
 20
8.232491620381683
 30
-25.48756561200975
  0
VERTEX
  5
9D5
  8
DEFAULT
 10
-188.7205097640015
 20
8.274115242560715
 30
-25.48756561200975
  0
VERTEX
  5
9D6
  8
DEFAULT
 10
-188.8052704596973
 20
8.314354546864838
 30
-25.48756561200975
  0
VERTEX
  5
9D7
  8
DEFAULT
 10
-188.8914043868041
 20
8.35322061975798
 30
-25.48756561200975
  0
VERTEX
  5
9D8
  8
DEFAULT
 10
-188.9788997436023
 20
8.390725262959808
 30
-25.48756561200975
  0
VERTEX
  5
9D9
  8
DEFAULT
 10
-189.0677440131164
 20
8.426880993445724
 30
-25.48756561200975
  0
VERTEX
  5
9DA
  8
DEFAULT
 10
-189.1579239631153
 20
8.461701043446869
 30
-25.48756561200975
  0
VERTEX
  5
9DB
  8
DEFAULT
 10
-189.342234399364
 20
8.52739060719809
 30
-25.48756561200975
  0
VERTEX
  5
9DC
  8
DEFAULT
 10
-189.5317108893848
 20
8.587914117177338
 30
-25.48756561200975
  0
VERTEX
  5
9DD
  8
DEFAULT
 10
-189.7262218261218
 20
8.643403180440277
 30
-25.48756561200975
  0
VERTEX
  5
9DE
  8
DEFAULT
 10
-189.9256241584278
 20
8.69400084813437
 30
-25.48756561200975
  0
VERTEX
  5
9DF
  8
DEFAULT
 10
-190.1297633910632
 20
8.739861615498873
 30
-25.48756561200975
  0
VERTEX
  5
9E0
  8
DEFAULT
 10
-190.3384735846973
 20
8.78115142186484
 30
-25.48756561200975
  0
VERTEX
  5
9E1
  8
DEFAULT
 10
-190.551577355907
 20
8.81804765065512
 30
-25.48756561200975
  0
VERTEX
  5
9E2
  8
DEFAULT
 10
-190.7688858771778
 20
8.850739129384369
 30
-25.48756561200975
  0
VERTEX
  5
9E3
  8
DEFAULT
 10
-190.9901988769032
 20
8.87942612965903
 30
-25.48756561200975
  0
VERTEX
  5
9E4
  8
DEFAULT
 10
-191.2153046393848
 20
8.90432036717734
 30
-25.48756561200975
  0
VERTEX
  5
9E5
  8
DEFAULT
 10
-191.6759903693653
 20
8.943634637196869
 30
-25.48756561200975
  0
VERTEX
  5
9E6
  8
DEFAULT
 10
-192.1490204596973
 20
8.970604546864838
 30
-25.48756561200975
  0
VERTEX
  5
9E7
  8
DEFAULT
 10
-193.1235077643848
 20
8.996117242177338
 30
-25.48756561200975
  0
VERTEX
  5
9E8
  8
DEFAULT
 10
-194.1197235846973
 20
8.999901421864836
 30
-25.48756561200975
  0
VERTEX
  5
9E9
  8
DEFAULT
 10
-197.5092001124398
 20
8.999901421864838
 30
-25.48756561200975
  0
VERTEX
  5
9EA
  8
DEFAULT
 10
-197.5092001124398
 20
11.75997741246836
 30
-25.48756561200975
  0
VERTEX
  5
9EB
  8
DEFAULT
 10
-212.3231484306752
 20
11.75997741246837
 30
-25.48756561200975
  0
VERTEX
  5
9EC
  8
DEFAULT
 10
-212.3231484306752
 20
8.759977412468375
 30
-25.48756561200975
  0
VERTEX
  5
9ED
  8
DEFAULT
 10
-210.0
 20
8.759977412468366
 30
-25.48756561200975
  0
VERTEX
  5
9EE
  8
DEFAULT
 10
-210.0
 20
6.999901421864833
 30
-25.48756561200975
 42
-0.6249999999999908
  0
VERTEX
  5
9EF
  8
DEFAULT
 10
-211.0
 20
5.999901421864834
 30
-25.48756561200975
  0
VERTEX
  5
9F0
  8
DEFAULT
 10
-213.1197235846973
 20
5.999901421864838
 30
-25.48756561200975
  0
VERTEX
  5
9F1
  8
DEFAULT
 10
-213.4933045173145
 20
5.998482354482025
 30
-25.48756561200975
  0
VERTEX
  5
9F2
  8
DEFAULT
 10
-213.8587372565723
 20
5.988915093739838
 30
-25.48756561200975
  0
VERTEX
  5
9F3
  8
DEFAULT
 10
-214.0361235404468
 20
5.978801377614349
 30
-25.48756561200975
  0
VERTEX
  5
9F4
  8
DEFAULT
 10
-214.2088806891895
 20
5.964058526357025
 30
-25.48756561200975
  0
VERTEX
  5
9F5
  8
DEFAULT
 10
-214.2932953501201
 20
5.954723187287658
 30
-25.48756561200975
  0
VERTEX
  5
9F6
  8
DEFAULT
 10
-214.3762877250171
 20
5.943965562184662
 30
-25.48756561200975
  0
VERTEX
  5
9F7
  8
DEFAULT
 10
-214.4577784204937
 20
5.931706257661194
 30
-25.48756561200975
  0
VERTEX
  5
9F8
  8
DEFAULT
 10
-214.5376923346973
 20
5.917870171864838
 30
-25.48756561200975
  0
VERTEX
  5
9F9
  8
DEFAULT
 10
-214.6159586573101
 20
5.9023864944776
 30
-25.48756561200975
  0
VERTEX
  5
9FA
  8
DEFAULT
 10
-214.6925108695484
 20
5.885188706715912
 30
-25.48756561200975
  0
VERTEX
  5
9FB
  8
DEFAULT
 10
-214.7672867441631
 20
5.866214581330627
 30
-25.48756561200975
  0
VERTEX
  5
9FC
  8
DEFAULT
 10
-214.8402283454395
 20
5.845406182607025
 30
-25.48756561200975
  0
VERTEX
  5
9FD
  8
DEFAULT
 10
-214.9112820291973
 20
5.822709866364807
 30
-25.48756561200975
  0
VERTEX
  5
9FE
  8
DEFAULT
 10
-214.9803984427906
 20
5.798076279958098
 30
-25.48756561200975
  0
VERTEX
  5
9FF
  8
DEFAULT
 10
-215.0142159240402
 20
5.785018761207669
 30
-25.48756561200975
  0
VERTEX
  5
A00
  8
DEFAULT
 10
-215.047532525108
 20
5.771460362275451
 30
-25.48756561200975
  0
VERTEX
  5
A01
  8
DEFAULT
 10
-215.0803432839073
 20
5.757396121074766
 30
-25.48756561200975
  0
VERTEX
  5
A02
  8
DEFAULT
 10
-215.1126435065723
 20
5.742821343739837
 30
-25.48756561200975
  0
VERTEX
  5
A03
  8
DEFAULT
 10
-215.1444287674583
 20
5.72773160462579
 30
-25.48756561200975
  0
VERTEX
  5
A04
  8
DEFAULT
 10
-215.1756949091412
 20
5.712122746308653
 30
-25.48756561200975
  0
VERTEX
  5
A05
  8
DEFAULT
 10
-215.2064380424179
 20
5.695990879585354
 30
-25.48756561200975
  0
VERTEX
  5
A06
  8
DEFAULT
 10
-215.2366545463062
 20
5.679332383473723
 30
-25.48756561200975
  0
VERTEX
  5
A07
  8
DEFAULT
 10
-215.266341068045
 20
5.66214390521249
 30
-25.48756561200975
  0
VERTEX
  5
A08
  8
DEFAULT
 10
-215.2954945230938
 20
5.64442236026129
 30
-25.48756561200975
  0
VERTEX
  5
A09
  8
DEFAULT
 10
-215.3241120951332
 20
5.626164932300656
 30
-25.48756561200975
  0
VERTEX
  5
A0A
  8
DEFAULT
 10
-215.3521912360645
 20
5.607369073232023
 30
-25.48756561200975
  0
VERTEX
  5
A0B
  8
DEFAULT
 10
-215.3797296660102
 20
5.588032503177731
 30
-25.48756561200975
  0
VERTEX
  5
A0C
  8
DEFAULT
 10
-215.4067253733135
 20
5.568153210481016
 30
-25.48756561200975
  0
VERTEX
  5
A0D
  8
DEFAULT
 10
-215.4331766145385
 20
5.54772945170602
 30
-25.48756561200975
  0
VERTEX
  5
A0E
  8
DEFAULT
 10
-215.4590819144703
 20
5.526759751637785
 30
-25.48756561200975
  0
VERTEX
  5
A0F
  8
DEFAULT
 10
-215.4844400661148
 20
5.505242903282253
 30
-25.48756561200975
  0
VERTEX
  5
A10
  8
DEFAULT
 10
-215.5092501306988
 20
5.48317796786627
 30
-25.48756561200975
  0
VERTEX
  5
A11
  8
DEFAULT
 10
-215.5335114376701
 20
5.460564274837582
 30
-25.48756561200975
  0
VERTEX
  5
A12
  8
DEFAULT
 10
-215.5572235846973
 20
5.437401421864836
 30
-25.48756561200975
  0
VERTEX
  5
A13
  8
DEFAULT
 10
-215.5803864376701
 20
5.413689274837582
 30
-25.48756561200975
  0
VERTEX
  5
A14
  8
DEFAULT
 10
-215.6030001306988
 20
5.38942796786627
 30
-25.48756561200975
  0
VERTEX
  5
A15
  8
DEFAULT
 10
-215.6250650661148
 20
5.364617903282253
 30
-25.48756561200975
  0
VERTEX
  5
A16
  8
DEFAULT
 10
-215.6465819144703
 20
5.339259751637785
 30
-25.48756561200975
  0
VERTEX
  5
A17
  8
DEFAULT
 10
-215.6675516145385
 20
5.31335445170602
 30
-25.48756561200975
  0
VERTEX
  5
A18
  8
DEFAULT
 10
-215.6879753733135
 20
5.286903210481015
 30
-25.48756561200975
  0
VERTEX
  5
A19
  8
DEFAULT
 10
-215.7078546660102
 20
5.259907503177729
 30
-25.48756561200975
  0
VERTEX
  5
A1A
  8
DEFAULT
 10
-215.7271912360645
 20
5.232369073232022
 30
-25.48756561200975
  0
VERTEX
  5
A1B
  8
DEFAULT
 10
-215.7459870951332
 20
5.204289932300654
 30
-25.48756561200975
  0
VERTEX
  5
A1C
  8
DEFAULT
 10
-215.7642445230938
 20
5.175672360261288
 30
-25.48756561200975
  0
VERTEX
  5
A1D
  8
DEFAULT
 10
-215.781966068045
 20
5.146518905212489
 30
-25.48756561200975
  0
VERTEX
  5
A1E
  8
DEFAULT
 10
-215.7991545463062
 20
5.116832383473721
 30
-25.48756561200975
  0
VERTEX
  5
A1F
  8
DEFAULT
 10
-215.8158130424179
 20
5.086615879585352
 30
-25.48756561200975
  0
VERTEX
  5
A20
  8
DEFAULT
 10
-215.8319449091412
 20
5.055872746308651
 30
-25.48756561200975
  0
VERTEX
  5
A21
  8
DEFAULT
 10
-215.8475537674583
 20
5.024606604625788
 30
-25.48756561200975
  0
VERTEX
  5
A22
  8
DEFAULT
 10
-215.8626435065723
 20
4.992821343739834
 30
-25.48756561200975
  0
VERTEX
  5
A23
  8
DEFAULT
 10
-215.8772182839073
 20
4.960521121074763
 30
-25.48756561200975
  0
VERTEX
  5
A24
  8
DEFAULT
 10
-215.891282525108
 20
4.927710362275448
 30
-25.48756561200975
  0
VERTEX
  5
A25
  8
DEFAULT
 10
-215.9048409240402
 20
4.894393761207667
 30
-25.48756561200975
  0
VERTEX
  5
A26
  8
DEFAULT
 10
-215.9178984427906
 20
4.860576279958096
 30
-25.48756561200975
  0
VERTEX
  5
A27
  8
DEFAULT
 10
-215.9425320291973
 20
4.791459866364804
 30
-25.48756561200975
  0
VERTEX
  5
A28
  8
DEFAULT
 10
-215.9652283454395
 20
4.720406182607022
 30
-25.48756561200975
  0
VERTEX
  5
A29
  8
DEFAULT
 10
-215.9860367441631
 20
4.647464581330623
 30
-25.48756561200975
  0
VERTEX
  5
A2A
  8
DEFAULT
 10
-216.0050108695484
 20
4.572688706715907
 30
-25.48756561200975
  0
VERTEX
  5
A2B
  8
DEFAULT
 10
-216.0222086573101
 20
4.496136494477595
 30
-25.48756561200975
  0
VERTEX
  5
A2C
  8
DEFAULT
 10
-216.0376923346973
 20
4.417870171864832
 30
-25.48756561200975
  0
VERTEX
  5
A2D
  8
DEFAULT
 10
-216.0515284204937
 20
4.337956257661189
 30
-25.48756561200975
  0
VERTEX
  5
A2E
  8
DEFAULT
 10
-216.0637877250172
 20
4.256465562184657
 30
-25.48756561200975
  0
VERTEX
  5
A2F
  8
DEFAULT
 10
-216.0745453501202
 20
4.173473187287652
 30
-25.48756561200975
  0
VERTEX
  5
A30
  8
DEFAULT
 10
-216.0838806891895
 20
4.089058526357019
 30
-25.48756561200975
  0
VERTEX
  5
A31
  8
DEFAULT
 10
-216.0986235404469
 20
3.916301377614343
 30
-25.48756561200975
  0
VERTEX
  5
A32
  8
DEFAULT
 10
-216.1087372565723
 20
3.73891509373983
 30
-25.48756561200975
  0
VERTEX
  5
A33
  8
DEFAULT
 10
-216.1183045173145
 20
3.373482354482017
 30
-25.48756561200975
  0
VERTEX
  5
A34
  8
DEFAULT
 10
-216.1197235846973
 20
2.999901421864828
 30
-25.48756561200975
  0
VERTEX
  5
A35
  8
DEFAULT
 10
-216.1197235846973
 20
2.426103082440496
 30
-25.48756561200975
  0
VERTEX
  5
A36
  8
DEFAULT
 10
-216.1246758708376
 20
0.6650002960087673
 30
-25.48756561200975
  0
VERTEX
  5
A37
  8
DEFAULT
 10
-216.1586737019147
 20
-1.031181107757108
 30
-25.48756561200975
  0
VERTEX
  5
A38
  8
DEFAULT
 10
-216.195104433503
 20
-1.837518680413414
 30
-25.48756561200975
  0
VERTEX
  5
A39
  8
DEFAULT
 10
-216.2487358200385
 20
-2.608130708105127
 30
-25.48756561200975
  0
VERTEX
  5
A3A
  8
DEFAULT
 10
-216.282936718514
 20
-2.97842547672121
 30
-25.48756561200975
  0
VERTEX
  5
A3B
  8
DEFAULT
 10
-216.3225366762637
 20
-3.337932724843279
 30
-25.48756561200975
  0
VERTEX
  5
A3C
  8
DEFAULT
 10
-216.3678772561214
 20
-3.68611678519738
 30
-25.48756561200975
  0
VERTEX
  5
A3D
  8
DEFAULT
 10
-216.4192874246591
 20
-4.022480654887113
 30
-25.48756561200975
  0
VERTEX
  5
A3E
  8
DEFAULT
 10
-216.4770831413149
 20
-4.346565315387165
 30
-25.48756561200975
  0
VERTEX
  5
A3F
  8
DEFAULT
 10
-216.54156694752
 20
-4.657949052536824
 30
-25.48756561200975
  0
VERTEX
  5
A40
  8
DEFAULT
 10
-216.6130275558263
 20
-4.956246776533511
 30
-25.48756561200975
  0
VERTEX
  5
A41
  8
DEFAULT
 10
-216.6514605009926
 20
-5.100377890163763
 30
-25.48756561200975
  0
VERTEX
  5
A42
  8
DEFAULT
 10
-216.6917394390339
 20
-5.241109341926293
 30
-25.48756561200975
  0
VERTEX
  5
A43
  8
DEFAULT
 10
-216.7338963866803
 20
-5.378402993381115
 30
-25.48756561200975
  0
VERTEX
  5
A44
  8
DEFAULT
 10
-216.7779624193182
 20
-5.512222867609418
 30
-25.48756561200975
  0
VERTEX
  5
A45
  8
DEFAULT
 10
-216.8239676581508
 20
-5.642535127963349
 30
-25.48756561200975
  0
VERTEX
  5
A46
  8
DEFAULT
 10
-216.8719412573578
 20
-5.769308056815825
 30
-25.48756561200975
  0
VERTEX
  5
A47
  8
DEFAULT
 10
-216.9219113912564
 20
-5.892512034310324
 30
-25.48756561200975
  0
VERTEX
  5
A48
  8
DEFAULT
 10
-216.9739052414611
 20
-6.01211951711068
 30
-25.48756561200975
  0
VERTEX
  5
A49
  8
DEFAULT
 10
-217.0279489840439
 20
-6.128105017150885
 30
-25.48756561200975
  0
VERTEX
  5
A4A
  8
DEFAULT
 10
-217.0840677766947
 20
-6.240445080384887
 30
-25.48756561200975
  0
VERTEX
  5
A4B
  8
DEFAULT
 10
-217.1422857458814
 20
-6.349118265536381
 30
-25.48756561200975
  0
VERTEX
  5
A4C
  8
DEFAULT
 10
-217.2026259740101
 20
-6.454105122848619
 30
-25.48756561200975
  0
VERTEX
  5
A4D
  8
DEFAULT
 10
-217.2651104865856
 20
-6.555388172834192
 30
-25.48756561200975
  0
VERTEX
  5
A4E
  8
DEFAULT
 10
-217.3297602393714
 20
-6.652951885024839
 30
-25.48756561200975
  0
VERTEX
  5
A4F
  8
DEFAULT
 10
-217.3965951055497
 20
-6.746782656721244
 30
-25.48756561200975
  0
VERTEX
  5
A50
  8
DEFAULT
 10
-217.4308378673527
 20
-6.792294460935346
 30
-25.48756561200975
  0
VERTEX
  5
A51
  8
DEFAULT
 10
-217.4656338628824
 20
-6.836868791742825
 30
-25.48756561200975
  0
VERTEX
  5
A52
  8
DEFAULT
 10
-217.5009852660933
 20
-6.880504481528302
 30
-25.48756561200975
  0
VERTEX
  5
A53
  8
DEFAULT
 10
-217.5368941808705
 20
-6.923200479177542
 30
-25.48756561200975
  0
VERTEX
  5
A54
  8
DEFAULT
 10
-217.5733626406297
 20
-6.964955849413387
 30
-25.48756561200975
  0
VERTEX
  5
A55
  8
DEFAULT
 10
-217.6103926079148
 20
-7.005769772131687
 30
-25.48756561200975
  0
VERTEX
  5
A56
  8
DEFAULT
 10
-217.6479859739975
 20
-7.045641541737233
 30
-25.48756561200975
  0
VERTEX
  5
A57
  8
DEFAULT
 10
-217.6861445584758
 20
-7.084570566479685
 30
-25.48756561200975
  0
VERTEX
  5
A58
  8
DEFAULT
 10
-217.7248701088726
 20
-7.122556367789507
 30
-25.48756561200975
  0
VERTEX
  5
A59
  8
DEFAULT
 10
-217.7641643002344
 20
-7.159598579613892
 30
-25.48756561200975
  0
VERTEX
  5
A5A
  8
DEFAULT
 10
-217.8040287347307
 20
-7.195696947752703
 30
-25.48756561200975
  0
VERTEX
  5
A5B
  8
DEFAULT
 10
-217.8444649412518
 20
-7.230851329194393
 30
-25.48756561200975
  0
VERTEX
  5
A5C
  8
DEFAULT
 10
-217.8854743750084
 20
-7.265061691451944
 30
-25.48756561200975
  0
VERTEX
  5
A5D
  8
DEFAULT
 10
-217.9270584171297
 20
-7.298328111898796
 30
-25.48756561200975
  0
VERTEX
  5
A5E
  8
DEFAULT
 10
-217.9692183742627
 20
-7.330650777104776
 30
-25.48756561200975
  0
VERTEX
  5
A5F
  8
DEFAULT
 10
-218.0119554781707
 20
-7.362029982172032
 30
-25.48756561200975
  0
VERTEX
  5
A60
  8
DEFAULT
 10
-218.0552708853319
 20
-7.392466130070963
 30
-25.48756561200975
  0
VERTEX
  5
A61
  8
DEFAULT
 10
-218.0991656765384
 20
-7.421959730976152
 30
-25.48756561200975
  0
VERTEX
  5
A62
  8
DEFAULT
 10
-218.143640856495
 20
-7.450511401602294
 30
-25.48756561200975
  0
VERTEX
  5
A63
  8
DEFAULT
 10
-218.1886973534179
 20
-7.478121864540129
 30
-25.48756561200975
  0
VERTEX
  5
A64
  8
DEFAULT
 10
-218.234336018633
 20
-7.504791947592372
 30
-25.48756561200975
  0
VERTEX
  5
A65
  8
DEFAULT
 10
-218.2805576261755
 20
-7.530522583109647
 30
-25.48756561200975
  0
VERTEX
  5
A66
  8
DEFAULT
 10
-218.327362872388
 20
-7.555314807326416
 30
-25.48756561200975
  0
VERTEX
  5
A67
  8
DEFAULT
 10
-218.3747523755196
 20
-7.579169759696907
 30
-25.48756561200975
  0
VERTEX
  5
A68
  8
DEFAULT
 10
-218.4227266753242
 20
-7.602088682231052
 30
-25.48756561200975
  0
VERTEX
  5
A69
  8
DEFAULT
 10
-218.4712862326602
 20
-7.624072918830415
 30
-25.48756561200975
  0
VERTEX
  5
A6A
  8
DEFAULT
 10
-218.520431429088
 20
-7.645123914624123
 30
-25.48756561200975
  0
VERTEX
  5
A6B
  8
DEFAULT
 10
-218.5701625664699
 20
-7.665243215304795
 30
-25.48756561200975
  0
VERTEX
  5
A6C
  8
DEFAULT
 10
-218.620479866568
 20
-7.684432466464475
 30
-25.48756561200975
  0
VERTEX
  5
A6D
  8
DEFAULT
 10
-218.6713834706435
 20
-7.702693412930567
 30
-25.48756561200975
  0
VERTEX
  5
A6E
  8
DEFAULT
 10
-218.7228734390553
 20
-7.72002789810176
 30
-25.48756561200975
  0
VERTEX
  5
A6F
  8
DEFAULT
 10
-218.7749497508586
 20
-7.736437863283961
 30
-25.48756561200975
  0
VERTEX
  5
A70
  8
DEFAULT
 10
-218.827612303404
 20
-7.751925347026232
 30
-25.48756561200975
  0
VERTEX
  5
A71
  8
DEFAULT
 10
-218.8808609119357
 20
-7.766492484456708
 30
-25.48756561200975
  0
VERTEX
  5
A72
  8
DEFAULT
 10
-218.934695309191
 20
-7.780141506618544
 30
-25.48756561200975
  0
VERTEX
  5
A73
  8
DEFAULT
 10
-218.9891151449984
 20
-7.792874739805834
 30
-25.48756561200975
  0
VERTEX
  5
A74
  8
DEFAULT
 10
-219.0441199858768
 20
-7.804694604899549
 30
-25.48756561200975
  0
VERTEX
  5
A75
  8
DEFAULT
 10
-219.0997093146338
 20
-7.815603616703464
 30
-25.48756561200975
  0
VERTEX
  5
A76
  8
DEFAULT
 10
-219.2126389460523
 20
-7.834699605286618
 30
-25.48756561200975
  0
VERTEX
  5
A77
  8
DEFAULT
 10
-219.3278982122486
 20
-7.850184677207004
 30
-25.48756561200975
  0
VERTEX
  5
A78
  8
DEFAULT
 10
-219.445479921161
 20
-7.862082264380824
 30
-25.48756561200975
  0
VERTEX
  5
A79
  8
DEFAULT
 10
-219.5653755028324
 20
-7.870417237738565
 30
-25.48756561200975
  0
VERTEX
  5
A7A
  8
DEFAULT
 10
-219.6875749965703
 20
-7.875215885974796
 30
-25.48756561200975
  0
VERTEX
  5
A7B
  8
DEFAULT
 10
-219.8120670381066
 20
-7.876505894297971
 30
-25.48756561200975
  0
VERTEX
  5
A7C
  8
DEFAULT
 10
-219.9388388467587
 20
-7.874316323180221
 30
-25.48756561200975
  0
VERTEX
  5
A7D
  8
DEFAULT
 10
-220.0678762125887
 20
-7.868677587107157
 30
-25.48756561200975
  0
VERTEX
  5
A7E
  8
DEFAULT
 10
-220.1991634835645
 20
-7.859621433327664
 30
-25.48756561200975
  0
VERTEX
  5
A7F
  8
DEFAULT
 10
-220.3326835527197
 20
-7.847180920603698
 30
-25.48756561200975
  0
VERTEX
  5
A80
  8
DEFAULT
 10
-220.4684178453136
 20
-7.831390397960084
 30
-25.48756561200975
  0
VERTEX
  5
A81
  8
DEFAULT
 10
-220.606346305992
 20
-7.812285483434319
 30
-25.48756561200975
  0
VERTEX
  5
A82
  8
DEFAULT
 10
-220.7464473859466
 20
-7.789903042826363
 30
-25.48756561200975
  0
VERTEX
  5
A83
  8
DEFAULT
 10
-220.8886980300761
 20
-7.764281168448437
 30
-25.48756561200975
  0
VERTEX
  5
A84
  8
DEFAULT
 10
-221.033073664146
 20
-7.735459157874824
 30
-25.48756561200975
  0
VERTEX
  5
A85
  8
DEFAULT
 10
-221.1795481819488
 20
-7.703477492691663
 30
-25.48756561200975
  0
VERTEX
  5
A86
  8
DEFAULT
 10
-221.4786817070199
 20
-7.630202917399339
 30
-25.48756561200975
  0
VERTEX
  5
A87
  8
DEFAULT
 10
-221.7858586282603
 20
-7.544804167990063
 30
-25.48756561200975
  0
VERTEX
  5
A88
  8
DEFAULT
 10
-222.1008136353284
 20
-7.447645554059197
 30
-25.48756561200975
  0
VERTEX
  5
A89
  8
DEFAULT
 10
-222.4232556736988
 20
-7.339108289372406
 30
-25.48756561200975
  0
VERTEX
  5
A8A
  8
DEFAULT
 10
-222.7528675337886
 20
-7.219589811859169
 30
-25.48756561200975
  0
VERTEX
  5
A8B
  8
DEFAULT
 10
-223.0893054400854
 20
-7.089503103606313
 30
-25.48756561200975
  0
VERTEX
  5
A8C
  8
DEFAULT
 10
-223.4321986402747
 20
-6.949276010851529
 30
-25.48756561200975
  0
VERTEX
  5
A8D
  8
DEFAULT
 10
-223.7811489943668
 20
-6.799350563976893
 30
-25.48756561200975
  0
VERTEX
  5
A8E
  8
DEFAULT
 10
-224.4954892006923
 20
-6.472239570079463
 30
-25.48756561200975
  0
VERTEX
  5
A8F
  8
DEFAULT
 10
-225.2285775724912
 20
-6.111964207612294
 30
-25.48756561200975
  0
VERTEX
  5
A90
  8
DEFAULT
 10
-225.9762011245496
 20
-5.722501988169352
 30
-25.48756561200975
  0
VERTEX
  5
A91
  8
DEFAULT
 10
-226.7336692250877
 20
-5.307992089033023
 30
-25.48756561200975
  0
VERTEX
  5
A92
  8
DEFAULT
 10
-228.2569094241162
 20
-4.421063728008325
 30
-25.48756561200975
  0
VERTEX
  5
A93
  8
DEFAULT
 10
-229.6240106545227
 20
-3.568226086690119
 30
-25.48756561200975
  0
VERTEX
  5
A94
  8
DEFAULT
 10
-230.0797885201733
 20
-3.270158440523323
 30
-25.48756561200975
  0
VERTEX
  5
A95
  8
DEFAULT
 10
-230.5241308771848
 20
-2.964372118718357
 30
-25.48756561200975
  0
VERTEX
  5
A96
  8
DEFAULT
 10
-230.7395736343381
 20
-2.8075979799663
 30
-25.48756561200975
  0
VERTEX
  5
A97
  8
DEFAULT
 10
-230.9493561739691
 20
-2.647738057719372
 30
-25.48756561200975
  0
VERTEX
  5
A98
  8
DEFAULT
 10
-231.1526790661725
 20
-2.484439330722211
 30
-25.48756561200975
  0
VERTEX
  5
A99
  8
DEFAULT
 10
-231.3488096632576
 20
-2.31736786929023
 30
-25.48756561200975
  0
VERTEX
  5
A9A
  8
DEFAULT
 10
-231.5370834032211
 20
-2.146210859991269
 30
-25.48756561200975
  0
VERTEX
  5
A9B
  8
DEFAULT
 10
-231.6280852141127
 20
-2.059008792930895
 30
-25.48756561200975
  0
VERTEX
  5
A9C
  8
DEFAULT
 10
-231.7169051132194
 20
-1.970678630327245
 30
-25.48756561200975
  0
VERTEX
  5
A9D
  8
DEFAULT
 10
-231.8034797598429
 20
-1.881188111063343
 30
-25.48756561200975
  0
VERTEX
  5
A9E
  8
DEFAULT
 10
-231.8877503130414
 20
-1.790506673415795
 30
-25.48756561200975
  0
VERTEX
  5
A9F
  8
DEFAULT
 10
-231.9696624723633
 20
-1.698605518326096
 30
-25.48756561200975
  0
VERTEX
  5
AA0
  8
DEFAULT
 10
-232.0491665185804
 20
-1.605457672671929
 30
-25.48756561200975
  0
VERTEX
  5
AA1
  8
DEFAULT
 10
-232.1262173544216
 20
-1.511038052538467
 30
-25.48756561200975
  0
VERTEX
  5
AA2
  8
DEFAULT
 10
-232.2007745453068
 20
-1.415323526489676
 30
-25.48756561200975
  0
VERTEX
  5
AA3
  8
DEFAULT
 10
-232.2728023600794
 20
-1.318292978839613
 30
-25.48756561200975
  0
VERTEX
  5
AA4
  8
DEFAULT
 10
-232.3422698117408
 20
-1.219927372923731
 30
-25.48756561200975
  0
VERTEX
  5
AA5
  8
DEFAULT
 10
-232.4091506981836
 20
-1.120209814370181
 30
-25.48756561200975
  0
VERTEX
  5
AA6
  8
DEFAULT
 10
-232.4734236429247
 20
-1.019125614371108
 30
-25.48756561200975
  0
VERTEX
  5
AA7
  8
DEFAULT
 10
-232.5350721358395
 20
-0.9166623529539597
 30
-25.48756561200975
  0
VERTEX
  5
AA8
  8
DEFAULT
 10
-232.5940845738949
 20
-0.8128099422527821
 30
-25.48756561200975
  0
VERTEX
  5
AA9
  8
DEFAULT
 10
-232.6504543018832
 20
-0.707560689779525
 30
-25.48756561200975
  0
VERTEX
  5
AAA
  8
DEFAULT
 10
-232.7041796531552
 20
-0.6009093616953413
 30
-25.48756561200975
  0
VERTEX
  5
AAB
  8
DEFAULT
 10
-232.755263990354
 20
-0.4928532460818893
 30
-25.48756561200975
  0
VERTEX
  5
AAC
  8
DEFAULT
 10
-232.8037157461485
 20
-0.3833922162126341
 30
-25.48756561200975
  0
VERTEX
  5
AAD
  8
DEFAULT
 10
-232.8495484639668
 20
-0.272528793824149
 30
-25.48756561200975
  0
VERTEX
  5
AAE
  8
DEFAULT
 10
-232.8927808387297
 20
-0.1602682123874173
 30
-25.48756561200975
  0
VERTEX
  5
AAF
  8
DEFAULT
 10
-232.9334367575844
 20
-0.0466184803791333
 30
-25.48756561200975
  0
VERTEX
  5
AB0
  8
DEFAULT
 10
-232.9715453406379
 20
0.0684095554469955
 30
-25.48756561200975
  0
VERTEX
  5
AB1
  8
DEFAULT
 10
-233.0071409816905
 20
0.1848021467889476
 30
-25.48756561200975
  0
VERTEX
  5
AB2
  8
DEFAULT
 10
-233.0402633889692
 20
0.3025425805250857
 30
-25.48756561200975
  0
VERTEX
  5
AB3
  8
DEFAULT
 10
-233.0709576258615
 20
0.421611115442855
 30
-25.48756561200975
  0
VERTEX
  5
AB4
  8
DEFAULT
 10
-233.0992741516486
 20
0.5419849189674819
 30
-25.48756561200975
  0
VERTEX
  5
AB5
  8
DEFAULT
 10
-233.1252688622392
 20
0.6636380038906725
 30
-25.48756561200975
  0
VERTEX
  5
AB6
  8
DEFAULT
 10
-233.149003130903
 20
0.786541165099311
 30
-25.48756561200975
  0
VERTEX
  5
AB7
  8
DEFAULT
 10
-233.1705438490037
 20
0.9106619163041585
 30
-25.48756561200975
  0
VERTEX
  5
AB8
  8
DEFAULT
 10
-233.1899634667333
 20
1.035964426768551
 30
-25.48756561200975
  0
VERTEX
  5
AB9
  8
DEFAULT
 10
-233.222757240387
 20
1.289954300664381
 30
-25.48756561200975
  0
VERTEX
  5
ABA
  8
DEFAULT
 10
-233.2480767778308
 20
1.548154847635537
 30
-25.48756561200975
  0
VERTEX
  5
ABB
  8
DEFAULT
 10
-233.2667059532226
 20
1.810152568008657
 30
-25.48756561200975
  0
VERTEX
  5
ABC
  8
DEFAULT
 10
-233.2795214923845
 20
2.07547437690664
 30
-25.48756561200975
  0
VERTEX
  5
ABD
  8
DEFAULT
 10
-233.2916906444606
 20
2.613887846660184
 30
-25.48756561200975
  0
VERTEX
  5
ABE
  8
DEFAULT
 10
-233.2935046058671
 20
3.158341935901875
 30
-25.48756561200975
  0
VERTEX
  5
ABF
  8
DEFAULT
 10
-233.2935046058671
 20
44.00000000000004
 30
-25.48756561200975
 42
-0.9704765743094043
  0
VERTEX
  5
AC0
  8
DEFAULT
 10
-164.7680552843478
 20
46.05387904637227
 30
-25.48756561200975
  0
SEQEND
  5
AC1
  8
DEFAULT
  0
CIRCLE
  5
AC2
  8
DEFAULT
 10
199.0000000000003
 20
44.00000000000003
 30
25.48756561200975
 40
1.5
210
0.0
220
0.0
230
-1.0
  0
CIRCLE
  5
AC3
  8
DEFAULT
 10
-301.0000000000003
 20
44.00000000000006
 30
-25.48756561200975
 40
56.57354648245746
  0
CIRCLE
  5
AC4
  8
DEFAULT
 10
301.0000000000002
 20
44.0
 30
25.48756561200975
 40
6.0
210
0.0
220
0.0
230
-1.0
  0
CIRCLE
  5
AC5
  8
DEFAULT
 10
324.8142287768526
 20
86.33572717406471
 30
25.48756561200975
 40
2.499999999999984
210
0.0
220
0.0
230
-1.0
  0
CIRCLE
  5
AC6
  8
DEFAULT
 10
349.5709296088536
 20
44.54413649474384
 30
25.48756561200975
 40
2.5
210
0.0
220
0.0
230
-1.0
  0
CIRCLE
  5
AC7
  8
DEFAULT
 10
276.2432991679992
 20
85.79159067932095
 30
25.48756561200975
 40
2.50000000000002
210
0.0
220
0.0
230
-1.0
  0
CIRCLE
  5
AC8
  8
DEFAULT
 10
252.4290703911468
 20
43.45586350525622
 30
25.48756561200975
 40
2.500000000000028
210
0.0
220
0.0
230
-1.0
  0
POLYLINE
  5
AC9
  8
DEFAULT
 66
     1
 10
0.0
 20
0.0
 30
-25.48756561200975
 70
     1
  0
VERTEX
  5
ACA
  8
DEFAULT
 10
-318.1494370962188
 20
-6.094221971585967
 30
-25.48756561200975
  0
VERTEX
  5
ACB
  8
DEFAULT
 10
-318.1494370962188
 20
6.094025768989914
 30
-25.48756561200975
  0
VERTEX
  5
ACC
  8
DEFAULT
 10
-294.8413101661931
 20
6.094025768989912
 30
-25.48756561200975
  0
VERTEX
  5
ACD
  8
DEFAULT
 10
-294.8413101661931
 20
-6.094221971585969
 30
-25.48756561200975
  0
SEQEND
  5
ACE
  8
DEFAULT
  0
POLYLINE
  5
ACF
  8
DEFAULT
 66
     1
 10
0.0
 20
0.0
 30
-25.48756561200975
 70
     1
  0
VERTEX
  5
AD0
  8
DEFAULT
 10
-279.2935047149658
 20
4.759977412468373
 30
-25.48756561200975
  0
VERTEX
  5
AD1
  8
DEFAULT
 10
-279.2935047149658
 20
-3.994685280043484
 30
-25.48756561200975
  0
VERTEX
  5
AD2
  8
DEFAULT
 10
-282.2935047149658
 20
-3.994685280043484
 30
-25.48756561200975
  0
VERTEX
  5
AD3
  8
DEFAULT
 10
-282.2935047149658
 20
4.759977412468373
 30
-25.48756561200975
  0
SEQEND
  5
AD4
  8
DEFAULT
  0
POLYLINE
  5
AD5
  8
DEFAULT
 66
     1
 10
0.0
 20
0.0
 30
-25.48756561200975
 70
     1
  0
VERTEX
  5
AD6
  8
DEFAULT
 10
-299.0
 20
8.759977412468373
 30
-25.48756561200975
  0
VERTEX
  5
AD7
  8
DEFAULT
 10
-314.832348543115
 20
8.759977412468373
 30
-25.48756561200975
  0
VERTEX
  5
AD8
  8
DEFAULT
 10
-314.832348543115
 20
11.75997741246837
 30
-25.48756561200975
  0
VERTEX
  5
AD9
  8
DEFAULT
 10
-299.0
 20
11.75997741246837
 30
-25.48756561200975
  0
SEQEND
  5
ADA
  8
DEFAULT
  0
POLYLINE
  5
ADB
  8
DEFAULT
 66
     1
 10
0.0
 20
0.0
 30
-25.48756561200975
 70
     1
  0
VERTEX
  5
ADC
  8
DEFAULT
 10
-336.7775602102044
 20
25.07586678925961
 30
-25.48756561200975
  0
VERTEX
  5
ADD
  8
DEFAULT
 10
-316.9519132092937
 20
36.52220942209391
 30
-25.48756561200975
  0
VERTEX
  5
ADE
  8
DEFAULT
 10
-315.4519132092936
 20
33.92413321074059
 30
-25.48756561200975
  0
VERTEX
  5
ADF
  8
DEFAULT
 10
-335.2775602102044
 20
22.47779057790627
 30
-25.48756561200975
  0
VERTEX
  5
AE0
  8
DEFAULT
 10
-336.2846702554429
 20
24.2567008331855
 30
-25.48756561200975
  0
SEQEND
  5
AE1
  8
DEFAULT
  0
POLYLINE
  5
AE2
  8
DEFAULT
 66
     1
 10
0.0
 20
0.0
 30
-25.48756561200975
 70
     1
  0
VERTEX
  5
AE3
  8
DEFAULT
 10
-335.2775602102043
 20
65.52220942209394
 30
-25.48756561200975
  0
VERTEX
  5
AE4
  8
DEFAULT
 10
-315.4519132092935
 20
54.07586678925958
 30
-25.48756561200975
  0
VERTEX
  5
AE5
  8
DEFAULT
 10
-316.9519132092935
 20
51.47779057790626
 30
-25.48756561200975
  0
VERTEX
  5
AE6
  8
DEFAULT
 10
-336.7775602102043
 20
62.92413321074059
 30
-25.48756561200975
  0
VERTEX
  5
AE7
  8
DEFAULT
 10
-335.7405337606991
 20
64.68577122196328
 30
-25.48756561200975
  0
SEQEND
  5
AE8
  8
DEFAULT
  0
POLYLINE
  5
AE9
  8
DEFAULT
 66
     1
 10
0.0
 20
0.0
 30
-25.48756561200975
 70
     1
  0
VERTEX
  5
AEA
  8
DEFAULT
 10
-299.5000000000002
 20
84.44634263283436
 30
-25.48756561200975
  0
VERTEX
  5
AEB
  8
DEFAULT
 10
-299.5000000000002
 20
61.5536573671657
 30
-25.48756561200975
  0
VERTEX
  5
AEC
  8
DEFAULT
 10
-302.5000000000002
 20
61.5536573671657
 30
-25.48756561200975
  0
VERTEX
  5
AED
  8
DEFAULT
 10
-302.5000000000002
 20
84.44634263283434
 30
-25.48756561200975
  0
VERTEX
  5
AEE
  8
DEFAULT
 10
-300.4558635052564
 20
84.4290703887778
 30
-25.48756561200975
  0
SEQEND
  5
AEF
  8
DEFAULT
  0
POLYLINE
  5
AF0
  8
DEFAULT
 66
     1
 10
0.0
 20
0.0
 30
-25.48756561200975
 70
     1
  0
VERTEX
  5
AF1
  8
DEFAULT
 10
-266.7224397897962
 20
22.47779057790612
 30
-25.48756561200975
  0
VERTEX
  5
AF2
  8
DEFAULT
 10
-286.548086790707
 20
33.92413321074045
 30
-25.48756561200975
  0
VERTEX
  5
AF3
  8
DEFAULT
 10
-285.048086790707
 20
36.52220942209379
 30
-25.48756561200975
  0
VERTEX
  5
AF4
  8
DEFAULT
 10
-265.2224397897962
 20
25.07586678925945
 30
-25.48756561200975
  0
VERTEX
  5
AF5
  8
DEFAULT
 10
-266.2594662393014
 20
23.31422877803678
 30
-25.48756561200975
  0
SEQEND
  5
AF6
  8
DEFAULT
  0
POLYLINE
  5
AF7
  8
DEFAULT
 66
     1
 10
0.0
 20
0.0
 30
-25.48756561200975
 70
     1
  0
VERTEX
  5
AF8
  8
DEFAULT
 10
-327.2935047149658
 20
10.75997741246837
 30
-25.48756561200975
  0
VERTEX
  5
AF9
  8
DEFAULT
 10
-327.2935047149658
 20
2.005314719956516
 30
-25.48756561200975
  0
VERTEX
  5
AFA
  8
DEFAULT
 10
-330.2935047149658
 20
2.005314719956516
 30
-25.48756561200975
  0
VERTEX
  5
AFB
  8
DEFAULT
 10
-330.2935047149658
 20
10.75997741246837
 30
-25.48756561200975
  0
SEQEND
  5
AFC
  8
DEFAULT
  0
POLYLINE
  5
AFD
  8
DEFAULT
 66
     1
 10
0.0
 20
0.0
 30
-25.48756561200975
 70
     1
  0
VERTEX
  5
AFE
  8
DEFAULT
 10
-265.2224397897961
 20
62.92413321074048
 30
-25.48756561200975
  0
VERTEX
  5
AFF
  8
DEFAULT
 10
-285.0480867907069
 20
51.47779057790615
 30
-25.48756561200975
  0
VERTEX
  5
B00
  8
DEFAULT
 10
-286.5480867907069
 20
54.07586678925946
 30
-25.48756561200975
  0
VERTEX
  5
B01
  8
DEFAULT
 10
-266.7224397897961
 20
65.5222094220938
 30
-25.48756561200975
  0
VERTEX
  5
B02
  8
DEFAULT
 10
-265.7153297445576
 20
63.74329916681455
 30
-25.48756561200975
  0
SEQEND
  5
B03
  8
DEFAULT
  0
POLYLINE
  5
B04
  8
DEFAULT
 66
     1
 10
0.0
 20
0.0
 30
-25.48756561200975
 70
     1
  0
VERTEX
  5
B05
  8
DEFAULT
 10
-471.0
 20
97.68071830262373
 30
-25.48756561200975
  0
VERTEX
  5
B06
  8
DEFAULT
 10
-463.832348543115
 20
97.68071830262373
 30
-25.48756561200975
  0
VERTEX
  5
B07
  8
DEFAULT
 10
-463.832348543115
 20
100.6807183026237
 30
-25.48756561200975
  0
VERTEX
  5
B08
  8
DEFAULT
 10
-448.0
 20
100.6807183026237
 30
-25.48756561200975
  0
VERTEX
  5
B09
  8
DEFAULT
 10
-448.0
 20
97.68071830262373
 30
-25.48756561200975
  0
VERTEX
  5
B0A
  8
DEFAULT
 10
-440.832348543115
 20
97.68071830262373
 30
-25.48756561200975
  0
VERTEX
  5
B0B
  8
DEFAULT
 10
-440.832348543115
 20
81.33923652231302
 30
-25.48756561200975
  0
VERTEX
  5
B0C
  8
DEFAULT
 10
-448.5092001124398
 20
81.33923652231302
 30
-25.48756561200975
  0
VERTEX
  5
B0D
  8
DEFAULT
 10
-448.5092001124398
 20
72.83923652231302
 30
-25.48756561200975
  0
VERTEX
  5
B0E
  8
DEFAULT
 10
-463.3231484306752
 20
72.83923652231302
 30
-25.48756561200975
  0
VERTEX
  5
B0F
  8
DEFAULT
 10
-463.3231484306752
 20
81.33923652231302
 30
-25.48756561200975
  0
VERTEX
  5
B10
  8
DEFAULT
 10
-471.0
 20
81.33923652231302
 30
-25.48756561200975
  0
SEQEND
  5
B11
  8
DEFAULT
  0
POLYLINE
  5
B12
  8
DEFAULT
 66
     1
 10
0.0
 20
0.0
 30
-25.48756561200975
 70
     1
  0
VERTEX
  5
B13
  8
DEFAULT
 10
-391.312273980531
 20
78.61294879274297
 30
-25.48756561200975
  0
VERTEX
  5
B14
  8
DEFAULT
 10
-391.312273980531
 20
81.39236592721352
 30
-25.48756561200975
  0
VERTEX
  5
B15
  8
DEFAULT
 10
-391.3105940895769
 20
81.84196140630822
 30
-25.48756561200975
  0
VERTEX
  5
B16
  8
DEFAULT
 10
-391.2992683731445
 20
82.27994026089723
 30
-25.48756561200975
  0
VERTEX
  5
B17
  8
DEFAULT
 10
-391.2872957632197
 20
82.49133075158568
 30
-25.48756561200975
  0
VERTEX
  5
B18
  8
DEFAULT
 10
-391.2698431864325
 20
82.69612162905426
 30
-25.48756561200975
  0
VERTEX
  5
B19
  8
DEFAULT
 10
-391.2587920187106
 20
82.79571717780118
 30
-25.48756561200975
  0
VERTEX
  5
B1A
  8
DEFAULT
 10
-391.2460571497981
 20
82.89328501782006
 30
-25.48756561200975
  0
VERTEX
  5
B1B
  8
DEFAULT
 10
-391.2315445938604
 20
82.98871196044169
 30
-25.48756561200975
  0
VERTEX
  5
B1C
  8
DEFAULT
 10
-391.2151654453782
 20
83.08189093530322
 30
-25.48756561200975
  0
VERTEX
  5
B1D
  8
DEFAULT
 10
-391.1968358791477
 20
83.17272099034832
 30
-25.48756561200975
  0
VERTEX
  5
B1E
  8
DEFAULT
 10
-391.1764771502802
 20
83.26110729182707
 30
-25.48756561200975
  0
VERTEX
  5
B1F
  8
DEFAULT
 10
-391.1540155942029
 20
83.34696112429602
 30
-25.48756561200975
  0
VERTEX
  5
B20
  8
DEFAULT
 10
-391.1293826266578
 20
83.43019989061813
 30
-25.48756561200975
  0
VERTEX
  5
B21
  8
DEFAULT
 10
-391.1162318201532
 20
83.47081448534323
 30
-25.48756561200975
  0
VERTEX
  5
B22
  8
DEFAULT
 10
-391.102514743703
 20
83.51074711196284
 30
-25.48756561200975
  0
VERTEX
  5
B23
  8
DEFAULT
 10
-391.0882242531135
 20
83.54998916660851
 30
-25.48756561200975
  0
VERTEX
  5
B24
  8
DEFAULT
 10
-391.0733535217112
 20
83.58853242780597
 30
-25.48756561200975
  0
VERTEX
  5
B25
  8
DEFAULT
 10
-391.0578960403417
 20
83.62636905647508
 30
-25.48756561200975
  0
VERTEX
  5
B26
  8
DEFAULT
 10
-391.0418456173709
 20
83.66349159592988
 30
-25.48756561200975
  0
VERTEX
  5
B27
  8
DEFAULT
 10
-391.025196378684
 20
83.69989297187854
 30
-25.48756561200975
  0
VERTEX
  5
B28
  8
DEFAULT
 10
-391.0079427676861
 20
83.73556649242335
 30
-25.48756561200975
  0
VERTEX
  5
B29
  8
DEFAULT
 10
-390.9900795453019
 20
83.7705058480608
 30
-25.48756561200975
  0
VERTEX
  5
B2A
  8
DEFAULT
 10
-390.9716017899759
 20
83.80470511168154
 30
-25.48756561200975
  0
VERTEX
  5
B2B
  8
DEFAULT
 10
-390.9525048976724
 20
83.83815873857034
 30
-25.48756561200975
  0
VERTEX
  5
B2C
  8
DEFAULT
 10
-390.932784581875
 20
83.87086156640613
 30
-25.48756561200975
  0
VERTEX
  5
B2D
  8
DEFAULT
 10
-390.9124368735876
 20
83.902808815262
 30
-25.48756561200975
  0
VERTEX
  5
B2E
  8
DEFAULT
 10
-390.8914581213333
 20
83.93399608760522
 30
-25.48756561200975
  0
VERTEX
  5
B2F
  8
DEFAULT
 10
-390.8698449911553
 20
83.96441936829716
 30
-25.48756561200975
  0
VERTEX
  5
B30
  8
DEFAULT
 10
-390.8475944666163
 20
83.99407502459334
 30
-25.48756561200975
  0
VERTEX
  5
B31
  8
DEFAULT
 10
-390.8247038487987
 20
84.02295980614352
 30
-25.48756561200975
  0
VERTEX
  5
B32
  8
DEFAULT
 10
-390.8011707563046
 20
84.0510708449915
 30
-25.48756561200975
  0
VERTEX
  5
B33
  8
DEFAULT
 10
-390.776993125256
 20
84.07840565557532
 30
-25.48756561200975
  0
VERTEX
  5
B34
  8
DEFAULT
 10
-390.7521692092945
 20
84.10496213472713
 30
-25.48756561200975
  0
VERTEX
  5
B35
  8
DEFAULT
 10
-390.7266975795813
 20
84.13073856167324
 30
-25.48756561200975
  0
VERTEX
  5
B36
  8
DEFAULT
 10
-390.7005771247974
 20
84.15573359803412
 30
-25.48756561200975
  0
VERTEX
  5
B37
  8
DEFAULT
 10
-390.6738070511436
 20
84.17994628782438
 30
-25.48756561200975
  0
VERTEX
  5
B38
  8
DEFAULT
 10
-390.6463868823404
 20
84.2033760574528
 30
-25.48756561200975
  0
VERTEX
  5
B39
  8
DEFAULT
 10
-390.6183164596277
 20
84.22602271572231
 30
-25.48756561200975
  0
VERTEX
  5
B3A
  8
DEFAULT
 10
-390.5895959417657
 20
84.24788645382995
 30
-25.48756561200975
  0
VERTEX
  5
B3B
  8
DEFAULT
 10
-390.5602258050336
 20
84.26896784536697
 30
-25.48756561200975
  0
VERTEX
  5
B3C
  8
DEFAULT
 10
-390.5302068432309
 20
84.28926784631877
 30
-25.48756561200975
  0
VERTEX
  5
B3D
  8
DEFAULT
 10
-390.4995401676765
 20
84.30878779506486
 30
-25.48756561200975
  0
VERTEX
  5
B3E
  8
DEFAULT
 10
-390.4682272072093
 20
84.32752941237895
 30
-25.48756561200975
  0
VERTEX
  5
B3F
  8
DEFAULT
 10
-390.4362697081874
 20
84.34549480142888
 30
-25.48756561200975
  0
VERTEX
  5
B40
  8
DEFAULT
 10
-390.4036697344891
 20
84.36268644777664
 30
-25.48756561200975
  0
VERTEX
  5
B41
  8
DEFAULT
 10
-390.3704296675123
 20
84.37910721937834
 30
-25.48756561200975
  0
VERTEX
  5
B42
  8
DEFAULT
 10
-390.3365522061744
 20
84.39476036658432
 30
-25.48756561200975
  0
VERTEX
  5
B43
  8
DEFAULT
 10
-390.3020403669126
 20
84.40964952213903
 30
-25.48756561200975
  0
VERTEX
  5
B44
  8
DEFAULT
 10
-390.2668974836843
 20
84.42377870118108
 30
-25.48756561200975
  0
VERTEX
  5
B45
  8
DEFAULT
 10
-390.2311272079656
 20
84.4371523012432
 30
-25.48756561200975
  0
VERTEX
  5
B46
  8
DEFAULT
 10
-390.1947335087534
 20
84.44977510225232
 30
-25.48756561200975
  0
VERTEX
  5
B47
  8
DEFAULT
 10
-390.1577206725635
 20
84.46165226652948
 30
-25.48756561200975
  0
VERTEX
  5
B48
  8
DEFAULT
 10
-390.1200933034318
 20
84.47278933878992
 30
-25.48756561200975
  0
VERTEX
  5
B49
  8
DEFAULT
 10
-390.0818563229138
 20
84.48319224614302
 30
-25.48756561200975
  0
VERTEX
  5
B4A
  8
DEFAULT
 10
-390.0430149700849
 20
84.49286729809229
 30
-25.48756561200975
  0
VERTEX
  5
B4B
  8
DEFAULT
 10
-390.0035748015398
 20
84.50182118653541
 30
-25.48756561200975
  0
VERTEX
  5
B4C
  8
DEFAULT
 10
-389.9635416913933
 20
84.5100609857642
 30
-25.48756561200975
  0
VERTEX
  5
B4D
  8
DEFAULT
 10
-389.9229218312798
 20
84.51759415246462
 30
-25.48756561200975
  0
VERTEX
  5
B4E
  8
DEFAULT
 10
-389.8817217303534
 20
84.52442852571686
 30
-25.48756561200975
  0
VERTEX
  5
B4F
  8
DEFAULT
 10
-389.8399482152878
 20
84.53057232699517
 30
-25.48756561200975
  0
VERTEX
  5
B50
  8
DEFAULT
 10
-389.7976084302765
 20
84.53603416016799
 30
-25.48756561200975
  0
VERTEX
  5
B51
  8
DEFAULT
 10
-389.7112602147897
 20
84.5449482496417
 30
-25.48756561200975
  0
VERTEX
  5
B52
  8
DEFAULT
 10
-389.6227405878353
 20
84.55124727296858
 30
-25.48756561200975
  0
VERTEX
  5
B53
  8
DEFAULT
 10
-389.5321181336709
 20
84.55501382728565
 30
-25.48756561200975
  0
VERTEX
  5
B54
  8
DEFAULT
 10
-389.4394665168698
 20
84.55633662803635
 30
-25.48756561200975
  0
VERTEX
  5
B55
  8
DEFAULT
 10
-389.3448644823203
 20
84.55531050897062
 30
-25.48756561200975
  0
VERTEX
  5
B56
  8
DEFAULT
 10
-389.2483958552262
 20
84.55203642214482
 30
-25.48756561200975
  0
VERTEX
  5
B57
  8
DEFAULT
 10
-389.1501495411069
 20
84.54662143792176
 30
-25.48756561200975
  0
VERTEX
  5
B58
  8
DEFAULT
 10
-389.0502195257969
 20
84.53917874497068
 30
-25.48756561200975
  0
VERTEX
  5
B59
  8
DEFAULT
 10
-388.8457097365206
 20
84.51869357909374
 30
-25.48756561200975
  0
VERTEX
  5
B5A
  8
DEFAULT
 10
-388.6357199803819
 20
84.49160879999694
 30
-25.48756561200975
  0
VERTEX
  5
B5B
  8
DEFAULT
 10
-388.2031209646872
 20
84.42224136859122
 30
-25.48756561200975
  0
VERTEX
  5
B5C
  8
DEFAULT
 10
-387.7608761235142
 20
84.3412573126798
 30
-25.48756561200975
  0
VERTEX
  5
B5D
  8
DEFAULT
 10
-383.0648193726945
 20
83.46316609453815
 30
-25.48756561200975
  0
VERTEX
  5
B5E
  8
DEFAULT
 10
-382.7599023486331
 20
83.40497292882314
 30
-25.48756561200975
  0
VERTEX
  5
B5F
  8
DEFAULT
 10
-382.4616358858122
 20
83.34125749172658
 30
-25.48756561200975
  0
VERTEX
  5
B60
  8
DEFAULT
 10
-382.316853074202
 20
83.30578741658286
 30
-25.48756561200975
  0
VERTEX
  5
B61
  8
DEFAULT
 10
-382.1758485659929
 20
83.26718003979046
 30
-25.48756561200975
  0
VERTEX
  5
B62
  8
DEFAULT
 10
-382.1069492594416
 20
83.24654534923083
 30
-25.48756561200975
  0
VERTEX
  5
B63
  8
DEFAULT
 10
-382.0392108237669
 20
83.22494673340415
 30
-25.48756561200975
  0
VERTEX
  5
B64
  8
DEFAULT
 10
-381.9726980599079
 20
83.20233038506643
 30
-25.48756561200975
  0
VERTEX
  5
B65
  8
DEFAULT
 10
-381.9074722660501
 20
83.17864540547342
 30
-25.48756561200975
  0
VERTEX
  5
B66
  8
DEFAULT
 10
-381.8435912376258
 20
83.15384380438044
 30
-25.48756561200975
  0
VERTEX
  5
B67
  8
DEFAULT
 10
-381.7811092673136
 20
83.12788050004258
 30
-25.48756561200975
  0
VERTEX
  5
B68
  8
DEFAULT
 10
-381.7200771450385
 20
83.1007133192145
 30
-25.48756561200975
  0
VERTEX
  5
B69
  8
DEFAULT
 10
-381.6605421579725
 20
83.07230299715066
 30
-25.48756561200975
  0
VERTEX
  5
B6A
  8
DEFAULT
 10
-381.6025480905338
 20
83.04261317760512
 30
-25.48756561200975
  0
VERTEX
  5
B6B
  8
DEFAULT
 10
-381.5461352243872
 20
83.01161041283159
 30
-25.48756561200975
  0
VERTEX
  5
B6C
  8
DEFAULT
 10
-381.491340338444
 20
82.97926416358354
 30
-25.48756561200975
  0
VERTEX
  5
B6D
  8
DEFAULT
 10
-381.4381967088622
 20
82.94554679911403
 30
-25.48756561200975
  0
VERTEX
  5
B6E
  8
DEFAULT
 10
-381.3867341090462
 20
82.91043359717582
 30
-25.48756561200975
  0
VERTEX
  5
B6F
  8
DEFAULT
 10
-381.361641541705
 20
82.89234662674662
 30
-25.48756561200975
  0
VERTEX
  5
B70
  8
DEFAULT
 10
-381.3369788096469
 20
82.87390274402142
 30
-25.48756561200975
  0
VERTEX
  5
B71
  8
DEFAULT
 10
-381.3127486493978
 20
82.85509967673488
 30
-25.48756561200975
  0
VERTEX
  5
B72
  8
DEFAULT
 10
-381.2889535785619
 20
82.83593533440288
 30
-25.48756561200975
  0
VERTEX
  5
B73
  8
DEFAULT
 10
-381.265595895821
 20
82.81640780832248
 30
-25.48756561200975
  0
VERTEX
  5
B74
  8
DEFAULT
 10
-381.2426776809351
 20
82.79651537157201
 30
-25.48756561200975
  0
VERTEX
  5
B75
  8
DEFAULT
 10
-381.220200794742
 20
82.77625647901101
 30
-25.48756561200975
  0
VERTEX
  5
B76
  8
DEFAULT
 10
-381.1981668791572
 20
82.75562976728027
 30
-25.48756561200975
  0
VERTEX
  5
B77
  8
DEFAULT
 10
-381.1765773571745
 20
82.73463405480179
 30
-25.48756561200975
  0
VERTEX
  5
B78
  8
DEFAULT
 10
-381.1554334328653
 20
82.71326834177881
 30
-25.48756561200975
  0
VERTEX
  5
B79
  8
DEFAULT
 10
-381.1347360913791
 20
82.69153181019581
 30
-25.48756561200975
  0
VERTEX
  5
B7A
  8
DEFAULT
 10
-381.1144860989431
 20
82.66942382381846
 30
-25.48756561200975
  0
VERTEX
  5
B7B
  8
DEFAULT
 10
-381.0946840028626
 20
82.6469439281937
 30
-25.48756561200975
  0
VERTEX
  5
B7C
  8
DEFAULT
 10
-381.0753301315207
 20
82.62409185064968
 30
-25.48756561200975
  0
VERTEX
  5
B7D
  8
DEFAULT
 10
-381.0564245943785
 20
82.60086750029578
 30
-25.48756561200975
  0
VERTEX
  5
B7E
  8
DEFAULT
 10
-381.0379672819748
 20
82.57727096802262
 30
-25.48756561200975
  0
VERTEX
  5
B7F
  8
DEFAULT
 10
-381.0199578659267
 20
82.55330252650207
 30
-25.48756561200975
  0
VERTEX
  5
B80
  8
DEFAULT
 10
-381.0023957989289
 20
82.52896263018717
 30
-25.48756561200975
  0
VERTEX
  5
B81
  8
DEFAULT
 10
-380.9852803147539
 20
82.50425191531224
 30
-25.48756561200975
  0
VERTEX
  5
B82
  8
DEFAULT
 10
-380.9686104282525
 20
82.4791711998928
 30
-25.48756561200975
  0
VERTEX
  5
B83
  8
DEFAULT
 10
-380.9523849353531
 20
82.45372148372564
 30
-25.48756561200975
  0
VERTEX
  5
B84
  8
DEFAULT
 10
-380.9366024130621
 20
82.42790394838872
 30
-25.48756561200975
  0
VERTEX
  5
B85
  8
DEFAULT
 10
-380.9212612194639
 20
82.40171995724128
 30
-25.48756561200975
  0
VERTEX
  5
B86
  8
DEFAULT
 10
-380.9063594937207
 20
82.37517105542376
 30
-25.48756561200975
  0
VERTEX
  5
B87
  8
DEFAULT
 10
-380.8918951560726
 20
82.34825896985785
 30
-25.48756561200975
  0
VERTEX
  5
B88
  8
DEFAULT
 10
-380.8778659078375
 20
82.32098560924649
 30
-25.48756561200975
  0
VERTEX
  5
B89
  8
DEFAULT
 10
-380.8642692314115
 20
82.29335306407377
 30
-25.48756561200975
  0
VERTEX
  5
B8A
  8
DEFAULT
 10
-380.8511023902685
 20
82.26536360660509
 30
-25.48756561200975
  0
VERTEX
  5
B8B
  8
DEFAULT
 10
-380.8260461731164
 20
82.20832395274745
 30
-25.48756561200975
  0
VERTEX
  5
B8C
  8
DEFAULT
 10
-380.8026709857299
 20
82.14988846142114
 30
-25.48756561200975
  0
VERTEX
  5
B8D
  8
DEFAULT
 10
-380.7809470547049
 20
82.09008185487338
 30
-25.48756561200975
  0
VERTEX
  5
B8E
  8
DEFAULT
 10
-380.7608411038833
 20
82.02893176385106
 30
-25.48756561200975
  0
VERTEX
  5
B8F
  8
DEFAULT
 10
-380.7423163543538
 20
81.9664687276008
 30
-25.48756561200975
  0
VERTEX
  5
B90
  8
DEFAULT
 10
-380.7253325244515
 20
81.90272619386882
 30
-25.48756561200975
  0
VERTEX
  5
B91
  8
DEFAULT
 10
-380.7098458297583
 20
81.83774051890106
 30
-25.48756561200975
  0
VERTEX
  5
B92
  8
DEFAULT
 10
-380.6958089831024
 20
81.77155096744312
 30
-25.48756561200975
  0
VERTEX
  5
B93
  8
DEFAULT
 10
-380.6831711945585
 20
81.70419971274026
 30
-25.48756561200975
  0
VERTEX
  5
B94
  8
DEFAULT
 10
-380.671878171448
 20
81.6357318365375
 30
-25.48756561200975
  0
VERTEX
  5
B95
  8
DEFAULT
 10
-380.6618721183388
 20
81.56619532907938
 30
-25.48756561200975
  0
VERTEX
  5
B96
  8
DEFAULT
 10
-380.6530917370452
 20
81.49564108911022
 30
-25.48756561200975
  0
VERTEX
  5
B97
  8
DEFAULT
 10
-380.6454722266283
 20
81.42412292387404
 30
-25.48756561200975
  0
VERTEX
  5
B98
  8
DEFAULT
 10
-380.6334391009009
 20
81.27842458907477
 30
-25.48756561200975
  0
VERTEX
  5
B99
  8
DEFAULT
 10
-380.6251842785747
 20
81.12958895262688
 30
-25.48756561200975
  0
VERTEX
  5
B9A
  8
DEFAULT
 10
-380.6173754735229
 20
80.82469296654016
 30
-25.48756561200975
  0
VERTEX
  5
B9B
  8
DEFAULT
 10
-380.6162172297113
 20
80.51427470907187
 30
-25.48756561200975
  0
VERTEX
  5
B9C
  8
DEFAULT
 10
-380.6162172297113
 20
79.49104001088462
 30
-25.48756561200975
  0
VERTEX
  5
B9D
  8
DEFAULT
 10
-380.6173754735229
 20
79.18062175341633
 30
-25.48756561200975
  0
VERTEX
  5
B9E
  8
DEFAULT
 10
-380.6251842785747
 20
78.87572576732961
 30
-25.48756561200975
  0
VERTEX
  5
B9F
  8
DEFAULT
 10
-380.6334391009009
 20
78.72689013088171
 30
-25.48756561200975
  0
VERTEX
  5
BA0
  8
DEFAULT
 10
-380.6454722266283
 20
78.58119179608245
 30
-25.48756561200975
  0
VERTEX
  5
BA1
  8
DEFAULT
 10
-380.6530917370452
 20
78.50967363084627
 30
-25.48756561200975
  0
VERTEX
  5
BA2
  8
DEFAULT
 10
-380.6618721183388
 20
78.43911939087711
 30
-25.48756561200975
  0
VERTEX
  5
BA3
  8
DEFAULT
 10
-380.671878171448
 20
78.36958288341899
 30
-25.48756561200975
  0
VERTEX
  5
BA4
  8
DEFAULT
 10
-380.6831711945585
 20
78.30111500721623
 30
-25.48756561200975
  0
VERTEX
  5
BA5
  8
DEFAULT
 10
-380.6958089831024
 20
78.23376375251337
 30
-25.48756561200975
  0
VERTEX
  5
BA6
  8
DEFAULT
 10
-380.7098458297583
 20
78.16757420105543
 30
-25.48756561200975
  0
VERTEX
  5
BA7
  8
DEFAULT
 10
-380.7253325244515
 20
78.10258852608767
 30
-25.48756561200975
  0
VERTEX
  5
BA8
  8
DEFAULT
 10
-380.7423163543538
 20
78.03884599235569
 30
-25.48756561200975
  0
VERTEX
  5
BA9
  8
DEFAULT
 10
-380.7608411038833
 20
77.97638295610543
 30
-25.48756561200975
  0
VERTEX
  5
BAA
  8
DEFAULT
 10
-380.7809470547049
 20
77.91523286508311
 30
-25.48756561200975
  0
VERTEX
  5
BAB
  8
DEFAULT
 10
-380.8026709857299
 20
77.85542625853535
 30
-25.48756561200975
  0
VERTEX
  5
BAC
  8
DEFAULT
 10
-380.8260461731164
 20
77.79699076720904
 30
-25.48756561200975
  0
VERTEX
  5
BAD
  8
DEFAULT
 10
-380.8511023902685
 20
77.7399511133514
 30
-25.48756561200975
  0
VERTEX
  5
BAE
  8
DEFAULT
 10
-380.8642692314115
 20
77.71196165588272
 30
-25.48756561200975
  0
VERTEX
  5
BAF
  8
DEFAULT
 10
-380.8778659078375
 20
77.68432911071
 30
-25.48756561200975
  0
VERTEX
  5
BB0
  8
DEFAULT
 10
-380.8918951560726
 20
77.65705575009864
 30
-25.48756561200975
  0
VERTEX
  5
BB1
  8
DEFAULT
 10
-380.9063594937207
 20
77.63014366453272
 30
-25.48756561200975
  0
VERTEX
  5
BB2
  8
DEFAULT
 10
-380.9212612194639
 20
77.6035947627152
 30
-25.48756561200975
  0
VERTEX
  5
BB3
  8
DEFAULT
 10
-380.9366024130621
 20
77.57741077156777
 30
-25.48756561200975
  0
VERTEX
  5
BB4
  8
DEFAULT
 10
-380.9523849353531
 20
77.55159323623084
 30
-25.48756561200975
  0
VERTEX
  5
BB5
  8
DEFAULT
 10
-380.9686104282525
 20
77.52614352006368
 30
-25.48756561200975
  0
VERTEX
  5
BB6
  8
DEFAULT
 10
-380.9852803147539
 20
77.50106280464425
 30
-25.48756561200975
  0
VERTEX
  5
BB7
  8
DEFAULT
 10
-381.0023957989289
 20
77.47635208976932
 30
-25.48756561200975
  0
VERTEX
  5
BB8
  8
DEFAULT
 10
-381.0199578659267
 20
77.45201219345442
 30
-25.48756561200975
  0
VERTEX
  5
BB9
  8
DEFAULT
 10
-381.0379672819748
 20
77.42804375193387
 30
-25.48756561200975
  0
VERTEX
  5
BBA
  8
DEFAULT
 10
-381.0564245943785
 20
77.40444721966071
 30
-25.48756561200975
  0
VERTEX
  5
BBB
  8
DEFAULT
 10
-381.0753301315207
 20
77.38122286930681
 30
-25.48756561200975
  0
VERTEX
  5
BBC
  8
DEFAULT
 10
-381.0946840028626
 20
77.35837079176278
 30
-25.48756561200975
  0
VERTEX
  5
BBD
  8
DEFAULT
 10
-381.1144860989431
 20
77.33589089613803
 30
-25.48756561200975
  0
VERTEX
  5
BBE
  8
DEFAULT
 10
-381.1347360913791
 20
77.31378290976068
 30
-25.48756561200975
  0
VERTEX
  5
BBF
  8
DEFAULT
 10
-381.1554334328653
 20
77.29204637817767
 30
-25.48756561200975
  0
VERTEX
  5
BC0
  8
DEFAULT
 10
-381.1765773571745
 20
77.2706806651547
 30
-25.48756561200975
  0
VERTEX
  5
BC1
  8
DEFAULT
 10
-381.1981668791572
 20
77.24968495267622
 30
-25.48756561200975
  0
VERTEX
  5
BC2
  8
DEFAULT
 10
-381.220200794742
 20
77.22905824094548
 30
-25.48756561200975
  0
VERTEX
  5
BC3
  8
DEFAULT
 10
-381.2426776809351
 20
77.20879934838447
 30
-25.48756561200975
  0
VERTEX
  5
BC4
  8
DEFAULT
 10
-381.265595895821
 20
77.188906911634
 30
-25.48756561200975
  0
VERTEX
  5
BC5
  8
DEFAULT
 10
-381.2889535785619
 20
77.16937938555361
 30
-25.48756561200975
  0
VERTEX
  5
BC6
  8
DEFAULT
 10
-381.3127486493978
 20
77.1502150432216
 30
-25.48756561200975
  0
VERTEX
  5
BC7
  8
DEFAULT
 10
-381.3369788096469
 20
77.13141197593507
 30
-25.48756561200975
  0
VERTEX
  5
BC8
  8
DEFAULT
 10
-381.361641541705
 20
77.11296809320987
 30
-25.48756561200975
  0
VERTEX
  5
BC9
  8
DEFAULT
 10
-381.3867341090462
 20
77.09488112278066
 30
-25.48756561200975
  0
VERTEX
  5
BCA
  8
DEFAULT
 10
-381.4381967088622
 20
77.05976792084246
 30
-25.48756561200975
  0
VERTEX
  5
BCB
  8
DEFAULT
 10
-381.491340338444
 20
77.02605055637295
 30
-25.48756561200975
  0
VERTEX
  5
BCC
  8
DEFAULT
 10
-381.5461352243872
 20
76.9937043071249
 30
-25.48756561200975
  0
VERTEX
  5
BCD
  8
DEFAULT
 10
-381.6025480905338
 20
76.96270154235137
 30
-25.48756561200975
  0
VERTEX
  5
BCE
  8
DEFAULT
 10
-381.6605421579725
 20
76.93301172280583
 30
-25.48756561200975
  0
VERTEX
  5
BCF
  8
DEFAULT
 10
-381.7200771450385
 20
76.90460140074198
 30
-25.48756561200975
  0
VERTEX
  5
BD0
  8
DEFAULT
 10
-381.7811092673136
 20
76.87743421991391
 30
-25.48756561200975
  0
VERTEX
  5
BD1
  8
DEFAULT
 10
-381.8435912376258
 20
76.85147091557604
 30
-25.48756561200975
  0
VERTEX
  5
BD2
  8
DEFAULT
 10
-381.9074722660501
 20
76.82666931448307
 30
-25.48756561200975
  0
VERTEX
  5
BD3
  8
DEFAULT
 10
-381.9726980599079
 20
76.80298433489006
 30
-25.48756561200975
  0
VERTEX
  5
BD4
  8
DEFAULT
 10
-382.0392108237669
 20
76.78036798655233
 30
-25.48756561200975
  0
VERTEX
  5
BD5
  8
DEFAULT
 10
-382.1069492594416
 20
76.75876937072566
 30
-25.48756561200975
  0
VERTEX
  5
BD6
  8
DEFAULT
 10
-382.1758485659929
 20
76.73813468016603
 30
-25.48756561200975
  0
VERTEX
  5
BD7
  8
DEFAULT
 10
-382.316853074202
 20
76.69952730337363
 30
-25.48756561200975
  0
VERTEX
  5
BD8
  8
DEFAULT
 10
-382.4616358858122
 20
76.66405722822991
 30
-25.48756561200975
  0
VERTEX
  5
BD9
  8
DEFAULT
 10
-382.7599023486331
 20
76.60034179113335
 30
-25.48756561200975
  0
VERTEX
  5
BDA
  8
DEFAULT
 10
-383.0648193726945
 20
76.54214862541833
 30
-25.48756561200975
  0
VERTEX
  5
BDB
  8
DEFAULT
 10
-387.7608761235142
 20
75.6640574072767
 30
-25.48756561200975
  0
VERTEX
  5
BDC
  8
DEFAULT
 10
-388.2031209646872
 20
75.5830733513653
 30
-25.48756561200975
  0
VERTEX
  5
BDD
  8
DEFAULT
 10
-388.6357199803819
 20
75.51370591995956
 30
-25.48756561200975
  0
VERTEX
  5
BDE
  8
DEFAULT
 10
-388.8457097365206
 20
75.48662114086275
 30
-25.48756561200975
  0
VERTEX
  5
BDF
  8
DEFAULT
 10
-389.0502195257969
 20
75.4661359749858
 30
-25.48756561200975
  0
VERTEX
  5
BE0
  8
DEFAULT
 10
-389.1501495411069
 20
75.45869328203473
 30
-25.48756561200975
  0
VERTEX
  5
BE1
  8
DEFAULT
 10
-389.2483958552262
 20
75.45327829781166
 30
-25.48756561200975
  0
VERTEX
  5
BE2
  8
DEFAULT
 10
-389.3448644823203
 20
75.45000421098587
 30
-25.48756561200975
  0
VERTEX
  5
BE3
  8
DEFAULT
 10
-389.4394665168698
 20
75.44897809192014
 30
-25.48756561200975
  0
VERTEX
  5
BE4
  8
DEFAULT
 10
-389.5321181336709
 20
75.45030089267084
 30
-25.48756561200975
  0
VERTEX
  5
BE5
  8
DEFAULT
 10
-389.6227405878353
 20
75.4540674469879
 30
-25.48756561200975
  0
VERTEX
  5
BE6
  8
DEFAULT
 10
-389.7112602147897
 20
75.46036647031478
 30
-25.48756561200975
  0
VERTEX
  5
BE7
  8
DEFAULT
 10
-389.7976084302765
 20
75.4692805597885
 30
-25.48756561200975
  0
VERTEX
  5
BE8
  8
DEFAULT
 10
-389.8399482152878
 20
75.47474239296132
 30
-25.48756561200975
  0
VERTEX
  5
BE9
  8
DEFAULT
 10
-389.8817217303534
 20
75.48088619423963
 30
-25.48756561200975
  0
VERTEX
  5
BEA
  8
DEFAULT
 10
-389.9229218312798
 20
75.48772056749186
 30
-25.48756561200975
  0
VERTEX
  5
BEB
  8
DEFAULT
 10
-389.9635416913933
 20
75.49525373419229
 30
-25.48756561200975
  0
VERTEX
  5
BEC
  8
DEFAULT
 10
-390.0035748015398
 20
75.50349353342108
 30
-25.48756561200975
  0
VERTEX
  5
BED
  8
DEFAULT
 10
-390.0430149700849
 20
75.5124474218642
 30
-25.48756561200975
  0
VERTEX
  5
BEE
  8
DEFAULT
 10
-390.0818563229138
 20
75.52212247381347
 30
-25.48756561200975
  0
VERTEX
  5
BEF
  8
DEFAULT
 10
-390.1200933034318
 20
75.53252538116656
 30
-25.48756561200975
  0
VERTEX
  5
BF0
  8
DEFAULT
 10
-390.1577206725635
 20
75.543662453427
 30
-25.48756561200975
  0
VERTEX
  5
BF1
  8
DEFAULT
 10
-390.1947335087534
 20
75.55553961770417
 30
-25.48756561200975
  0
VERTEX
  5
BF2
  8
DEFAULT
 10
-390.2311272079656
 20
75.56816241871329
 30
-25.48756561200975
  0
VERTEX
  5
BF3
  8
DEFAULT
 10
-390.2668974836843
 20
75.58153601877541
 30
-25.48756561200975
  0
VERTEX
  5
BF4
  8
DEFAULT
 10
-390.3020403669126
 20
75.59566519781745
 30
-25.48756561200975
  0
VERTEX
  5
BF5
  8
DEFAULT
 10
-390.3365522061744
 20
75.61055435337217
 30
-25.48756561200975
  0
VERTEX
  5
BF6
  8
DEFAULT
 10
-390.3704296675123
 20
75.62620750057815
 30
-25.48756561200975
  0
VERTEX
  5
BF7
  8
DEFAULT
 10
-390.4036697344891
 20
75.64262827217985
 30
-25.48756561200975
  0
VERTEX
  5
BF8
  8
DEFAULT
 10
-390.4362697081874
 20
75.6598199185276
 30
-25.48756561200975
  0
VERTEX
  5
BF9
  8
DEFAULT
 10
-390.4682272072093
 20
75.67778530757754
 30
-25.48756561200975
  0
VERTEX
  5
BFA
  8
DEFAULT
 10
-390.4995401676765
 20
75.69652692489163
 30
-25.48756561200975
  0
VERTEX
  5
BFB
  8
DEFAULT
 10
-390.5302068432309
 20
75.71604687363772
 30
-25.48756561200975
  0
VERTEX
  5
BFC
  8
DEFAULT
 10
-390.5602258050336
 20
75.73634687458951
 30
-25.48756561200975
  0
VERTEX
  5
BFD
  8
DEFAULT
 10
-390.5895959417657
 20
75.75742826612654
 30
-25.48756561200975
  0
VERTEX
  5
BFE
  8
DEFAULT
 10
-390.6183164596277
 20
75.77929200423418
 30
-25.48756561200975
  0
VERTEX
  5
BFF
  8
DEFAULT
 10
-390.6463868823404
 20
75.80193866250369
 30
-25.48756561200975
  0
VERTEX
  5
C00
  8
DEFAULT
 10
-390.6738070511436
 20
75.82536843213211
 30
-25.48756561200975
  0
VERTEX
  5
C01
  8
DEFAULT
 10
-390.7005771247974
 20
75.84958112192237
 30
-25.48756561200975
  0
VERTEX
  5
C02
  8
DEFAULT
 10
-390.7266975795813
 20
75.87457615828325
 30
-25.48756561200975
  0
VERTEX
  5
C03
  8
DEFAULT
 10
-390.7521692092945
 20
75.90035258522936
 30
-25.48756561200975
  0
VERTEX
  5
C04
  8
DEFAULT
 10
-390.776993125256
 20
75.92690906438116
 30
-25.48756561200975
  0
VERTEX
  5
C05
  8
DEFAULT
 10
-390.8011707563046
 20
75.95424387496499
 30
-25.48756561200975
  0
VERTEX
  5
C06
  8
DEFAULT
 10
-390.8247038487987
 20
75.98235491381297
 30
-25.48756561200975
  0
VERTEX
  5
C07
  8
DEFAULT
 10
-390.8475944666163
 20
76.01123969536314
 30
-25.48756561200975
  0
VERTEX
  5
C08
  8
DEFAULT
 10
-390.8698449911553
 20
76.04089535165933
 30
-25.48756561200975
  0
VERTEX
  5
C09
  8
DEFAULT
 10
-390.8914581213333
 20
76.07131863235126
 30
-25.48756561200975
  0
VERTEX
  5
C0A
  8
DEFAULT
 10
-390.9124368735876
 20
76.10250590469448
 30
-25.48756561200975
  0
VERTEX
  5
C0B
  8
DEFAULT
 10
-390.932784581875
 20
76.13445315355035
 30
-25.48756561200975
  0
VERTEX
  5
C0C
  8
DEFAULT
 10
-390.9525048976724
 20
76.16715598138614
 30
-25.48756561200975
  0
VERTEX
  5
C0D
  8
DEFAULT
 10
-390.9716017899759
 20
76.20060960827495
 30
-25.48756561200975
  0
VERTEX
  5
C0E
  8
DEFAULT
 10
-390.9900795453019
 20
76.2348088718957
 30
-25.48756561200975
  0
VERTEX
  5
C0F
  8
DEFAULT
 10
-391.0079427676861
 20
76.26974822753314
 30
-25.48756561200975
  0
VERTEX
  5
C10
  8
DEFAULT
 10
-391.025196378684
 20
76.30542174807795
 30
-25.48756561200975
  0
VERTEX
  5
C11
  8
DEFAULT
 10
-391.0418456173709
 20
76.3418231240266
 30
-25.48756561200975
  0
VERTEX
  5
C12
  8
DEFAULT
 10
-391.0578960403417
 20
76.3789456634814
 30
-25.48756561200975
  0
VERTEX
  5
C13
  8
DEFAULT
 10
-391.0733535217112
 20
76.41678229215051
 30
-25.48756561200975
  0
VERTEX
  5
C14
  8
DEFAULT
 10
-391.0882242531135
 20
76.45532555334798
 30
-25.48756561200975
  0
VERTEX
  5
C15
  8
DEFAULT
 10
-391.102514743703
 20
76.49456760799364
 30
-25.48756561200975
  0
VERTEX
  5
C16
  8
DEFAULT
 10
-391.1162318201532
 20
76.53450023461326
 30
-25.48756561200975
  0
VERTEX
  5
C17
  8
DEFAULT
 10
-391.1293826266578
 20
76.57511482933836
 30
-25.48756561200975
  0
VERTEX
  5
C18
  8
DEFAULT
 10
-391.1540155942029
 20
76.65835359566047
 30
-25.48756561200975
  0
VERTEX
  5
C19
  8
DEFAULT
 10
-391.1764771502802
 20
76.74420742812941
 30
-25.48756561200975
  0
VERTEX
  5
C1A
  8
DEFAULT
 10
-391.1968358791477
 20
76.83259372960816
 30
-25.48756561200975
  0
VERTEX
  5
C1B
  8
DEFAULT
 10
-391.2151654453782
 20
76.92342378465327
 30
-25.48756561200975
  0
VERTEX
  5
C1C
  8
DEFAULT
 10
-391.2315445938604
 20
77.0166027595148
 30
-25.48756561200975
  0
VERTEX
  5
C1D
  8
DEFAULT
 10
-391.2460571497981
 20
77.11202970213643
 30
-25.48756561200975
  0
VERTEX
  5
C1E
  8
DEFAULT
 10
-391.2587920187106
 20
77.20959754215531
 30
-25.48756561200975
  0
VERTEX
  5
C1F
  8
DEFAULT
 10
-391.2698431864325
 20
77.30919309090223
 30
-25.48756561200975
  0
VERTEX
  5
C20
  8
DEFAULT
 10
-391.2872957632197
 20
77.51398396837081
 30
-25.48756561200975
  0
VERTEX
  5
C21
  8
DEFAULT
 10
-391.2992683731445
 20
77.72537445905925
 30
-25.48756561200975
  0
VERTEX
  5
C22
  8
DEFAULT
 10
-391.3105940895769
 20
78.16335331364827
 30
-25.48756561200975
  0
SEQEND
  5
C23
  8
DEFAULT
  0
POLYLINE
  5
C24
  8
DEFAULT
 66
     1
 10
0.0
 20
0.0
 30
-25.48756561200975
 70
     1
  0
VERTEX
  5
C25
  8
DEFAULT
 10
-392.4642456051212
 20
72.00531471995649
 30
-25.48756561200975
  0
VERTEX
  5
C26
  8
DEFAULT
 10
-379.1227638248105
 20
72.00531471995649
 30
-25.48756561200975
  0
VERTEX
  5
C27
  8
DEFAULT
 10
-378.8737098697324
 20
72.00626076487836
 30
-25.48756561200975
  0
VERTEX
  5
C28
  8
DEFAULT
 10
-378.6300880435605
 20
72.01263893870649
 30
-25.48756561200975
  0
VERTEX
  5
C29
  8
DEFAULT
 10
-378.5118305209775
 20
72.01938141612348
 30
-25.48756561200975
  0
VERTEX
  5
C2A
  8
DEFAULT
 10
-378.3966590884824
 20
72.02920998362836
 30
-25.48756561200975
  0
VERTEX
  5
C2B
  8
DEFAULT
 10
-378.3403826478619
 20
72.03543354300793
 30
-25.48756561200975
  0
VERTEX
  5
C2C
  8
DEFAULT
 10
-378.2850543979306
 20
72.0426052930766
 30
-25.48756561200975
  0
VERTEX
  5
C2D
  8
DEFAULT
 10
-378.230727267613
 20
72.05077816275892
 30
-25.48756561200975
  0
VERTEX
  5
C2E
  8
DEFAULT
 10
-378.1774513248105
 20
72.06000221995649
 30
-25.48756561200975
  0
VERTEX
  5
C2F
  8
DEFAULT
 10
-378.125273776402
 20
72.07032467154798
 30
-25.48756561200975
  0
VERTEX
  5
C30
  8
DEFAULT
 10
-378.0742389682431
 20
72.0817898633891
 30
-25.48756561200975
  0
VERTEX
  5
C31
  8
DEFAULT
 10
-378.0243883851667
 20
72.09443928031263
 30
-25.48756561200975
  0
VERTEX
  5
C32
  8
DEFAULT
 10
-377.9757606509824
 20
72.10831154612836
 30
-25.48756561200975
  0
VERTEX
  5
C33
  8
DEFAULT
 10
-377.9283915284772
 20
72.12344242362317
 30
-25.48756561200975
  0
VERTEX
  5
C34
  8
DEFAULT
 10
-377.882313919415
 20
72.13986481456098
 30
-25.48756561200975
  0
VERTEX
  5
C35
  8
DEFAULT
 10
-377.8597689319153
 20
72.14856982706127
 30
-25.48756561200975
  0
VERTEX
  5
C36
  8
DEFAULT
 10
-377.8375578645367
 20
72.15760875968274
 30
-25.48756561200975
  0
VERTEX
  5
C37
  8
DEFAULT
 10
-377.8156840253372
 20
72.1669849204832
 30
-25.48756561200975
  0
VERTEX
  5
C38
  8
DEFAULT
 10
-377.7941505435605
 20
72.17670143870649
 30
-25.48756561200975
  0
VERTEX
  5
C39
  8
DEFAULT
 10
-377.7729603696365
 20
72.18676126478252
 30
-25.48756561200975
  0
VERTEX
  5
C3A
  8
DEFAULT
 10
-377.7521162751813
 20
72.19716717032728
 30
-25.48756561200975
  0
VERTEX
  5
C3B
  8
DEFAULT
 10
-377.7316208529968
 20
72.20792174814281
 30
-25.48756561200975
  0
VERTEX
  5
C3C
  8
DEFAULT
 10
-377.7114765170712
 20
72.21902741221723
 30
-25.48756561200975
  0
VERTEX
  5
C3D
  8
DEFAULT
 10
-377.6916855025787
 20
72.23048639772472
 30
-25.48756561200975
  0
VERTEX
  5
C3E
  8
DEFAULT
 10
-377.6722498658795
 20
72.24230076102552
 30
-25.48756561200975
  0
VERTEX
  5
C3F
  8
DEFAULT
 10
-377.6531714845199
 20
72.25447237966594
 30
-25.48756561200975
  0
VERTEX
  5
C40
  8
DEFAULT
 10
-377.6344520572324
 20
72.26700295237836
 30
-25.48756561200975
  0
VERTEX
  5
C41
  8
DEFAULT
 10
-377.6160931039352
 20
72.27989399908122
 30
-25.48756561200975
  0
VERTEX
  5
C42
  8
DEFAULT
 10
-377.598095965733
 20
72.29314686087903
 30
-25.48756561200975
  0
VERTEX
  5
C43
  8
DEFAULT
 10
-377.5804618049164
 20
72.30676270006236
 30
-25.48756561200975
  0
VERTEX
  5
C44
  8
DEFAULT
 10
-377.5631916049618
 20
72.32074250010785
 30
-25.48756561200975
  0
VERTEX
  5
C45
  8
DEFAULT
 10
-377.5462861705322
 20
72.33508706567821
 30
-25.48756561200975
  0
VERTEX
  5
C46
  8
DEFAULT
 10
-377.5297461274762
 20
72.3497970226222
 30
-25.48756561200975
  0
VERTEX
  5
C47
  8
DEFAULT
 10
-377.5135719228286
 20
72.36487281797466
 30
-25.48756561200975
  0
VERTEX
  5
C48
  8
DEFAULT
 10
-377.4977638248105
 20
72.38031471995649
 30
-25.48756561200975
  0
VERTEX
  5
C49
  8
DEFAULT
 10
-377.4823219228286
 20
72.39612281797466
 30
-25.48756561200975
  0
VERTEX
  5
C4A
  8
DEFAULT
 10
-377.4672461274762
 20
72.4122970226222
 30
-25.48756561200975
  0
VERTEX
  5
C4B
  8
DEFAULT
 10
-377.4525361705322
 20
72.42883706567821
 30
-25.48756561200975
  0
VERTEX
  5
C4C
  8
DEFAULT
 10
-377.4381916049618
 20
72.44574250010785
 30
-25.48756561200975
  0
VERTEX
  5
C4D
  8
DEFAULT
 10
-377.4242118049164
 20
72.46301270006236
 30
-25.48756561200975
  0
VERTEX
  5
C4E
  8
DEFAULT
 10
-377.410595965733
 20
72.48064686087903
 30
-25.48756561200975
  0
VERTEX
  5
C4F
  8
DEFAULT
 10
-377.3973431039352
 20
72.49864399908122
 30
-25.48756561200975
  0
VERTEX
  5
C50
  8
DEFAULT
 10
-377.3844520572324
 20
72.51700295237836
 30
-25.48756561200975
  0
VERTEX
  5
C51
  8
DEFAULT
 10
-377.3719214845199
 20
72.53572237966594
 30
-25.48756561200975
  0
VERTEX
  5
C52
  8
DEFAULT
 10
-377.3597498658795
 20
72.55480076102552
 30
-25.48756561200975
  0
VERTEX
  5
C53
  8
DEFAULT
 10
-377.3479355025787
 20
72.57423639772472
 30
-25.48756561200975
  0
VERTEX
  5
C54
  8
DEFAULT
 10
-377.3364765170712
 20
72.59402741221723
 30
-25.48756561200975
  0
VERTEX
  5
C55
  8
DEFAULT
 10
-377.3253708529968
 20
72.61417174814281
 30
-25.48756561200975
  0
VERTEX
  5
C56
  8
DEFAULT
 10
-377.3146162751813
 20
72.63466717032728
 30
-25.48756561200975
  0
VERTEX
  5
C57
  8
DEFAULT
 10
-377.3042103696365
 20
72.65551126478252
 30
-25.48756561200975
  0
VERTEX
  5
C58
  8
DEFAULT
 10
-377.2941505435605
 20
72.67670143870649
 30
-25.48756561200975
  0
VERTEX
  5
C59
  8
DEFAULT
 10
-377.2844340253372
 20
72.6982349204832
 30
-25.48756561200975
  0
VERTEX
  5
C5A
  8
DEFAULT
 10
-377.2750578645367
 20
72.72010875968274
 30
-25.48756561200975
  0
VERTEX
  5
C5B
  8
DEFAULT
 10
-377.2660189319153
 20
72.74231982706127
 30
-25.48756561200975
  0
VERTEX
  5
C5C
  8
DEFAULT
 10
-377.257313919415
 20
72.76486481456097
 30
-25.48756561200975
  0
VERTEX
  5
C5D
  8
DEFAULT
 10
-377.2408915284772
 20
72.81094242362316
 30
-25.48756561200975
  0
VERTEX
  5
C5E
  8
DEFAULT
 10
-377.2257606509824
 20
72.85831154612835
 30
-25.48756561200975
  0
VERTEX
  5
C5F
  8
DEFAULT
 10
-377.2118883851666
 20
72.9069392803126
 30
-25.48756561200975
  0
VERTEX
  5
C60
  8
DEFAULT
 10
-377.1992389682431
 20
72.9567898633891
 30
-25.48756561200975
  0
VERTEX
  5
C61
  8
DEFAULT
 10
-377.187773776402
 20
73.00782467154798
 30
-25.48756561200975
  0
VERTEX
  5
C62
  8
DEFAULT
 10
-377.1774513248105
 20
73.06000221995647
 30
-25.48756561200975
  0
VERTEX
  5
C63
  8
DEFAULT
 10
-377.1682272676129
 20
73.1132781627589
 30
-25.48756561200975
  0
VERTEX
  5
C64
  8
DEFAULT
 10
-377.1600543979306
 20
73.1676052930766
 30
-25.48756561200975
  0
VERTEX
  5
C65
  8
DEFAULT
 10
-377.152882647862
 20
73.22293354300794
 30
-25.48756561200975
  0
VERTEX
  5
C66
  8
DEFAULT
 10
-377.1466590884824
 20
73.27920998362836
 30
-25.48756561200975
  0
VERTEX
  5
C67
  8
DEFAULT
 10
-377.1368305209775
 20
73.39438141612348
 30
-25.48756561200975
  0
VERTEX
  5
C68
  8
DEFAULT
 10
-377.1300880435605
 20
73.51263893870649
 30
-25.48756561200975
  0
VERTEX
  5
C69
  8
DEFAULT
 10
-377.1237098697324
 20
73.75626076487836
 30
-25.48756561200975
  0
VERTEX
  5
C6A
  8
DEFAULT
 10
-377.1227638248105
 20
74.00531471995649
 30
-25.48756561200975
  0
VERTEX
  5
C6B
  8
DEFAULT
 10
-377.1227638248105
 20
75.75997741246839
 30
-25.48756561200975
  0
VERTEX
  5
C6C
  8
DEFAULT
 10
-368.1227638248105
 20
75.75997741246839
 30
-25.48756561200975
  0
VERTEX
  5
C6D
  8
DEFAULT
 10
-368.1227638248105
 20
83.00531471995649
 30
-25.48756561200975
  0
VERTEX
  5
C6E
  8
DEFAULT
 10
-377.1227638248105
 20
83.00531471995647
 30
-25.48756561200975
  0
VERTEX
  5
C6F
  8
DEFAULT
 10
-377.1227638248105
 20
86.75997741246837
 30
-25.48756561200975
  0
VERTEX
  5
C70
  8
DEFAULT
 10
-392.2264887792014
 20
90.45700444035734
 30
-25.48756561200975
  0
VERTEX
  5
C71
  8
DEFAULT
 10
-392.3806228956615
 20
90.49412997742493
 30
-25.48756561200975
  0
VERTEX
  5
C72
  8
DEFAULT
 10
-392.5313951848052
 20
90.52697154573636
 30
-25.48756561200975
  0
VERTEX
  5
C73
  8
DEFAULT
 10
-392.6045822127019
 20
90.54059000061093
 30
-25.48756561200975
  0
VERTEX
  5
C74
  8
DEFAULT
 10
-392.6758593260628
 20
90.55177465581995
 30
-25.48756561200975
  0
VERTEX
  5
C75
  8
DEFAULT
 10
-392.710687600321
 20
90.55633444241215
 30
-25.48756561200975
  0
VERTEX
  5
C76
  8
DEFAULT
 10
-392.7449290598303
 20
90.56014645233026
 30
-25.48756561200975
  0
VERTEX
  5
C77
  8
DEFAULT
 10
-392.778550948022
 20
90.56316894395448
 30
-25.48756561200975
  0
VERTEX
  5
C78
  8
DEFAULT
 10
-392.8115222789526
 20
90.56536243196891
 30
-25.48756561200975
  0
VERTEX
  5
C79
  8
DEFAULT
 10
-392.8438138373037
 20
90.56668968736133
 30
-25.48756561200975
  0
VERTEX
  5
C7A
  8
DEFAULT
 10
-392.8753981783829
 20
90.56711573742334
 30
-25.48756561200975
  0
VERTEX
  5
C7B
  8
DEFAULT
 10
-392.9062496281224
 20
90.56660786575029
 30
-25.48756561200975
  0
VERTEX
  5
C7C
  8
DEFAULT
 10
-392.9363442830801
 20
90.56513561224128
 30
-25.48756561200975
  0
VERTEX
  5
C7D
  8
DEFAULT
 10
-392.9511008268456
 20
90.56402894047483
 30
-25.48756561200975
  0
VERTEX
  5
C7E
  8
DEFAULT
 10
-392.9656600104395
 20
90.5626707730992
 30
-25.48756561200975
  0
VERTEX
  5
C7F
  8
DEFAULT
 10
-392.9800193439198
 20
90.56105793718723
 30
-25.48756561200975
  0
VERTEX
  5
C80
  8
DEFAULT
 10
-392.9941764480088
 20
90.55918740083072
 30
-25.48756561200975
  0
VERTEX
  5
C81
  8
DEFAULT
 10
-393.0081290540928
 20
90.55705627314049
 30
-25.48756561200975
  0
VERTEX
  5
C82
  8
DEFAULT
 10
-393.0218750042222
 20
90.55466180424625
 30
-25.48756561200975
  0
VERTEX
  5
C83
  8
DEFAULT
 10
-393.0354122511113
 20
90.55200138529685
 30
-25.48756561200975
  0
VERTEX
  5
C84
  8
DEFAULT
 10
-393.0487388581388
 20
90.54907254846
 30
-25.48756561200975
  0
VERTEX
  5
C85
  8
DEFAULT
 10
-393.0618529993473
 20
90.54587296692247
 30
-25.48756561200975
  0
VERTEX
  5
C86
  8
DEFAULT
 10
-393.0747529594432
 20
90.54240045488993
 30
-25.48756561200975
  0
VERTEX
  5
C87
  8
DEFAULT
 10
-393.0874371337977
 20
90.53865296758713
 30
-25.48756561200975
  0
VERTEX
  5
C88
  8
DEFAULT
 10
-393.0999040284455
 20
90.53462860125775
 30
-25.48756561200975
  0
VERTEX
  5
C89
  8
DEFAULT
 10
-393.1121522600855
 20
90.53032559316446
 30
-25.48756561200975
  0
VERTEX
  5
C8A
  8
DEFAULT
 10
-393.1241805560808
 20
90.52574232158898
 30
-25.48756561200975
  0
VERTEX
  5
C8B
  8
DEFAULT
 10
-393.1359877544584
 20
90.52087730583193
 30
-25.48756561200975
  0
VERTEX
  5
C8C
  8
DEFAULT
 10
-393.1475728039097
 20
90.51572920621291
 30
-25.48756561200975
  0
VERTEX
  5
C8D
  8
DEFAULT
 10
-393.1589347637899
 20
90.5102968240706
 30
-25.48756561200975
  0
VERTEX
  5
C8E
  8
DEFAULT
 10
-393.1700728041183
 20
90.50457910176254
 30
-25.48756561200975
  0
VERTEX
  5
C8F
  8
DEFAULT
 10
-393.1809862055784
 20
90.4985751226654
 30
-25.48756561200975
  0
VERTEX
  5
C90
  8
DEFAULT
 10
-393.1916743595177
 20
90.49228411117471
 30
-25.48756561200975
  0
VERTEX
  5
C91
  8
DEFAULT
 10
-393.202136767948
 20
90.48570543270505
 30
-25.48756561200975
  0
VERTEX
  5
C92
  8
DEFAULT
 10
-393.2123730435447
 20
90.47883859368997
 30
-25.48756561200975
  0
VERTEX
  5
C93
  8
DEFAULT
 10
-393.2223829096479
 20
90.47168324158201
 30
-25.48756561200975
  0
VERTEX
  5
C94
  8
DEFAULT
 10
-393.2321662002612
 20
90.46423916485269
 30
-25.48756561200975
  0
VERTEX
  5
C95
  8
DEFAULT
 10
-393.2417228600528
 20
90.45650629299251
 30
-25.48756561200975
  0
VERTEX
  5
C96
  8
DEFAULT
 10
-393.2510529443547
 20
90.44848469651097
 30
-25.48756561200975
  0
VERTEX
  5
C97
  8
DEFAULT
 10
-393.2601566191628
 20
90.44017458693656
 30
-25.48756561200975
  0
VERTEX
  5
C98
  8
DEFAULT
 10
-393.2690341611376
 20
90.43157631681672
 30
-25.48756561200975
  0
VERTEX
  5
C99
  8
DEFAULT
 10
-393.2776859576033
 20
90.42269037971789
 30
-25.48756561200975
  0
VERTEX
  5
C9A
  8
DEFAULT
 10
-393.2861125065482
 20
90.41351741022554
 30
-25.48756561200975
  0
VERTEX
  5
C9B
  8
DEFAULT
 10
-393.2943144166248
 20
90.40405818394407
 30
-25.48756561200975
  0
VERTEX
  5
C9C
  8
DEFAULT
 10
-393.3022924071497
 20
90.39431361749689
 30
-25.48756561200975
  0
VERTEX
  5
C9D
  8
DEFAULT
 10
-393.3100473081034
 20
90.3842847685264
 30
-25.48756561200975
  0
VERTEX
  5
C9E
  8
DEFAULT
 10
-393.3175800601308
 20
90.37397283569396
 30
-25.48756561200975
  0
VERTEX
  5
C9F
  8
DEFAULT
 10
-393.3248917145405
 20
90.36337915867995
 30
-25.48756561200975
  0
VERTEX
  5
CA0
  8
DEFAULT
 10
-393.3319834333055
 20
90.35250521818371
 30
-25.48756561200975
  0
VERTEX
  5
CA1
  8
DEFAULT
 10
-393.3388564890627
 20
90.34135263592358
 30
-25.48756561200975
  0
VERTEX
  5
CA2
  8
DEFAULT
 10
-393.3455122651132
 20
90.32992317463689
 30
-25.48756561200975
  0
VERTEX
  5
CA3
  8
DEFAULT
 10
-393.3519522554222
 20
90.3182187380799
 30
-25.48756561200975
  0
VERTEX
  5
CA4
  8
DEFAULT
 10
-393.3581780646188
 20
90.30624137102794
 30
-25.48756561200975
  0
VERTEX
  5
CA5
  8
DEFAULT
 10
-393.3641914079963
 20
90.29399325927528
 30
-25.48756561200975
  0
VERTEX
  5
CA6
  8
DEFAULT
 10
-393.3699941115121
 20
90.28147672963517
 30
-25.48756561200975
  0
VERTEX
  5
CA7
  8
DEFAULT
 10
-393.3755881117877
 20
90.26869424993988
 30
-25.48756561200975
  0
VERTEX
  5
CA8
  8
DEFAULT
 10
-393.3809754561087
 20
90.25564842904063
 30
-25.48756561200975
  0
VERTEX
  5
CA9
  8
DEFAULT
 10
-393.3861583024246
 20
90.24234201680764
 30
-25.48756561200975
  0
VERTEX
  5
CAA
  8
DEFAULT
 10
-393.3911389193494
 20
90.22877790413011
 30
-25.48756561200975
  0
VERTEX
  5
CAB
  8
DEFAULT
 10
-393.3959196861605
 20
90.21495912291624
 30
-25.48756561200975
  0
VERTEX
  5
CAC
  8
DEFAULT
 10
-393.4005030928
 20
90.20088884609319
 30
-25.48756561200975
  0
VERTEX
  5
CAD
  8
DEFAULT
 10
-393.4090883386522
 20
90.1720072024232
 30
-25.48756561200975
  0
VERTEX
  5
CAE
  8
DEFAULT
 10
-393.4169167897227
 20
90.14216117691726
 30
-25.48756561200975
  0
VERTEX
  5
CAF
  8
DEFAULT
 10
-393.4240123494536
 20
90.11138122967623
 30
-25.48756561200975
  0
VERTEX
  5
CB0
  8
DEFAULT
 10
-393.4304006919124
 20
90.07970007710479
 30
-25.48756561200975
  0
VERTEX
  5
CB1
  8
DEFAULT
 10
-393.4361092617919
 20
90.04715269191135
 30
-25.48756561200975
  0
VERTEX
  5
CB2
  8
DEFAULT
 10
-393.4411672744102
 20
90.0137763031081
 30
-25.48756561200975
  0
VERTEX
  5
CB3
  8
DEFAULT
 10
-393.4456057157109
 20
89.97961039601103
 30
-25.48756561200975
  0
VERTEX
  5
CB4
  8
DEFAULT
 10
-393.4494573422627
 20
89.94469671223982
 30
-25.48756561200975
  0
VERTEX
  5
CB5
  8
DEFAULT
 10
-393.4555400305218
 20
89.87280426267279
 30
-25.48756561200975
  0
VERTEX
  5
CB6
  8
DEFAULT
 10
-393.459712804245
 20
89.7984780134402
 30
-25.48756561200975
  0
VERTEX
  5
CB7
  8
DEFAULT
 10
-393.4636601183413
 20
89.64422085641274
 30
-25.48756561200975
  0
VERTEX
  5
CB8
  8
DEFAULT
 10
-393.4642456051212
 20
89.48567973062914
 30
-25.48756561200975
  0
VERTEX
  5
CB9
  8
DEFAULT
 10
-393.4642456051212
 20
83.75997741246837
 30
-25.48756561200975
  0
VERTEX
  5
CBA
  8
DEFAULT
 10
-396.4642456051212
 20
83.75997741246837
 30
-25.48756561200975
  0
VERTEX
  5
CBB
  8
DEFAULT
 10
-396.4642456051212
 20
75.00531471995652
 30
-25.48756561200975
  0
VERTEX
  5
CBC
  8
DEFAULT
 10
-393.4642456051212
 20
75.00531471995652
 30
-25.48756561200975
  0
VERTEX
  5
CBD
  8
DEFAULT
 10
-393.4642456051212
 20
73.00531471995649
 30
-25.48756561200975
 42
0.6249999999999647
  0
SEQEND
  5
CBE
  8
DEFAULT
  0
POLYLINE
  5
CBF
  8
DEFAULT
 66
     1
 10
0.0
 20
0.0
 30
-25.48756561200975
 70
     1
  0
VERTEX
  5
CC0
  8
DEFAULT
 10
-407.1227638248105
 20
73.00531471995649
 30
-25.48756561200975
  0
VERTEX
  5
CC1
  8
DEFAULT
 10
-407.1227638248105
 20
75.75997741246839
 30
-25.48756561200975
  0
VERTEX
  5
CC2
  8
DEFAULT
 10
-398.1227638248105
 20
75.75997741246839
 30
-25.48756561200975
  0
VERTEX
  5
CC3
  8
DEFAULT
 10
-398.1227638248105
 20
83.00531471995649
 30
-25.48756561200975
  0
VERTEX
  5
CC4
  8
DEFAULT
 10
-407.1227638248105
 20
83.00531471995647
 30
-25.48756561200975
  0
VERTEX
  5
CC5
  8
DEFAULT
 10
-407.1227638248105
 20
85.97523141924277
 30
-25.48756561200975
 42
0.4904662457660368
  0
VERTEX
  5
CC6
  8
DEFAULT
 10
-407.8850069988906
 20
86.94655612897094
 30
-25.48756561200975
  0
VERTEX
  5
CC7
  8
DEFAULT
 10
-422.2264887792014
 20
90.45700444035732
 30
-25.48756561200975
  0
VERTEX
  5
CC8
  8
DEFAULT
 10
-422.3806228956615
 20
90.4941299774249
 30
-25.48756561200975
  0
VERTEX
  5
CC9
  8
DEFAULT
 10
-422.5313951848052
 20
90.52697154573636
 30
-25.48756561200975
  0
VERTEX
  5
CCA
  8
DEFAULT
 10
-422.6045822127019
 20
90.54059000061093
 30
-25.48756561200975
  0
VERTEX
  5
CCB
  8
DEFAULT
 10
-422.6758593260628
 20
90.55177465581995
 30
-25.48756561200975
  0
VERTEX
  5
CCC
  8
DEFAULT
 10
-422.710687600321
 20
90.55633444241215
 30
-25.48756561200975
  0
VERTEX
  5
CCD
  8
DEFAULT
 10
-422.7449290598303
 20
90.56014645233023
 30
-25.48756561200975
  0
VERTEX
  5
CCE
  8
DEFAULT
 10
-422.778550948022
 20
90.56316894395448
 30
-25.48756561200975
  0
VERTEX
  5
CCF
  8
DEFAULT
 10
-422.8115222789526
 20
90.5653624319689
 30
-25.48756561200975
  0
VERTEX
  5
CD0
  8
DEFAULT
 10
-422.8438138373037
 20
90.56668968736133
 30
-25.48756561200975
  0
VERTEX
  5
CD1
  8
DEFAULT
 10
-422.8753981783829
 20
90.56711573742334
 30
-25.48756561200975
  0
VERTEX
  5
CD2
  8
DEFAULT
 10
-422.9062496281224
 20
90.56660786575029
 30
-25.48756561200975
  0
VERTEX
  5
CD3
  8
DEFAULT
 10
-422.9363442830801
 20
90.56513561224128
 30
-25.48756561200975
  0
VERTEX
  5
CD4
  8
DEFAULT
 10
-422.9511008268456
 20
90.56402894047483
 30
-25.48756561200975
  0
VERTEX
  5
CD5
  8
DEFAULT
 10
-422.9656600104395
 20
90.5626707730992
 30
-25.48756561200975
  0
VERTEX
  5
CD6
  8
DEFAULT
 10
-422.9800193439198
 20
90.56105793718723
 30
-25.48756561200975
  0
VERTEX
  5
CD7
  8
DEFAULT
 10
-422.9941764480088
 20
90.55918740083072
 30
-25.48756561200975
  0
VERTEX
  5
CD8
  8
DEFAULT
 10
-423.0081290540928
 20
90.55705627314049
 30
-25.48756561200975
  0
VERTEX
  5
CD9
  8
DEFAULT
 10
-423.0218750042222
 20
90.55466180424625
 30
-25.48756561200975
  0
VERTEX
  5
CDA
  8
DEFAULT
 10
-423.0354122511113
 20
90.55200138529685
 30
-25.48756561200975
  0
VERTEX
  5
CDB
  8
DEFAULT
 10
-423.0487388581388
 20
90.54907254846
 30
-25.48756561200975
  0
VERTEX
  5
CDC
  8
DEFAULT
 10
-423.0618529993473
 20
90.54587296692247
 30
-25.48756561200975
  0
VERTEX
  5
CDD
  8
DEFAULT
 10
-423.0747529594432
 20
90.54240045488993
 30
-25.48756561200975
  0
VERTEX
  5
CDE
  8
DEFAULT
 10
-423.0874371337977
 20
90.53865296758713
 30
-25.48756561200975
  0
VERTEX
  5
CDF
  8
DEFAULT
 10
-423.0999040284455
 20
90.53462860125777
 30
-25.48756561200975
  0
VERTEX
  5
CE0
  8
DEFAULT
 10
-423.1121522600854
 20
90.53032559316449
 30
-25.48756561200975
  0
VERTEX
  5
CE1
  8
DEFAULT
 10
-423.1241805560807
 20
90.52574232158901
 30
-25.48756561200975
  0
VERTEX
  5
CE2
  8
DEFAULT
 10
-423.1359877544583
 20
90.52087730583195
 30
-25.48756561200975
  0
VERTEX
  5
CE3
  8
DEFAULT
 10
-423.1475728039096
 20
90.51572920621294
 30
-25.48756561200975
  0
VERTEX
  5
CE4
  8
DEFAULT
 10
-423.1589347637898
 20
90.51029682407061
 30
-25.48756561200975
  0
VERTEX
  5
CE5
  8
DEFAULT
 10
-423.1700728041181
 20
90.50457910176257
 30
-25.48756561200975
  0
VERTEX
  5
CE6
  8
DEFAULT
 10
-423.1809862055783
 20
90.49857512266541
 30
-25.48756561200975
  0
VERTEX
  5
CE7
  8
DEFAULT
 10
-423.1916743595176
 20
90.49228411117474
 30
-25.48756561200975
  0
VERTEX
  5
CE8
  8
DEFAULT
 10
-423.2021367679479
 20
90.48570543270507
 30
-25.48756561200975
  0
VERTEX
  5
CE9
  8
DEFAULT
 10
-423.2123730435446
 20
90.47883859368997
 30
-25.48756561200975
  0
VERTEX
  5
CEA
  8
DEFAULT
 10
-423.2223829096478
 20
90.47168324158201
 30
-25.48756561200975
  0
VERTEX
  5
CEB
  8
DEFAULT
 10
-423.2321662002612
 20
90.4642391648527
 30
-25.48756561200975
  0
VERTEX
  5
CEC
  8
DEFAULT
 10
-423.2417228600527
 20
90.45650629299251
 30
-25.48756561200975
  0
VERTEX
  5
CED
  8
DEFAULT
 10
-423.2510529443546
 20
90.44848469651097
 30
-25.48756561200975
  0
VERTEX
  5
CEE
  8
DEFAULT
 10
-423.2601566191628
 20
90.44017458693656
 30
-25.48756561200975
  0
VERTEX
  5
CEF
  8
DEFAULT
 10
-423.2690341611376
 20
90.43157631681672
 30
-25.48756561200975
  0
VERTEX
  5
CF0
  8
DEFAULT
 10
-423.2776859576032
 20
90.42269037971792
 30
-25.48756561200975
  0
VERTEX
  5
CF1
  8
DEFAULT
 10
-423.2861125065482
 20
90.41351741022555
 30
-25.48756561200975
  0
VERTEX
  5
CF2
  8
DEFAULT
 10
-423.2943144166247
 20
90.40405818394407
 30
-25.48756561200975
  0
VERTEX
  5
CF3
  8
DEFAULT
 10
-423.3022924071496
 20
90.3943136174969
 30
-25.48756561200975
  0
VERTEX
  5
CF4
  8
DEFAULT
 10
-423.3100473081033
 20
90.38428476852643
 30
-25.48756561200975
  0
VERTEX
  5
CF5
  8
DEFAULT
 10
-423.3175800601307
 20
90.37397283569399
 30
-25.48756561200975
  0
VERTEX
  5
CF6
  8
DEFAULT
 10
-423.3248917145404
 20
90.36337915867998
 30
-25.48756561200975
  0
VERTEX
  5
CF7
  8
DEFAULT
 10
-423.3319834333054
 20
90.35250521818374
 30
-25.48756561200975
  0
VERTEX
  5
CF8
  8
DEFAULT
 10
-423.3388564890627
 20
90.3413526359236
 30
-25.48756561200975
  0
VERTEX
  5
CF9
  8
DEFAULT
 10
-423.3455122651132
 20
90.32992317463689
 30
-25.48756561200975
  0
VERTEX
  5
CFA
  8
DEFAULT
 10
-423.3519522554222
 20
90.31821873807992
 30
-25.48756561200975
  0
VERTEX
  5
CFB
  8
DEFAULT
 10
-423.3581780646188
 20
90.30624137102797
 30
-25.48756561200975
  0
VERTEX
  5
CFC
  8
DEFAULT
 10
-423.3641914079963
 20
90.29399325927531
 30
-25.48756561200975
  0
VERTEX
  5
CFD
  8
DEFAULT
 10
-423.3699941115121
 20
90.2814767296352
 30
-25.48756561200975
  0
VERTEX
  5
CFE
  8
DEFAULT
 10
-423.3755881117877
 20
90.26869424993991
 30
-25.48756561200975
  0
VERTEX
  5
CFF
  8
DEFAULT
 10
-423.3809754561087
 20
90.25564842904066
 30
-25.48756561200975
  0
VERTEX
  5
D00
  8
DEFAULT
 10
-423.3861583024246
 20
90.24234201680767
 30
-25.48756561200975
  0
VERTEX
  5
D01
  8
DEFAULT
 10
-423.3911389193494
 20
90.22877790413011
 30
-25.48756561200975
  0
VERTEX
  5
D02
  8
DEFAULT
 10
-423.3959196861605
 20
90.21495912291624
 30
-25.48756561200975
  0
VERTEX
  5
D03
  8
DEFAULT
 10
-423.4005030928
 20
90.20088884609319
 30
-25.48756561200975
  0
VERTEX
  5
D04
  8
DEFAULT
 10
-423.4090883386522
 20
90.1720072024232
 30
-25.48756561200975
  0
VERTEX
  5
D05
  8
DEFAULT
 10
-423.4169167897227
 20
90.14216117691726
 30
-25.48756561200975
  0
VERTEX
  5
D06
  8
DEFAULT
 10
-423.4240123494536
 20
90.11138122967624
 30
-25.48756561200975
  0
VERTEX
  5
D07
  8
DEFAULT
 10
-423.4304006919124
 20
90.0797000771048
 30
-25.48756561200975
  0
VERTEX
  5
D08
  8
DEFAULT
 10
-423.4361092617919
 20
90.04715269191138
 30
-25.48756561200975
  0
VERTEX
  5
D09
  8
DEFAULT
 10
-423.4411672744102
 20
90.01377630310813
 30
-25.48756561200975
  0
VERTEX
  5
D0A
  8
DEFAULT
 10
-423.4456057157109
 20
89.97961039601105
 30
-25.48756561200975
  0
VERTEX
  5
D0B
  8
DEFAULT
 10
-423.4494573422627
 20
89.94469671223983
 30
-25.48756561200975
  0
VERTEX
  5
D0C
  8
DEFAULT
 10
-423.4555400305218
 20
89.87280426267279
 30
-25.48756561200975
  0
VERTEX
  5
D0D
  8
DEFAULT
 10
-423.459712804245
 20
89.79847801344022
 30
-25.48756561200975
  0
VERTEX
  5
D0E
  8
DEFAULT
 10
-423.4636601183413
 20
89.64422085641274
 30
-25.48756561200975
  0
VERTEX
  5
D0F
  8
DEFAULT
 10
-423.4642456051212
 20
89.48567973062914
 30
-25.48756561200975
  0
VERTEX
  5
D10
  8
DEFAULT
 10
-423.4642456051212
 20
83.75997741246837
 30
-25.48756561200975
  0
VERTEX
  5
D11
  8
DEFAULT
 10
-426.4642456051212
 20
83.75997741246837
 30
-25.48756561200975
  0
VERTEX
  5
D12
  8
DEFAULT
 10
-426.4642456051212
 20
75.00531471995652
 30
-25.48756561200975
  0
VERTEX
  5
D13
  8
DEFAULT
 10
-423.4642456051212
 20
75.00531471995652
 30
-25.48756561200975
  0
VERTEX
  5
D14
  8
DEFAULT
 10
-423.4642456051212
 20
73.00531471995649
 30
-25.48756561200975
 42
0.6249999999997703
  0
VERTEX
  5
D15
  8
DEFAULT
 10
-422.4642456051212
 20
72.00531471995649
 30
-25.48756561200975
  0
VERTEX
  5
D16
  8
DEFAULT
 10
-408.1227638248105
 20
72.00531471995649
 30
-25.48756561200975
 42
0.6250000000003649
  0
SEQEND
  5
D17
  8
DEFAULT
  0
CIRCLE
  5
D18
  8
DEFAULT
 10
-554.0000000000002
 20
22.0
 30
-25.48756561200975
 40
1.5
  0
POLYLINE
  5
D19
  8
DEFAULT
 66
     1
 10
0.0
 20
0.0
 30
-25.48756561200975
 70
     1
  0
VERTEX
  5
D1A
  8
DEFAULT
 10
-566.8045634512415
 20
16.33933265213926
 30
-25.48756561200975
 42
0.053726061949879
  0
VERTEX
  5
D1B
  8
DEFAULT
 10
-565.3045634512414
 20
13.74125644078593
 30
-25.48756561200975
  0
VERTEX
  5
D1C
  8
DEFAULT
 10
-568.7842363829062
 20
11.73226633699744
 30
-25.48756561200975
 42
0.5230074882959529
  0
VERTEX
  5
D1D
  8
DEFAULT
 10
-539.2157636170944
 20
11.7322663369973
 30
-25.48756561200975
  0
VERTEX
  5
D1E
  8
DEFAULT
 10
-542.6954365487592
 20
13.74125644078578
 30
-25.48756561200975
 42
0.0537260619500297
  0
VERTEX
  5
D1F
  8
DEFAULT
 10
-541.1954365487592
 20
16.33933265213908
 30
-25.48756561200975
  0
VERTEX
  5
D20
  8
DEFAULT
 10
-537.7157636170946
 20
14.33034254835069
 30
-25.48756561200975
 42
0.2237079853840306
  0
VERTEX
  5
D21
  8
DEFAULT
 10
-537.7157636170945
 20
29.66965745164921
 30
-25.48756561200975
  0
VERTEX
  5
D22
  8
DEFAULT
 10
-541.1954365487591
 20
27.66066734786078
 30
-25.48756561200975
 42
0.0537260619500079
  0
VERTEX
  5
D23
  8
DEFAULT
 10
-542.695436548759
 20
30.25874355921414
 30
-25.48756561200975
  0
VERTEX
  5
D24
  8
DEFAULT
 10
-539.2157636170946
 20
32.26773366300252
 30
-25.48756561200975
 42
0.2237079853840362
  0
VERTEX
  5
D25
  8
DEFAULT
 10
-552.5
 20
39.93739111465181
 30
-25.48756561200975
  0
VERTEX
  5
D26
  8
DEFAULT
 10
-552.5000000000001
 20
35.91941090707505
 30
-25.48756561200975
  0
VERTEX
  5
D27
  8
DEFAULT
 10
-554.0000000000002
 20
36.0
 30
-25.48756561200975
  0
VERTEX
  5
D28
  8
DEFAULT
 10
-555.5000000000002
 20
35.91941090707505
 30
-25.48756561200975
  0
VERTEX
  5
D29
  8
DEFAULT
 10
-555.5000000000002
 20
39.93739111465191
 30
-25.48756561200975
 42
0.2237079853840131
  0
VERTEX
  5
D2A
  8
DEFAULT
 10
-568.7842363829059
 20
32.26773366300266
 30
-25.48756561200975
  0
VERTEX
  5
D2B
  8
DEFAULT
 10
-565.3045634512415
 20
30.25874355921432
 30
-25.48756561200975
 42
0.0537260619499443
  0
VERTEX
  5
D2C
  8
DEFAULT
 10
-566.8045634512415
 20
27.66066734786096
 30
-25.48756561200975
  0
VERTEX
  5
D2D
  8
DEFAULT
 10
-570.284236382906
 20
29.66965745164937
 30
-25.48756561200975
 42
0.2237079853840268
  0
VERTEX
  5
D2E
  8
DEFAULT
 10
-570.2842363829061
 20
14.33034254835081
 30
-25.48756561200975
  0
SEQEND
  5
D2F
  8
DEFAULT
  0
POLYLINE
  5
D30
  8
DEFAULT
 66
     1
 10
0.0
 20
0.0
 30
-25.48756561200975
 70
     1
  0
VERTEX
  5
D31
  8
DEFAULT
 10
-388.0949978892457
 20
57.15040716775701
 30
-25.48756561200975
  0
VERTEX
  5
D32
  8
DEFAULT
 10
-371.7535161090231
 20
48.1221499066674
 30
-25.48756561200975
 42
-0.3687444496248364
  0
VERTEX
  5
D33
  8
DEFAULT
 10
-370.204259109889
 20
45.49625106142627
 30
-25.48756561200975
  0
VERTEX
  5
D34
  8
DEFAULT
 10
-370.204259109889
 20
40.99999999999994
 30
-25.48756561200975
  0
VERTEX
  5
D35
  8
DEFAULT
 10
-367.4542591099963
 20
40.99999999999994
 30
-25.48756561200975
  0
VERTEX
  5
D36
  8
DEFAULT
 10
-367.454259109889
 20
29.16950515496717
 30
-25.48756561200975
  0
VERTEX
  5
D37
  8
DEFAULT
 10
-370.204259109889
 20
29.1695051549672
 30
-25.48756561200975
  0
VERTEX
  5
D38
  8
DEFAULT
 10
-370.204259109889
 20
27.24352941176511
 30
-25.48756561200975
  0
VERTEX
  5
D39
  8
DEFAULT
 10
-370.2056781772718
 20
26.86994847914792
 30
-25.48756561200975
  0
VERTEX
  5
D3A
  8
DEFAULT
 10
-370.215245438014
 20
26.5045157398901
 30
-25.48756561200975
  0
VERTEX
  5
D3B
  8
DEFAULT
 10
-370.2253591541395
 20
26.32712945601559
 30
-25.48756561200975
  0
VERTEX
  5
D3C
  8
DEFAULT
 10
-370.2401020053968
 20
26.15437230727292
 30
-25.48756561200975
  0
VERTEX
  5
D3D
  8
DEFAULT
 10
-370.2494373444661
 20
26.06995764634228
 30
-25.48756561200975
  0
VERTEX
  5
D3E
  8
DEFAULT
 10
-370.2601949695692
 20
25.98696527144528
 30
-25.48756561200975
  0
VERTEX
  5
D3F
  8
DEFAULT
 10
-370.2724542740926
 20
25.90547457596875
 30
-25.48756561200975
  0
VERTEX
  5
D40
  8
DEFAULT
 10
-370.286290359889
 20
25.8255606617651
 30
-25.48756561200975
  0
VERTEX
  5
D41
  8
DEFAULT
 10
-370.3017740372762
 20
25.74729433915234
 30
-25.48756561200975
  0
VERTEX
  5
D42
  8
DEFAULT
 10
-370.3189718250379
 20
25.67074212691403
 30
-25.48756561200975
  0
VERTEX
  5
D43
  8
DEFAULT
 10
-370.3379459504232
 20
25.59596625229932
 30
-25.48756561200975
  0
VERTEX
  5
D44
  8
DEFAULT
 10
-370.3587543491468
 20
25.52302465102292
 30
-25.48756561200975
  0
VERTEX
  5
D45
  8
DEFAULT
 10
-370.381450665389
 20
25.45197096726514
 30
-25.48756561200975
  0
VERTEX
  5
D46
  8
DEFAULT
 10
-370.4060842517957
 20
25.38285455367185
 30
-25.48756561200975
  0
VERTEX
  5
D47
  8
DEFAULT
 10
-370.4191417705462
 20
25.34903707242228
 30
-25.48756561200975
  0
VERTEX
  5
D48
  8
DEFAULT
 10
-370.4327001694784
 20
25.3157204713545
 30
-25.48756561200975
  0
VERTEX
  5
D49
  8
DEFAULT
 10
-370.4467644106791
 20
25.28290971255519
 30
-25.48756561200975
  0
VERTEX
  5
D4A
  8
DEFAULT
 10
-370.461339188014
 20
25.25060948989012
 30
-25.48756561200975
  0
VERTEX
  5
D4B
  8
DEFAULT
 10
-370.476428927128
 20
25.21882422900416
 30
-25.48756561200975
  0
VERTEX
  5
D4C
  8
DEFAULT
 10
-370.4920377854452
 20
25.1875580873213
 30
-25.48756561200975
  0
VERTEX
  5
D4D
  8
DEFAULT
 10
-370.5081696521685
 20
25.15681495404461
 30
-25.48756561200975
  0
VERTEX
  5
D4E
  8
DEFAULT
 10
-370.5248281482801
 20
25.12659845015623
 30
-25.48756561200975
  0
VERTEX
  5
D4F
  8
DEFAULT
 10
-370.5420166265413
 20
25.09691192841747
 30
-25.48756561200975
  0
VERTEX
  5
D50
  8
DEFAULT
 10
-370.5597381714925
 20
25.06775847336867
 30
-25.48756561200975
  0
VERTEX
  5
D51
  8
DEFAULT
 10
-370.5779955994532
 20
25.0391409013293
 30
-25.48756561200975
  0
VERTEX
  5
D52
  8
DEFAULT
 10
-370.5967914585218
 20
25.01106176039794
 30
-25.48756561200975
  0
VERTEX
  5
D53
  8
DEFAULT
 10
-370.6161280285761
 20
24.98352333045223
 30
-25.48756561200975
  0
VERTEX
  5
D54
  8
DEFAULT
 10
-370.6360073212728
 20
24.95652762314895
 30
-25.48756561200975
  0
VERTEX
  5
D55
  8
DEFAULT
 10
-370.6564310800478
 20
24.93007638192394
 30
-25.48756561200975
  0
VERTEX
  5
D56
  8
DEFAULT
 10
-370.677400780116
 20
24.90417108199218
 30
-25.48756561200975
  0
VERTEX
  5
D57
  8
DEFAULT
 10
-370.6989176284716
 20
24.87881293034771
 30
-25.48756561200975
  0
VERTEX
  5
D58
  8
DEFAULT
 10
-370.7209825638876
 20
24.85400286576369
 30
-25.48756561200975
  0
VERTEX
  5
D59
  8
DEFAULT
 10
-370.7435962569162
 20
24.82974155879239
 30
-25.48756561200975
  0
VERTEX
  5
D5A
  8
DEFAULT
 10
-370.766759109889
 20
24.80602941176513
 30
-25.48756561200975
  0
VERTEX
  5
D5B
  8
DEFAULT
 10
-370.7904712569162
 20
24.78286655879239
 30
-25.48756561200975
  0
VERTEX
  5
D5C
  8
DEFAULT
 10
-370.8147325638876
 20
24.7602528657637
 30
-25.48756561200975
  0
VERTEX
  5
D5D
  8
DEFAULT
 10
-370.8395426284716
 20
24.73818793034772
 30
-25.48756561200975
  0
VERTEX
  5
D5E
  8
DEFAULT
 10
-370.864900780116
 20
24.71667108199219
 30
-25.48756561200975
  0
VERTEX
  5
D5F
  8
DEFAULT
 10
-370.8908060800478
 20
24.69570138192395
 30
-25.48756561200975
  0
VERTEX
  5
D60
  8
DEFAULT
 10
-370.9172573212728
 20
24.67527762314896
 30
-25.48756561200975
  0
VERTEX
  5
D61
  8
DEFAULT
 10
-370.9442530285761
 20
24.65539833045225
 30
-25.48756561200975
  0
VERTEX
  5
D62
  8
DEFAULT
 10
-370.9717914585218
 20
24.63606176039795
 30
-25.48756561200975
  0
VERTEX
  5
D63
  8
DEFAULT
 10
-370.9998705994532
 20
24.61726590132933
 30
-25.48756561200975
  0
VERTEX
  5
D64
  8
DEFAULT
 10
-371.0284881714925
 20
24.59900847336869
 30
-25.48756561200975
  0
VERTEX
  5
D65
  8
DEFAULT
 10
-371.0576416265413
 20
24.58128692841749
 30
-25.48756561200975
  0
VERTEX
  5
D66
  8
DEFAULT
 10
-371.0873281482801
 20
24.56409845015626
 30
-25.48756561200975
  0
VERTEX
  5
D67
  8
DEFAULT
 10
-371.1175446521685
 20
24.54743995404463
 30
-25.48756561200975
  0
VERTEX
  5
D68
  8
DEFAULT
 10
-371.1482877854452
 20
24.53130808732133
 30
-25.48756561200975
  0
VERTEX
  5
D69
  8
DEFAULT
 10
-371.179553927128
 20
24.51569922900419
 30
-25.48756561200975
  0
VERTEX
  5
D6A
  8
DEFAULT
 10
-371.211339188014
 20
24.50060948989015
 30
-25.48756561200975
  0
VERTEX
  5
D6B
  8
DEFAULT
 10
-371.2436394106791
 20
24.48603471255522
 30
-25.48756561200975
  0
VERTEX
  5
D6C
  8
DEFAULT
 10
-371.2764501694784
 20
24.47197047135454
 30
-25.48756561200975
  0
VERTEX
  5
D6D
  8
DEFAULT
 10
-371.3097667705462
 20
24.45841207242232
 30
-25.48756561200975
  0
VERTEX
  5
D6E
  8
DEFAULT
 10
-371.3435842517957
 20
24.44535455367189
 30
-25.48756561200975
  0
VERTEX
  5
D6F
  8
DEFAULT
 10
-371.412700665389
 20
24.42072096726519
 30
-25.48756561200975
  0
VERTEX
  5
D70
  8
DEFAULT
 10
-371.4837543491468
 20
24.39802465102297
 30
-25.48756561200975
  0
VERTEX
  5
D71
  8
DEFAULT
 10
-371.5566959504232
 20
24.37721625229937
 30
-25.48756561200975
  0
VERTEX
  5
D72
  8
DEFAULT
 10
-371.6314718250379
 20
24.35824212691409
 30
-25.48756561200975
  0
VERTEX
  5
D73
  8
DEFAULT
 10
-371.7080240372762
 20
24.3410443391524
 30
-25.48756561200975
  0
VERTEX
  5
D74
  8
DEFAULT
 10
-371.786290359889
 20
24.32556066176516
 30
-25.48756561200975
  0
VERTEX
  5
D75
  8
DEFAULT
 10
-371.8662042740926
 20
24.31172457596881
 30
-25.48756561200975
  0
VERTEX
  5
D76
  8
DEFAULT
 10
-371.9476949695692
 20
24.29946527144534
 30
-25.48756561200975
  0
VERTEX
  5
D77
  8
DEFAULT
 10
-372.0306873444662
 20
24.28870764634235
 30
-25.48756561200975
  0
VERTEX
  5
D78
  8
DEFAULT
 10
-372.1151020053968
 20
24.27937230727298
 30
-25.48756561200975
  0
VERTEX
  5
D79
  8
DEFAULT
 10
-372.2878591541395
 20
24.26462945601566
 30
-25.48756561200975
  0
VERTEX
  5
D7A
  8
DEFAULT
 10
-372.465245438014
 20
24.25451573989017
 30
-25.48756561200975
  0
VERTEX
  5
D7B
  8
DEFAULT
 10
-372.8306781772718
 20
24.24494847914798
 30
-25.48756561200975
  0
VERTEX
  5
D7C
  8
DEFAULT
 10
-373.204259109889
 20
24.24352941176517
 30
-25.48756561200975
  0
VERTEX
  5
D7D
  8
DEFAULT
 10
-377.1411756171349
 20
24.24352941176517
 30
-25.48756561200975
  0
VERTEX
  5
D7E
  8
DEFAULT
 10
-377.1411756171349
 20
26.91941090707507
 30
-25.48756561200975
  0
VERTEX
  5
D7F
  8
DEFAULT
 10
-380.1411756171349
 20
26.91941090707508
 30
-25.48756561200975
  0
VERTEX
  5
D80
  8
DEFAULT
 10
-380.1411756171349
 20
24.24352941176517
 30
-25.48756561200975
  0
VERTEX
  5
D81
  8
DEFAULT
 10
-392.5457408901116
 20
24.24352941176517
 30
-25.48756561200975
  0
VERTEX
  5
D82
  8
DEFAULT
 10
-392.5457408901116
 20
30.5536573671657
 30
-25.48756561200975
  0
VERTEX
  5
D83
  8
DEFAULT
 10
-395.5457408901116
 20
30.55365736716573
 30
-25.48756561200975
  0
VERTEX
  5
D84
  8
DEFAULT
 10
-395.5457408901116
 20
53.44634263283436
 30
-25.48756561200975
  0
VERTEX
  5
D85
  8
DEFAULT
 10
-392.5457408901116
 20
53.44634263283436
 30
-25.48756561200975
  0
VERTEX
  5
D86
  8
DEFAULT
 10
-392.5457408901116
 20
54.52450832251591
 30
-25.48756561200975
  0
VERTEX
  5
D87
  8
DEFAULT
 10
-392.5436355887043
 20
55.15654274868177
 30
-25.48756561200975
  0
VERTEX
  5
D88
  8
DEFAULT
 10
-392.5294417824424
 20
55.7680878751664
 30
-25.48756561200975
  0
VERTEX
  5
D89
  8
DEFAULT
 10
-392.5144372653563
 20
56.06045750115235
 30
-25.48756561200975
  0
VERTEX
  5
D8A
  8
DEFAULT
 10
-392.4925650513408
 20
56.34118678764243
 30
-25.48756561200975
  0
VERTEX
  5
D8B
  8
DEFAULT
 10
-392.4787153196662
 20
56.47661300966206
 30
-25.48756561200975
  0
VERTEX
  5
D8C
  8
DEFAULT
 10
-392.4627555114552
 20
56.60846277694012
 30
-25.48756561200975
  0
VERTEX
  5
D8D
  8
DEFAULT
 10
-392.4445678401875
 20
56.73653644830167
 30
-25.48756561200975
  0
VERTEX
  5
D8E
  8
DEFAULT
 10
-392.4240408861816
 20
56.86064517398667
 30
-25.48756561200975
  0
VERTEX
  5
D8F
  8
DEFAULT
 10
-392.4010695965953
 20
56.98061089564992
 30
-25.48756561200975
  0
VERTEX
  5
D90
  8
DEFAULT
 10
-392.3755552854251
 20
57.09626634636111
 30
-25.48756561200975
  0
VERTEX
  5
D91
  8
DEFAULT
 10
-392.3474056335064
 20
57.20745505060474
 30
-25.48756561200975
  0
VERTEX
  5
D92
  8
DEFAULT
 10
-392.3323154459599
 20
57.26132842498014
 30
-25.48756561200975
  0
VERTEX
  5
D93
  8
DEFAULT
 10
-392.3165346885136
 20
57.31403132428019
 30
-25.48756561200975
  0
VERTEX
  5
D94
  8
DEFAULT
 10
-392.3000536119452
 20
57.36554722415092
 30
-25.48756561200975
  0
VERTEX
  5
D95
  8
DEFAULT
 10
-392.2828628649601
 20
57.41586027470174
 30
-25.48756561200975
  0
VERTEX
  5
D96
  8
DEFAULT
 10
-392.264953494191
 20
57.4649553005055
 30
-25.48756561200975
  0
VERTEX
  5
D97
  8
DEFAULT
 10
-392.2463169441982
 20
57.51281780059848
 30
-25.48756561200975
  0
VERTEX
  5
D98
  8
DEFAULT
 10
-392.2269450574691
 20
57.5594339484804
 30
-25.48756561200975
  0
VERTEX
  5
D99
  8
DEFAULT
 10
-392.206830074419
 20
57.60479059211438
 30
-25.48756561200975
  0
VERTEX
  5
D9A
  8
DEFAULT
 10
-392.1859646333901
 20
57.648875253927
 30
-25.48756561200975
  0
VERTEX
  5
D9B
  8
DEFAULT
 10
-392.1643417706526
 20
57.69167613080826
 30
-25.48756561200975
  0
VERTEX
  5
D9C
  8
DEFAULT
 10
-392.1419549204036
 20
57.73318209411158
 30
-25.48756561200975
  0
VERTEX
  5
D9D
  8
DEFAULT
 10
-392.1187979147681
 20
57.77338268965381
 30
-25.48756561200975
  0
VERTEX
  5
D9E
  8
DEFAULT
 10
-392.0948649837983
 20
57.81226813771526
 30
-25.48756561200975
  0
VERTEX
  5
D9F
  8
DEFAULT
 10
-392.0701507554737
 20
57.84982933303961
 30
-25.48756561200975
  0
VERTEX
  5
DA0
  8
DEFAULT
 10
-392.0446502557014
 20
57.886057844834
 30
-25.48756561200975
  0
VERTEX
  5
DA1
  8
DEFAULT
 10
-392.0183589083161
 20
57.92094591676902
 30
-25.48756561200975
  0
VERTEX
  5
DA2
  8
DEFAULT
 10
-391.9912725350796
 20
57.95448646697866
 30
-25.48756561200975
  0
VERTEX
  5
DA3
  8
DEFAULT
 10
-391.977430016876
 20
57.97074939277693
 30
-25.48756561200975
  0
VERTEX
  5
DA4
  8
DEFAULT
 10
-391.9633873556812
 20
57.98667308806034
 30
-25.48756561200975
  0
VERTEX
  5
DA5
  8
DEFAULT
 10
-391.9491441411326
 20
58.00225685728849
 30
-25.48756561200975
  0
VERTEX
  5
DA6
  8
DEFAULT
 10
-391.934699987738
 20
58.01750004707493
 30
-25.48756561200975
  0
VERTEX
  5
DA7
  8
DEFAULT
 10
-391.9200545348755
 20
58.03240204618716
 30
-25.48756561200975
  0
VERTEX
  5
DA8
  8
DEFAULT
 10
-391.905207446794
 20
58.04696228554668
 30
-25.48756561200975
  0
VERTEX
  5
DA9
  8
DEFAULT
 10
-391.8901584126125
 20
58.06118023822894
 30
-25.48756561200975
  0
VERTEX
  5
DAA
  8
DEFAULT
 10
-391.8749071463209
 20
58.07505541946335
 30
-25.48756561200975
  0
VERTEX
  5
DAB
  8
DEFAULT
 10
-391.8594533867793
 20
58.08858738663327
 30
-25.48756561200975
  0
VERTEX
  5
DAC
  8
DEFAULT
 10
-391.8437968977179
 20
58.10177573927606
 30
-25.48756561200975
  0
VERTEX
  5
DAD
  8
DEFAULT
 10
-391.8279374677383
 20
58.114620119083
 30
-25.48756561200975
  0
VERTEX
  5
DAE
  8
DEFAULT
 10
-391.8118749103115
 20
58.12712020989937
 30
-25.48756561200975
  0
VERTEX
  5
DAF
  8
DEFAULT
 10
-391.7956090637799
 20
58.1392757377244
 30
-25.48756561200975
  0
VERTEX
  5
DB0
  8
DEFAULT
 10
-391.7791397913558
 20
58.15108647071129
 30
-25.48756561200975
  0
VERTEX
  5
DB1
  8
DEFAULT
 10
-391.762466981122
 20
58.1625522191672
 30
-25.48756561200975
  0
VERTEX
  5
DB2
  8
DEFAULT
 10
-391.7455905460321
 20
58.17367283555326
 30
-25.48756561200975
  0
VERTEX
  5
DB3
  8
DEFAULT
 10
-391.7285104239097
 20
58.18444821448455
 30
-25.48756561200975
  0
VERTEX
  5
DB4
  8
DEFAULT
 10
-391.7112265774492
 20
58.19487829273011
 30
-25.48756561200975
  0
VERTEX
  5
DB5
  8
DEFAULT
 10
-391.6937389942154
 20
58.20496304921299
 30
-25.48756561200975
  0
VERTEX
  5
DB6
  8
DEFAULT
 10
-391.6760476866435
 20
58.21470250501014
 30
-25.48756561200975
  0
VERTEX
  5
DB7
  8
DEFAULT
 10
-391.6581526920393
 20
58.22409672335255
 30
-25.48756561200975
  0
VERTEX
  5
DB8
  8
DEFAULT
 10
-391.6400540725787
 20
58.23314580962508
 30
-25.48756561200975
  0
VERTEX
  5
DB9
  8
DEFAULT
 10
-391.6217519153086
 20
58.24184991136664
 30
-25.48756561200975
  0
VERTEX
  5
DBA
  8
DEFAULT
 10
-391.6032463321459
 20
58.25020921827004
 30
-25.48756561200975
  0
VERTEX
  5
DBB
  8
DEFAULT
 10
-391.5845374598783
 20
58.25822396218211
 30
-25.48756561200975
  0
VERTEX
  5
DBC
  8
DEFAULT
 10
-391.5656254601637
 20
58.26589441710362
 30
-25.48756561200975
  0
VERTEX
  5
DBD
  8
DEFAULT
 10
-391.5465105195308
 20
58.27322089918929
 30
-25.48756561200975
  0
VERTEX
  5
DBE
  8
DEFAULT
 10
-391.5271928493783
 20
58.28020376674781
 30
-25.48756561200975
  0
VERTEX
  5
DBF
  8
DEFAULT
 10
-391.5076726859756
 20
58.28684342024185
 30
-25.48756561200975
  0
VERTEX
  5
DC0
  8
DEFAULT
 10
-391.4879502904628
 20
58.29314030228804
 30
-25.48756561200975
  0
VERTEX
  5
DC1
  8
DEFAULT
 10
-391.4680259488501
 20
58.29909489765696
 30
-25.48756561200975
  0
VERTEX
  5
DC2
  8
DEFAULT
 10
-391.4478999720183
 20
58.30470773327316
 30
-25.48756561200975
  0
VERTEX
  5
DC3
  8
DEFAULT
 10
-391.4275726957187
 20
58.30997937821517
 30
-25.48756561200975
  0
VERTEX
  5
DC4
  8
DEFAULT
 10
-391.407044480573
 20
58.31491044371548
 30
-25.48756561200975
  0
VERTEX
  5
DC5
  8
DEFAULT
 10
-391.3863157120735
 20
58.3195015831605
 30
-25.48756561200975
  0
VERTEX
  5
DC6
  8
DEFAULT
 10
-391.3653868005828
 20
58.32375349209068
 30
-25.48756561200975
  0
VERTEX
  5
DC7
  8
DEFAULT
 10
-391.3229303144308
 20
58.33124261133794
 30
-25.48756561200975
  0
VERTEX
  5
DC8
  8
DEFAULT
 10
-391.2796788024277
 20
58.33738420885982
 30
-25.48756561200975
  0
VERTEX
  5
DC9
  8
DEFAULT
 10
-391.2356364428114
 20
58.34218536652231
 30
-25.48756561200975
  0
VERTEX
  5
DCA
  8
DEFAULT
 10
-391.1908078117474
 20
58.34565384065485
 30
-25.48756561200975
  0
VERTEX
  5
DCB
  8
DEFAULT
 10
-391.1451978833288
 20
58.3477980620503
 30
-25.48756561200975
  0
VERTEX
  5
DCC
  8
DEFAULT
 10
-391.0988120295757
 20
58.34862713596495
 30
-25.48756561200975
  0
VERTEX
  5
DCD
  8
DEFAULT
 10
-391.0516560204361
 20
58.34815084211853
 30
-25.48756561200975
  0
VERTEX
  5
DCE
  8
DEFAULT
 10
-391.0037360237852
 20
58.34637963469416
 30
-25.48756561200975
  0
VERTEX
  5
DCF
  8
DEFAULT
 10
-390.9550586054254
 20
58.34332464233843
 30
-25.48756561200975
  0
VERTEX
  5
DD0
  8
DEFAULT
 10
-390.905630729087
 20
58.33899766816135
 30
-25.48756561200975
  0
VERTEX
  5
DD1
  8
DEFAULT
 10
-390.8554597564275
 20
58.33341118973632
 30
-25.48756561200975
  0
VERTEX
  5
DD2
  8
DEFAULT
 10
-390.8045534470319
 20
58.32657835910023
 30
-25.48756561200975
  0
VERTEX
  5
DD3
  8
DEFAULT
 10
-390.7529199584125
 20
58.31851300275336
 30
-25.48756561200975
  0
VERTEX
  5
DD4
  8
DEFAULT
 10
-390.7005678460091
 20
58.30922962165944
 30
-25.48756561200975
  0
VERTEX
  5
DD5
  8
DEFAULT
 10
-390.647506063189
 20
58.2987433912456
 30
-25.48756561200975
  0
VERTEX
  5
DD6
  8
DEFAULT
 10
-390.5937439612468
 20
58.28707016140243
 30
-25.48756561200975
  0
VERTEX
  5
DD7
  8
DEFAULT
 10
-390.5392912894047
 20
58.27422645648392
 30
-25.48756561200975
  0
VERTEX
  5
DD8
  8
DEFAULT
 10
-390.4283552225463
 20
58.24509709115407
 30
-25.48756561200975
  0
VERTEX
  5
DD9
  8
DEFAULT
 10
-390.3147838149395
 20
58.21150097935668
 30
-25.48756561200975
  0
VERTEX
  5
DDA
  8
DEFAULT
 10
-390.1986693857488
 20
58.1735945966072
 30
-25.48756561200975
  0
VERTEX
  5
DDB
  8
DEFAULT
 10
-390.0801106209775
 20
58.13154520983598
 30
-25.48756561200975
  0
VERTEX
  5
DDC
  8
DEFAULT
 10
-389.9592125734682
 20
58.08553087738821
 30
-25.48756561200975
  0
VERTEX
  5
DDD
  8
DEFAULT
 10
-389.8360866629022
 20
58.03574044902395
 30
-25.48756561200975
  0
VERTEX
  5
DDE
  8
DEFAULT
 10
-389.7108506757997
 20
57.9823735659181
 30
-25.48756561200975
  0
VERTEX
  5
DDF
  8
DEFAULT
 10
-389.4545514522611
 20
57.86576295725559
 30
-25.48756561200975
  0
VERTEX
  5
DE0
  8
DEFAULT
 10
-389.191384531793
 20
57.73751200909722
 30
-25.48756561200975
  0
VERTEX
  5
DE1
  8
DEFAULT
 10
-388.6492354629468
 20
57.45420423826773
 30
-25.48756561200975
  0
SEQEND
  5
DE2
  8
DEFAULT
  0
POLYLINE
  5
DE3
  8
DEFAULT
 66
     1
 10
0.0
 20
0.0
 30
-25.48756561200975
 70
     1
  0
VERTEX
  5
DE4
  8
DEFAULT
 10
-510.8133757668758
 20
8.836102422167366
 30
-25.48756561200975
  0
VERTEX
  5
DE5
  8
DEFAULT
 10
-511.2138477806053
 20
8.64597823271218
 30
-25.48756561200975
  0
VERTEX
  5
DE6
  8
DEFAULT
 10
-510.7949426903464
 20
7.634651882461919
 30
-25.48756561200975
  0
VERTEX
  5
DE7
  8
DEFAULT
 10
-510.3773281101314
 20
7.783390255414097
 30
-25.48756561200975
 42
-0.1124176414147741
  0
VERTEX
  5
DE8
  8
DEFAULT
 10
-508.5403067517129
 20
7.708914148182625
 30
-25.48756561200975
  0
VERTEX
  5
DE9
  8
DEFAULT
 10
-508.3551320495307
 20
7.017832751361853
 30
-25.48756561200975
 42
-0.1124176414147636
  0
VERTEX
  5
DEA
  8
DEFAULT
 10
-509.9088011595999
 20
6.034823871315177
 30
-25.48756561200975
  0
VERTEX
  5
DEB
  8
DEFAULT
 10
-510.3448351815329
 20
5.954827790701882
 30
-25.48756561200975
  0
VERTEX
  5
DEC
  8
DEFAULT
 10
-510.2019544563466
 20
4.869540934739087
 30
-25.48756561200975
  0
VERTEX
  5
DED
  8
DEFAULT
 10
-509.7600734242246
 20
4.905124563661701
 30
-25.48756561200975
 42
-0.1124176414147703
  0
VERTEX
  5
DEE
  8
DEFAULT
 10
-508.0049228856401
 20
4.357730054426537
 30
-25.48756561200975
  0
VERTEX
  5
DEF
  8
DEFAULT
 10
-508.0049228856401
 20
3.642269945573462
 30
-25.48756561200975
 42
-0.1124176414147829
  0
VERTEX
  5
DF0
  8
DEFAULT
 10
-509.7600734242246
 20
3.094875436338312
 30
-25.48756561200975
  0
VERTEX
  5
DF1
  8
DEFAULT
 10
-510.2019544563466
 20
3.130459065260905
 30
-25.48756561200975
  0
VERTEX
  5
DF2
  8
DEFAULT
 10
-510.3448351815329
 20
2.04517220929811
 30
-25.48756561200975
  0
VERTEX
  5
DF3
  8
DEFAULT
 10
-509.9088011595999
 20
1.965176128684811
 30
-25.48756561200975
 42
-0.1124176414147967
  0
VERTEX
  5
DF4
  8
DEFAULT
 10
-508.3551320495307
 20
0.9821672486381282
 30
-25.48756561200975
  0
VERTEX
  5
DF5
  8
DEFAULT
 10
-508.5403067517129
 20
0.2910858518173569
 30
-25.48756561200975
 42
-0.1124176414147622
  0
VERTEX
  5
DF6
  8
DEFAULT
 10
-510.3773281101314
 20
0.2166097445859144
 30
-25.48756561200975
  0
VERTEX
  5
DF7
  8
DEFAULT
 10
-510.7949426903463
 20
0.3653481175380726
 30
-25.48756561200975
  0
VERTEX
  5
DF8
  8
DEFAULT
 10
-511.2138477806053
 20
-0.6459782327121886
 30
-25.48756561200975
  0
VERTEX
  5
DF9
  8
DEFAULT
 10
-510.8133757668758
 20
-0.8361024221673787
 30
-25.48756561200975
 42
-0.1124176414147901
  0
VERTEX
  5
DFA
  8
DEFAULT
 10
-509.5670680676133
 20
-2.187735242349378
 30
-25.48756561200975
  0
VERTEX
  5
DFB
  8
DEFAULT
 10
-509.9247981220399
 20
-2.807341872010523
 30
-25.48756561200975
 42
-0.1124176414147706
  0
VERTEX
  5
DFC
  8
DEFAULT
 10
-511.7185003305375
 20
-2.403824153608061
 30
-25.48756561200975
  0
VERTEX
  5
DFD
  8
DEFAULT
 10
-512.0833887153443
 20
-2.152067310941219
 30
-25.48756561200975
  0
VERTEX
  5
DFE
  8
DEFAULT
 10
-512.7497704810482
 20
-3.020512936005206
 30
-25.48756561200975
  0
VERTEX
  5
DFF
  8
DEFAULT
 10
-512.4121519814466
 20
-3.307808584985994
 30
-25.48756561200975
 42
-0.112417641414746
  0
VERTEX
  5
E00
  8
DEFAULT
 10
-511.5581395030748
 20
-4.935953802286748
 30
-25.48756561200975
  0
VERTEX
  5
E01
  8
DEFAULT
 10
-512.0640461977132
 20
-5.441860496925242
 30
-25.48756561200975
 42
-0.1124176414147493
  0
VERTEX
  5
E02
  8
DEFAULT
 10
-513.692191415014
 20
-4.587848018553407
 30
-25.48756561200975
  0
VERTEX
  5
E03
  8
DEFAULT
 10
-513.9794870639948
 20
-4.250229518951791
 30
-25.48756561200975
  0
VERTEX
  5
E04
  8
DEFAULT
 10
-514.8479326890588
 20
-4.916611284655652
 30
-25.48756561200975
  0
VERTEX
  5
E05
  8
DEFAULT
 10
-514.5961758463919
 20
-5.281499669462503
 30
-25.48756561200975
 42
-0.1124176414146539
  0
VERTEX
  5
E06
  8
DEFAULT
 10
-514.1926581279895
 20
-7.075201877960165
 30
-25.48756561200975
  0
VERTEX
  5
E07
  8
DEFAULT
 10
-514.8122647576506
 20
-7.432931932386706
 30
-25.48756561200975
 42
-0.1124176414148098
  0
VERTEX
  5
E08
  8
DEFAULT
 10
-516.1638975778326
 20
-6.186624233124199
 30
-25.48756561200975
  0
VERTEX
  5
E09
  8
DEFAULT
 10
-516.3540217672878
 20
-5.786152219394737
 30
-25.48756561200975
  0
VERTEX
  5
E0A
  8
DEFAULT
 10
-517.3653481175381
 20
-6.205057309653681
 30
-25.48756561200975
  0
VERTEX
  5
E0B
  8
DEFAULT
 10
-517.2166097445859
 20
-6.622671889868579
 30
-25.48756561200975
 42
-0.1124176414147775
  0
VERTEX
  5
E0C
  8
DEFAULT
 10
-517.2910858518173
 20
-8.459693248287085
 30
-25.48756561200975
  0
VERTEX
  5
E0D
  8
DEFAULT
 10
-517.9821672486381
 20
-8.644867950469385
 30
-25.48756561200975
 42
-0.1124176414148226
  0
VERTEX
  5
E0E
  8
DEFAULT
 10
-518.9651761286848
 20
-7.091198840400101
 30
-25.48756561200975
  0
VERTEX
  5
E0F
  8
DEFAULT
 10
-519.0451722092981
 20
-6.655164818467126
 30
-25.48756561200975
  0
VERTEX
  5
E10
  8
DEFAULT
 10
-520.1304590652609
 20
-6.798045543653402
 30
-25.48756561200975
  0
VERTEX
  5
E11
  8
DEFAULT
 10
-520.0948754363383
 20
-7.239926575775424
 30
-25.48756561200975
 42
-0.1124176414147108
  0
VERTEX
  5
E12
  8
DEFAULT
 10
-520.6422699455735
 20
-8.99507711435988
 30
-25.48756561200975
  0
VERTEX
  5
E13
  8
DEFAULT
 10
-521.3577300544265
 20
-8.995077114359884
 30
-25.48756561200975
 42
-0.112417641414818
  0
VERTEX
  5
E14
  8
DEFAULT
 10
-521.9051245636617
 20
-7.239926575775424
 30
-25.48756561200975
  0
VERTEX
  5
E15
  8
DEFAULT
 10
-521.8695409347391
 20
-6.7980455436534
 30
-25.48756561200975
  0
VERTEX
  5
E16
  8
DEFAULT
 10
-522.9548277907019
 20
-6.655164818467124
 30
-25.48756561200975
  0
VERTEX
  5
E17
  8
DEFAULT
 10
-523.0348238713152
 20
-7.091198840400091
 30
-25.48756561200975
 42
-0.11241764141482
  0
VERTEX
  5
E18
  8
DEFAULT
 10
-524.0178327513619
 20
-8.644867950469381
 30
-25.48756561200975
  0
VERTEX
  5
E19
  8
DEFAULT
 10
-524.7089141481827
 20
-8.459693248287083
 30
-25.48756561200975
 42
-0.1124176414146526
  0
VERTEX
  5
E1A
  8
DEFAULT
 10
-524.7833902554141
 20
-6.622671889868575
 30
-25.48756561200975
  0
VERTEX
  5
E1B
  8
DEFAULT
 10
-524.6346518824619
 20
-6.205057309653677
 30
-25.48756561200975
  0
VERTEX
  5
E1C
  8
DEFAULT
 10
-525.6459782327122
 20
-5.786152219394737
 30
-25.48756561200975
  0
VERTEX
  5
E1D
  8
DEFAULT
 10
-525.8361024221674
 20
-6.186624233124203
 30
-25.48756561200975
 42
-0.1124176414147927
  0
VERTEX
  5
E1E
  8
DEFAULT
 10
-527.1877352423494
 20
-7.432931932386709
 30
-25.48756561200975
  0
VERTEX
  5
E1F
  8
DEFAULT
 10
-527.8073418720105
 20
-7.075201877960167
 30
-25.48756561200975
 42
-0.1124176414147813
  0
VERTEX
  5
E20
  8
DEFAULT
 10
-527.4038241536081
 20
-5.281499669462504
 30
-25.48756561200975
  0
VERTEX
  5
E21
  8
DEFAULT
 10
-527.1520673109412
 20
-4.916611284655653
 30
-25.48756561200975
  0
VERTEX
  5
E22
  8
DEFAULT
 10
-528.0205129360052
 20
-4.250229518951796
 30
-25.48756561200975
  0
VERTEX
  5
E23
  8
DEFAULT
 10
-528.307808584986
 20
-4.587848018553396
 30
-25.48756561200975
 42
-0.1124176414147145
  0
VERTEX
  5
E24
  8
DEFAULT
 10
-529.9359538022867
 20
-5.441860496925262
 30
-25.48756561200975
  0
VERTEX
  5
E25
  8
DEFAULT
 10
-530.4418604969252
 20
-4.93595380228675
 30
-25.48756561200975
 42
-0.1124176414148403
  0
VERTEX
  5
E26
  8
DEFAULT
 10
-529.5878480185534
 20
-3.307808584985982
 30
-25.48756561200975
  0
VERTEX
  5
E27
  8
DEFAULT
 10
-529.2502295189518
 20
-3.020512936005199
 30
-25.48756561200975
  0
VERTEX
  5
E28
  8
DEFAULT
 10
-529.9166112846557
 20
-2.152067310941214
 30
-25.48756561200975
  0
VERTEX
  5
E29
  8
DEFAULT
 10
-530.2814996694625
 20
-2.403824153608048
 30
-25.48756561200975
 42
-0.1124176414147505
  0
VERTEX
  5
E2A
  8
DEFAULT
 10
-532.0752018779601
 20
-2.807341872010532
 30
-25.48756561200975
  0
VERTEX
  5
E2B
  8
DEFAULT
 10
-532.4329319323867
 20
-2.187735242349368
 30
-25.48756561200975
 42
-0.1124176414148136
  0
VERTEX
  5
E2C
  8
DEFAULT
 10
-531.1866242331242
 20
-0.8361024221673674
 30
-25.48756561200975
  0
VERTEX
  5
E2D
  8
DEFAULT
 10
-530.7861522193947
 20
-0.6459782327121859
 30
-25.48756561200975
  0
VERTEX
  5
E2E
  8
DEFAULT
 10
-531.2050573096537
 20
0.3653481175380748
 30
-25.48756561200975
  0
VERTEX
  5
E2F
  8
DEFAULT
 10
-531.6226718898686
 20
0.216609744585897
 30
-25.48756561200975
 42
-0.112417641414763
  0
VERTEX
  5
E30
  8
DEFAULT
 10
-533.4596932482871
 20
0.2910858518173612
 30
-25.48756561200975
  0
VERTEX
  5
E31
  8
DEFAULT
 10
-533.6448679504692
 20
0.9821672486380708
 30
-25.48756561200975
 42
-0.1124176414147955
  0
VERTEX
  5
E32
  8
DEFAULT
 10
-532.0911988404
 20
1.965176128684777
 30
-25.48756561200975
  0
VERTEX
  5
E33
  8
DEFAULT
 10
-531.6551648184671
 20
2.045172209298118
 30
-25.48756561200975
  0
VERTEX
  5
E34
  8
DEFAULT
 10
-531.7980455436534
 20
3.130459065260913
 30
-25.48756561200975
  0
VERTEX
  5
E35
  8
DEFAULT
 10
-532.2399265757754
 20
3.094875436338299
 30
-25.48756561200975
 42
-0.1124176414148338
  0
VERTEX
  5
E36
  8
DEFAULT
 10
-533.9950771143599
 20
3.642269945573443
 30
-25.48756561200975
  0
VERTEX
  5
E37
  8
DEFAULT
 10
-533.9950771143599
 20
4.357730054426538
 30
-25.48756561200975
 42
-0.1124176414147836
  0
VERTEX
  5
E38
  8
DEFAULT
 10
-532.2399265757754
 20
4.905124563661737
 30
-25.48756561200975
  0
VERTEX
  5
E39
  8
DEFAULT
 10
-531.7980455436534
 20
4.869540934739089
 30
-25.48756561200975
  0
VERTEX
  5
E3A
  8
DEFAULT
 10
-531.6551648184671
 20
5.954827790701884
 30
-25.48756561200975
  0
VERTEX
  5
E3B
  8
DEFAULT
 10
-532.0911988404001
 20
6.034823871315183
 30
-25.48756561200975
 42
-0.1124176414147308
  0
VERTEX
  5
E3C
  8
DEFAULT
 10
-533.6448679504693
 20
7.017832751361869
 30
-25.48756561200975
  0
VERTEX
  5
E3D
  8
DEFAULT
 10
-533.4596932482871
 20
7.708914148182637
 30
-25.48756561200975
 42
-0.1124176414147782
  0
VERTEX
  5
E3E
  8
DEFAULT
 10
-531.6226718898686
 20
7.783390255414115
 30
-25.48756561200975
  0
VERTEX
  5
E3F
  8
DEFAULT
 10
-531.2050573096537
 20
7.634651882461925
 30
-25.48756561200975
  0
VERTEX
  5
E40
  8
DEFAULT
 10
-530.7861522193948
 20
8.645978232712185
 30
-25.48756561200975
  0
VERTEX
  5
E41
  8
DEFAULT
 10
-531.1866242331242
 20
8.836102422167375
 30
-25.48756561200975
 42
-0.1124176414148229
  0
VERTEX
  5
E42
  8
DEFAULT
 10
-532.4329319323867
 20
10.18773524234938
 30
-25.48756561200975
  0
VERTEX
  5
E43
  8
DEFAULT
 10
-532.0752018779601
 20
10.80734187201051
 30
-25.48756561200975
 42
-0.1124176414147496
  0
VERTEX
  5
E44
  8
DEFAULT
 10
-530.2814996694625
 20
10.40382415360805
 30
-25.48756561200975
  0
VERTEX
  5
E45
  8
DEFAULT
 10
-529.9166112846557
 20
10.15206731094121
 30
-25.48756561200975
  0
VERTEX
  5
E46
  8
DEFAULT
 10
-529.2502295189518
 20
11.0205129360052
 30
-25.48756561200975
  0
VERTEX
  5
E47
  8
DEFAULT
 10
-529.5878480185534
 20
11.30780858498599
 30
-25.48756561200975
 42
-0.1124176414149415
  0
VERTEX
  5
E48
  8
DEFAULT
 10
-530.4418604969252
 20
12.93595380228675
 30
-25.48756561200975
  0
VERTEX
  5
E49
  8
DEFAULT
 10
-529.9359538022868
 20
13.44186049692524
 30
-25.48756561200975
 42
-0.1124176414147308
  0
VERTEX
  5
E4A
  8
DEFAULT
 10
-528.307808584986
 20
12.58784801855339
 30
-25.48756561200975
  0
VERTEX
  5
E4B
  8
DEFAULT
 10
-528.0205129360052
 20
12.25022951895179
 30
-25.48756561200975
  0
VERTEX
  5
E4C
  8
DEFAULT
 10
-527.1520673109412
 20
12.91661128465565
 30
-25.48756561200975
  0
VERTEX
  5
E4D
  8
DEFAULT
 10
-527.4038241536081
 20
13.28149966946251
 30
-25.48756561200975
 42
-0.1124176414147786
  0
VERTEX
  5
E4E
  8
DEFAULT
 10
-527.8073418720106
 20
15.07520187796017
 30
-25.48756561200975
  0
VERTEX
  5
E4F
  8
DEFAULT
 10
-527.1877352423494
 20
15.43293193238671
 30
-25.48756561200975
 42
-0.1124176414147235
  0
VERTEX
  5
E50
  8
DEFAULT
 10
-525.8361024221673
 20
14.18662423312421
 30
-25.48756561200975
  0
VERTEX
  5
E51
  8
DEFAULT
 10
-525.6459782327122
 20
13.78615221939473
 30
-25.48756561200975
  0
VERTEX
  5
E52
  8
DEFAULT
 10
-524.6346518824619
 20
14.20505730965368
 30
-25.48756561200975
  0
VERTEX
  5
E53
  8
DEFAULT
 10
-524.7833902554141
 20
14.62267188986858
 30
-25.48756561200975
 42
-0.1124176414148998
  0
VERTEX
  5
E54
  8
DEFAULT
 10
-524.7089141481827
 20
16.45969324828709
 30
-25.48756561200975
  0
VERTEX
  5
E55
  8
DEFAULT
 10
-524.0178327513619
 20
16.64486795046938
 30
-25.48756561200975
 42
-0.1124176414146305
  0
VERTEX
  5
E56
  8
DEFAULT
 10
-523.0348238713153
 20
15.09119884040009
 30
-25.48756561200975
  0
VERTEX
  5
E57
  8
DEFAULT
 10
-522.9548277907019
 20
14.65516481846713
 30
-25.48756561200975
  0
VERTEX
  5
E58
  8
DEFAULT
 10
-521.8695409347391
 20
14.7980455436534
 30
-25.48756561200975
  0
VERTEX
  5
E59
  8
DEFAULT
 10
-521.9051245636617
 20
15.23992657577542
 30
-25.48756561200975
 42
-0.1124176414146976
  0
VERTEX
  5
E5A
  8
DEFAULT
 10
-521.3577300544265
 20
16.99507711435988
 30
-25.48756561200975
  0
VERTEX
  5
E5B
  8
DEFAULT
 10
-520.6422699455735
 20
16.99507711435988
 30
-25.48756561200975
 42
-0.1124176414146931
  0
VERTEX
  5
E5C
  8
DEFAULT
 10
-520.0948754363383
 20
15.23992657577542
 30
-25.48756561200975
  0
VERTEX
  5
E5D
  8
DEFAULT
 10
-520.1304590652609
 20
14.7980455436534
 30
-25.48756561200975
  0
VERTEX
  5
E5E
  8
DEFAULT
 10
-519.0451722092981
 20
14.65516481846712
 30
-25.48756561200975
  0
VERTEX
  5
E5F
  8
DEFAULT
 10
-518.9651761286848
 20
15.09119884040009
 30
-25.48756561200975
 42
-0.1124176414148258
  0
VERTEX
  5
E60
  8
DEFAULT
 10
-517.9821672486381
 20
16.64486795046937
 30
-25.48756561200975
  0
VERTEX
  5
E61
  8
DEFAULT
 10
-517.2910858518173
 20
16.45969324828708
 30
-25.48756561200975
 42
-0.1124176414146525
  0
VERTEX
  5
E62
  8
DEFAULT
 10
-517.2166097445859
 20
14.62267188986858
 30
-25.48756561200975
  0
VERTEX
  5
E63
  8
DEFAULT
 10
-517.3653481175381
 20
14.20505730965367
 30
-25.48756561200975
  0
VERTEX
  5
E64
  8
DEFAULT
 10
-516.3540217672878
 20
13.78615221939473
 30
-25.48756561200975
  0
VERTEX
  5
E65
  8
DEFAULT
 10
-516.1638975778326
 20
14.1866242331242
 30
-25.48756561200975
 42
-0.1124176414147249
  0
VERTEX
  5
E66
  8
DEFAULT
 10
-514.8122647576506
 20
15.43293193238671
 30
-25.48756561200975
  0
VERTEX
  5
E67
  8
DEFAULT
 10
-514.1926581279895
 20
15.07520187796017
 30
-25.48756561200975
 42
-0.112417641414653
  0
VERTEX
  5
E68
  8
DEFAULT
 10
-514.5961758463919
 20
13.28149966946251
 30
-25.48756561200975
  0
VERTEX
  5
E69
  8
DEFAULT
 10
-514.8479326890588
 20
12.91661128465565
 30
-25.48756561200975
  0
VERTEX
  5
E6A
  8
DEFAULT
 10
-513.9794870639948
 20
12.25022951895179
 30
-25.48756561200975
  0
VERTEX
  5
E6B
  8
DEFAULT
 10
-513.692191415014
 20
12.58784801855339
 30
-25.48756561200975
 42
-0.1124176414147903
  0
VERTEX
  5
E6C
  8
DEFAULT
 10
-512.0640461977132
 20
13.4418604969252
 30
-25.48756561200975
  0
VERTEX
  5
E6D
  8
DEFAULT
 10
-511.5581395030748
 20
12.93595380228675
 30
-25.48756561200975
 42
-0.1124176414148224
  0
VERTEX
  5
E6E
  8
DEFAULT
 10
-512.4121519814466
 20
11.30780858498598
 30
-25.48756561200975
  0
VERTEX
  5
E6F
  8
DEFAULT
 10
-512.7497704810482
 20
11.02051293600519
 30
-25.48756561200975
  0
VERTEX
  5
E70
  8
DEFAULT
 10
-512.0833887153443
 20
10.15206731094121
 30
-25.48756561200975
  0
VERTEX
  5
E71
  8
DEFAULT
 10
-511.7185003305375
 20
10.40382415360804
 30
-25.48756561200975
 42
-0.1124176414147902
  0
VERTEX
  5
E72
  8
DEFAULT
 10
-509.9247981220399
 20
10.80734187201051
 30
-25.48756561200975
  0
VERTEX
  5
E73
  8
DEFAULT
 10
-509.5670680676133
 20
10.18773524234936
 30
-25.48756561200975
 42
-0.1124176414147365
  0
SEQEND
  5
E74
  8
DEFAULT
  0
POLYLINE
  5
E75
  8
DEFAULT
 66
     1
 10
0.0
 20
0.0
 30
-25.48756561200975
 70
     1
  0
VERTEX
  5
E76
  8
DEFAULT
 10
-523.6636036931037
 20
4.68389718970335
 30
-25.48756561200975
  0
VERTEX
  5
E77
  8
DEFAULT
 10
-523.9763441039435
 20
4.375999700692913
 30
-25.48756561200975
  0
VERTEX
  5
E78
  8
DEFAULT
 10
-523.75
 20
4.0
 30
-25.48756561200975
  0
VERTEX
  5
E79
  8
DEFAULT
 10
-523.9763441039435
 20
3.624000299307087
 30
-25.48756561200975
  0
VERTEX
  5
E7A
  8
DEFAULT
 10
-523.6636036931037
 20
3.316102810296648
 30
-25.48756561200975
  0
VERTEX
  5
E7B
  8
DEFAULT
 10
-523.7893294576647
 20
2.895626341945969
 30
-25.48756561200975
  0
VERTEX
  5
E7C
  8
DEFAULT
 10
-523.4098433701206
 20
2.675177396220279
 30
-25.48756561200975
  0
VERTEX
  5
E7D
  8
DEFAULT
 10
-523.4270509831249
 20
2.236644243122579
 30
-25.48756561200975
  0
VERTEX
  5
E7E
  8
DEFAULT
 10
-523.0046637254088
 20
2.117495458696109
 30
-25.48756561200975
  0
VERTEX
  5
E7F
  8
DEFAULT
 10
-522.912271969246
 20
1.688460271672629
 30
-25.48756561200975
  0
VERTEX
  5
E80
  8
DEFAULT
 10
-522.4735236861923
 20
1.678098204869459
 30
-25.48756561200975
  0
VERTEX
  5
E81
  8
DEFAULT
 10
-522.2773378746951
 20
1.285518842601939
 30
-25.48756561200975
  0
VERTEX
  5
E82
  8
DEFAULT
 10
-521.8497967345311
 20
1.384594580188329
 30
-25.48756561200975
  0
VERTEX
  5
E83
  8
DEFAULT
 10
-521.5621439437572
 20
1.053138247813939
 30
-25.48756561200975
  0
VERTEX
  5
E84
  8
DEFAULT
 10
-521.1726739287056
 20
1.255426496822249
 30
-25.48756561200975
  0
VERTEX
  5
E85
  8
DEFAULT
 10
-520.811628441412
 20
1.005919814715189
 30
-25.48756561200975
  0
VERTEX
  5
E86
  8
DEFAULT
 10
-520.4847013848893
 20
1.298710060496109
 30
-25.48756561200975
  0
VERTEX
  5
E87
  8
DEFAULT
 10
-520.0729490168751
 20
1.146830451114539
 30
-25.48756561200975
  0
VERTEX
  5
E88
  8
DEFAULT
 10
-519.8291069481961
 20
1.511725605718449
 30
-25.48756561200975
  0
VERTEX
  5
E89
  8
DEFAULT
 10
-519.3925196150631
 20
1.467016223493959
 30
-25.48756561200975
  0
VERTEX
  5
E8A
  8
DEFAULT
 10
-519.2470840281911
 20
1.881088582366579
 30
-25.48756561200975
  0
VERTEX
  5
E8B
  8
DEFAULT
 10
-518.8130941177358
 20
1.946358682213929
 30
-25.48756561200975
  0
VERTEX
  5
E8C
  8
DEFAULT
 10
-518.7752032654689
 20
2.383590556195699
 30
-25.48756561200975
  0
VERTEX
  5
E8D
  8
DEFAULT
 10
-518.3710799598684
 20
2.554738977694859
 30
-25.48756561200975
  0
VERTEX
  5
E8E
  8
DEFAULT
 10
-518.4431146638074
 20
2.987657480117139
 30
-25.48756561200975
  0
VERTEX
  5
E8F
  8
DEFAULT
 10
-518.0942505166141
 20
3.253930338505435
 30
-25.48756561200975
  0
VERTEX
  5
E90
  8
DEFAULT
 10
-518.2716845713852
 20
3.655333607698164
 30
-25.48756561200975
  0
VERTEX
  5
E91
  8
DEFAULT
 10
-518.0
 20
4.0
 30
-25.48756561200975
  0
VERTEX
  5
E92
  8
DEFAULT
 10
-518.2716845713852
 20
4.344666392301836
 30
-25.48756561200975
  0
VERTEX
  5
E93
  8
DEFAULT
 10
-518.0942505166141
 20
4.746069661494564
 30
-25.48756561200975
  0
VERTEX
  5
E94
  8
DEFAULT
 10
-518.4431146638074
 20
5.012342519882869
 30
-25.48756561200975
  0
VERTEX
  5
E95
  8
DEFAULT
 10
-518.3710799598684
 20
5.44526102230515
 30
-25.48756561200975
  0
VERTEX
  5
E96
  8
DEFAULT
 10
-518.7752032654689
 20
5.616409443804299
 30
-25.48756561200975
  0
VERTEX
  5
E97
  8
DEFAULT
 10
-518.8130941177358
 20
6.053641317786069
 30
-25.48756561200975
  0
VERTEX
  5
E98
  8
DEFAULT
 10
-519.2470840281911
 20
6.118911417633419
 30
-25.48756561200975
  0
VERTEX
  5
E99
  8
DEFAULT
 10
-519.3925196150631
 20
6.532983776506049
 30
-25.48756561200975
  0
VERTEX
  5
E9A
  8
DEFAULT
 10
-519.8291069481961
 20
6.488274394281549
 30
-25.48756561200975
  0
VERTEX
  5
E9B
  8
DEFAULT
 10
-520.0729490168751
 20
6.85316954888546
 30
-25.48756561200975
  0
VERTEX
  5
E9C
  8
DEFAULT
 10
-520.4847013848893
 20
6.701289939503889
 30
-25.48756561200975
  0
VERTEX
  5
E9D
  8
DEFAULT
 10
-520.811628441412
 20
6.99408018528481
 30
-25.48756561200975
  0
VERTEX
  5
E9E
  8
DEFAULT
 10
-521.1726739287056
 20
6.744573503177749
 30
-25.48756561200975
  0
VERTEX
  5
E9F
  8
DEFAULT
 10
-521.5621439437572
 20
6.946861752186059
 30
-25.48756561200975
  0
VERTEX
  5
EA0
  8
DEFAULT
 10
-521.8497967345311
 20
6.615405419811669
 30
-25.48756561200975
  0
VERTEX
  5
EA1
  8
DEFAULT
 10
-522.2773378746951
 20
6.714481157398059
 30
-25.48756561200975
  0
VERTEX
  5
EA2
  8
DEFAULT
 10
-522.4735236861923
 20
6.32190179513054
 30
-25.48756561200975
  0
VERTEX
  5
EA3
  8
DEFAULT
 10
-522.912271969246
 20
6.31153972832737
 30
-25.48756561200975
  0
VERTEX
  5
EA4
  8
DEFAULT
 10
-523.0046637254088
 20
5.88250454130389
 30
-25.48756561200975
  0
VERTEX
  5
EA5
  8
DEFAULT
 10
-523.4270509831249
 20
5.763355756877419
 30
-25.48756561200975
  0
VERTEX
  5
EA6
  8
DEFAULT
 10
-523.4098433701206
 20
5.32482260377972
 30
-25.48756561200975
  0
VERTEX
  5
EA7
  8
DEFAULT
 10
-523.7893294576647
 20
5.10437365805403
 30
-25.48756561200975
  0
SEQEND
  5
EA8
  8
DEFAULT
  0
POLYLINE
  5
EA9
  8
DEFAULT
 66
     1
 10
0.0
 20
0.0
 30
-25.48756561200975
 70
     1
  0
VERTEX
  5
EAA
  8
DEFAULT
 10
-522.0000000000005
 20
46.49999999999952
 30
-25.48756561200975
  0
VERTEX
  5
EAB
  8
DEFAULT
 10
-515.0000000000005
 20
46.4999999999997
 30
-25.48756561200975
  0
VERTEX
  5
EAC
  8
DEFAULT
 10
-515.0000000000005
 20
49.4999999999997
 30
-25.48756561200975
  0
VERTEX
  5
EAD
  8
DEFAULT
 10
-522.0000000000006
 20
49.49999999999952
 30
-25.48756561200975
  0
SEQEND
  5
EAE
  8
DEFAULT
  0
POLYLINE
  5
EAF
  8
DEFAULT
 66
     1
 10
0.0
 20
0.0
 30
-25.48756561200975
 70
     1
  0
VERTEX
  5
EB0
  8
DEFAULT
 10
-512.0000000000002
 20
46.49999999999979
 30
-25.48756561200975
  0
VERTEX
  5
EB1
  8
DEFAULT
 10
-512.0000000000002
 20
54.00000000000006
 30
-25.48756561200975
  0
VERTEX
  5
EB2
  8
DEFAULT
 10
-509.0000000000002
 20
54.00000000000006
 30
-25.48756561200975
  0
VERTEX
  5
EB3
  8
DEFAULT
 10
-509.0000000000002
 20
42.0
 30
-25.48756561200975
  0
VERTEX
  5
EB4
  8
DEFAULT
 10
-512.0000000000002
 20
42.0
 30
-25.48756561200975
  0
SEQEND
  5
EB5
  8
DEFAULT
  0
POLYLINE
  5
EB6
  8
DEFAULT
 66
     1
 10
0.0
 20
0.0
 30
-25.48756561200975
 70
     1
  0
VERTEX
  5
EB7
  8
DEFAULT
 10
-494.0000000000002
 20
49.50000000000003
 30
-25.48756561200975
  0
VERTEX
  5
EB8
  8
DEFAULT
 10
-494.0000000000002
 20
54.00000000000006
 30
-25.48756561200975
  0
VERTEX
  5
EB9
  8
DEFAULT
 10
-497.0000000000002
 20
54.00000000000006
 30
-25.48756561200975
  0
VERTEX
  5
EBA
  8
DEFAULT
 10
-497.0000000000002
 20
42.0
 30
-25.48756561200975
  0
VERTEX
  5
EBB
  8
DEFAULT
 10
-494.0000000000002
 20
42.0
 30
-25.48756561200975
  0
SEQEND
  5
EBC
  8
DEFAULT
  0
POLYLINE
  5
EBD
  8
DEFAULT
 66
     1
 10
0.0
 20
0.0
 30
-25.48756561200975
 70
     1
  0
VERTEX
  5
EBE
  8
DEFAULT
 10
-484.0
 20
46.50000000000003
 30
-25.48756561200975
  0
VERTEX
  5
EBF
  8
DEFAULT
 10
-491.0000000000001
 20
46.50000000000003
 30
-25.48756561200975
  0
VERTEX
  5
EC0
  8
DEFAULT
 10
-491.0000000000001
 20
49.50000000000003
 30
-25.48756561200975
  0
VERTEX
  5
EC1
  8
DEFAULT
 10
-484.0
 20
49.50000000000003
 30
-25.48756561200975
  0
SEQEND
  5
EC2
  8
DEFAULT
  0
POLYLINE
  5
EC3
  8
DEFAULT
 66
     1
 10
0.0
 20
0.0
 30
-25.48756561200975
 70
     1
  0
VERTEX
  5
EC4
  8
DEFAULT
 10
-504.9256061846255
 20
17.22718846413717
 30
-25.48756561200975
  0
VERTEX
  5
EC5
  8
DEFAULT
 10
-504.0999291221211
 20
17.18662555112942
 30
-25.48756561200975
 42
0.0548766701251844
  0
VERTEX
  5
EC6
  8
DEFAULT
 10
-503.3944549997193
 20
15.00235758037862
 30
-25.48756561200975
  0
VERTEX
  5
EC7
  8
DEFAULT
 10
-502.6055450002807
 20
15.00235758037862
 30
-25.48756561200975
 42
0.0548766701252493
  0
VERTEX
  5
EC8
  8
DEFAULT
 10
-501.900070877879
 20
17.18662555112942
 30
-25.48756561200975
  0
VERTEX
  5
EC9
  8
DEFAULT
 10
-501.0743938153746
 20
17.22718846413717
 30
-25.48756561200975
 42
0.0548766701252001
  0
VERTEX
  5
ECA
  8
DEFAULT
 10
-500.1582210434914
 20
15.12258689674102
 30
-25.48756561200975
  0
VERTEX
  5
ECB
  8
DEFAULT
 10
-499.3731098613312
 20
15.19991359886339
 30
-25.48756561200975
 42
0.0548766701252002
  0
VERTEX
  5
ECC
  8
DEFAULT
 10
-498.8851284898609
 20
17.44281227836819
 30
-25.48756561200975
  0
VERTEX
  5
ECD
  8
DEFAULT
 10
-498.0674031488295
 20
17.56411037436522
 30
-25.48756561200975
 42
0.0548766701252444
  0
VERTEX
  5
ECE
  8
DEFAULT
 10
-496.9493549720892
 20
15.55944367391
 30
-25.48756561200975
  0
VERTEX
  5
ECF
  8
DEFAULT
 10
-496.1756036570769
 20
15.71335237974223
 30
-25.48756561200975
 42
0.0548766701253135
  0
VERTEX
  5
ED0
  8
DEFAULT
 10
-495.9098145639031
 20
17.99328142762425
 30
-25.48756561200975
  0
VERTEX
  5
ED1
  8
DEFAULT
 10
-495.1079160863928
 20
18.19414653963783
 30
-25.48756561200975
 42
0.0548766701252228
  0
VERTEX
  5
ED2
  8
DEFAULT
 10
-493.7987599199247
 20
16.30872074231121
 30
-25.48756561200975
  0
VERTEX
  5
ED3
  8
DEFAULT
 10
-493.0438201201994
 20
16.53772922688107
 30
-25.48756561200975
 42
0.0548766701251911
  0
VERTEX
  5
ED4
  8
DEFAULT
 10
-493.0027829995846
 20
18.83273168007321
 30
-25.48756561200975
  0
VERTEX
  5
ED5
  8
DEFAULT
 10
-492.2244341062962
 20
19.11122936727062
 30
-25.48756561200975
 42
0.0548766701251366
  0
VERTEX
  5
ED6
  8
DEFAULT
 10
-490.7367778396408
 20
17.36320215417944
 30
-25.48756561200975
  0
VERTEX
  5
ED7
  8
DEFAULT
 10
-490.007920038166
 20
17.66510494059175
 30
-25.48756561200975
 42
0.0548766701251423
  0
VERTEX
  5
ED8
  8
DEFAULT
 10
-490.1920301000147
 20
19.95307867089382
 30
-25.48756561200975
  0
VERTEX
  5
ED9
  8
DEFAULT
 10
-489.4447267162794
 20
20.30652684830502
 30
-25.48756561200975
 42
0.0548766701251601
  0
VERTEX
  5
EDA
  8
DEFAULT
 10
-487.7928972925204
 20
18.71273267708021
 30
-25.48756561200975
  0
VERTEX
  5
EDB
  8
DEFAULT
 10
-487.0971407883584
 20
19.08462227646498
 30
-25.48756561200975
 42
0.0548766701253047
  0
VERTEX
  5
EDC
  8
DEFAULT
 10
-487.5046249521303
 20
21.34353284612051
 30
-25.48756561200975
  0
VERTEX
  5
EDD
  8
DEFAULT
 10
-486.795564018051
 20
21.76852761458258
 30
-25.48756561200975
 42
0.0548766701251776
  0
VERTEX
  5
EDE
  8
DEFAULT
 10
-484.9954694575209
 20
20.34431559434958
 30
-25.48756561200975
  0
VERTEX
  5
EDF
  8
DEFAULT
 10
-484.3395147661461
 20
20.78261050656918
 30
-25.48756561200975
 42
0.0548766701251672
  0
VERTEX
  5
EE0
  8
DEFAULT
 10
-484.9664487365905
 20
22.99070337194626
 30
-25.48756561200975
  0
VERTEX
  5
EE1
  8
DEFAULT
 10
-484.3024588965745
 20
23.48315179951317
 30
-25.48756561200975
 42
0.0548766701251058
  0
VERTEX
  5
EE2
  8
DEFAULT
 10
-482.3714350939229
 20
22.24223787058029
 30
-25.48756561200975
  0
VERTEX
  5
EE3
  8
DEFAULT
 10
-481.7615994175945
 20
22.74271707603369
 30
-25.48756561200975
 42
0.0548766701252836
  0
VERTEX
  5
EE4
  8
DEFAULT
 10
-482.6019454778592
 20
24.87872709577238
 30
-25.48756561200975
  0
VERTEX
  5
EE5
  8
DEFAULT
 10
-481.9894213170397
 20
25.43388663488696
 30
-25.48756561200975
 42
0.0548766701252034
  0
VERTEX
  5
EE6
  8
DEFAULT
 10
-479.9460650870913
 20
24.38822147674239
 30
-25.48756561200975
  0
VERTEX
  5
EE7
  8
DEFAULT
 10
-479.3882214767424
 20
24.94606508709131
 30
-25.48756561200975
 42
0.0548766701251988
  0
VERTEX
  5
EE8
  8
DEFAULT
 10
-480.4338866348869
 20
26.98942131703967
 30
-25.48756561200975
  0
VERTEX
  5
EE9
  8
DEFAULT
 10
-479.8787270957724
 20
27.60194547785916
 30
-25.48756561200975
 42
0.0548766701252119
  0
VERTEX
  5
EEA
  8
DEFAULT
 10
-477.7427170760337
 20
26.76159941759455
 30
-25.48756561200975
  0
VERTEX
  5
EEB
  8
DEFAULT
 10
-477.2422378705803
 20
27.37143509392298
 30
-25.48756561200975
 42
0.0548766701251789
  0
VERTEX
  5
EEC
  8
DEFAULT
 10
-478.4831517995132
 20
29.30245889657449
 30
-25.48756561200975
  0
VERTEX
  5
EED
  8
DEFAULT
 10
-477.9907033719463
 20
29.96644873659045
 30
-25.48756561200975
 42
0.0548766701251792
  0
VERTEX
  5
EEE
  8
DEFAULT
 10
-475.7826105065692
 20
29.33951476614603
 30
-25.48756561200975
  0
VERTEX
  5
EEF
  8
DEFAULT
 10
-475.3443155943496
 20
29.99546945752085
 30
-25.48756561200975
 42
0.0548766701251844
  0
VERTEX
  5
EF0
  8
DEFAULT
 10
-476.7685276145826
 20
31.79556401805098
 30
-25.48756561200975
  0
VERTEX
  5
EF1
  8
DEFAULT
 10
-476.3435328461205
 20
32.50462495213027
 30
-25.48756561200975
 42
0.054876670125204
  0
VERTEX
  5
EF2
  8
DEFAULT
 10
-474.084622276465
 20
32.09714078835837
 30
-25.48756561200975
  0
VERTEX
  5
EF3
  8
DEFAULT
 10
-473.7127326770802
 20
32.79289729252034
 30
-25.48756561200975
 42
0.0548766701252062
  0
VERTEX
  5
EF4
  8
DEFAULT
 10
-475.306526848305
 20
34.4447267162794
 30
-25.48756561200975
  0
VERTEX
  5
EF5
  8
DEFAULT
 10
-474.9530786708938
 20
35.1920301000147
 30
-25.48756561200975
 42
0.0548766701252017
  0
VERTEX
  5
EF6
  8
DEFAULT
 10
-472.6651049405917
 20
35.00792003816596
 30
-25.48756561200975
  0
VERTEX
  5
EF7
  8
DEFAULT
 10
-472.3632021541795
 20
35.7367778396408
 30
-25.48756561200975
 42
0.0548766701251989
  0
VERTEX
  5
EF8
  8
DEFAULT
 10
-474.1112293672707
 20
37.22443410629617
 30
-25.48756561200975
  0
VERTEX
  5
EF9
  8
DEFAULT
 10
-473.8327316800732
 20
38.00278299958454
 30
-25.48756561200975
 42
0.054876670125178
  0
VERTEX
  5
EFA
  8
DEFAULT
 10
-471.5377292268811
 20
38.0438201201994
 30
-25.48756561200975
  0
VERTEX
  5
EFB
  8
DEFAULT
 10
-471.3087207423112
 20
38.79875991992469
 30
-25.48756561200975
 42
0.0548766701251974
  0
VERTEX
  5
EFC
  8
DEFAULT
 10
-473.1941465396378
 20
40.10791608639285
 30
-25.48756561200975
  0
VERTEX
  5
EFD
  8
DEFAULT
 10
-472.9932814276243
 20
40.90981456390313
 30
-25.48756561200975
 42
0.0548766701252076
  0
VERTEX
  5
EFE
  8
DEFAULT
 10
-470.7133523797422
 20
41.17560365707683
 30
-25.48756561200975
  0
VERTEX
  5
EFF
  8
DEFAULT
 10
-470.55944367391
 20
41.94935497208915
 30
-25.48756561200975
 42
0.0548766701251753
  0
VERTEX
  5
F00
  8
DEFAULT
 10
-472.5641103743652
 20
43.06740314882945
 30
-25.48756561200975
  0
VERTEX
  5
F01
  8
DEFAULT
 10
-472.4428122783682
 20
43.88512848986092
 30
-25.48756561200975
 42
0.0548766701252003
  0
VERTEX
  5
F02
  8
DEFAULT
 10
-470.1999135988634
 20
44.37310986133117
 30
-25.48756561200975
  0
VERTEX
  5
F03
  8
DEFAULT
 10
-470.122586896741
 20
45.15822104349146
 30
-25.48756561200975
 42
0.0548766701251711
  0
VERTEX
  5
F04
  8
DEFAULT
 10
-472.2271884641372
 20
46.07439381537459
 30
-25.48756561200975
  0
VERTEX
  5
F05
  8
DEFAULT
 10
-472.1866255511294
 20
46.90007087787896
 30
-25.48756561200975
 42
0.0548766701252198
  0
VERTEX
  5
F06
  8
DEFAULT
 10
-470.0023575803786
 20
47.60554500028069
 30
-25.48756561200975
  0
VERTEX
  5
F07
  8
DEFAULT
 10
-470.0023575803787
 20
48.39445499971931
 30
-25.48756561200975
 42
0.054876670125216
  0
VERTEX
  5
F08
  8
DEFAULT
 10
-472.1866255511294
 20
49.09992912212103
 30
-25.48756561200975
  0
VERTEX
  5
F09
  8
DEFAULT
 10
-472.2271884641372
 20
49.92560618462542
 30
-25.48756561200975
 42
0.0548766701251811
  0
VERTEX
  5
F0A
  8
DEFAULT
 10
-470.122586896741
 20
50.84177895650853
 30
-25.48756561200975
  0
VERTEX
  5
F0B
  8
DEFAULT
 10
-470.1999135988634
 20
51.62689013866881
 30
-25.48756561200975
 42
0.0548766701251718
  0
VERTEX
  5
F0C
  8
DEFAULT
 10
-472.4428122783682
 20
52.11487151013906
 30
-25.48756561200975
  0
VERTEX
  5
F0D
  8
DEFAULT
 10
-472.5641103743652
 20
52.93259685117052
 30
-25.48756561200975
 42
0.0548766701251281
  0
VERTEX
  5
F0E
  8
DEFAULT
 10
-470.55944367391
 20
54.05064502791084
 30
-25.48756561200975
  0
VERTEX
  5
F0F
  8
DEFAULT
 10
-470.7133523797422
 20
54.82439634292315
 30
-25.48756561200975
 42
0.0548766701252071
  0
VERTEX
  5
F10
  8
DEFAULT
 10
-472.9932814276243
 20
55.09018543609686
 30
-25.48756561200975
  0
VERTEX
  5
F11
  8
DEFAULT
 10
-473.1941465396378
 20
55.89208391360715
 30
-25.48756561200975
 42
0.0548766701252322
  0
VERTEX
  5
F12
  8
DEFAULT
 10
-471.3087207423112
 20
57.20124008007529
 30
-25.48756561200975
  0
VERTEX
  5
F13
  8
DEFAULT
 10
-471.5377292268811
 20
57.95617987980059
 30
-25.48756561200975
 42
0.0548766701251923
  0
VERTEX
  5
F14
  8
DEFAULT
 10
-473.8327316800732
 20
57.99721700041543
 30
-25.48756561200975
  0
VERTEX
  5
F15
  8
DEFAULT
 10
-474.1112293672706
 20
58.7755658937038
 30
-25.48756561200975
 42
0.0548766701251711
  0
VERTEX
  5
F16
  8
DEFAULT
 10
-472.3632021541795
 20
60.26322216035919
 30
-25.48756561200975
  0
VERTEX
  5
F17
  8
DEFAULT
 10
-472.6651049405917
 20
60.99207996183402
 30
-25.48756561200975
 42
0.0548766701252053
  0
VERTEX
  5
F18
  8
DEFAULT
 10
-474.9530786708938
 20
60.80796989998529
 30
-25.48756561200975
  0
VERTEX
  5
F19
  8
DEFAULT
 10
-475.306526848305
 20
61.55527328372061
 30
-25.48756561200975
 42
0.0548766701252149
  0
VERTEX
  5
F1A
  8
DEFAULT
 10
-473.7127326770802
 20
63.20710270747966
 30
-25.48756561200975
  0
VERTEX
  5
F1B
  8
DEFAULT
 10
-474.084622276465
 20
63.90285921164161
 30
-25.48756561200975
 42
0.0548766701252038
  0
VERTEX
  5
F1C
  8
DEFAULT
 10
-476.3435328461205
 20
63.49537504786972
 30
-25.48756561200975
  0
VERTEX
  5
F1D
  8
DEFAULT
 10
-476.7685276145826
 20
64.20443598194902
 30
-25.48756561200975
 42
0.054876670125178
  0
VERTEX
  5
F1E
  8
DEFAULT
 10
-475.3443155943496
 20
66.00453054247913
 30
-25.48756561200975
  0
VERTEX
  5
F1F
  8
DEFAULT
 10
-475.7826105065692
 20
66.66048523385396
 30
-25.48756561200975
 42
0.0548766701251928
  0
VERTEX
  5
F20
  8
DEFAULT
 10
-477.9907033719463
 20
66.03355126340954
 30
-25.48756561200975
  0
VERTEX
  5
F21
  8
DEFAULT
 10
-478.4831517995132
 20
66.6975411034255
 30
-25.48756561200975
 42
0.0548766701251657
  0
VERTEX
  5
F22
  8
DEFAULT
 10
-477.2422378705804
 20
68.628564906077
 30
-25.48756561200975
  0
VERTEX
  5
F23
  8
DEFAULT
 10
-477.7427170760337
 20
69.23840058240546
 30
-25.48756561200975
 42
0.0548766701252043
  0
VERTEX
  5
F24
  8
DEFAULT
 10
-479.8787270957724
 20
68.39805452214082
 30
-25.48756561200975
  0
VERTEX
  5
F25
  8
DEFAULT
 10
-480.433886634887
 20
69.01057868296033
 30
-25.48756561200975
 42
0.054876670125208
  0
VERTEX
  5
F26
  8
DEFAULT
 10
-479.3882214767424
 20
71.05393491290869
 30
-25.48756561200975
  0
VERTEX
  5
F27
  8
DEFAULT
 10
-479.9460650870913
 20
71.61177852325761
 30
-25.48756561200975
 42
0.0548766701251913
  0
VERTEX
  5
F28
  8
DEFAULT
 10
-481.9894213170397
 20
70.56611336511303
 30
-25.48756561200975
  0
VERTEX
  5
F29
  8
DEFAULT
 10
-482.6019454778591
 20
71.12127290422761
 30
-25.48756561200975
 42
0.0548766701251632
  0
VERTEX
  5
F2A
  8
DEFAULT
 10
-481.7615994175945
 20
73.2572829239663
 30
-25.48756561200975
  0
VERTEX
  5
F2B
  8
DEFAULT
 10
-482.371435093923
 20
73.75776212941972
 30
-25.48756561200975
 42
0.0548766701252059
  0
VERTEX
  5
F2C
  8
DEFAULT
 10
-484.3024588965745
 20
72.51684820048683
 30
-25.48756561200975
  0
VERTEX
  5
F2D
  8
DEFAULT
 10
-484.9664487365905
 20
73.00929662805375
 30
-25.48756561200975
 42
0.0548766701250868
  0
VERTEX
  5
F2E
  8
DEFAULT
 10
-484.339514766146
 20
75.2173894934308
 30
-25.48756561200975
  0
VERTEX
  5
F2F
  8
DEFAULT
 10
-484.9954694575209
 20
75.65568440565042
 30
-25.48756561200975
 42
0.0548766701252071
  0
VERTEX
  5
F30
  8
DEFAULT
 10
-486.795564018051
 20
74.2314723854174
 30
-25.48756561200975
  0
VERTEX
  5
F31
  8
DEFAULT
 10
-487.5046249521303
 20
74.6564671538795
 30
-25.48756561200975
 42
0.0548766701253153
  0
VERTEX
  5
F32
  8
DEFAULT
 10
-487.0971407883584
 20
76.91537772353502
 30
-25.48756561200975
  0
VERTEX
  5
F33
  8
DEFAULT
 10
-487.7928972925204
 20
77.28726732291977
 30
-25.48756561200975
 42
0.0548766701252301
  0
VERTEX
  5
F34
  8
DEFAULT
 10
-489.4447267162794
 20
75.69347315169497
 30
-25.48756561200975
  0
VERTEX
  5
F35
  8
DEFAULT
 10
-490.1920301000147
 20
76.04692132910617
 30
-25.48756561200975
 42
0.0548766701251651
  0
VERTEX
  5
F36
  8
DEFAULT
 10
-490.0079200381659
 20
78.33489505940824
 30
-25.48756561200975
  0
VERTEX
  5
F37
  8
DEFAULT
 10
-490.7367778396408
 20
78.63679784582055
 30
-25.48756561200975
 42
0.0548766701251849
  0
VERTEX
  5
F38
  8
DEFAULT
 10
-492.2244341062961
 20
76.88877063272938
 30
-25.48756561200975
  0
VERTEX
  5
F39
  8
DEFAULT
 10
-493.0027829995846
 20
77.16726831992679
 30
-25.48756561200975
 42
0.0548766701251652
  0
VERTEX
  5
F3A
  8
DEFAULT
 10
-493.0438201201994
 20
79.46227077311893
 30
-25.48756561200975
  0
VERTEX
  5
F3B
  8
DEFAULT
 10
-493.7987599199247
 20
79.69127925768879
 30
-25.48756561200975
 42
0.0548766701251634
  0
VERTEX
  5
F3C
  8
DEFAULT
 10
-495.1079160863928
 20
77.80585346036216
 30
-25.48756561200975
  0
VERTEX
  5
F3D
  8
DEFAULT
 10
-495.9098145639031
 20
78.00671857237576
 30
-25.48756561200975
 42
0.0548766701252595
  0
VERTEX
  5
F3E
  8
DEFAULT
 10
-496.1756036570769
 20
80.28664762025775
 30
-25.48756561200975
  0
VERTEX
  5
F3F
  8
DEFAULT
 10
-496.9493549720892
 20
80.44055632608999
 30
-25.48756561200975
 42
0.0548766701252671
  0
VERTEX
  5
F40
  8
DEFAULT
 10
-498.0674031488295
 20
78.43588962563479
 30
-25.48756561200975
  0
VERTEX
  5
F41
  8
DEFAULT
 10
-498.8851284898609
 20
78.55718772163182
 30
-25.48756561200975
 42
0.0548766701251988
  0
VERTEX
  5
F42
  8
DEFAULT
 10
-499.3731098613312
 20
80.80008640113661
 30
-25.48756561200975
  0
VERTEX
  5
F43
  8
DEFAULT
 10
-500.1582210434914
 20
80.87741310325897
 30
-25.48756561200975
 42
0.054876670125205
  0
VERTEX
  5
F44
  8
DEFAULT
 10
-501.0743938153746
 20
78.77281153586283
 30
-25.48756561200975
  0
VERTEX
  5
F45
  8
DEFAULT
 10
-501.900070877879
 20
78.81337444887058
 30
-25.48756561200975
 42
0.0548766701252117
  0
VERTEX
  5
F46
  8
DEFAULT
 10
-502.6055450002807
 20
80.99764241962137
 30
-25.48756561200975
  0
VERTEX
  5
F47
  8
DEFAULT
 10
-503.3944549997193
 20
80.99764241962137
 30
-25.48756561200975
 42
0.0548766701251004
  0
VERTEX
  5
F48
  8
DEFAULT
 10
-504.099929122121
 20
78.81337444887058
 30
-25.48756561200975
  0
VERTEX
  5
F49
  8
DEFAULT
 10
-504.9256061846254
 20
78.77281153586283
 30
-25.48756561200975
 42
0.0548766701250918
  0
VERTEX
  5
F4A
  8
DEFAULT
 10
-505.8417789565086
 20
80.87741310325899
 30
-25.48756561200975
  0
VERTEX
  5
F4B
  8
DEFAULT
 10
-506.6268901386688
 20
80.80008640113661
 30
-25.48756561200975
 42
0.0548766701251521
  0
VERTEX
  5
F4C
  8
DEFAULT
 10
-507.1148715101391
 20
78.5571877216318
 30
-25.48756561200975
  0
VERTEX
  5
F4D
  8
DEFAULT
 10
-507.9325968511705
 20
78.43588962563479
 30
-25.48756561200975
 42
0.0548766701251288
  0
VERTEX
  5
F4E
  8
DEFAULT
 10
-509.0506450279108
 20
80.44055632608999
 30
-25.48756561200975
  0
VERTEX
  5
F4F
  8
DEFAULT
 10
-509.8243963429231
 20
80.28664762025778
 30
-25.48756561200975
 42
0.0548766701252854
  0
VERTEX
  5
F50
  8
DEFAULT
 10
-510.0901854360968
 20
78.00671857237575
 30
-25.48756561200975
  0
VERTEX
  5
F51
  8
DEFAULT
 10
-510.8920839136072
 20
77.80585346036217
 30
-25.48756561200975
 42
0.0548766701252243
  0
VERTEX
  5
F52
  8
DEFAULT
 10
-512.2012400800753
 20
79.69127925768879
 30
-25.48756561200975
  0
VERTEX
  5
F53
  8
DEFAULT
 10
-512.9561798798006
 20
79.46227077311893
 30
-25.48756561200975
 42
0.0548766701253407
  0
VERTEX
  5
F54
  8
DEFAULT
 10
-512.9972170004154
 20
77.16726831992679
 30
-25.48756561200975
  0
VERTEX
  5
F55
  8
DEFAULT
 10
-513.7755658937037
 20
76.88877063272938
 30
-25.48756561200975
 42
0.0548766701251963
  0
VERTEX
  5
F56
  8
DEFAULT
 10
-515.2632221603592
 20
78.63679784582057
 30
-25.48756561200975
  0
VERTEX
  5
F57
  8
DEFAULT
 10
-515.992079961834
 20
78.33489505940824
 30
-25.48756561200975
 42
0.0548766701251647
  0
VERTEX
  5
F58
  8
DEFAULT
 10
-515.8079698999853
 20
76.04692132910617
 30
-25.48756561200975
  0
VERTEX
  5
F59
  8
DEFAULT
 10
-516.5552732837206
 20
75.69347315169497
 30
-25.48756561200975
 42
0.0548766701251503
  0
VERTEX
  5
F5A
  8
DEFAULT
 10
-518.2071027074796
 20
77.28726732291977
 30
-25.48756561200975
  0
VERTEX
  5
F5B
  8
DEFAULT
 10
-518.9028592116416
 20
76.91537772353502
 30
-25.48756561200975
 42
0.0548766701251593
  0
VERTEX
  5
F5C
  8
DEFAULT
 10
-518.4953750478697
 20
74.6564671538795
 30
-25.48756561200975
  0
VERTEX
  5
F5D
  8
DEFAULT
 10
-519.204435981949
 20
74.23147238541742
 30
-25.48756561200975
 42
0.0548766701250961
  0
VERTEX
  5
F5E
  8
DEFAULT
 10
-521.0045305424792
 20
75.65568440565042
 30
-25.48756561200975
  0
VERTEX
  5
F5F
  8
DEFAULT
 10
-521.6604852338539
 20
75.2173894934308
 30
-25.48756561200975
 42
0.0548766701253495
  0
VERTEX
  5
F60
  8
DEFAULT
 10
-521.0335512634095
 20
73.00929662805373
 30
-25.48756561200975
  0
VERTEX
  5
F61
  8
DEFAULT
 10
-521.6975411034255
 20
72.51684820048683
 30
-25.48756561200975
 42
0.0548766701251623
  0
VERTEX
  5
F62
  8
DEFAULT
 10
-523.628564906077
 20
73.75776212941972
 30
-25.48756561200975
  0
VERTEX
  5
F63
  8
DEFAULT
 10
-524.2384005824055
 20
73.2572829239663
 30
-25.48756561200975
 42
0.0548766701252784
  0
VERTEX
  5
F64
  8
DEFAULT
 10
-523.3980545221408
 20
71.12127290422762
 30
-25.48756561200975
  0
VERTEX
  5
F65
  8
DEFAULT
 10
-524.0105786829604
 20
70.56611336511304
 30
-25.48756561200975
 42
0.0548766701252476
  0
VERTEX
  5
F66
  8
DEFAULT
 10
-526.0539349129087
 20
71.61177852325761
 30
-25.48756561200975
  0
VERTEX
  5
F67
  8
DEFAULT
 10
-526.6117785232576
 20
71.05393491290869
 30
-25.48756561200975
 42
0.0548766701253361
  0
VERTEX
  5
F68
  8
DEFAULT
 10
-525.5661133651131
 20
69.01057868296033
 30
-25.48756561200975
  0
VERTEX
  5
F69
  8
DEFAULT
 10
-526.1212729042277
 20
68.39805452214084
 30
-25.48756561200975
 42
0.054876670125196
  0
VERTEX
  5
F6A
  8
DEFAULT
 10
-528.2572829239663
 20
69.23840058240546
 30
-25.48756561200975
  0
VERTEX
  5
F6B
  8
DEFAULT
 10
-528.7577621294197
 20
68.628564906077
 30
-25.48756561200975
 42
0.0548766701252819
  0
VERTEX
  5
F6C
  8
DEFAULT
 10
-527.5168482004868
 20
66.6975411034255
 30
-25.48756561200975
  0
VERTEX
  5
F6D
  8
DEFAULT
 10
-528.0092966280538
 20
66.03355126340955
 30
-25.48756561200975
 42
0.0548766701252214
  0
VERTEX
  5
F6E
  8
DEFAULT
 10
-530.2173894934308
 20
66.66048523385398
 30
-25.48756561200975
  0
VERTEX
  5
F6F
  8
DEFAULT
 10
-530.6556844056504
 20
66.00453054247915
 30
-25.48756561200975
 42
0.0548766701252133
  0
VERTEX
  5
F70
  8
DEFAULT
 10
-529.2314723854174
 20
64.20443598194903
 30
-25.48756561200975
  0
VERTEX
  5
F71
  8
DEFAULT
 10
-529.6564671538795
 20
63.49537504786974
 30
-25.48756561200975
 42
0.0548766701251963
  0
VERTEX
  5
F72
  8
DEFAULT
 10
-531.915377723535
 20
63.90285921164164
 30
-25.48756561200975
  0
VERTEX
  5
F73
  8
DEFAULT
 10
-532.2872673229198
 20
63.20710270747966
 30
-25.48756561200975
 42
0.0548766701252696
  0
VERTEX
  5
F74
  8
DEFAULT
 10
-530.693473151695
 20
61.5552732837206
 30
-25.48756561200975
  0
VERTEX
  5
F75
  8
DEFAULT
 10
-531.0469213291062
 20
60.8079698999853
 30
-25.48756561200975
 42
0.0548766701252048
  0
VERTEX
  5
F76
  8
DEFAULT
 10
-533.3348950594083
 20
60.99207996183398
 30
-25.48756561200975
  0
VERTEX
  5
F77
  8
DEFAULT
 10
-533.6367978458205
 20
60.26322216035918
 30
-25.48756561200975
 42
0.0548766701251487
  0
VERTEX
  5
F78
  8
DEFAULT
 10
-531.8887706327293
 20
58.77556589370382
 30
-25.48756561200975
  0
VERTEX
  5
F79
  8
DEFAULT
 10
-532.1672683199267
 20
57.99721700041545
 30
-25.48756561200975
 42
0.0548766701251926
  0
VERTEX
  5
F7A
  8
DEFAULT
 10
-534.4622707731189
 20
57.95617987980059
 30
-25.48756561200975
  0
VERTEX
  5
F7B
  8
DEFAULT
 10
-534.6912792576888
 20
57.20124008007531
 30
-25.48756561200975
 42
0.0548766701252906
  0
VERTEX
  5
F7C
  8
DEFAULT
 10
-532.8058534603622
 20
55.89208391360713
 30
-25.48756561200975
  0
VERTEX
  5
F7D
  8
DEFAULT
 10
-533.0067185723758
 20
55.09018543609686
 30
-25.48756561200975
 42
0.054876670125249
  0
VERTEX
  5
F7E
  8
DEFAULT
 10
-535.2866476202578
 20
54.82439634292314
 30
-25.48756561200975
  0
VERTEX
  5
F7F
  8
DEFAULT
 10
-535.44055632609
 20
54.05064502791083
 30
-25.48756561200975
 42
0.054876670125209
  0
VERTEX
  5
F80
  8
DEFAULT
 10
-533.4358896256348
 20
52.93259685117054
 30
-25.48756561200975
  0
VERTEX
  5
F81
  8
DEFAULT
 10
-533.5571877216319
 20
52.11487151013907
 30
-25.48756561200975
 42
0.0548766701252518
  0
VERTEX
  5
F82
  8
DEFAULT
 10
-535.8000864011366
 20
51.62689013866885
 30
-25.48756561200975
  0
VERTEX
  5
F83
  8
DEFAULT
 10
-535.877413103259
 20
50.84177895650855
 30
-25.48756561200975
 42
0.0548766701252203
  0
VERTEX
  5
F84
  8
DEFAULT
 10
-533.7728115358628
 20
49.92560618462542
 30
-25.48756561200975
  0
VERTEX
  5
F85
  8
DEFAULT
 10
-533.8133744488706
 20
49.09992912212105
 30
-25.48756561200975
 42
0.054876670125286
  0
VERTEX
  5
F86
  8
DEFAULT
 10
-535.9976424196213
 20
48.39445499971929
 30
-25.48756561200975
  0
VERTEX
  5
F87
  8
DEFAULT
 10
-535.9976424196213
 20
47.60554500028069
 30
-25.48756561200975
 42
0.0548766701252627
  0
VERTEX
  5
F88
  8
DEFAULT
 10
-533.8133744488706
 20
46.90007087787897
 30
-25.48756561200975
  0
VERTEX
  5
F89
  8
DEFAULT
 10
-533.7728115358628
 20
46.07439381537458
 30
-25.48756561200975
 42
0.0548766701251629
  0
VERTEX
  5
F8A
  8
DEFAULT
 10
-535.877413103259
 20
45.15822104349144
 30
-25.48756561200975
  0
VERTEX
  5
F8B
  8
DEFAULT
 10
-535.8000864011366
 20
44.37310986133117
 30
-25.48756561200975
 42
0.0548766701252239
  0
VERTEX
  5
F8C
  8
DEFAULT
 10
-533.5571877216319
 20
43.8851284898609
 30
-25.48756561200975
  0
VERTEX
  5
F8D
  8
DEFAULT
 10
-533.4358896256348
 20
43.06740314882947
 30
-25.48756561200975
 42
0.0548766701253433
  0
VERTEX
  5
F8E
  8
DEFAULT
 10
-535.44055632609
 20
41.94935497208915
 30
-25.48756561200975
  0
VERTEX
  5
F8F
  8
DEFAULT
 10
-535.2866476202578
 20
41.17560365707685
 30
-25.48756561200975
 42
0.0548766701252121
  0
VERTEX
  5
F90
  8
DEFAULT
 10
-533.0067185723758
 20
40.90981456390313
 30
-25.48756561200975
  0
VERTEX
  5
F91
  8
DEFAULT
 10
-532.8058534603622
 20
40.10791608639285
 30
-25.48756561200975
 42
0.0548766701252316
  0
VERTEX
  5
F92
  8
DEFAULT
 10
-534.6912792576888
 20
38.79875991992469
 30
-25.48756561200975
  0
VERTEX
  5
F93
  8
DEFAULT
 10
-534.4622707731189
 20
38.04382012019941
 30
-25.48756561200975
 42
0.0548766701252062
  0
VERTEX
  5
F94
  8
DEFAULT
 10
-532.1672683199267
 20
38.00278299958456
 30
-25.48756561200975
  0
VERTEX
  5
F95
  8
DEFAULT
 10
-531.8887706327293
 20
37.22443410629619
 30
-25.48756561200975
 42
0.0548766701251423
  0
VERTEX
  5
F96
  8
DEFAULT
 10
-533.6367978458205
 20
35.73677783964083
 30
-25.48756561200975
  0
VERTEX
  5
F97
  8
DEFAULT
 10
-533.3348950594083
 20
35.00792003816599
 30
-25.48756561200975
 42
0.0548766701252231
  0
VERTEX
  5
F98
  8
DEFAULT
 10
-531.0469213291062
 20
35.19203010001473
 30
-25.48756561200975
  0
VERTEX
  5
F99
  8
DEFAULT
 10
-530.693473151695
 20
34.4447267162794
 30
-25.48756561200975
 42
0.0548766701251132
  0
VERTEX
  5
F9A
  8
DEFAULT
 10
-532.2872673229198
 20
32.79289729252036
 30
-25.48756561200975
  0
VERTEX
  5
F9B
  8
DEFAULT
 10
-531.915377723535
 20
32.09714078835838
 30
-25.48756561200975
 42
0.054876670125228
  0
VERTEX
  5
F9C
  8
DEFAULT
 10
-529.6564671538795
 20
32.50462495213026
 30
-25.48756561200975
  0
VERTEX
  5
F9D
  8
DEFAULT
 10
-529.2314723854174
 20
31.79556401805098
 30
-25.48756561200975
 42
0.0548766701251565
  0
VERTEX
  5
F9E
  8
DEFAULT
 10
-530.6556844056504
 20
29.99546945752087
 30
-25.48756561200975
  0
VERTEX
  5
F9F
  8
DEFAULT
 10
-530.2173894934308
 20
29.33951476614603
 30
-25.48756561200975
 42
0.0548766701252257
  0
VERTEX
  5
FA0
  8
DEFAULT
 10
-528.0092966280538
 20
29.96644873659048
 30
-25.48756561200975
  0
VERTEX
  5
FA1
  8
DEFAULT
 10
-527.5168482004868
 20
29.30245889657451
 30
-25.48756561200975
 42
0.0548766701250669
  0
VERTEX
  5
FA2
  8
DEFAULT
 10
-528.7577621294197
 20
27.371435093923
 30
-25.48756561200975
  0
VERTEX
  5
FA3
  8
DEFAULT
 10
-528.2572829239663
 20
26.76159941759456
 30
-25.48756561200975
 42
0.0548766701252472
  0
VERTEX
  5
FA4
  8
DEFAULT
 10
-526.1212729042277
 20
27.60194547785915
 30
-25.48756561200975
  0
VERTEX
  5
FA5
  8
DEFAULT
 10
-525.5661133651131
 20
26.98942131703967
 30
-25.48756561200975
 42
0.0548766701251022
  0
VERTEX
  5
FA6
  8
DEFAULT
 10
-526.6117785232576
 20
24.94606508709131
 30
-25.48756561200975
  0
VERTEX
  5
FA7
  8
DEFAULT
 10
-526.0539349129087
 20
24.38822147674239
 30
-25.48756561200975
 42
0.0548766701252393
  0
VERTEX
  5
FA8
  8
DEFAULT
 10
-524.0105786829604
 20
25.43388663488697
 30
-25.48756561200975
  0
VERTEX
  5
FA9
  8
DEFAULT
 10
-523.3980545221408
 20
24.87872709577238
 30
-25.48756561200975
 42
0.0548766701251071
  0
VERTEX
  5
FAA
  8
DEFAULT
 10
-524.2384005824055
 20
22.7427170760337
 30
-25.48756561200975
  0
VERTEX
  5
FAB
  8
DEFAULT
 10
-523.628564906077
 20
22.2422378705803
 30
-25.48756561200975
 42
0.0548766701252473
  0
VERTEX
  5
FAC
  8
DEFAULT
 10
-521.6975411034255
 20
23.48315179951318
 30
-25.48756561200975
  0
VERTEX
  5
FAD
  8
DEFAULT
 10
-521.0335512634095
 20
22.99070337194626
 30
-25.48756561200975
 42
0.054876670125079
  0
VERTEX
  5
FAE
  8
DEFAULT
 10
-521.6604852338539
 20
20.78261050656919
 30
-25.48756561200975
  0
VERTEX
  5
FAF
  8
DEFAULT
 10
-521.0045305424792
 20
20.34431559434958
 30
-25.48756561200975
 42
0.0548766701252464
  0
VERTEX
  5
FB0
  8
DEFAULT
 10
-519.204435981949
 20
21.7685276145826
 30
-25.48756561200975
  0
VERTEX
  5
FB1
  8
DEFAULT
 10
-518.4953750478697
 20
21.3435328461205
 30
-25.48756561200975
 42
0.0548766701251572
  0
VERTEX
  5
FB2
  8
DEFAULT
 10
-518.9028592116416
 20
19.08462227646498
 30
-25.48756561200975
  0
VERTEX
  5
FB3
  8
DEFAULT
 10
-518.2071027074796
 20
18.71273267708022
 30
-25.48756561200975
 42
0.0548766701252589
  0
VERTEX
  5
FB4
  8
DEFAULT
 10
-516.5552732837206
 20
20.30652684830502
 30
-25.48756561200975
  0
VERTEX
  5
FB5
  8
DEFAULT
 10
-515.8079698999853
 20
19.95307867089382
 30
-25.48756561200975
 42
0.0548766701250658
  0
VERTEX
  5
FB6
  8
DEFAULT
 10
-515.992079961834
 20
17.66510494059175
 30
-25.48756561200975
  0
VERTEX
  5
FB7
  8
DEFAULT
 10
-515.2632221603592
 20
17.36320215417944
 30
-25.48756561200975
 42
0.0548766701251235
  0
VERTEX
  5
FB8
  8
DEFAULT
 10
-513.7755658937037
 20
19.11122936727062
 30
-25.48756561200975
  0
VERTEX
  5
FB9
  8
DEFAULT
 10
-512.9972170004155
 20
18.83273168007321
 30
-25.48756561200975
 42
0.054876670125093
  0
VERTEX
  5
FBA
  8
DEFAULT
 10
-512.9561798798006
 20
16.53772922688107
 30
-25.48756561200975
  0
VERTEX
  5
FBB
  8
DEFAULT
 10
-512.2012400800753
 20
16.30872074231122
 30
-25.48756561200975
 42
0.0548766701252584
  0
VERTEX
  5
FBC
  8
DEFAULT
 10
-510.8920839136072
 20
18.19414653963783
 30
-25.48756561200975
  0
VERTEX
  5
FBD
  8
DEFAULT
 10
-510.0901854360968
 20
17.99328142762424
 30
-25.48756561200975
 42
0.0548766701251364
  0
VERTEX
  5
FBE
  8
DEFAULT
 10
-509.8243963429231
 20
15.71335237974223
 30
-25.48756561200975
  0
VERTEX
  5
FBF
  8
DEFAULT
 10
-509.0506450279108
 20
15.55944367391
 30
-25.48756561200975
 42
0.0548766701252353
  0
VERTEX
  5
FC0
  8
DEFAULT
 10
-507.9325968511705
 20
17.56411037436522
 30
-25.48756561200975
  0
VERTEX
  5
FC1
  8
DEFAULT
 10
-507.1148715101391
 20
17.44281227836818
 30
-25.48756561200975
 42
0.054876670125154
  0
VERTEX
  5
FC2
  8
DEFAULT
 10
-506.6268901386688
 20
15.19991359886339
 30
-25.48756561200975
  0
VERTEX
  5
FC3
  8
DEFAULT
 10
-505.8417789565086
 20
15.12258689674103
 30
-25.48756561200975
 42
0.0548766701253299
  0
SEQEND
  5
FC4
  8
DEFAULT
  0
CIRCLE
  5
FC5
  8
DEFAULT
 10
503.0000000000002
 20
48.00000000000006
 30
25.48756561200975
 40
1.5
210
0.0
220
0.0
230
-1.0
  0
POLYLINE
  5
FC6
  8
DEFAULT
 66
     1
 10
0.0
 20
0.0
 30
-25.48756561200975
 70
     1
  0
VERTEX
  5
FC7
  8
DEFAULT
 10
-402.3231484306752
 20
8.759977412468373
 30
-25.48756561200975
  0
VERTEX
  5
FC8
  8
DEFAULT
 10
-402.3231484306752
 20
11.75997741246837
 30
-25.48756561200975
  0
VERTEX
  5
FC9
  8
DEFAULT
 10
-387.5092001124399
 20
11.75997741246837
 30
-25.48756561200975
  0
VERTEX
  5
FCA
  8
DEFAULT
 10
-387.5092001124399
 20
8.759977412468388
 30
-25.48756561200975
  0
SEQEND
  5
FCB
  8
DEFAULT
  0
POLYLINE
  5
FCC
  8
DEFAULT
 66
     1
 10
0.0
 20
0.0
 30
-25.48756561200975
 70
     1
  0
VERTEX
  5
FCD
  8
DEFAULT
 10
-415.2935047149659
 20
2.759977412468373
 30
-25.48756561200975
  0
VERTEX
  5
FCE
  8
DEFAULT
 10
-418.2935047149659
 20
2.759977412468388
 30
-25.48756561200975
  0
VERTEX
  5
FCF
  8
DEFAULT
 10
-418.2935047149659
 20
10.00531471995648
 30
-25.48756561200975
  0
VERTEX
  5
FD0
  8
DEFAULT
 10
-415.2935047149659
 20
10.00531471995648
 30
-25.48756561200975
  0
SEQEND
  5
FD1
  8
DEFAULT
  0
POLYLINE
  5
FD2
  8
DEFAULT
 66
     1
 10
0.0
 20
0.0
 30
-25.48756561200975
 70
     1
  0
VERTEX
  5
FD3
  8
DEFAULT
 10
-382.9435616216931
 20
5.99990142186482
 30
-25.48756561200975
  0
VERTEX
  5
FD4
  8
DEFAULT
 10
-406.1197235846974
 20
5.999901421864834
 30
-25.48756561200975
  0
VERTEX
  5
FD5
  8
DEFAULT
 10
-406.1197235846974
 20
-6.000097624460864
 30
-25.48756561200975
  0
VERTEX
  5
FD6
  8
DEFAULT
 10
-382.9435616216931
 20
-6.000097624460864
 30
-25.48756561200975
  0
SEQEND
  5
FD7
  8
DEFAULT
  0
POLYLINE
  5
FD8
  8
DEFAULT
 66
     1
 10
0.0
 20
0.0
 30
-25.48756561200975
 70
     1
  0
VERTEX
  5
FD9
  8
DEFAULT
 10
-380.5138662865388
 20
1.498403345711424
 30
-25.48756561200975
 42
1.000000000000019
  0
VERTEX
  5
FDA
  8
DEFAULT
 10
-380.5138662865388
 20
-1.498403345711424
 30
-25.48756561200975
  0
VERTEX
  5
FDB
  8
DEFAULT
 10
-379.2711969645025
 20
-1.498403345711438
 30
-25.48756561200975
 42
1.000000000000038
  0
VERTEX
  5
FDC
  8
DEFAULT
 10
-379.2711969645025
 20
1.498403345711438
 30
-25.48756561200975
  0
SEQEND
  5
FDD
  8
DEFAULT
  0
POLYLINE
  5
FDE
  8
DEFAULT
 66
     1
 10
0.0
 20
0.0
 30
-25.48756561200975
 70
     1
  0
VERTEX
  5
FDF
  8
DEFAULT
 10
-410.546272528589
 20
1.498403345711424
 30
-25.48756561200975
 42
1.000000000000019
  0
VERTEX
  5
FE0
  8
DEFAULT
 10
-410.546272528589
 20
-1.498403345711424
 30
-25.48756561200975
  0
VERTEX
  5
FE1
  8
DEFAULT
 10
-409.2564411078106
 20
-1.498403345711438
 30
-25.48756561200975
 42
0.999999999999981
  0
VERTEX
  5
FE2
  8
DEFAULT
 10
-409.2564411078106
 20
1.498403345711438
 30
-25.48756561200975
  0
SEQEND
  5
FE3
  8
DEFAULT
  0
POLYLINE
  5
FE4
  8
DEFAULT
 66
     1
 10
0.0
 20
0.0
 30
-25.48756561200975
 70
     1
  0
VERTEX
  5
FE5
  8
DEFAULT
 10
-365.4045118181954
 20
0.159308012416095
 30
-25.48756561200975
  0
VERTEX
  5
FE6
  8
DEFAULT
 10
-364.4066061862559
 20
2.096609523834175
 30
-25.48756561200975
  0
VERTEX
  5
FE7
  8
DEFAULT
 10
-363.6646776321732
 20
3.54901347493195
 30
-25.48756561200975
  0
VERTEX
  5
FE8
  8
DEFAULT
 10
-362.9747007756156
 20
4.969738967103687
 30
-25.48756561200975
  0
VERTEX
  5
FE9
  8
DEFAULT
 10
-362.6636962000365
 20
5.659379462845732
 30
-25.48756561200975
  0
VERTEX
  5
FEA
  8
DEFAULT
 10
-362.3822063177847
 20
6.331022856571508
 30
-25.48756561200975
  0
VERTEX
  5
FEB
  8
DEFAULT
 10
-362.2539830035442
 20
6.659209271780939
 30
-25.48756561200975
  0
VERTEX
  5
FEC
  8
DEFAULT
 10
-362.1348279785004
 20
6.981866138572672
 30
-25.48756561200975
  0
VERTEX
  5
FED
  8
DEFAULT
 10
-362.0252474433578
 20
7.298684792187156
 30
-25.48756561200975
  0
VERTEX
  5
FEE
  8
DEFAULT
 10
-361.9257202366205
 20
7.609373252446439
 30
-25.48756561200975
  0
VERTEX
  5
FEF
  8
DEFAULT
 10
-361.8366978345925
 20
7.913656223754163
 30
-25.48756561200975
  0
VERTEX
  5
FF0
  8
DEFAULT
 10
-361.7586043513777
 20
8.211275095095575
 30
-25.48756561200975
  0
VERTEX
  5
FF1
  8
DEFAULT
 10
-361.6918365388794
 20
8.501987940037512
 30
-25.48756561200975
  0
VERTEX
  5
FF2
  8
DEFAULT
 10
-361.6628162622673
 20
8.644683562788595
 30
-25.48756561200975
  0
VERTEX
  5
FF3
  8
DEFAULT
 10
-361.636763786801
 20
8.785569516728412
 30
-25.48756561200975
  0
VERTEX
  5
FF4
  8
DEFAULT
 10
-361.6137210108499
 20
8.92462025359139
 30
-25.48756561200975
  0
VERTEX
  5
FF5
  8
DEFAULT
 10
-361.5937281226454
 20
9.061811267898307
 30
-25.48756561200975
  0
VERTEX
  5
FF6
  8
DEFAULT
 10
-361.5768236002818
 20
9.197119096956296
 30
-25.48756561200975
  0
VERTEX
  5
FF7
  8
DEFAULT
 10
-361.5630442117156
 20
9.330521320858828
 30
-25.48756561200975
  0
VERTEX
  5
FF8
  8
DEFAULT
 10
-361.5524250147658
 20
9.46199656248574
 30
-25.48756561200975
  0
VERTEX
  5
FF9
  8
DEFAULT
 10
-361.544999357114
 20
9.591524487503207
 30
-25.48756561200975
  0
VERTEX
  5
FFA
  8
DEFAULT
 10
-361.5407988763041
 20
9.719085804363758
 30
-25.48756561200975
  0
VERTEX
  5
FFB
  8
DEFAULT
 10
-361.5398534997427
 20
9.844662264306265
 30
-25.48756561200975
  0
VERTEX
  5
FFC
  8
DEFAULT
 10
-361.5421914446989
 20
9.968236661355963
 30
-25.48756561200975
  0
VERTEX
  5
FFD
  8
DEFAULT
 10
-361.547839218304
 20
10.08979283232443
 30
-25.48756561200975
  0
VERTEX
  5
FFE
  8
DEFAULT
 10
-361.5568216175521
 20
10.20931565680959
 30
-25.48756561200975
  0
VERTEX
  5
FFF
  8
DEFAULT
 10
-361.5691617292996
 20
10.32679105719572
 30
-25.48756561200975
  0
VERTEX
  5
1000
  8
DEFAULT
 10
-361.5848809302655
 20
10.44220599865344
 30
-25.48756561200975
  0
VERTEX
  5
1001
  8
DEFAULT
 10
-361.6039988870312
 20
10.55554848913975
 30
-25.48756561200975
  0
VERTEX
  5
1002
  8
DEFAULT
 10
-361.6265335560406
 20
10.66680757939795
 30
-25.48756561200975
  0
VERTEX
  5
1003
  8
DEFAULT
 10
-361.6525011836
 20
10.77597336295774
 30
-25.48756561200975
  0
VERTEX
  5
1004
  8
DEFAULT
 10
-361.6667769661909
 20
10.82976845409064
 30
-25.48756561200975
  0
VERTEX
  5
1005
  8
DEFAULT
 10
-361.6819163058784
 20
10.88303697613512
 30
-25.48756561200975
  0
VERTEX
  5
1006
  8
DEFAULT
 10
-361.6979207524743
 20
10.93577798406607
 30
-25.48756561200975
  0
VERTEX
  5
1007
  8
DEFAULT
 10
-361.7147917489071
 20
10.98799059803249
 30
-25.48756561200975
  0
VERTEX
  5
1008
  8
DEFAULT
 10
-361.7325306312219
 20
11.03967400335756
 30
-25.48756561200975
  0
VERTEX
  5
1009
  8
DEFAULT
 10
-361.7511386285801
 20
11.09082745053857
 30
-25.48756561200975
  0
VERTEX
  5
100A
  8
DEFAULT
 10
-361.7706168632592
 20
11.141450255247
 30
-25.48756561200975
  0
VERTEX
  5
100B
  8
DEFAULT
 10
-361.7909663506534
 20
11.19154179832843
 30
-25.48756561200975
  0
VERTEX
  5
100C
  8
DEFAULT
 10
-361.8121879992735
 20
11.24110152580263
 30
-25.48756561200975
  0
VERTEX
  5
100D
  8
DEFAULT
 10
-361.8342826107462
 20
11.2901289488635
 30
-25.48756561200975
  0
VERTEX
  5
100E
  8
DEFAULT
 10
-361.8572508798149
 20
11.33862364387908
 30
-25.48756561200975
  0
VERTEX
  5
100F
  8
DEFAULT
 10
-361.8810933943394
 20
11.38658525239155
 30
-25.48756561200975
  0
VERTEX
  5
1010
  8
DEFAULT
 10
-361.905810635296
 20
11.43401348111727
 30
-25.48756561200975
  0
VERTEX
  5
1011
  8
DEFAULT
 10
-361.9314029767771
 20
11.48090810194672
 30
-25.48756561200975
  0
VERTEX
  5
1012
  8
DEFAULT
 10
-361.9578706859919
 20
11.52726895194452
 30
-25.48756561200975
  0
VERTEX
  5
1013
  8
DEFAULT
 10
-361.9852139232656
 20
11.57309593334947
 30
-25.48756561200975
  0
VERTEX
  5
1014
  8
DEFAULT
 10
-362.01343274204
 20
11.61838901357448
 30
-25.48756561200975
  0
VERTEX
  5
1015
  8
DEFAULT
 10
-362.0425270888734
 20
11.66314822520663
 30
-25.48756561200975
  0
VERTEX
  5
1016
  8
DEFAULT
 10
-362.0724968034404
 20
11.70737366600714
 30
-25.48756561200975
  0
VERTEX
  5
1017
  8
DEFAULT
 10
-362.103341618532
 20
11.75106549891137
 30
-25.48756561200975
  0
VERTEX
  5
1018
  8
DEFAULT
 10
-362.1350611600556
 20
11.79422395202885
 30
-25.48756561200975
  0
VERTEX
  5
1019
  8
DEFAULT
 10
-362.167654947035
 20
11.83684931864323
 30
-25.48756561200975
  0
VERTEX
  5
101A
  8
DEFAULT
 10
-362.2011223916104
 20
11.87894195721232
 30
-25.48756561200975
  0
VERTEX
  5
101B
  8
DEFAULT
 10
-362.2354627990385
 20
11.92050229136807
 30
-25.48756561200975
  0
VERTEX
  5
101C
  8
DEFAULT
 10
-362.2706753676924
 20
11.96153080991659
 30
-25.48756561200975
  0
VERTEX
  5
101D
  8
DEFAULT
 10
-362.3067591890615
 20
12.00202806683812
 30
-25.48756561200975
  0
VERTEX
  5
101E
  8
DEFAULT
 10
-362.3437132477515
 20
12.04199468128706
 30
-25.48756561200975
  0
VERTEX
  5
101F
  8
DEFAULT
 10
-362.3815364214848
 20
12.08143133759195
 30
-25.48756561200975
  0
VERTEX
  5
1020
  8
DEFAULT
 10
-362.4202274811001
 20
12.12033878525548
 30
-25.48756561200975
  0
VERTEX
  5
1021
  8
DEFAULT
 10
-362.4597850905524
 20
12.15871783895449
 30
-25.48756561200975
  0
VERTEX
  5
1022
  8
DEFAULT
 10
-362.5002078069132
 20
12.19656937853996
 30
-25.48756561200975
  0
VERTEX
  5
1023
  8
DEFAULT
 10
-362.5414940803703
 20
12.23389434903701
 30
-25.48756561200975
  0
VERTEX
  5
1024
  8
DEFAULT
 10
-362.6266505649072
 20
12.30696868873714
 30
-25.48756561200975
  0
VERTEX
  5
1025
  8
DEFAULT
 10
-362.7152400079941
 20
12.37794972173884
 30
-25.48756561200975
  0
VERTEX
  5
1026
  8
DEFAULT
 10
-362.8072461633247
 20
12.44684735451245
 30
-25.48756561200975
  0
VERTEX
  5
1027
  8
DEFAULT
 10
-362.9026510744552
 20
12.51367253631463
 30
-25.48756561200975
  0
VERTEX
  5
1028
  8
DEFAULT
 10
-363.001435074804
 20
12.57843725918841
 30
-25.48756561200975
  0
VERTEX
  5
1029
  8
DEFAULT
 10
-363.1035767876522
 20
12.64115455796316
 30
-25.48756561200975
  0
VERTEX
  5
102A
  8
DEFAULT
 10
-363.2090531261433
 20
12.7018385102546
 30
-25.48756561200975
  0
VERTEX
  5
102B
  8
DEFAULT
 10
-363.3178392932834
 20
12.76050423646481
 30
-25.48756561200975
  0
VERTEX
  5
102C
  8
DEFAULT
 10
-363.4299087819411
 20
12.81716789978222
 30
-25.48756561200975
  0
VERTEX
  5
102D
  8
DEFAULT
 10
-363.5452333748473
 20
12.87184670618158
 30
-25.48756561200975
  0
VERTEX
  5
102E
  8
DEFAULT
 10
-363.6637831445954
 20
12.92455890442402
 30
-25.48756561200975
  0
VERTEX
  5
102F
  8
DEFAULT
 10
-363.7855264536415
 20
12.97532378605702
 30
-25.48756561200975
  0
VERTEX
  5
1030
  8
DEFAULT
 10
-363.9104299543041
 20
13.02416168541439
 30
-25.48756561200975
  0
VERTEX
  5
1031
  8
DEFAULT
 10
-364.038458588764
 20
13.07109397961631
 30
-25.48756561200975
  0
VERTEX
  5
1032
  8
DEFAULT
 10
-364.1695755890648
 20
13.11614308856931
 30
-25.48756561200975
  0
VERTEX
  5
1033
  8
DEFAULT
 10
-364.3037424771122
 20
13.15933247496624
 30
-25.48756561200975
  0
VERTEX
  5
1034
  8
DEFAULT
 10
-364.4409190646747
 20
13.20068664428633
 30
-25.48756561200975
  0
VERTEX
  5
1035
  8
DEFAULT
 10
-364.5810634533832
 20
13.24023114479516
 30
-25.48756561200975
  0
VERTEX
  5
1036
  8
DEFAULT
 10
-364.870079490074
 20
13.31399854637304
 30
-25.48756561200975
  0
VERTEX
  5
1037
  8
DEFAULT
 10
-365.1704211974815
 20
13.38085992155145
 30
-25.48756561200975
  0
VERTEX
  5
1038
  8
DEFAULT
 10
-365.481691823702
 20
13.44105719676354
 30
-25.48756561200975
  0
VERTEX
  5
1039
  8
DEFAULT
 10
-365.8034672546319
 20
13.49484898302408
 30
-25.48756561200975
  0
VERTEX
  5
103A
  8
DEFAULT
 10
-366.135296013967
 20
13.54251057592941
 30
-25.48756561200975
  0
VERTEX
  5
103B
  8
DEFAULT
 10
-366.4766992632035
 20
13.5843339556575
 30
-25.48756561200975
  0
VERTEX
  5
103C
  8
DEFAULT
 10
-366.8271708016366
 20
13.62062778696788
 30
-25.48756561200975
  0
VERTEX
  5
103D
  8
DEFAULT
 10
-367.5531571322736
 20
13.67794488628175
 30
-25.48756561200975
  0
VERTEX
  5
103E
  8
DEFAULT
 10
-368.3086581562378
 20
13.71726488357934
 30
-25.48756561200975
  0
VERTEX
  5
103F
  8
DEFAULT
 10
-369.8876279095658
 20
13.75446037748688
 30
-25.48756561200975
  0
VERTEX
  5
1040
  8
DEFAULT
 10
-371.5185493604189
 20
13.75997741246838
 30
-25.48756561200975
  0
VERTEX
  5
1041
  8
DEFAULT
 10
-421.2935046058671
 20
13.75997741246838
 30
-25.48756561200975
  0
VERTEX
  5
1042
  8
DEFAULT
 10
-421.5425585609453
 20
13.75903136754651
 30
-25.48756561200975
  0
VERTEX
  5
1043
  8
DEFAULT
 10
-421.7861803871172
 20
13.75265319371838
 30
-25.48756561200975
  0
VERTEX
  5
1044
  8
DEFAULT
 10
-421.9044379097002
 20
13.74591071630139
 30
-25.48756561200975
  0
VERTEX
  5
1045
  8
DEFAULT
 10
-422.0196093421953
 20
13.73608214879651
 30
-25.48756561200975
  0
VERTEX
  5
1046
  8
DEFAULT
 10
-422.0758857828157
 20
13.72985858941693
 30
-25.48756561200975
  0
VERTEX
  5
1047
  8
DEFAULT
 10
-422.131214032747
 20
13.72268683934826
 30
-25.48756561200975
  0
VERTEX
  5
1048
  8
DEFAULT
 10
-422.1855411630647
 20
13.71451396966595
 30
-25.48756561200975
  0
VERTEX
  5
1049
  8
DEFAULT
 10
-422.2388171058671
 20
13.70528991246838
 30
-25.48756561200975
  0
VERTEX
  5
104A
  8
DEFAULT
 10
-422.2909946542757
 20
13.69496746087689
 30
-25.48756561200975
  0
VERTEX
  5
104B
  8
DEFAULT
 10
-422.3420294624345
 20
13.68350226903576
 30
-25.48756561200975
  0
VERTEX
  5
104C
  8
DEFAULT
 10
-422.3918800455109
 20
13.67085285211224
 30
-25.48756561200975
  0
VERTEX
  5
104D
  8
DEFAULT
 10
-422.4405077796952
 20
13.65698058629651
 30
-25.48756561200975
  0
VERTEX
  5
104E
  8
DEFAULT
 10
-422.4878769022004
 20
13.6418497088017
 30
-25.48756561200975
  0
VERTEX
  5
104F
  8
DEFAULT
 10
-422.5339545112626
 20
13.62542731786389
 30
-25.48756561200975
  0
VERTEX
  5
1050
  8
DEFAULT
 10
-422.5564994987623
 20
13.61672230536361
 30
-25.48756561200975
  0
VERTEX
  5
1051
  8
DEFAULT
 10
-422.5787105661408
 20
13.60768337274213
 30
-25.48756561200975
  0
VERTEX
  5
1052
  8
DEFAULT
 10
-422.6005844053403
 20
13.59830721194167
 30
-25.48756561200975
  0
VERTEX
  5
1053
  8
DEFAULT
 10
-422.6221178871171
 20
13.58859069371838
 30
-25.48756561200975
  0
VERTEX
  5
1054
  8
DEFAULT
 10
-422.6433080610411
 20
13.57853086764235
 30
-25.48756561200975
  0
VERTEX
  5
1055
  8
DEFAULT
 10
-422.6641521554963
 20
13.5681249620976
 30
-25.48756561200975
  0
VERTEX
  5
1056
  8
DEFAULT
 10
-422.6846475776807
 20
13.55737038428206
 30
-25.48756561200975
  0
VERTEX
  5
1057
  8
DEFAULT
 10
-422.7047919136063
 20
13.54626472020764
 30
-25.48756561200975
  0
VERTEX
  5
1058
  8
DEFAULT
 10
-422.7245829280989
 20
13.53480573470015
 30
-25.48756561200975
  0
VERTEX
  5
1059
  8
DEFAULT
 10
-422.744018564798
 20
13.52299137139935
 30
-25.48756561200975
  0
VERTEX
  5
105A
  8
DEFAULT
 10
-422.7630969461576
 20
13.51081975275893
 30
-25.48756561200975
  0
VERTEX
  5
105B
  8
DEFAULT
 10
-422.7818163734452
 20
13.49828918004651
 30
-25.48756561200975
  0
VERTEX
  5
105C
  8
DEFAULT
 10
-422.8001753267423
 20
13.48539813334365
 30
-25.48756561200975
  0
VERTEX
  5
105D
  8
DEFAULT
 10
-422.8181724649445
 20
13.47214527154584
 30
-25.48756561200975
  0
VERTEX
  5
105E
  8
DEFAULT
 10
-422.8358066257612
 20
13.45852943236251
 30
-25.48756561200975
  0
VERTEX
  5
105F
  8
DEFAULT
 10
-422.8530768257157
 20
13.44454963231702
 30
-25.48756561200975
  0
VERTEX
  5
1060
  8
DEFAULT
 10
-422.8699822601454
 20
13.43020506674667
 30
-25.48756561200975
  0
VERTEX
  5
1061
  8
DEFAULT
 10
-422.8865223032014
 20
13.41549510980268
 30
-25.48756561200975
  0
VERTEX
  5
1062
  8
DEFAULT
 10
-422.9026965078489
 20
13.40041931445022
 30
-25.48756561200975
  0
VERTEX
  5
1063
  8
DEFAULT
 10
-422.9185046058671
 20
13.38497741246839
 30
-25.48756561200975
  0
VERTEX
  5
1064
  8
DEFAULT
 10
-422.9339465078489
 20
13.36916931445022
 30
-25.48756561200975
  0
VERTEX
  5
1065
  8
DEFAULT
 10
-422.9490223032013
 20
13.35299510980268
 30
-25.48756561200975
  0
VERTEX
  5
1066
  8
DEFAULT
 10
-422.9637322601453
 20
13.33645506674667
 30
-25.48756561200975
  0
VERTEX
  5
1067
  8
DEFAULT
 10
-422.9780768257157
 20
13.31954963231702
 30
-25.48756561200975
  0
VERTEX
  5
1068
  8
DEFAULT
 10
-422.9920566257612
 20
13.30227943236251
 30
-25.48756561200975
  0
VERTEX
  5
1069
  8
DEFAULT
 10
-423.0056724649446
 20
13.28464527154584
 30
-25.48756561200975
  0
VERTEX
  5
106A
  8
DEFAULT
 10
-423.0189253267424
 20
13.26664813334365
 30
-25.48756561200975
  0
VERTEX
  5
106B
  8
DEFAULT
 10
-423.0318163734452
 20
13.24828918004651
 30
-25.48756561200975
  0
VERTEX
  5
106C
  8
DEFAULT
 10
-423.0443469461577
 20
13.22956975275893
 30
-25.48756561200975
  0
VERTEX
  5
106D
  8
DEFAULT
 10
-423.0565185647981
 20
13.21049137139936
 30
-25.48756561200975
  0
VERTEX
  5
106E
  8
DEFAULT
 10
-423.0683329280989
 20
13.19105573470016
 30
-25.48756561200975
  0
VERTEX
  5
106F
  8
DEFAULT
 10
-423.0797919136064
 20
13.17126472020765
 30
-25.48756561200975
  0
VERTEX
  5
1070
  8
DEFAULT
 10
-423.0908975776808
 20
13.15112038428207
 30
-25.48756561200975
  0
VERTEX
  5
1071
  8
DEFAULT
 10
-423.1016521554963
 20
13.1306249620976
 30
-25.48756561200975
  0
VERTEX
  5
1072
  8
DEFAULT
 10
-423.112058061041
 20
13.10978086764236
 30
-25.48756561200975
  0
VERTEX
  5
1073
  8
DEFAULT
 10
-423.1221178871171
 20
13.08859069371839
 30
-25.48756561200975
  0
VERTEX
  5
1074
  8
DEFAULT
 10
-423.1318344053404
 20
13.06705721194167
 30
-25.48756561200975
  0
VERTEX
  5
1075
  8
DEFAULT
 10
-423.1412105661408
 20
13.04518337274213
 30
-25.48756561200975
  0
VERTEX
  5
1076
  8
DEFAULT
 10
-423.1502494987623
 20
13.02297230536361
 30
-25.48756561200975
  0
VERTEX
  5
1077
  8
DEFAULT
 10
-423.1589545112626
 20
13.0004273178639
 30
-25.48756561200975
  0
VERTEX
  5
1078
  8
DEFAULT
 10
-423.1753769022004
 20
12.9543497088017
 30
-25.48756561200975
  0
VERTEX
  5
1079
  8
DEFAULT
 10
-423.1905077796952
 20
12.90698058629651
 30
-25.48756561200975
  0
VERTEX
  5
107A
  8
DEFAULT
 10
-423.2043800455109
 20
12.85835285211225
 30
-25.48756561200975
  0
VERTEX
  5
107B
  8
DEFAULT
 10
-423.2170294624344
 20
12.80850226903577
 30
-25.48756561200975
  0
VERTEX
  5
107C
  8
DEFAULT
 10
-423.2284946542756
 20
12.7574674608769
 30
-25.48756561200975
  0
VERTEX
  5
107D
  8
DEFAULT
 10
-423.238817105867
 20
12.70528991246839
 30
-25.48756561200975
  0
VERTEX
  5
107E
  8
DEFAULT
 10
-423.2480411630646
 20
12.65201396966596
 30
-25.48756561200975
  0
VERTEX
  5
107F
  8
DEFAULT
 10
-423.2562140327469
 20
12.59768683934827
 30
-25.48756561200975
  0
VERTEX
  5
1080
  8
DEFAULT
 10
-423.2633857828156
 20
12.54235858941693
 30
-25.48756561200975
  0
VERTEX
  5
1081
  8
DEFAULT
 10
-423.2696093421952
 20
12.48608214879651
 30
-25.48756561200975
  0
VERTEX
  5
1082
  8
DEFAULT
 10
-423.2794379097001
 20
12.3709107163014
 30
-25.48756561200975
  0
VERTEX
  5
1083
  8
DEFAULT
 10
-423.286180387117
 20
12.25265319371839
 30
-25.48756561200975
  0
VERTEX
  5
1084
  8
DEFAULT
 10
-423.2925585609452
 20
12.00903136754651
 30
-25.48756561200975
  0
VERTEX
  5
1085
  8
DEFAULT
 10
-423.2935046058671
 20
11.75997741246838
 30
-25.48756561200975
  0
VERTEX
  5
1086
  8
DEFAULT
 10
-423.2935046058671
 20
3.158341935901861
 30
-25.48756561200975
  0
VERTEX
  5
1087
  8
DEFAULT
 10
-423.2916906444606
 20
2.613887846660175
 30
-25.48756561200975
  0
VERTEX
  5
1088
  8
DEFAULT
 10
-423.2795214923845
 20
2.075474376906634
 30
-25.48756561200975
  0
VERTEX
  5
1089
  8
DEFAULT
 10
-423.2667059532226
 20
1.810152568008653
 30
-25.48756561200975
  0
VERTEX
  5
108A
  8
DEFAULT
 10
-423.2480767778309
 20
1.548154847635533
 30
-25.48756561200975
  0
VERTEX
  5
108B
  8
DEFAULT
 10
-423.2227572403871
 20
1.289954300664379
 30
-25.48756561200975
  0
VERTEX
  5
108C
  8
DEFAULT
 10
-423.1899634667333
 20
1.035964426768548
 30
-25.48756561200975
  0
VERTEX
  5
108D
  8
DEFAULT
 10
-423.1705438490037
 20
0.910661916304156
 30
-25.48756561200975
  0
VERTEX
  5
108E
  8
DEFAULT
 10
-423.149003130903
 20
0.7865411650993086
 30
-25.48756561200975
  0
VERTEX
  5
108F
  8
DEFAULT
 10
-423.1252688622393
 20
0.6636380038906697
 30
-25.48756561200975
  0
VERTEX
  5
1090
  8
DEFAULT
 10
-423.0992741516486
 20
0.541984918967479
 30
-25.48756561200975
  0
VERTEX
  5
1091
  8
DEFAULT
 10
-423.0709576258614
 20
0.4216111154428518
 30
-25.48756561200975
  0
VERTEX
  5
1092
  8
DEFAULT
 10
-423.0402633889692
 20
0.3025425805250822
 30
-25.48756561200975
  0
VERTEX
  5
1093
  8
DEFAULT
 10
-423.0071409816904
 20
0.1848021467889437
 30
-25.48756561200975
  0
VERTEX
  5
1094
  8
DEFAULT
 10
-422.9715453406379
 20
0.068409555446991
 30
-25.48756561200975
  0
VERTEX
  5
1095
  8
DEFAULT
 10
-422.9334367575844
 20
-0.0466184803791384
 30
-25.48756561200975
  0
VERTEX
  5
1096
  8
DEFAULT
 10
-422.8927808387297
 20
-0.1602682123874229
 30
-25.48756561200975
  0
VERTEX
  5
1097
  8
DEFAULT
 10
-422.8495484639668
 20
-0.2725287938241554
 30
-25.48756561200975
  0
VERTEX
  5
1098
  8
DEFAULT
 10
-422.8037157461485
 20
-0.3833922162126412
 30
-25.48756561200975
  0
VERTEX
  5
1099
  8
DEFAULT
 10
-422.755263990354
 20
-0.4928532460818972
 30
-25.48756561200975
  0
VERTEX
  5
109A
  8
DEFAULT
 10
-422.7041796531552
 20
-0.6009093616953501
 30
-25.48756561200975
  0
VERTEX
  5
109B
  8
DEFAULT
 10
-422.6504543018832
 20
-0.7075606897795348
 30
-25.48756561200975
  0
VERTEX
  5
109C
  8
DEFAULT
 10
-422.5940845738949
 20
-0.8128099422527928
 30
-25.48756561200975
  0
VERTEX
  5
109D
  8
DEFAULT
 10
-422.5350721358395
 20
-0.9166623529539712
 30
-25.48756561200975
  0
VERTEX
  5
109E
  8
DEFAULT
 10
-422.4734236429247
 20
-1.019125614371121
 30
-25.48756561200975
  0
VERTEX
  5
109F
  8
DEFAULT
 10
-422.4091506981836
 20
-1.120209814370195
 30
-25.48756561200975
  0
VERTEX
  5
10A0
  8
DEFAULT
 10
-422.3422698117408
 20
-1.219927372923746
 30
-25.48756561200975
  0
VERTEX
  5
10A1
  8
DEFAULT
 10
-422.2728023600794
 20
-1.318292978839628
 30
-25.48756561200975
  0
VERTEX
  5
10A2
  8
DEFAULT
 10
-422.2007745453067
 20
-1.415323526489692
 30
-25.48756561200975
  0
VERTEX
  5
10A3
  8
DEFAULT
 10
-422.1262173544216
 20
-1.511038052538485
 30
-25.48756561200975
  0
VERTEX
  5
10A4
  8
DEFAULT
 10
-422.0491665185803
 20
-1.605457672671948
 30
-25.48756561200975
  0
VERTEX
  5
10A5
  8
DEFAULT
 10
-421.9696624723632
 20
-1.698605518326116
 30
-25.48756561200975
  0
VERTEX
  5
10A6
  8
DEFAULT
 10
-421.8877503130414
 20
-1.790506673415816
 30
-25.48756561200975
  0
VERTEX
  5
10A7
  8
DEFAULT
 10
-421.8034797598429
 20
-1.881188111063365
 30
-25.48756561200975
  0
VERTEX
  5
10A8
  8
DEFAULT
 10
-421.7169051132195
 20
-1.970678630327268
 30
-25.48756561200975
  0
VERTEX
  5
10A9
  8
DEFAULT
 10
-421.6280852141128
 20
-2.059008792930918
 30
-25.48756561200975
  0
VERTEX
  5
10AA
  8
DEFAULT
 10
-421.5370834032211
 20
-2.146210859991294
 30
-25.48756561200975
  0
VERTEX
  5
10AB
  8
DEFAULT
 10
-421.3488096632576
 20
-2.317367869290257
 30
-25.48756561200975
  0
VERTEX
  5
10AC
  8
DEFAULT
 10
-421.1526790661725
 20
-2.48443933072224
 30
-25.48756561200975
  0
VERTEX
  5
10AD
  8
DEFAULT
 10
-420.9493561739691
 20
-2.647738057719403
 30
-25.48756561200975
  0
VERTEX
  5
10AE
  8
DEFAULT
 10
-420.7395736343381
 20
-2.807597979966332
 30
-25.48756561200975
  0
VERTEX
  5
10AF
  8
DEFAULT
 10
-420.5241308771848
 20
-2.96437211871839
 30
-25.48756561200975
  0
VERTEX
  5
10B0
  8
DEFAULT
 10
-420.0797885201733
 20
-3.270158440523358
 30
-25.48756561200975
  0
VERTEX
  5
10B1
  8
DEFAULT
 10
-419.6240106545227
 20
-3.568226086690137
 30
-25.48756561200975
 42
0.2143756978353486
  0
VERTEX
  5
10B2
  8
DEFAULT
 10
-373.7618478985358
 20
-10.48270259573584
 30
-25.48756561200975
  0
VERTEX
  5
10B3
  8
DEFAULT
 10
-373.3430990937682
 20
-10.36289003911445
 30
-25.48756561200975
  0
VERTEX
  5
10B4
  8
DEFAULT
 10
-372.9296034540023
 20
-10.23553637245042
 30
-25.48756561200975
  0
VERTEX
  5
10B5
  8
DEFAULT
 10
-372.7260528445923
 20
-10.1677814972132
 30
-25.48756561200975
  0
VERTEX
  5
10B6
  8
DEFAULT
 10
-372.5252206861738
 20
-10.09669332208821
 30
-25.48756561200975
  0
VERTEX
  5
10B7
  8
DEFAULT
 10
-372.3275042561226
 20
-10.02184606650176
 30
-25.48756561200975
  0
VERTEX
  5
10B8
  8
DEFAULT
 10
-372.1332659699804
 20
-9.942843866748992
 30
-25.48756561200975
  0
VERTEX
  5
10B9
  8
DEFAULT
 10
-371.9428329670142
 20
-9.859322257791446
 30
-25.48756561200975
  0
VERTEX
  5
10BA
  8
DEFAULT
 10
-371.756496695775
 20
-9.770949655054725
 30
-25.48756561200975
  0
VERTEX
  5
10BB
  8
DEFAULT
 10
-371.5745124996572
 20
-9.677428836226127
 30
-25.48756561200975
  0
VERTEX
  5
10BC
  8
DEFAULT
 10
-371.4852222500846
 20
-9.628654724396718
 30
-25.48756561200975
  0
VERTEX
  5
10BD
  8
DEFAULT
 10
-371.3970992024579
 20
-9.578498423052256
 30
-25.48756561200975
  0
VERTEX
  5
10BE
  8
DEFAULT
 10
-371.3101649355704
 20
-9.526933103652762
 30
-25.48756561200975
  0
VERTEX
  5
10BF
  8
DEFAULT
 10
-371.2244386939356
 20
-9.473934363136657
 30
-25.48756561200975
  0
VERTEX
  5
10C0
  8
DEFAULT
 10
-371.1399373748356
 20
-9.419480270226957
 30
-25.48756561200975
  0
VERTEX
  5
10C1
  8
DEFAULT
 10
-371.05667551537
 20
-9.36355141173744
 30
-25.48756561200975
  0
VERTEX
  5
10C2
  8
DEFAULT
 10
-370.9746652795047
 20
-9.306130938878816
 30
-25.48756561200975
  0
VERTEX
  5
10C3
  8
DEFAULT
 10
-370.8939164451206
 20
-9.247204613564913
 30
-25.48756561200975
  0
VERTEX
  5
10C4
  8
DEFAULT
 10
-370.8144363910619
 20
-9.186760854718852
 30
-25.48756561200975
  0
VERTEX
  5
10C5
  8
DEFAULT
 10
-370.7362300841858
 20
-9.124790784579215
 30
-25.48756561200975
  0
VERTEX
  5
10C6
  8
DEFAULT
 10
-370.65930006641
 20
-9.061288275006223
 30
-25.48756561200975
  0
VERTEX
  5
10C7
  8
DEFAULT
 10
-370.5836464417624
 20
-8.996249993787927
 30
-25.48756561200975
  0
VERTEX
  5
10C8
  8
DEFAULT
 10
-370.5092668634295
 20
-8.929675450946355
 30
-25.48756561200975
  0
VERTEX
  5
10C9
  8
DEFAULT
 10
-370.436156520805
 20
-8.86156704504372
 30
-25.48756561200975
  0
VERTEX
  5
10CA
  8
DEFAULT
 10
-370.3643081265384
 20
-8.791930109488568
 30
-25.48756561200975
  0
VERTEX
  5
10CB
  8
DEFAULT
 10
-370.2937119035842
 20
-8.720772958841971
 30
-25.48756561200975
  0
VERTEX
  5
10CC
  8
DEFAULT
 10
-370.2243555722503
 20
-8.6481069351237
 30
-25.48756561200975
  0
VERTEX
  5
10CD
  8
DEFAULT
 10
-370.1562243372467
 20
-8.573946454118392
 30
-25.48756561200975
  0
VERTEX
  5
10CE
  8
DEFAULT
 10
-370.0893008747344
 20
-8.498309051681744
 30
-25.48756561200975
  0
VERTEX
  5
10CF
  8
DEFAULT
 10
-370.023565319374
 20
-8.421215430046663
 30
-25.48756561200975
  0
VERTEX
  5
10D0
  8
DEFAULT
 10
-369.8955656835413
 20
-8.262758447836054
 30
-25.48756561200975
  0
VERTEX
  5
10D1
  8
DEFAULT
 10
-369.7720151848775
 20
-8.098806212529063
 30
-25.48756561200975
  0
VERTEX
  5
10D2
  8
DEFAULT
 10
-369.6526620856235
 20
-7.92964305479903
 30
-25.48756561200975
  0
VERTEX
  5
10D3
  8
DEFAULT
 10
-369.5372127406916
 20
-7.755608412747777
 30
-25.48756561200975
  0
VERTEX
  5
10D4
  8
DEFAULT
 10
-369.425331183225
 20
-7.577098313703234
 30
-25.48756561200975
  0
VERTEX
  5
10D5
  8
DEFAULT
 10
-369.3166387101562
 20
-7.394566856017061
 30
-25.48756561200975
  0
VERTEX
  5
10D6
  8
DEFAULT
 10
-369.2107134677673
 20
-7.208527690862281
 30
-25.48756561200975
  0
VERTEX
  5
10D7
  8
DEFAULT
 10
-368.8047142491658
 20
-6.441734308432413
 30
-25.48756561200975
  0
VERTEX
  5
10D8
  8
DEFAULT
 10
-367.7448131007883
 20
-4.384076719393128
 30
-25.48756561200975
  0
VERTEX
  5
10D9
  8
DEFAULT
 10
-367.7448131007884
 20
-4.240022587531582
 30
-25.48756561200975
  0
VERTEX
  5
10DA
  8
DEFAULT
 10
-367.7837350026483
 20
-3.963745753046675
 30
-25.48756561200975
 42
0.3344103804784995
  0
VERTEX
  5
10DB
  8
DEFAULT
 10
-368.7448131007884
 20
-3.240022587531604
 30
-25.48756561200975
  0
VERTEX
  5
10DC
  8
DEFAULT
 10
-370.2935047149658
 20
-3.240022587531612
 30
-25.48756561200975
  0
VERTEX
  5
10DD
  8
DEFAULT
 10
-370.2935047149658
 20
4.005314719956477
 30
-25.48756561200975
  0
VERTEX
  5
10DE
  8
DEFAULT
 10
-367.2935047149658
 20
4.005314719956482
 30
-25.48756561200975
  0
VERTEX
  5
10DF
  8
DEFAULT
 10
-367.2935047149658
 20
0.6172289984953383
 30
-25.48756561200975
 42
0.7865477731298014
  0
SEQEND
  5
10E0
  8
DEFAULT
  0
POLYLINE
  5
10E1
  8
DEFAULT
 66
     1
 10
0.0
 20
0.0
 30
-25.48756561200975
 70
     1
  0
VERTEX
  5
10E2
  8
DEFAULT
 10
-430.4045118181954
 20
0.159308012416095
 30
-25.48756561200975
  0
VERTEX
  5
10E3
  8
DEFAULT
 10
-429.4066061862559
 20
2.096609523834175
 30
-25.48756561200975
  0
VERTEX
  5
10E4
  8
DEFAULT
 10
-428.6646776321732
 20
3.54901347493195
 30
-25.48756561200975
  0
VERTEX
  5
10E5
  8
DEFAULT
 10
-427.9747007756156
 20
4.969738967103687
 30
-25.48756561200975
  0
VERTEX
  5
10E6
  8
DEFAULT
 10
-427.6636962000365
 20
5.659379462845732
 30
-25.48756561200975
  0
VERTEX
  5
10E7
  8
DEFAULT
 10
-427.3822063177847
 20
6.331022856571508
 30
-25.48756561200975
  0
VERTEX
  5
10E8
  8
DEFAULT
 10
-427.2539830035442
 20
6.659209271780939
 30
-25.48756561200975
  0
VERTEX
  5
10E9
  8
DEFAULT
 10
-427.1348279785004
 20
6.981866138572672
 30
-25.48756561200975
  0
VERTEX
  5
10EA
  8
DEFAULT
 10
-427.0252474433578
 20
7.298684792187156
 30
-25.48756561200975
  0
VERTEX
  5
10EB
  8
DEFAULT
 10
-426.9257202366205
 20
7.609373252446439
 30
-25.48756561200975
  0
VERTEX
  5
10EC
  8
DEFAULT
 10
-426.8366978345925
 20
7.913656223754163
 30
-25.48756561200975
  0
VERTEX
  5
10ED
  8
DEFAULT
 10
-426.7586043513777
 20
8.211275095095575
 30
-25.48756561200975
  0
VERTEX
  5
10EE
  8
DEFAULT
 10
-426.6918365388794
 20
8.501987940037512
 30
-25.48756561200975
  0
VERTEX
  5
10EF
  8
DEFAULT
 10
-426.6628162622673
 20
8.644683562788595
 30
-25.48756561200975
  0
VERTEX
  5
10F0
  8
DEFAULT
 10
-426.636763786801
 20
8.785569516728412
 30
-25.48756561200975
  0
VERTEX
  5
10F1
  8
DEFAULT
 10
-426.6137210108499
 20
8.92462025359139
 30
-25.48756561200975
  0
VERTEX
  5
10F2
  8
DEFAULT
 10
-426.5937281226454
 20
9.061811267898307
 30
-25.48756561200975
  0
VERTEX
  5
10F3
  8
DEFAULT
 10
-426.5768236002818
 20
9.197119096956296
 30
-25.48756561200975
  0
VERTEX
  5
10F4
  8
DEFAULT
 10
-426.5630442117156
 20
9.330521320858828
 30
-25.48756561200975
  0
VERTEX
  5
10F5
  8
DEFAULT
 10
-426.5524250147658
 20
9.46199656248574
 30
-25.48756561200975
  0
VERTEX
  5
10F6
  8
DEFAULT
 10
-426.544999357114
 20
9.591524487503207
 30
-25.48756561200975
  0
VERTEX
  5
10F7
  8
DEFAULT
 10
-426.5407988763041
 20
9.719085804363758
 30
-25.48756561200975
  0
VERTEX
  5
10F8
  8
DEFAULT
 10
-426.5398534997427
 20
9.844662264306265
 30
-25.48756561200975
  0
VERTEX
  5
10F9
  8
DEFAULT
 10
-426.5421914446989
 20
9.968236661355963
 30
-25.48756561200975
  0
VERTEX
  5
10FA
  8
DEFAULT
 10
-426.547839218304
 20
10.08979283232443
 30
-25.48756561200975
  0
VERTEX
  5
10FB
  8
DEFAULT
 10
-426.5568216175521
 20
10.20931565680959
 30
-25.48756561200975
  0
VERTEX
  5
10FC
  8
DEFAULT
 10
-426.5691617292996
 20
10.32679105719572
 30
-25.48756561200975
  0
VERTEX
  5
10FD
  8
DEFAULT
 10
-426.5848809302655
 20
10.44220599865344
 30
-25.48756561200975
  0
VERTEX
  5
10FE
  8
DEFAULT
 10
-426.6039988870312
 20
10.55554848913975
 30
-25.48756561200975
  0
VERTEX
  5
10FF
  8
DEFAULT
 10
-426.6265335560406
 20
10.66680757939795
 30
-25.48756561200975
  0
VERTEX
  5
1100
  8
DEFAULT
 10
-426.6525011836
 20
10.77597336295774
 30
-25.48756561200975
  0
VERTEX
  5
1101
  8
DEFAULT
 10
-426.6667769661909
 20
10.82976845409064
 30
-25.48756561200975
  0
VERTEX
  5
1102
  8
DEFAULT
 10
-426.6819163058784
 20
10.88303697613512
 30
-25.48756561200975
  0
VERTEX
  5
1103
  8
DEFAULT
 10
-426.6979207524743
 20
10.93577798406607
 30
-25.48756561200975
  0
VERTEX
  5
1104
  8
DEFAULT
 10
-426.7147917489071
 20
10.98799059803249
 30
-25.48756561200975
  0
VERTEX
  5
1105
  8
DEFAULT
 10
-426.7325306312219
 20
11.03967400335756
 30
-25.48756561200975
  0
VERTEX
  5
1106
  8
DEFAULT
 10
-426.7511386285801
 20
11.09082745053857
 30
-25.48756561200975
  0
VERTEX
  5
1107
  8
DEFAULT
 10
-426.7706168632592
 20
11.141450255247
 30
-25.48756561200975
  0
VERTEX
  5
1108
  8
DEFAULT
 10
-426.7909663506534
 20
11.19154179832843
 30
-25.48756561200975
  0
VERTEX
  5
1109
  8
DEFAULT
 10
-426.8121879992735
 20
11.24110152580263
 30
-25.48756561200975
  0
VERTEX
  5
110A
  8
DEFAULT
 10
-426.8342826107462
 20
11.2901289488635
 30
-25.48756561200975
  0
VERTEX
  5
110B
  8
DEFAULT
 10
-426.8572508798149
 20
11.33862364387908
 30
-25.48756561200975
  0
VERTEX
  5
110C
  8
DEFAULT
 10
-426.8810933943394
 20
11.38658525239155
 30
-25.48756561200975
  0
VERTEX
  5
110D
  8
DEFAULT
 10
-426.905810635296
 20
11.43401348111727
 30
-25.48756561200975
  0
VERTEX
  5
110E
  8
DEFAULT
 10
-426.9314029767771
 20
11.48090810194672
 30
-25.48756561200975
  0
VERTEX
  5
110F
  8
DEFAULT
 10
-426.9578706859919
 20
11.52726895194452
 30
-25.48756561200975
  0
VERTEX
  5
1110
  8
DEFAULT
 10
-426.9852139232656
 20
11.57309593334947
 30
-25.48756561200975
  0
VERTEX
  5
1111
  8
DEFAULT
 10
-427.01343274204
 20
11.61838901357448
 30
-25.48756561200975
  0
VERTEX
  5
1112
  8
DEFAULT
 10
-427.0425270888734
 20
11.66314822520663
 30
-25.48756561200975
  0
VERTEX
  5
1113
  8
DEFAULT
 10
-427.0724968034404
 20
11.70737366600714
 30
-25.48756561200975
  0
VERTEX
  5
1114
  8
DEFAULT
 10
-427.103341618532
 20
11.75106549891137
 30
-25.48756561200975
  0
VERTEX
  5
1115
  8
DEFAULT
 10
-427.1350611600556
 20
11.79422395202885
 30
-25.48756561200975
  0
VERTEX
  5
1116
  8
DEFAULT
 10
-427.167654947035
 20
11.83684931864323
 30
-25.48756561200975
  0
VERTEX
  5
1117
  8
DEFAULT
 10
-427.2011223916104
 20
11.87894195721232
 30
-25.48756561200975
  0
VERTEX
  5
1118
  8
DEFAULT
 10
-427.2354627990385
 20
11.92050229136807
 30
-25.48756561200975
  0
VERTEX
  5
1119
  8
DEFAULT
 10
-427.2706753676924
 20
11.96153080991659
 30
-25.48756561200975
  0
VERTEX
  5
111A
  8
DEFAULT
 10
-427.3067591890615
 20
12.00202806683812
 30
-25.48756561200975
  0
VERTEX
  5
111B
  8
DEFAULT
 10
-427.3437132477515
 20
12.04199468128706
 30
-25.48756561200975
  0
VERTEX
  5
111C
  8
DEFAULT
 10
-427.3815364214848
 20
12.08143133759195
 30
-25.48756561200975
  0
VERTEX
  5
111D
  8
DEFAULT
 10
-427.4202274811001
 20
12.12033878525548
 30
-25.48756561200975
  0
VERTEX
  5
111E
  8
DEFAULT
 10
-427.4597850905524
 20
12.15871783895449
 30
-25.48756561200975
  0
VERTEX
  5
111F
  8
DEFAULT
 10
-427.5002078069132
 20
12.19656937853996
 30
-25.48756561200975
  0
VERTEX
  5
1120
  8
DEFAULT
 10
-427.5414940803703
 20
12.23389434903701
 30
-25.48756561200975
  0
VERTEX
  5
1121
  8
DEFAULT
 10
-427.6266505649072
 20
12.30696868873714
 30
-25.48756561200975
  0
VERTEX
  5
1122
  8
DEFAULT
 10
-427.7152400079941
 20
12.37794972173884
 30
-25.48756561200975
  0
VERTEX
  5
1123
  8
DEFAULT
 10
-427.8072461633247
 20
12.44684735451245
 30
-25.48756561200975
  0
VERTEX
  5
1124
  8
DEFAULT
 10
-427.9026510744552
 20
12.51367253631463
 30
-25.48756561200975
  0
VERTEX
  5
1125
  8
DEFAULT
 10
-428.001435074804
 20
12.57843725918841
 30
-25.48756561200975
  0
VERTEX
  5
1126
  8
DEFAULT
 10
-428.1035767876522
 20
12.64115455796316
 30
-25.48756561200975
  0
VERTEX
  5
1127
  8
DEFAULT
 10
-428.2090531261433
 20
12.7018385102546
 30
-25.48756561200975
  0
VERTEX
  5
1128
  8
DEFAULT
 10
-428.3178392932834
 20
12.76050423646481
 30
-25.48756561200975
  0
VERTEX
  5
1129
  8
DEFAULT
 10
-428.4299087819411
 20
12.81716789978222
 30
-25.48756561200975
  0
VERTEX
  5
112A
  8
DEFAULT
 10
-428.5452333748473
 20
12.87184670618158
 30
-25.48756561200975
  0
VERTEX
  5
112B
  8
DEFAULT
 10
-428.6637831445954
 20
12.92455890442402
 30
-25.48756561200975
  0
VERTEX
  5
112C
  8
DEFAULT
 10
-428.7855264536415
 20
12.97532378605702
 30
-25.48756561200975
  0
VERTEX
  5
112D
  8
DEFAULT
 10
-428.9104299543041
 20
13.02416168541439
 30
-25.48756561200975
  0
VERTEX
  5
112E
  8
DEFAULT
 10
-429.038458588764
 20
13.07109397961631
 30
-25.48756561200975
  0
VERTEX
  5
112F
  8
DEFAULT
 10
-429.1695755890648
 20
13.11614308856931
 30
-25.48756561200975
  0
VERTEX
  5
1130
  8
DEFAULT
 10
-429.3037424771122
 20
13.15933247496624
 30
-25.48756561200975
  0
VERTEX
  5
1131
  8
DEFAULT
 10
-429.4409190646747
 20
13.20068664428633
 30
-25.48756561200975
  0
VERTEX
  5
1132
  8
DEFAULT
 10
-429.5810634533832
 20
13.24023114479516
 30
-25.48756561200975
  0
VERTEX
  5
1133
  8
DEFAULT
 10
-429.870079490074
 20
13.31399854637304
 30
-25.48756561200975
  0
VERTEX
  5
1134
  8
DEFAULT
 10
-430.1704211974815
 20
13.38085992155145
 30
-25.48756561200975
  0
VERTEX
  5
1135
  8
DEFAULT
 10
-430.481691823702
 20
13.44105719676354
 30
-25.48756561200975
  0
VERTEX
  5
1136
  8
DEFAULT
 10
-430.8034672546319
 20
13.49484898302408
 30
-25.48756561200975
  0
VERTEX
  5
1137
  8
DEFAULT
 10
-431.135296013967
 20
13.54251057592941
 30
-25.48756561200975
  0
VERTEX
  5
1138
  8
DEFAULT
 10
-431.4766992632035
 20
13.5843339556575
 30
-25.48756561200975
  0
VERTEX
  5
1139
  8
DEFAULT
 10
-431.8271708016366
 20
13.62062778696788
 30
-25.48756561200975
  0
VERTEX
  5
113A
  8
DEFAULT
 10
-432.5531571322736
 20
13.67794488628175
 30
-25.48756561200975
  0
VERTEX
  5
113B
  8
DEFAULT
 10
-433.3086581562378
 20
13.71726488357934
 30
-25.48756561200975
  0
VERTEX
  5
113C
  8
DEFAULT
 10
-434.8876279095658
 20
13.75446037748688
 30
-25.48756561200975
  0
VERTEX
  5
113D
  8
DEFAULT
 10
-436.5185493604189
 20
13.75997741246838
 30
-25.48756561200975
  0
VERTEX
  5
113E
  8
DEFAULT
 10
-486.2935046058671
 20
13.75997741246838
 30
-25.48756561200975
  0
VERTEX
  5
113F
  8
DEFAULT
 10
-486.5425585609453
 20
13.75903136754651
 30
-25.48756561200975
  0
VERTEX
  5
1140
  8
DEFAULT
 10
-486.7861803871172
 20
13.75265319371838
 30
-25.48756561200975
  0
VERTEX
  5
1141
  8
DEFAULT
 10
-486.9044379097002
 20
13.74591071630139
 30
-25.48756561200975
  0
VERTEX
  5
1142
  8
DEFAULT
 10
-487.0196093421953
 20
13.73608214879651
 30
-25.48756561200975
  0
VERTEX
  5
1143
  8
DEFAULT
 10
-487.0758857828157
 20
13.72985858941693
 30
-25.48756561200975
  0
VERTEX
  5
1144
  8
DEFAULT
 10
-487.131214032747
 20
13.72268683934826
 30
-25.48756561200975
  0
VERTEX
  5
1145
  8
DEFAULT
 10
-487.1855411630647
 20
13.71451396966595
 30
-25.48756561200975
  0
VERTEX
  5
1146
  8
DEFAULT
 10
-487.2388171058671
 20
13.70528991246838
 30
-25.48756561200975
  0
VERTEX
  5
1147
  8
DEFAULT
 10
-487.2909946542757
 20
13.69496746087689
 30
-25.48756561200975
  0
VERTEX
  5
1148
  8
DEFAULT
 10
-487.3420294624345
 20
13.68350226903576
 30
-25.48756561200975
  0
VERTEX
  5
1149
  8
DEFAULT
 10
-487.3918800455109
 20
13.67085285211224
 30
-25.48756561200975
  0
VERTEX
  5
114A
  8
DEFAULT
 10
-487.4405077796952
 20
13.65698058629651
 30
-25.48756561200975
  0
VERTEX
  5
114B
  8
DEFAULT
 10
-487.4878769022004
 20
13.6418497088017
 30
-25.48756561200975
  0
VERTEX
  5
114C
  8
DEFAULT
 10
-487.5339545112626
 20
13.62542731786389
 30
-25.48756561200975
  0
VERTEX
  5
114D
  8
DEFAULT
 10
-487.5564994987623
 20
13.61672230536361
 30
-25.48756561200975
  0
VERTEX
  5
114E
  8
DEFAULT
 10
-487.5787105661408
 20
13.60768337274213
 30
-25.48756561200975
  0
VERTEX
  5
114F
  8
DEFAULT
 10
-487.6005844053403
 20
13.59830721194167
 30
-25.48756561200975
  0
VERTEX
  5
1150
  8
DEFAULT
 10
-487.6221178871171
 20
13.58859069371838
 30
-25.48756561200975
  0
VERTEX
  5
1151
  8
DEFAULT
 10
-487.6433080610411
 20
13.57853086764235
 30
-25.48756561200975
  0
VERTEX
  5
1152
  8
DEFAULT
 10
-487.6641521554963
 20
13.5681249620976
 30
-25.48756561200975
  0
VERTEX
  5
1153
  8
DEFAULT
 10
-487.6846475776807
 20
13.55737038428206
 30
-25.48756561200975
  0
VERTEX
  5
1154
  8
DEFAULT
 10
-487.7047919136063
 20
13.54626472020764
 30
-25.48756561200975
  0
VERTEX
  5
1155
  8
DEFAULT
 10
-487.7245829280989
 20
13.53480573470015
 30
-25.48756561200975
  0
VERTEX
  5
1156
  8
DEFAULT
 10
-487.744018564798
 20
13.52299137139935
 30
-25.48756561200975
  0
VERTEX
  5
1157
  8
DEFAULT
 10
-487.7630969461576
 20
13.51081975275893
 30
-25.48756561200975
  0
VERTEX
  5
1158
  8
DEFAULT
 10
-487.7818163734452
 20
13.49828918004651
 30
-25.48756561200975
  0
VERTEX
  5
1159
  8
DEFAULT
 10
-487.8001753267423
 20
13.48539813334365
 30
-25.48756561200975
  0
VERTEX
  5
115A
  8
DEFAULT
 10
-487.8181724649445
 20
13.47214527154584
 30
-25.48756561200975
  0
VERTEX
  5
115B
  8
DEFAULT
 10
-487.8358066257612
 20
13.45852943236251
 30
-25.48756561200975
  0
VERTEX
  5
115C
  8
DEFAULT
 10
-487.8530768257157
 20
13.44454963231702
 30
-25.48756561200975
  0
VERTEX
  5
115D
  8
DEFAULT
 10
-487.8699822601454
 20
13.43020506674667
 30
-25.48756561200975
  0
VERTEX
  5
115E
  8
DEFAULT
 10
-487.8865223032014
 20
13.41549510980268
 30
-25.48756561200975
  0
VERTEX
  5
115F
  8
DEFAULT
 10
-487.9026965078489
 20
13.40041931445022
 30
-25.48756561200975
  0
VERTEX
  5
1160
  8
DEFAULT
 10
-487.9185046058671
 20
13.38497741246839
 30
-25.48756561200975
  0
VERTEX
  5
1161
  8
DEFAULT
 10
-487.9339465078489
 20
13.36916931445022
 30
-25.48756561200975
  0
VERTEX
  5
1162
  8
DEFAULT
 10
-487.9490223032013
 20
13.35299510980268
 30
-25.48756561200975
  0
VERTEX
  5
1163
  8
DEFAULT
 10
-487.9637322601453
 20
13.33645506674667
 30
-25.48756561200975
  0
VERTEX
  5
1164
  8
DEFAULT
 10
-487.9780768257157
 20
13.31954963231702
 30
-25.48756561200975
  0
VERTEX
  5
1165
  8
DEFAULT
 10
-487.9920566257612
 20
13.30227943236251
 30
-25.48756561200975
  0
VERTEX
  5
1166
  8
DEFAULT
 10
-488.0056724649446
 20
13.28464527154584
 30
-25.48756561200975
  0
VERTEX
  5
1167
  8
DEFAULT
 10
-488.0189253267424
 20
13.26664813334365
 30
-25.48756561200975
  0
VERTEX
  5
1168
  8
DEFAULT
 10
-488.0318163734452
 20
13.24828918004651
 30
-25.48756561200975
  0
VERTEX
  5
1169
  8
DEFAULT
 10
-488.0443469461577
 20
13.22956975275893
 30
-25.48756561200975
  0
VERTEX
  5
116A
  8
DEFAULT
 10
-488.0565185647981
 20
13.21049137139936
 30
-25.48756561200975
  0
VERTEX
  5
116B
  8
DEFAULT
 10
-488.0683329280989
 20
13.19105573470016
 30
-25.48756561200975
  0
VERTEX
  5
116C
  8
DEFAULT
 10
-488.0797919136064
 20
13.17126472020765
 30
-25.48756561200975
  0
VERTEX
  5
116D
  8
DEFAULT
 10
-488.0908975776808
 20
13.15112038428207
 30
-25.48756561200975
  0
VERTEX
  5
116E
  8
DEFAULT
 10
-488.1016521554963
 20
13.1306249620976
 30
-25.48756561200975
  0
VERTEX
  5
116F
  8
DEFAULT
 10
-488.112058061041
 20
13.10978086764236
 30
-25.48756561200975
  0
VERTEX
  5
1170
  8
DEFAULT
 10
-488.1221178871171
 20
13.08859069371839
 30
-25.48756561200975
  0
VERTEX
  5
1171
  8
DEFAULT
 10
-488.1318344053404
 20
13.06705721194167
 30
-25.48756561200975
  0
VERTEX
  5
1172
  8
DEFAULT
 10
-488.1412105661408
 20
13.04518337274213
 30
-25.48756561200975
  0
VERTEX
  5
1173
  8
DEFAULT
 10
-488.1502494987623
 20
13.02297230536361
 30
-25.48756561200975
  0
VERTEX
  5
1174
  8
DEFAULT
 10
-488.1589545112626
 20
13.0004273178639
 30
-25.48756561200975
  0
VERTEX
  5
1175
  8
DEFAULT
 10
-488.1753769022004
 20
12.9543497088017
 30
-25.48756561200975
  0
VERTEX
  5
1176
  8
DEFAULT
 10
-488.1905077796952
 20
12.90698058629651
 30
-25.48756561200975
  0
VERTEX
  5
1177
  8
DEFAULT
 10
-488.2043800455109
 20
12.85835285211225
 30
-25.48756561200975
  0
VERTEX
  5
1178
  8
DEFAULT
 10
-488.2170294624344
 20
12.80850226903577
 30
-25.48756561200975
  0
VERTEX
  5
1179
  8
DEFAULT
 10
-488.2284946542756
 20
12.7574674608769
 30
-25.48756561200975
  0
VERTEX
  5
117A
  8
DEFAULT
 10
-488.238817105867
 20
12.70528991246839
 30
-25.48756561200975
  0
VERTEX
  5
117B
  8
DEFAULT
 10
-488.2480411630646
 20
12.65201396966596
 30
-25.48756561200975
  0
VERTEX
  5
117C
  8
DEFAULT
 10
-488.2562140327469
 20
12.59768683934827
 30
-25.48756561200975
  0
VERTEX
  5
117D
  8
DEFAULT
 10
-488.2633857828156
 20
12.54235858941693
 30
-25.48756561200975
  0
VERTEX
  5
117E
  8
DEFAULT
 10
-488.2696093421952
 20
12.48608214879651
 30
-25.48756561200975
  0
VERTEX
  5
117F
  8
DEFAULT
 10
-488.2794379097001
 20
12.3709107163014
 30
-25.48756561200975
  0
VERTEX
  5
1180
  8
DEFAULT
 10
-488.286180387117
 20
12.25265319371839
 30
-25.48756561200975
  0
VERTEX
  5
1181
  8
DEFAULT
 10
-488.2925585609452
 20
12.00903136754651
 30
-25.48756561200975
  0
VERTEX
  5
1182
  8
DEFAULT
 10
-488.2935046058671
 20
11.75997741246838
 30
-25.48756561200975
  0
VERTEX
  5
1183
  8
DEFAULT
 10
-488.2935046058671
 20
3.158341935901861
 30
-25.48756561200975
  0
VERTEX
  5
1184
  8
DEFAULT
 10
-488.2916906444606
 20
2.613887846660175
 30
-25.48756561200975
  0
VERTEX
  5
1185
  8
DEFAULT
 10
-488.2795214923845
 20
2.075474376906634
 30
-25.48756561200975
  0
VERTEX
  5
1186
  8
DEFAULT
 10
-488.2667059532226
 20
1.810152568008653
 30
-25.48756561200975
  0
VERTEX
  5
1187
  8
DEFAULT
 10
-488.2480767778309
 20
1.548154847635533
 30
-25.48756561200975
  0
VERTEX
  5
1188
  8
DEFAULT
 10
-488.2227572403871
 20
1.289954300664379
 30
-25.48756561200975
  0
VERTEX
  5
1189
  8
DEFAULT
 10
-488.1899634667333
 20
1.035964426768548
 30
-25.48756561200975
  0
VERTEX
  5
118A
  8
DEFAULT
 10
-488.1705438490037
 20
0.910661916304156
 30
-25.48756561200975
  0
VERTEX
  5
118B
  8
DEFAULT
 10
-488.149003130903
 20
0.7865411650993086
 30
-25.48756561200975
  0
VERTEX
  5
118C
  8
DEFAULT
 10
-488.1252688622393
 20
0.6636380038906697
 30
-25.48756561200975
  0
VERTEX
  5
118D
  8
DEFAULT
 10
-488.0992741516486
 20
0.541984918967479
 30
-25.48756561200975
  0
VERTEX
  5
118E
  8
DEFAULT
 10
-488.0709576258614
 20
0.4216111154428518
 30
-25.48756561200975
  0
VERTEX
  5
118F
  8
DEFAULT
 10
-488.0402633889692
 20
0.3025425805250822
 30
-25.48756561200975
  0
VERTEX
  5
1190
  8
DEFAULT
 10
-488.0071409816904
 20
0.1848021467889437
 30
-25.48756561200975
  0
VERTEX
  5
1191
  8
DEFAULT
 10
-487.9715453406379
 20
0.068409555446991
 30
-25.48756561200975
  0
VERTEX
  5
1192
  8
DEFAULT
 10
-487.9334367575844
 20
-0.0466184803791384
 30
-25.48756561200975
  0
VERTEX
  5
1193
  8
DEFAULT
 10
-487.8927808387297
 20
-0.1602682123874229
 30
-25.48756561200975
  0
VERTEX
  5
1194
  8
DEFAULT
 10
-487.8495484639668
 20
-0.2725287938241554
 30
-25.48756561200975
  0
VERTEX
  5
1195
  8
DEFAULT
 10
-487.8037157461485
 20
-0.3833922162126412
 30
-25.48756561200975
  0
VERTEX
  5
1196
  8
DEFAULT
 10
-487.755263990354
 20
-0.4928532460818972
 30
-25.48756561200975
  0
VERTEX
  5
1197
  8
DEFAULT
 10
-487.7041796531552
 20
-0.6009093616953501
 30
-25.48756561200975
  0
VERTEX
  5
1198
  8
DEFAULT
 10
-487.6504543018832
 20
-0.7075606897795348
 30
-25.48756561200975
  0
VERTEX
  5
1199
  8
DEFAULT
 10
-487.5940845738949
 20
-0.8128099422527928
 30
-25.48756561200975
  0
VERTEX
  5
119A
  8
DEFAULT
 10
-487.5350721358395
 20
-0.9166623529539712
 30
-25.48756561200975
  0
VERTEX
  5
119B
  8
DEFAULT
 10
-487.4734236429247
 20
-1.019125614371121
 30
-25.48756561200975
  0
VERTEX
  5
119C
  8
DEFAULT
 10
-487.4091506981836
 20
-1.120209814370195
 30
-25.48756561200975
  0
VERTEX
  5
119D
  8
DEFAULT
 10
-487.3422698117408
 20
-1.219927372923746
 30
-25.48756561200975
  0
VERTEX
  5
119E
  8
DEFAULT
 10
-487.2728023600794
 20
-1.318292978839628
 30
-25.48756561200975
  0
VERTEX
  5
119F
  8
DEFAULT
 10
-487.2007745453067
 20
-1.415323526489692
 30
-25.48756561200975
  0
VERTEX
  5
11A0
  8
DEFAULT
 10
-487.1262173544216
 20
-1.511038052538485
 30
-25.48756561200975
  0
VERTEX
  5
11A1
  8
DEFAULT
 10
-487.0491665185803
 20
-1.605457672671948
 30
-25.48756561200975
  0
VERTEX
  5
11A2
  8
DEFAULT
 10
-486.9696624723632
 20
-1.698605518326116
 30
-25.48756561200975
  0
VERTEX
  5
11A3
  8
DEFAULT
 10
-486.8877503130414
 20
-1.790506673415816
 30
-25.48756561200975
  0
VERTEX
  5
11A4
  8
DEFAULT
 10
-486.8034797598429
 20
-1.881188111063365
 30
-25.48756561200975
  0
VERTEX
  5
11A5
  8
DEFAULT
 10
-486.7169051132195
 20
-1.970678630327268
 30
-25.48756561200975
  0
VERTEX
  5
11A6
  8
DEFAULT
 10
-486.6280852141128
 20
-2.059008792930918
 30
-25.48756561200975
  0
VERTEX
  5
11A7
  8
DEFAULT
 10
-486.5370834032211
 20
-2.146210859991294
 30
-25.48756561200975
  0
VERTEX
  5
11A8
  8
DEFAULT
 10
-486.3488096632576
 20
-2.317367869290257
 30
-25.48756561200975
  0
VERTEX
  5
11A9
  8
DEFAULT
 10
-486.1526790661725
 20
-2.48443933072224
 30
-25.48756561200975
  0
VERTEX
  5
11AA
  8
DEFAULT
 10
-485.9493561739691
 20
-2.647738057719403
 30
-25.48756561200975
  0
VERTEX
  5
11AB
  8
DEFAULT
 10
-485.7395736343381
 20
-2.807597979966332
 30
-25.48756561200975
  0
VERTEX
  5
11AC
  8
DEFAULT
 10
-485.5241308771848
 20
-2.96437211871839
 30
-25.48756561200975
  0
VERTEX
  5
11AD
  8
DEFAULT
 10
-485.0797885201733
 20
-3.270158440523358
 30
-25.48756561200975
  0
VERTEX
  5
11AE
  8
DEFAULT
 10
-484.6240106545227
 20
-3.568226086690171
 30
-25.48756561200975
 42
0.2143756978353486
  0
VERTEX
  5
11AF
  8
DEFAULT
 10
-438.7618478985358
 20
-10.48270259573584
 30
-25.48756561200975
  0
VERTEX
  5
11B0
  8
DEFAULT
 10
-438.3430990937682
 20
-10.36289003911445
 30
-25.48756561200975
  0
VERTEX
  5
11B1
  8
DEFAULT
 10
-437.9296034540023
 20
-10.23553637245042
 30
-25.48756561200975
  0
VERTEX
  5
11B2
  8
DEFAULT
 10
-437.7260528445923
 20
-10.16778149721321
 30
-25.48756561200975
  0
VERTEX
  5
11B3
  8
DEFAULT
 10
-437.5252206861738
 20
-10.09669332208821
 30
-25.48756561200975
  0
VERTEX
  5
11B4
  8
DEFAULT
 10
-437.3275042561226
 20
-10.02184606650177
 30
-25.48756561200975
  0
VERTEX
  5
11B5
  8
DEFAULT
 10
-437.1332659699804
 20
-9.942843866748996
 30
-25.48756561200975
  0
VERTEX
  5
11B6
  8
DEFAULT
 10
-436.9428329670142
 20
-9.85932225779145
 30
-25.48756561200975
  0
VERTEX
  5
11B7
  8
DEFAULT
 10
-436.756496695775
 20
-9.770949655054729
 30
-25.48756561200975
  0
VERTEX
  5
11B8
  8
DEFAULT
 10
-436.5745124996572
 20
-9.677428836226131
 30
-25.48756561200975
  0
VERTEX
  5
11B9
  8
DEFAULT
 10
-436.4852222500846
 20
-9.628654724396721
 30
-25.48756561200975
  0
VERTEX
  5
11BA
  8
DEFAULT
 10
-436.3970992024579
 20
-9.57849842305226
 30
-25.48756561200975
  0
VERTEX
  5
11BB
  8
DEFAULT
 10
-436.3101649355704
 20
-9.526933103652766
 30
-25.48756561200975
  0
VERTEX
  5
11BC
  8
DEFAULT
 10
-436.2244386939356
 20
-9.47393436313666
 30
-25.48756561200975
  0
VERTEX
  5
11BD
  8
DEFAULT
 10
-436.1399373748356
 20
-9.419480270226959
 30
-25.48756561200975
  0
VERTEX
  5
11BE
  8
DEFAULT
 10
-436.05667551537
 20
-9.36355141173744
 30
-25.48756561200975
  0
VERTEX
  5
11BF
  8
DEFAULT
 10
-435.9746652795047
 20
-9.306130938878816
 30
-25.48756561200975
  0
VERTEX
  5
11C0
  8
DEFAULT
 10
-435.8939164451206
 20
-9.247204613564913
 30
-25.48756561200975
  0
VERTEX
  5
11C1
  8
DEFAULT
 10
-435.8144363910619
 20
-9.186760854718852
 30
-25.48756561200975
  0
VERTEX
  5
11C2
  8
DEFAULT
 10
-435.7362300841858
 20
-9.124790784579215
 30
-25.48756561200975
  0
VERTEX
  5
11C3
  8
DEFAULT
 10
-435.65930006641
 20
-9.061288275006223
 30
-25.48756561200975
  0
VERTEX
  5
11C4
  8
DEFAULT
 10
-435.5836464417624
 20
-8.996249993787927
 30
-25.48756561200975
  0
VERTEX
  5
11C5
  8
DEFAULT
 10
-435.5092668634295
 20
-8.929675450946355
 30
-25.48756561200975
  0
VERTEX
  5
11C6
  8
DEFAULT
 10
-435.436156520805
 20
-8.86156704504372
 30
-25.48756561200975
  0
VERTEX
  5
11C7
  8
DEFAULT
 10
-435.3643081265384
 20
-8.791930109488568
 30
-25.48756561200975
  0
VERTEX
  5
11C8
  8
DEFAULT
 10
-435.2937119035842
 20
-8.720772958841971
 30
-25.48756561200975
  0
VERTEX
  5
11C9
  8
DEFAULT
 10
-435.2243555722503
 20
-8.6481069351237
 30
-25.48756561200975
  0
VERTEX
  5
11CA
  8
DEFAULT
 10
-435.1562243372467
 20
-8.573946454118392
 30
-25.48756561200975
  0
VERTEX
  5
11CB
  8
DEFAULT
 10
-435.0893008747344
 20
-8.498309051681744
 30
-25.48756561200975
  0
VERTEX
  5
11CC
  8
DEFAULT
 10
-435.023565319374
 20
-8.421215430046663
 30
-25.48756561200975
  0
VERTEX
  5
11CD
  8
DEFAULT
 10
-434.8955656835413
 20
-8.262758447836054
 30
-25.48756561200975
  0
VERTEX
  5
11CE
  8
DEFAULT
 10
-434.7720151848775
 20
-8.098806212529063
 30
-25.48756561200975
  0
VERTEX
  5
11CF
  8
DEFAULT
 10
-434.6526620856235
 20
-7.92964305479903
 30
-25.48756561200975
  0
VERTEX
  5
11D0
  8
DEFAULT
 10
-434.5372127406916
 20
-7.755608412747777
 30
-25.48756561200975
  0
VERTEX
  5
11D1
  8
DEFAULT
 10
-434.425331183225
 20
-7.577098313703234
 30
-25.48756561200975
  0
VERTEX
  5
11D2
  8
DEFAULT
 10
-434.3166387101562
 20
-7.394566856017061
 30
-25.48756561200975
  0
VERTEX
  5
11D3
  8
DEFAULT
 10
-434.2107134677673
 20
-7.208527690862281
 30
-25.48756561200975
  0
VERTEX
  5
11D4
  8
DEFAULT
 10
-433.8047142491658
 20
-6.441734308432413
 30
-25.48756561200975
  0
VERTEX
  5
11D5
  8
DEFAULT
 10
-432.7448131007883
 20
-4.384076719393128
 30
-25.48756561200975
  0
VERTEX
  5
11D6
  8
DEFAULT
 10
-432.7448131007884
 20
-4.240022587531582
 30
-25.48756561200975
  0
VERTEX
  5
11D7
  8
DEFAULT
 10
-432.7837350026482
 20
-3.963745753046671
 30
-25.48756561200975
 42
0.3344103804784956
  0
VERTEX
  5
11D8
  8
DEFAULT
 10
-433.7448131007884
 20
-3.240022587531581
 30
-25.48756561200975
  0
VERTEX
  5
11D9
  8
DEFAULT
 10
-435.2935047149658
 20
-3.240022587531612
 30
-25.48756561200975
  0
VERTEX
  5
11DA
  8
DEFAULT
 10
-435.2935047149658
 20
4.005314719956477
 30
-25.48756561200975
  0
VERTEX
  5
11DB
  8
DEFAULT
 10
-432.2935047149658
 20
4.005314719956482
 30
-25.48756561200975
  0
VERTEX
  5
11DC
  8
DEFAULT
 10
-432.2935047149658
 20
0.6172289984953383
 30
-25.48756561200975
 42
0.7865477731297799
  0
SEQEND
  5
11DD
  8
DEFAULT
  0
POLYLINE
  5
11DE
  8
DEFAULT
 66
     1
 10
0.0
 20
0.0
 30
-25.48756561200975
 70
     1
  0
VERTEX
  5
11DF
  8
DEFAULT
 10
-475.546272528589
 20
1.498403345711424
 30
-25.48756561200975
 42
0.9999999999999617
  0
VERTEX
  5
11E0
  8
DEFAULT
 10
-475.546272528589
 20
-1.498403345711424
 30
-25.48756561200975
  0
VERTEX
  5
11E1
  8
DEFAULT
 10
-474.2564411078106
 20
-1.498403345711438
 30
-25.48756561200975
 42
1.000000000000038
  0
VERTEX
  5
11E2
  8
DEFAULT
 10
-474.2564411078106
 20
1.498403345711438
 30
-25.48756561200975
  0
SEQEND
  5
11E3
  8
DEFAULT
  0
POLYLINE
  5
11E4
  8
DEFAULT
 66
     1
 10
0.0
 20
0.0
 30
-25.48756561200975
 70
     1
  0
VERTEX
  5
11E5
  8
DEFAULT
 10
-445.5138662865388
 20
1.498403345711424
 30
-25.48756561200975
 42
0.9999999999999617
  0
VERTEX
  5
11E6
  8
DEFAULT
 10
-445.5138662865388
 20
-1.498403345711424
 30
-25.48756561200975
  0
VERTEX
  5
11E7
  8
DEFAULT
 10
-444.2711969645025
 20
-1.498403345711438
 30
-25.48756561200975
 42
1.000000000000095
  0
VERTEX
  5
11E8
  8
DEFAULT
 10
-444.2711969645025
 20
1.498403345711438
 30
-25.48756561200975
  0
SEQEND
  5
11E9
  8
DEFAULT
  0
POLYLINE
  5
11EA
  8
DEFAULT
 66
     1
 10
0.0
 20
0.0
 30
-25.48756561200975
 70
     1
  0
VERTEX
  5
11EB
  8
DEFAULT
 10
-447.9435616216931
 20
5.99990142186482
 30
-25.48756561200975
  0
VERTEX
  5
11EC
  8
DEFAULT
 10
-471.1197235846974
 20
5.999901421864834
 30
-25.48756561200975
  0
VERTEX
  5
11ED
  8
DEFAULT
 10
-471.1197235846974
 20
-6.000097624460864
 30
-25.48756561200975
  0
VERTEX
  5
11EE
  8
DEFAULT
 10
-447.9435616216931
 20
-6.000097624460864
 30
-25.48756561200975
  0
SEQEND
  5
11EF
  8
DEFAULT
  0
POLYLINE
  5
11F0
  8
DEFAULT
 66
     1
 10
0.0
 20
0.0
 30
-25.48756561200975
 70
     1
  0
VERTEX
  5
11F1
  8
DEFAULT
 10
-480.2935047149659
 20
2.759977412468373
 30
-25.48756561200975
  0
VERTEX
  5
11F2
  8
DEFAULT
 10
-483.2935047149659
 20
2.759977412468388
 30
-25.48756561200975
  0
VERTEX
  5
11F3
  8
DEFAULT
 10
-483.2935047149659
 20
10.00531471995648
 30
-25.48756561200975
  0
VERTEX
  5
11F4
  8
DEFAULT
 10
-480.2935047149659
 20
10.00531471995648
 30
-25.48756561200975
  0
SEQEND
  5
11F5
  8
DEFAULT
  0
POLYLINE
  5
11F6
  8
DEFAULT
 66
     1
 10
0.0
 20
0.0
 30
-25.48756561200975
 70
     1
  0
VERTEX
  5
11F7
  8
DEFAULT
 10
-467.3231484306752
 20
8.759977412468373
 30
-25.48756561200975
  0
VERTEX
  5
11F8
  8
DEFAULT
 10
-467.3231484306752
 20
11.75997741246837
 30
-25.48756561200975
  0
VERTEX
  5
11F9
  8
DEFAULT
 10
-452.5092001124399
 20
11.75997741246837
 30
-25.48756561200975
  0
VERTEX
  5
11FA
  8
DEFAULT
 10
-452.5092001124399
 20
8.759977412468388
 30
-25.48756561200975
  0
SEQEND
  5
11FB
  8
DEFAULT
  0
POLYLINE
  5
11FC
  8
DEFAULT
 66
     1
 10
0.0
 20
0.0
 30
-25.48756561200975
 70
     1
  0
VERTEX
  5
11FD
  8
DEFAULT
 10
-412.5000000000002
 20
39.38018187015541
 30
-25.48756561200975
  0
VERTEX
  5
11FE
  8
DEFAULT
 10
-409.5000000000002
 20
39.38018187015541
 30
-25.48756561200975
  0
VERTEX
  5
11FF
  8
DEFAULT
 10
-409.5000000000002
 20
45.7757924722971
 30
-25.48756561200975
  0
VERTEX
  5
1200
  8
DEFAULT
 10
-412.5000000000002
 20
45.7757924722971
 30
-25.48756561200975
  0
SEQEND
  5
1201
  8
DEFAULT
  0
POLYLINE
  5
1202
  8
DEFAULT
 66
     1
 10
0.0
 20
0.0
 30
-25.48756561200975
 70
     1
  0
VERTEX
  5
1203
  8
DEFAULT
 10
-412.5000000000002
 20
28.36981812984402
 30
-25.48756561200975
  0
VERTEX
  5
1204
  8
DEFAULT
 10
-409.5000000000002
 20
28.36981812984402
 30
-25.48756561200975
  0
VERTEX
  5
1205
  8
DEFAULT
 10
-409.5000000000002
 20
23.37499999999977
 30
-25.48756561200975
  0
VERTEX
  5
1206
  8
DEFAULT
 10
-412.5000000000002
 20
23.37499999999977
 30
-25.48756561200975
  0
SEQEND
  5
1207
  8
DEFAULT
  0
POLYLINE
  5
1208
  8
DEFAULT
 66
     1
 10
0.0
 20
0.0
 30
-25.48756561200975
 70
     1
  0
VERTEX
  5
1209
  8
DEFAULT
 10
-422.5494989479198
 20
23.37499999999977
 30
-25.48756561200975
  0
VERTEX
  5
120A
  8
DEFAULT
 10
-422.85442014969
 20
23.37613562876322
 30
-25.48756561200975
  0
VERTEX
  5
120B
  8
DEFAULT
 10
-423.1513518516641
 20
23.38379196462
 30
-25.48756561200975
  0
VERTEX
  5
120C
  8
DEFAULT
 10
-423.2945914252211
 20
23.39188560913367
 30
-25.48756561200975
  0
VERTEX
  5
120D
  8
DEFAULT
 10
-423.4332920203125
 20
23.40368378457326
 30
-25.48756561200975
  0
VERTEX
  5
120E
  8
DEFAULT
 10
-423.5007166534388
 20
23.41115452182796
 30
-25.48756561200975
  0
VERTEX
  5
120F
  8
DEFAULT
 10
-423.5667467008607
 20
23.41976346361698
 30
-25.48756561200975
  0
VERTEX
  5
1210
  8
DEFAULT
 10
-423.6313043154504
 20
23.42957414562216
 30
-25.48756561200975
  0
VERTEX
  5
1211
  8
DEFAULT
 10
-423.6943158580336
 20
23.44064666916415
 30
-25.48756561200975
  0
VERTEX
  5
1212
  8
DEFAULT
 10
-423.755711897388
 20
23.4530377012024
 30
-25.48756561200975
  0
VERTEX
  5
1213
  8
DEFAULT
 10
-423.8154272102448
 20
23.46680047433521
 30
-25.48756561200975
  0
VERTEX
  5
1214
  8
DEFAULT
 10
-423.8734007812876
 20
23.48198478679968
 30
-25.48756561200975
  0
VERTEX
  5
1215
  8
DEFAULT
 10
-423.9295758031532
 20
23.49863700247174
 30
-25.48756561200975
  0
VERTEX
  5
1216
  8
DEFAULT
 10
-423.9569722564555
 20
23.50752712363871
 30
-25.48756561200975
  0
VERTEX
  5
1217
  8
DEFAULT
 10
-423.983899676431
 20
23.51680005086614
 30
-25.48756561200975
  0
VERTEX
  5
1218
  8
DEFAULT
 10
-424.0103521456457
 20
23.52646061372443
 30
-25.48756561200975
  0
VERTEX
  5
1219
  8
DEFAULT
 10
-424.0363240096633
 20
23.53651342713643
 30
-25.48756561200975
  0
VERTEX
  5
121A
  8
DEFAULT
 10
-424.061809877044
 20
23.5469628913774
 30
-25.48756561200975
  0
VERTEX
  5
121B
  8
DEFAULT
 10
-424.0868046193452
 20
23.55781319207503
 30
-25.48756561200975
  0
VERTEX
  5
121C
  8
DEFAULT
 10
-424.1113033711217
 20
23.56906830020942
 30
-25.48756561200975
  0
VERTEX
  5
121D
  8
DEFAULT
 10
-424.1353015299249
 20
23.58073197211312
 30
-25.48756561200975
  0
VERTEX
  5
121E
  8
DEFAULT
 10
-424.1587947563035
 20
23.5928077494711
 30
-25.48756561200975
  0
VERTEX
  5
121F
  8
DEFAULT
 10
-424.1817789738031
 20
23.60529895932074
 30
-25.48756561200975
  0
VERTEX
  5
1220
  8
DEFAULT
 10
-424.2042503689664
 20
23.61820871405187
 30
-25.48756561200975
  0
VERTEX
  5
1221
  8
DEFAULT
 10
-424.2262053913334
 20
23.63153991140674
 30
-25.48756561200975
  0
VERTEX
  5
1222
  8
DEFAULT
 10
-424.2476407534407
 20
23.64529523448001
 30
-25.48756561200975
  0
VERTEX
  5
1223
  8
DEFAULT
 10
-424.2685534308225
 20
23.65947715171878
 30
-25.48756561200975
  0
VERTEX
  5
1224
  8
DEFAULT
 10
-424.2889406620094
 20
23.67408791692258
 30
-25.48756561200975
  0
VERTEX
  5
1225
  8
DEFAULT
 10
-424.3087999485297
 20
23.68912956924336
 30
-25.48756561200975
  0
VERTEX
  5
1226
  8
DEFAULT
 10
-424.3281290549082
 20
23.70460393318549
 30
-25.48756561200975
  0
VERTEX
  5
1227
  8
DEFAULT
 10
-424.3469260086671
 20
23.72051261860578
 30
-25.48756561200975
  0
VERTEX
  5
1228
  8
DEFAULT
 10
-424.3651891003257
 20
23.73685702071345
 30
-25.48756561200975
  0
VERTEX
  5
1229
  8
DEFAULT
 10
-424.3829168834
 20
23.75363832007017
 30
-25.48756561200975
  0
VERTEX
  5
122A
  8
DEFAULT
 10
-424.4001081744033
 20
23.77085748259001
 30
-25.48756561200975
  0
VERTEX
  5
122B
  8
DEFAULT
 10
-424.416762052846
 20
23.78851525953948
 30
-25.48756561200975
  0
VERTEX
  5
122C
  8
DEFAULT
 10
-424.4328778612354
 20
23.80661218753752
 30
-25.48756561200975
  0
VERTEX
  5
122D
  8
DEFAULT
 10
-424.448455205076
 20
23.82514858855549
 30
-25.48756561200975
  0
VERTEX
  5
122E
  8
DEFAULT
 10
-424.4634939528692
 20
23.84412456991716
 30
-25.48756561200975
  0
VERTEX
  5
122F
  8
DEFAULT
 10
-424.4779942361136
 20
23.86354002429877
 30
-25.48756561200975
  0
VERTEX
  5
1230
  8
DEFAULT
 10
-424.4919564493048
 20
23.88339462972894
 30
-25.48756561200975
  0
VERTEX
  5
1231
  8
DEFAULT
 10
-424.5053812499352
 20
23.90368784958875
 30
-25.48756561200975
  0
VERTEX
  5
1232
  8
DEFAULT
 10
-424.5182695584948
 20
23.92441893261168
 30
-25.48756561200975
  0
VERTEX
  5
1233
  8
DEFAULT
 10
-424.5306225584701
 20
23.94558691288364
 30
-25.48756561200975
  0
VERTEX
  5
1234
  8
DEFAULT
 10
-424.542441696345
 20
23.967190609843
 30
-25.48756561200975
  0
VERTEX
  5
1235
  8
DEFAULT
 10
-424.5537286816003
 20
23.98922862828051
 30
-25.48756561200975
  0
VERTEX
  5
1236
  8
DEFAULT
 10
-424.5644854867139
 20
24.01169935833938
 30
-25.48756561200975
  0
VERTEX
  5
1237
  8
DEFAULT
 10
-424.5747143471608
 20
24.03460097551523
 30
-25.48756561200975
  0
VERTEX
  5
1238
  8
DEFAULT
 10
-424.584417761413
 20
24.05793144065609
 30
-25.48756561200975
  0
VERTEX
  5
1239
  8
DEFAULT
 10
-424.5935984909394
 20
24.08168849996247
 30
-25.48756561200975
  0
VERTEX
  5
123A
  8
DEFAULT
 10
-424.6022595602062
 20
24.10586968498725
 30
-25.48756561200975
  0
VERTEX
  5
123B
  8
DEFAULT
 10
-424.6104042566766
 20
24.13047231263576
 30
-25.48756561200975
  0
VERTEX
  5
123C
  8
DEFAULT
 10
-424.6180361308109
 20
24.15549348516576
 30
-25.48756561200975
  0
VERTEX
  5
123D
  8
DEFAULT
 10
-424.6251589960662
 20
24.18093009018743
 30
-25.48756561200975
  0
VERTEX
  5
123E
  8
DEFAULT
 10
-424.6317769288968
 20
24.20677880066337
 30
-25.48756561200975
  0
VERTEX
  5
123F
  8
DEFAULT
 10
-424.6378942687543
 20
24.23303607490863
 30
-25.48756561200975
  0
VERTEX
  5
1240
  8
DEFAULT
 10
-424.6435156180868
 20
24.25969815659065
 30
-25.48756561200975
  0
VERTEX
  5
1241
  8
DEFAULT
 10
-424.6486458423399
 20
24.28676107472932
 30
-25.48756561200975
  0
VERTEX
  5
1242
  8
DEFAULT
 10
-424.6532900699562
 20
24.31422064369696
 30
-25.48756561200975
  0
VERTEX
  5
1243
  8
DEFAULT
 10
-424.6574536923753
 20
24.34207246321831
 30
-25.48756561200975
  0
VERTEX
  5
1244
  8
DEFAULT
 10
-424.6611423640337
 20
24.37031191837053
 30
-25.48756561200975
  0
VERTEX
  5
1245
  8
DEFAULT
 10
-424.6643620023651
 20
24.3989341795832
 30
-25.48756561200975
  0
VERTEX
  5
1246
  8
DEFAULT
 10
-424.6694191637672
 20
24.45730672867043
 30
-25.48756561200975
  0
VERTEX
  5
1247
  8
DEFAULT
 10
-424.672677775992
 20
24.51714718096525
 30
-25.48756561200975
  0
VERTEX
  5
1248
  8
DEFAULT
 10
-424.674194646403
 20
24.57840917259173
 30
-25.48756561200975
  0
VERTEX
  5
1249
  8
DEFAULT
 10
-424.6740307903161
 20
24.64104290531277
 30
-25.48756561200975
  0
VERTEX
  5
124A
  8
DEFAULT
 10
-424.6722514310007
 20
24.70499514653008
 30
-25.48756561200975
  0
VERTEX
  5
124B
  8
DEFAULT
 10
-424.6689259996785
 20
24.77020922928419
 30
-25.48756561200975
  0
VERTEX
  5
124C
  8
DEFAULT
 10
-424.6641281355243
 20
24.83662505225447
 30
-25.48756561200975
  0
VERTEX
  5
124D
  8
DEFAULT
 10
-424.6579356856657
 20
24.90417907975907
 30
-25.48756561200975
  0
VERTEX
  5
124E
  8
DEFAULT
 10
-424.6416994571097
 20
25.04243043383806
 30
-25.48756561200975
  0
VERTEX
  5
124F
  8
DEFAULT
 10
-424.6209242500879
 20
25.18438631884297
 30
-25.48756561200975
  0
VERTEX
  5
1250
  8
DEFAULT
 10
-424.5689212811845
 20
25.47682904202336
 30
-25.48756561200975
  0
VERTEX
  5
1251
  8
DEFAULT
 10
-424.5089288124849
 20
25.7757924722971
 30
-25.48756561200975
  0
VERTEX
  5
1252
  8
DEFAULT
 10
-416.3271106306668
 20
65.7757924722971
 30
-25.48756561200975
  0
VERTEX
  5
1253
  8
DEFAULT
 10
-416.2856044088479
 20
65.9749369521796
 30
-25.48756561200975
  0
VERTEX
  5
1254
  8
DEFAULT
 10
-416.2405531563379
 20
66.16973788134297
 30
-25.48756561200975
  0
VERTEX
  5
1255
  8
DEFAULT
 10
-416.2157085721554
 20
66.26429704150407
 30
-25.48756561200975
  0
VERTEX
  5
1256
  8
DEFAULT
 10
-416.1888499923064
 20
66.35638855241532
 30
-25.48756561200975
  0
VERTEX
  5
1257
  8
DEFAULT
 10
-416.1745662634755
 20
66.40138740615157
 30
-25.48756561200975
  0
VERTEX
  5
1258
  8
DEFAULT
 10
-416.1596637413223
 20
66.44562808304396
 30
-25.48756561200975
  0
VERTEX
  5
1259
  8
DEFAULT
 10
-416.1441078842028
 20
66.4890682609252
 30
-25.48756561200975
  0
VERTEX
  5
125A
  8
DEFAULT
 10
-416.1278660175889
 20
66.53166790531276
 30
-25.48756561200975
  0
VERTEX
  5
125B
  8
DEFAULT
 10
-416.1109073340687
 20
66.57338926940874
 30
-25.48756561200975
  0
VERTEX
  5
125C
  8
DEFAULT
 10
-416.093202893346
 20
66.61419689409999
 30
-25.48756561200975
  0
VERTEX
  5
125D
  8
DEFAULT
 10
-416.0747256222404
 20
66.65405760795812
 30
-25.48756561200975
  0
VERTEX
  5
125E
  8
DEFAULT
 10
-416.0554503146876
 20
66.69294052723943
 30
-25.48756561200975
  0
VERTEX
  5
125F
  8
DEFAULT
 10
-416.0353536317389
 20
66.73081705588493
 30
-25.48756561200975
  0
VERTEX
  5
1260
  8
DEFAULT
 10
-416.0144141015618
 20
66.76766088552031
 30
-25.48756561200975
  0
VERTEX
  5
1261
  8
DEFAULT
 10
-415.9926121194393
 20
66.8034479954561
 30
-25.48756561200975
  0
VERTEX
  5
1262
  8
DEFAULT
 10
-415.9699299477708
 20
66.83815665268742
 30
-25.48756561200975
  0
VERTEX
  5
1263
  8
DEFAULT
 10
-415.9463517160711
 20
66.87176741189415
 30
-25.48756561200975
  0
VERTEX
  5
1264
  8
DEFAULT
 10
-415.921863420971
 20
66.90426311544095
 30
-25.48756561200975
  0
VERTEX
  5
1265
  8
DEFAULT
 10
-415.9092741341325
 20
66.9200880851196
 30
-25.48756561200975
  0
VERTEX
  5
1266
  8
DEFAULT
 10
-415.8964529262174
 20
66.93562889337713
 30
-25.48756561200975
  0
VERTEX
  5
1267
  8
DEFAULT
 10
-415.8833985719309
 20
66.95088403892045
 30
-25.48756561200975
  0
VERTEX
  5
1268
  8
DEFAULT
 10
-415.8701099626729
 20
66.96585216343674
 30
-25.48756561200975
  0
VERTEX
  5
1269
  8
DEFAULT
 10
-415.8565861065381
 20
66.98053205159349
 30
-25.48756561200975
  0
VERTEX
  5
126A
  8
DEFAULT
 10
-415.8428261283159
 20
66.99492263103852
 30
-25.48756561200975
  0
VERTEX
  5
126B
  8
DEFAULT
 10
-415.8288292694906
 20
67.00902297239989
 30
-25.48756561200975
  0
VERTEX
  5
126C
  8
DEFAULT
 10
-415.8145948882411
 20
67.02283228928599
 30
-25.48756561200975
  0
VERTEX
  5
126D
  8
DEFAULT
 10
-415.8001224594408
 20
67.0363499382855
 30
-25.48756561200975
  0
VERTEX
  5
126E
  8
DEFAULT
 10
-415.7854115746584
 20
67.04957541896735
 30
-25.48756561200975
  0
VERTEX
  5
126F
  8
DEFAULT
 10
-415.770461942157
 20
67.06250837388082
 30
-25.48756561200975
  0
VERTEX
  5
1270
  8
DEFAULT
 10
-415.7552733868943
 20
67.07514858855546
 30
-25.48756561200975
  0
VERTEX
  5
1271
  8
DEFAULT
 10
-415.7398458505231
 20
67.08749599150117
 30
-25.48756561200975
  0
VERTEX
  5
1272
  8
DEFAULT
 10
-415.7241793913907
 20
67.09955065420804
 30
-25.48756561200975
  0
VERTEX
  5
1273
  8
DEFAULT
 10
-415.7082741845393
 20
67.11131279114655
 30
-25.48756561200975
  0
VERTEX
  5
1274
  8
DEFAULT
 10
-415.6921305217056
 20
67.12278275976742
 30
-25.48756561200975
  0
VERTEX
  5
1275
  8
DEFAULT
 10
-415.6757488113213
 20
67.13396106050169
 30
-25.48756561200975
  0
VERTEX
  5
1276
  8
DEFAULT
 10
-415.6591295785129
 20
67.14484833676067
 30
-25.48756561200975
  0
VERTEX
  5
1277
  8
DEFAULT
 10
-415.6422734651012
 20
67.15544537493601
 30
-25.48756561200975
  0
VERTEX
  5
1278
  8
DEFAULT
 10
-415.6251812296022
 20
67.1657531043996
 30
-25.48756561200975
  0
VERTEX
  5
1279
  8
DEFAULT
 10
-415.6078537472264
 20
67.17577259750365
 30
-25.48756561200975
  0
VERTEX
  5
127A
  8
DEFAULT
 10
-415.590292009879
 20
67.1855050695807
 30
-25.48756561200975
  0
VERTEX
  5
127B
  8
DEFAULT
 10
-415.5724971261603
 20
67.19495187894353
 30
-25.48756561200975
  0
VERTEX
  5
127C
  8
DEFAULT
 10
-415.554470321365
 20
67.20411452688523
 30
-25.48756561200975
  0
VERTEX
  5
127D
  8
DEFAULT
 10
-415.5177264331974
 20
67.22159405857916
 30
-25.48756561200975
  0
VERTEX
  5
127E
  8
DEFAULT
 10
-415.4800724816296
 20
67.23795853461311
 30
-25.48756561200975
  0
VERTEX
  5
127F
  8
DEFAULT
 10
-415.4415224700305
 20
67.25322511262249
 30
-25.48756561200975
  0
VERTEX
  5
1280
  8
DEFAULT
 10
-415.4020922688853
 20
67.26741323792744
 30
-25.48756561200975
  0
VERTEX
  5
1281
  8
DEFAULT
 10
-415.3617996157947
 20
67.28054464353274
 30
-25.48756561200975
  0
VERTEX
  5
1282
  8
DEFAULT
 10
-415.3206641154758
 20
67.29264335012796
 30
-25.48756561200975
  0
VERTEX
  5
1283
  8
DEFAULT
 10
-415.2787072397609
 20
67.30373566608736
 30
-25.48756561200975
  0
VERTEX
  5
1284
  8
DEFAULT
 10
-415.2359523275989
 20
67.31385018746994
 30
-25.48756561200975
  0
VERTEX
  5
1285
  8
DEFAULT
 10
-415.1924245850539
 20
67.3230177980194
 30
-25.48756561200975
  0
VERTEX
  5
1286
  8
DEFAULT
 10
-415.1481510853064
 20
67.33127166916412
 30
-25.48756561200975
  0
VERTEX
  5
1287
  8
DEFAULT
 10
-415.1031607686525
 20
67.33864726001727
 30
-25.48756561200975
  0
VERTEX
  5
1288
  8
DEFAULT
 10
-415.0574844425045
 20
67.34518231737673
 30
-25.48756561200975
  0
VERTEX
  5
1289
  8
DEFAULT
 10
-415.01115478139
 20
67.35091687572503
 30
-25.48756561200975
  0
VERTEX
  5
128A
  8
DEFAULT
 10
-414.9642063269532
 20
67.3558932572295
 30
-25.48756561200975
  0
VERTEX
  5
128B
  8
DEFAULT
 10
-414.8686005402669
 20
67.36375221679968
 30
-25.48756561200975
  0
VERTEX
  5
128C
  8
DEFAULT
 10
-414.7709807579141
 20
67.36914352712
 30
-25.48756561200975
  0
VERTEX
  5
128D
  8
DEFAULT
 10
-414.5711032773535
 20
67.37424353891946
 30
-25.48756561200975
  0
VERTEX
  5
128E
  8
DEFAULT
 10
-414.3676807661017
 20
67.37499999999977
 30
-25.48756561200975
  0
VERTEX
  5
128F
  8
DEFAULT
 10
-407.632319233899
 20
67.37499999999966
 30
-25.48756561200975
  0
VERTEX
  5
1290
  8
DEFAULT
 10
-407.4288967226472
 20
67.37424353891934
 30
-25.48756561200975
  0
VERTEX
  5
1291
  8
DEFAULT
 10
-407.2290192420866
 20
67.36914352711989
 30
-25.48756561200975
  0
VERTEX
  5
1292
  8
DEFAULT
 10
-407.1313994597338
 20
67.36375221679957
 30
-25.48756561200975
  0
VERTEX
  5
1293
  8
DEFAULT
 10
-407.0357936730475
 20
67.35589325722941
 30
-25.48756561200975
  0
VERTEX
  5
1294
  8
DEFAULT
 10
-406.9888452186107
 20
67.35091687572495
 30
-25.48756561200975
  0
VERTEX
  5
1295
  8
DEFAULT
 10
-406.9425155574962
 20
67.34518231737664
 30
-25.48756561200975
  0
VERTEX
  5
1296
  8
DEFAULT
 10
-406.8968392313482
 20
67.33864726001718
 30
-25.48756561200975
  0
VERTEX
  5
1297
  8
DEFAULT
 10
-406.8518489146943
 20
67.33127166916405
 30
-25.48756561200975
  0
VERTEX
  5
1298
  8
DEFAULT
 10
-406.8075754149468
 20
67.32301779801934
 30
-25.48756561200975
  0
VERTEX
  5
1299
  8
DEFAULT
 10
-406.7640476724018
 20
67.31385018746991
 30
-25.48756561200975
  0
VERTEX
  5
129A
  8
DEFAULT
 10
-406.7212927602397
 20
67.30373566608733
 30
-25.48756561200975
  0
VERTEX
  5
129B
  8
DEFAULT
 10
-406.6793358845249
 20
67.29264335012792
 30
-25.48756561200975
  0
VERTEX
  5
129C
  8
DEFAULT
 10
-406.638200384206
 20
67.28054464353269
 30
-25.48756561200975
  0
VERTEX
  5
129D
  8
DEFAULT
 10
-406.5979077311154
 20
67.26741323792739
 30
-25.48756561200975
  0
VERTEX
  5
129E
  8
DEFAULT
 10
-406.5584775299702
 20
67.25322511262245
 30
-25.48756561200975
  0
VERTEX
  5
129F
  8
DEFAULT
 10
-406.5199275183711
 20
67.23795853461307
 30
-25.48756561200975
  0
VERTEX
  5
12A0
  8
DEFAULT
 10
-406.4822735668033
 20
67.22159405857911
 30
-25.48756561200975
  0
VERTEX
  5
12A1
  8
DEFAULT
 10
-406.4455296786356
 20
67.20411452688523
 30
-25.48756561200975
  0
VERTEX
  5
12A2
  8
DEFAULT
 10
-406.4275028738402
 20
67.19495187894353
 30
-25.48756561200975
  0
VERTEX
  5
12A3
  8
DEFAULT
 10
-406.4097079901215
 20
67.1855050695807
 30
-25.48756561200975
  0
VERTEX
  5
12A4
  8
DEFAULT
 10
-406.3921462527743
 20
67.17577259750365
 30
-25.48756561200975
  0
VERTEX
  5
12A5
  8
DEFAULT
 10
-406.3748187703984
 20
67.16575310439958
 30
-25.48756561200975
  0
VERTEX
  5
12A6
  8
DEFAULT
 10
-406.3577265348994
 20
67.155445374936
 30
-25.48756561200975
  0
VERTEX
  5
12A7
  8
DEFAULT
 10
-406.3408704214877
 20
67.14484833676067
 30
-25.48756561200975
  0
VERTEX
  5
12A8
  8
DEFAULT
 10
-406.3242511886792
 20
67.13396106050169
 30
-25.48756561200975
  0
VERTEX
  5
12A9
  8
DEFAULT
 10
-406.3078694782949
 20
67.12278275976743
 30
-25.48756561200975
  0
VERTEX
  5
12AA
  8
DEFAULT
 10
-406.2917258154613
 20
67.11131279114657
 30
-25.48756561200975
  0
VERTEX
  5
12AB
  8
DEFAULT
 10
-406.2758206086099
 20
67.09955065420807
 30
-25.48756561200975
  0
VERTEX
  5
12AC
  8
DEFAULT
 10
-406.2601541494775
 20
67.0874959915012
 30
-25.48756561200975
  0
VERTEX
  5
12AD
  8
DEFAULT
 10
-406.2447266131063
 20
67.07514858855549
 30
-25.48756561200975
  0
VERTEX
  5
12AE
  8
DEFAULT
 10
-406.2295380578437
 20
67.06250837388085
 30
-25.48756561200975
  0
VERTEX
  5
12AF
  8
DEFAULT
 10
-406.2145884253422
 20
67.04957541896738
 30
-25.48756561200975
  0
VERTEX
  5
12B0
  8
DEFAULT
 10
-406.1998775405598
 20
67.03634993828553
 30
-25.48756561200975
  0
VERTEX
  5
12B1
  8
DEFAULT
 10
-406.1854051117596
 20
67.02283228928604
 30
-25.48756561200975
  0
VERTEX
  5
12B2
  8
DEFAULT
 10
-406.1711707305101
 20
67.00902297239995
 30
-25.48756561200975
  0
VERTEX
  5
12B3
  8
DEFAULT
 10
-406.1571738716848
 20
66.99492263103858
 30
-25.48756561200975
  0
VERTEX
  5
12B4
  8
DEFAULT
 10
-406.1434138934626
 20
66.98053205159354
 30
-25.48756561200975
  0
VERTEX
  5
12B5
  8
DEFAULT
 10
-406.1298900373278
 20
66.9658521634368
 30
-25.48756561200975
  0
VERTEX
  5
12B6
  8
DEFAULT
 10
-406.1166014280698
 20
66.9508840389205
 30
-25.48756561200975
  0
VERTEX
  5
12B7
  8
DEFAULT
 10
-406.1035470737833
 20
66.93562889337719
 30
-25.48756561200975
  0
VERTEX
  5
12B8
  8
DEFAULT
 10
-406.0907258658681
 20
66.92008808511966
 30
-25.48756561200975
  0
VERTEX
  5
12B9
  8
DEFAULT
 10
-406.0781365790297
 20
66.90426311544101
 30
-25.48756561200975
  0
VERTEX
  5
12BA
  8
DEFAULT
 10
-406.0536482839296
 20
66.87176741189421
 30
-25.48756561200975
  0
VERTEX
  5
12BB
  8
DEFAULT
 10
-406.0300700522298
 20
66.83815665268749
 30
-25.48756561200975
  0
VERTEX
  5
12BC
  8
DEFAULT
 10
-406.0073878805612
 20
66.80344799545618
 30
-25.48756561200975
  0
VERTEX
  5
12BD
  8
DEFAULT
 10
-405.9855858984388
 20
66.76766088552041
 30
-25.48756561200975
  0
VERTEX
  5
12BE
  8
DEFAULT
 10
-405.9646463682616
 20
66.73081705588501
 30
-25.48756561200975
  0
VERTEX
  5
12BF
  8
DEFAULT
 10
-405.9445496853129
 20
66.69294052723953
 30
-25.48756561200975
  0
VERTEX
  5
12C0
  8
DEFAULT
 10
-405.9252743777602
 20
66.65405760795824
 30
-25.48756561200975
  0
VERTEX
  5
12C1
  8
DEFAULT
 10
-405.9067971066546
 20
66.6141968941001
 30
-25.48756561200975
  0
VERTEX
  5
12C2
  8
DEFAULT
 10
-405.8890926659319
 20
66.57338926940884
 30
-25.48756561200975
  0
VERTEX
  5
12C3
  8
DEFAULT
 10
-405.8721339824116
 20
66.53166790531284
 30
-25.48756561200975
  0
VERTEX
  5
12C4
  8
DEFAULT
 10
-405.8558921157978
 20
66.48906826092531
 30
-25.48756561200975
  0
VERTEX
  5
12C5
  8
DEFAULT
 10
-405.8403362586782
 20
66.44562808304403
 30
-25.48756561200975
  0
VERTEX
  5
12C6
  8
DEFAULT
 10
-405.825433736525
 20
66.40138740615163
 30
-25.48756561200975
  0
VERTEX
  5
12C7
  8
DEFAULT
 10
-405.8111500076942
 20
66.35638855241538
 30
-25.48756561200975
  0
VERTEX
  5
12C8
  8
DEFAULT
 10
-405.7842914278451
 20
66.26429704150414
 30
-25.48756561200975
  0
VERTEX
  5
12C9
  8
DEFAULT
 10
-405.7594468436627
 20
66.16973788134304
 30
-25.48756561200975
  0
VERTEX
  5
12CA
  8
DEFAULT
 10
-405.7143955911527
 20
65.97493695217965
 30
-25.48756561200975
  0
VERTEX
  5
12CB
  8
DEFAULT
 10
-405.6728893693338
 20
65.7757924722971
 30
-25.48756561200975
  0
VERTEX
  5
12CC
  8
DEFAULT
 10
-397.4910711875156
 20
25.7757924722971
 30
-25.48756561200975
  0
VERTEX
  5
12CD
  8
DEFAULT
 10
-397.431078718816
 20
25.4768290420234
 30
-25.48756561200975
  0
VERTEX
  5
12CE
  8
DEFAULT
 10
-397.3790757499127
 20
25.18438631884302
 30
-25.48756561200975
  0
VERTEX
  5
12CF
  8
DEFAULT
 10
-397.3583005428909
 20
25.04243043383812
 30
-25.48756561200975
  0
VERTEX
  5
12D0
  8
DEFAULT
 10
-397.3420643143349
 20
24.90417907975913
 30
-25.48756561200975
  0
VERTEX
  5
12D1
  8
DEFAULT
 10
-397.3358718644762
 20
24.83662505225454
 30
-25.48756561200975
  0
VERTEX
  5
12D2
  8
DEFAULT
 10
-397.331074000322
 20
24.77020922928427
 30
-25.48756561200975
  0
VERTEX
  5
12D3
  8
DEFAULT
 10
-397.3277485689998
 20
24.70499514653015
 30
-25.48756561200975
  0
VERTEX
  5
12D4
  8
DEFAULT
 10
-397.3259692096844
 20
24.64104290531285
 30
-25.48756561200975
  0
VERTEX
  5
12D5
  8
DEFAULT
 10
-397.3258053535976
 20
24.57840917259181
 30
-25.48756561200975
  0
VERTEX
  5
12D6
  8
DEFAULT
 10
-397.3273222240085
 20
24.51714718096532
 30
-25.48756561200975
  0
VERTEX
  5
12D7
  8
DEFAULT
 10
-397.3305808362333
 20
24.4573067286705
 30
-25.48756561200975
  0
VERTEX
  5
12D8
  8
DEFAULT
 10
-397.3356379976353
 20
24.39893417958328
 30
-25.48756561200975
  0
VERTEX
  5
12D9
  8
DEFAULT
 10
-397.3388576359668
 20
24.3703119183706
 30
-25.48756561200975
  0
VERTEX
  5
12DA
  8
DEFAULT
 10
-397.3425463076252
 20
24.34207246321838
 30
-25.48756561200975
  0
VERTEX
  5
12DB
  8
DEFAULT
 10
-397.3467099300443
 20
24.31422064369703
 30
-25.48756561200975
  0
VERTEX
  5
12DC
  8
DEFAULT
 10
-397.3513541576606
 20
24.28676107472939
 30
-25.48756561200975
  0
VERTEX
  5
12DD
  8
DEFAULT
 10
-397.3564843819138
 20
24.25969815659072
 30
-25.48756561200975
  0
VERTEX
  5
12DE
  8
DEFAULT
 10
-397.3621057312463
 20
24.2330360749087
 30
-25.48756561200975
  0
VERTEX
  5
12DF
  8
DEFAULT
 10
-397.3682230711037
 20
24.20677880066344
 30
-25.48756561200975
  0
VERTEX
  5
12E0
  8
DEFAULT
 10
-397.3748410039343
 20
24.1809300901875
 30
-25.48756561200975
  0
VERTEX
  5
12E1
  8
DEFAULT
 10
-397.3819638691896
 20
24.15549348516583
 30
-25.48756561200975
  0
VERTEX
  5
12E2
  8
DEFAULT
 10
-397.3895957433238
 20
24.13047231263583
 30
-25.48756561200975
  0
VERTEX
  5
12E3
  8
DEFAULT
 10
-397.3977404397942
 20
24.10586968498732
 30
-25.48756561200975
  0
VERTEX
  5
12E4
  8
DEFAULT
 10
-397.4064015090611
 20
24.08168849996254
 30
-25.48756561200975
  0
VERTEX
  5
12E5
  8
DEFAULT
 10
-397.4155822385876
 20
24.05793144065617
 30
-25.48756561200975
  0
VERTEX
  5
12E6
  8
DEFAULT
 10
-397.4252856528397
 20
24.03460097551529
 30
-25.48756561200975
  0
VERTEX
  5
12E7
  8
DEFAULT
 10
-397.4355145132867
 20
24.01169935833945
 30
-25.48756561200975
  0
VERTEX
  5
12E8
  8
DEFAULT
 10
-397.4462713184002
 20
23.98922862828058
 30
-25.48756561200975
  0
VERTEX
  5
12E9
  8
DEFAULT
 10
-397.4575583036556
 20
23.96719060984307
 30
-25.48756561200975
  0
VERTEX
  5
12EA
  8
DEFAULT
 10
-397.4693774415304
 20
23.94558691288371
 30
-25.48756561200975
  0
VERTEX
  5
12EB
  8
DEFAULT
 10
-397.4817304415057
 20
23.92441893261174
 30
-25.48756561200975
  0
VERTEX
  5
12EC
  8
DEFAULT
 10
-397.4946187500652
 20
23.90368784958881
 30
-25.48756561200975
  0
VERTEX
  5
12ED
  8
DEFAULT
 10
-397.5080435506957
 20
23.883394629729
 30
-25.48756561200975
  0
VERTEX
  5
12EE
  8
DEFAULT
 10
-397.5220057638869
 20
23.86354002429882
 30
-25.48756561200975
  0
VERTEX
  5
12EF
  8
DEFAULT
 10
-397.5365060471313
 20
23.84412456991722
 30
-25.48756561200975
  0
VERTEX
  5
12F0
  8
DEFAULT
 10
-397.5515447949244
 20
23.82514858855554
 30
-25.48756561200975
  0
VERTEX
  5
12F1
  8
DEFAULT
 10
-397.5671221387651
 20
23.80661218753757
 30
-25.48756561200975
  0
VERTEX
  5
12F2
  8
DEFAULT
 10
-397.5832379471545
 20
23.78851525953953
 30
-25.48756561200975
  0
VERTEX
  5
12F3
  8
DEFAULT
 10
-397.5998918255972
 20
23.77085748259006
 30
-25.48756561200975
  0
VERTEX
  5
12F4
  8
DEFAULT
 10
-397.6170831166005
 20
23.75363832007022
 30
-25.48756561200975
  0
VERTEX
  5
12F5
  8
DEFAULT
 10
-397.6348108996748
 20
23.7368570207135
 30
-25.48756561200975
  0
VERTEX
  5
12F6
  8
DEFAULT
 10
-397.6530739913333
 20
23.72051261860583
 30
-25.48756561200975
  0
VERTEX
  5
12F7
  8
DEFAULT
 10
-397.6718709450922
 20
23.70460393318554
 30
-25.48756561200975
  0
VERTEX
  5
12F8
  8
DEFAULT
 10
-397.6912000514708
 20
23.68912956924341
 30
-25.48756561200975
  0
VERTEX
  5
12F9
  8
DEFAULT
 10
-397.7110593379911
 20
23.67408791692262
 30
-25.48756561200975
  0
VERTEX
  5
12FA
  8
DEFAULT
 10
-397.7314465691779
 20
23.65947715171882
 30
-25.48756561200975
  0
VERTEX
  5
12FB
  8
DEFAULT
 10
-397.7523592465597
 20
23.64529523448005
 30
-25.48756561200975
  0
VERTEX
  5
12FC
  8
DEFAULT
 10
-397.7737946086671
 20
23.63153991140678
 30
-25.48756561200975
  0
VERTEX
  5
12FD
  8
DEFAULT
 10
-397.795749631034
 20
23.61820871405191
 30
-25.48756561200975
  0
VERTEX
  5
12FE
  8
DEFAULT
 10
-397.8182210261974
 20
23.60529895932078
 30
-25.48756561200975
  0
VERTEX
  5
12FF
  8
DEFAULT
 10
-397.841205243697
 20
23.59280774947113
 30
-25.48756561200975
  0
VERTEX
  5
1300
  8
DEFAULT
 10
-397.8646984700756
 20
23.58073197211316
 30
-25.48756561200975
  0
VERTEX
  5
1301
  8
DEFAULT
 10
-397.8886966288788
 20
23.56906830020945
 30
-25.48756561200975
  0
VERTEX
  5
1302
  8
DEFAULT
 10
-397.9131953806552
 20
23.55781319207506
 30
-25.48756561200975
  0
VERTEX
  5
1303
  8
DEFAULT
 10
-397.9381901229565
 20
23.54696289137743
 30
-25.48756561200975
  0
VERTEX
  5
1304
  8
DEFAULT
 10
-397.9636759903372
 20
23.53651342713646
 30
-25.48756561200975
  0
VERTEX
  5
1305
  8
DEFAULT
 10
-397.9896478543548
 20
23.52646061372446
 30
-25.48756561200975
  0
VERTEX
  5
1306
  8
DEFAULT
 10
-398.0161003235695
 20
23.51680005086616
 30
-25.48756561200975
  0
VERTEX
  5
1307
  8
DEFAULT
 10
-398.043027743545
 20
23.50752712363873
 30
-25.48756561200975
  0
VERTEX
  5
1308
  8
DEFAULT
 10
-398.0704241968473
 20
23.49863700247176
 30
-25.48756561200975
  0
VERTEX
  5
1309
  8
DEFAULT
 10
-398.1265992187129
 20
23.48198478679969
 30
-25.48756561200975
  0
VERTEX
  5
130A
  8
DEFAULT
 10
-398.1845727897557
 20
23.46680047433522
 30
-25.48756561200975
  0
VERTEX
  5
130B
  8
DEFAULT
 10
-398.2442881026124
 20
23.45303770120242
 30
-25.48756561200975
  0
VERTEX
  5
130C
  8
DEFAULT
 10
-398.3056841419669
 20
23.44064666916416
 30
-25.48756561200975
  0
VERTEX
  5
130D
  8
DEFAULT
 10
-398.36869568455
 20
23.42957414562217
 30
-25.48756561200975
  0
VERTEX
  5
130E
  8
DEFAULT
 10
-398.4332532991398
 20
23.41976346361698
 30
-25.48756561200975
  0
VERTEX
  5
130F
  8
DEFAULT
 10
-398.4992833465617
 20
23.41115452182796
 30
-25.48756561200975
  0
VERTEX
  5
1310
  8
DEFAULT
 10
-398.566707979688
 20
23.40368378457327
 30
-25.48756561200975
  0
VERTEX
  5
1311
  8
DEFAULT
 10
-398.7054085747794
 20
23.39188560913367
 30
-25.48756561200975
  0
VERTEX
  5
1312
  8
DEFAULT
 10
-398.8486481483365
 20
23.38379196462
 30
-25.48756561200975
  0
VERTEX
  5
1313
  8
DEFAULT
 10
-399.1455798503105
 20
23.37613562876322
 30
-25.48756561200975
  0
VERTEX
  5
1314
  8
DEFAULT
 10
-399.4505010520808
 20
23.37499999999977
 30
-25.48756561200975
  0
VERTEX
  5
1315
  8
DEFAULT
 10
-405.0000000000002
 20
23.37499999999977
 30
-25.48756561200975
  0
VERTEX
  5
1316
  8
DEFAULT
 10
-405.0000000000002
 20
20.62499999999977
 30
-25.48756561200975
  0
VERTEX
  5
1317
  8
DEFAULT
 10
-417.0000000000003
 20
20.62499999999977
 30
-25.48756561200975
  0
VERTEX
  5
1318
  8
DEFAULT
 10
-417.0000000000003
 20
23.37499999999977
 30
-25.48756561200975
  0
SEQEND
  5
1319
  8
DEFAULT
  0
CIRCLE
  5
131A
  8
DEFAULT
 10
-411.0000000000003
 20
62.37499999999977
 30
-25.48756561200975
 40
1.499999999999943
  0
CIRCLE
  5
131B
  8
DEFAULT
 10
-432.6743272334527
 20
25.62499999999983
 30
-25.48756561200975
 40
1.500000000000057
  0
POLYLINE
  5
131C
  8
DEFAULT
 66
     1
 10
0.0
 20
0.0
 30
-25.48756561200975
 70
     1
  0
VERTEX
  5
131D
  8
DEFAULT
 10
-421.1248282855335
 20
64.62499999999994
 30
-25.48756561200975
  0
VERTEX
  5
131E
  8
DEFAULT
 10
-420.8199070837632
 20
64.6238643712365
 30
-25.48756561200975
  0
VERTEX
  5
131F
  8
DEFAULT
 10
-420.5229753817892
 20
64.61620803537971
 30
-25.48756561200975
  0
VERTEX
  5
1320
  8
DEFAULT
 10
-420.3797358082322
 20
64.60811439086604
 30
-25.48756561200975
  0
VERTEX
  5
1321
  8
DEFAULT
 10
-420.2410352131408
 20
64.59631621542644
 30
-25.48756561200975
  0
VERTEX
  5
1322
  8
DEFAULT
 10
-420.1736105800145
 20
64.58884547817175
 30
-25.48756561200975
  0
VERTEX
  5
1323
  8
DEFAULT
 10
-420.1075805325926
 20
64.58023653638273
 30
-25.48756561200975
  0
VERTEX
  5
1324
  8
DEFAULT
 10
-420.0430229180028
 20
64.57042585437755
 30
-25.48756561200975
  0
VERTEX
  5
1325
  8
DEFAULT
 10
-419.9800113754197
 20
64.55935333083556
 30
-25.48756561200975
  0
VERTEX
  5
1326
  8
DEFAULT
 10
-419.9186153360652
 20
64.5469622987973
 30
-25.48756561200975
  0
VERTEX
  5
1327
  8
DEFAULT
 10
-419.8589000232085
 20
64.5331995256645
 30
-25.48756561200975
  0
VERTEX
  5
1328
  8
DEFAULT
 10
-419.8009264521657
 20
64.51801521320004
 30
-25.48756561200975
  0
VERTEX
  5
1329
  8
DEFAULT
 10
-419.7447514303001
 20
64.50136299752798
 30
-25.48756561200975
  0
VERTEX
  5
132A
  8
DEFAULT
 10
-419.7173549769978
 20
64.492472876361
 30
-25.48756561200975
  0
VERTEX
  5
132B
  8
DEFAULT
 10
-419.6904275570223
 20
64.48319994913358
 30
-25.48756561200975
  0
VERTEX
  5
132C
  8
DEFAULT
 10
-419.6639750878076
 20
64.47353938627526
 30
-25.48756561200975
  0
VERTEX
  5
132D
  8
DEFAULT
 10
-419.63800322379
 20
64.46348657286327
 30
-25.48756561200975
  0
VERTEX
  5
132E
  8
DEFAULT
 10
-419.6125173564093
 20
64.4530371086223
 30
-25.48756561200975
  0
VERTEX
  5
132F
  8
DEFAULT
 10
-419.587522614108
 20
64.44218680792468
 30
-25.48756561200975
  0
VERTEX
  5
1330
  8
DEFAULT
 10
-419.5630238623316
 20
64.4309316997903
 30
-25.48756561200975
  0
VERTEX
  5
1331
  8
DEFAULT
 10
-419.5390257035284
 20
64.4192680278866
 30
-25.48756561200975
  0
VERTEX
  5
1332
  8
DEFAULT
 10
-419.5155324771498
 20
64.40719225052864
 30
-25.48756561200975
  0
VERTEX
  5
1333
  8
DEFAULT
 10
-419.4925482596502
 20
64.39470104067897
 30
-25.48756561200975
  0
VERTEX
  5
1334
  8
DEFAULT
 10
-419.4700768644868
 20
64.38179128594784
 30
-25.48756561200975
  0
VERTEX
  5
1335
  8
DEFAULT
 10
-419.4481218421199
 20
64.36846008859297
 30
-25.48756561200975
  0
VERTEX
  5
1336
  8
DEFAULT
 10
-419.4266864800125
 20
64.3547047655197
 30
-25.48756561200975
  0
VERTEX
  5
1337
  8
DEFAULT
 10
-419.4057738026307
 20
64.34052284828093
 30
-25.48756561200975
  0
VERTEX
  5
1338
  8
DEFAULT
 10
-419.3853865714439
 20
64.32591208307713
 30
-25.48756561200975
  0
VERTEX
  5
1339
  8
DEFAULT
 10
-419.3655272849236
 20
64.31087043075635
 30
-25.48756561200975
  0
VERTEX
  5
133A
  8
DEFAULT
 10
-419.346198178545
 20
64.29539606681422
 30
-25.48756561200975
  0
VERTEX
  5
133B
  8
DEFAULT
 10
-419.3274012247861
 20
64.27948738139393
 30
-25.48756561200975
  0
VERTEX
  5
133C
  8
DEFAULT
 10
-419.3091381331276
 20
64.26314297928626
 30
-25.48756561200975
  0
VERTEX
  5
133D
  8
DEFAULT
 10
-419.2914103500533
 20
64.24636167992954
 30
-25.48756561200975
  0
VERTEX
  5
133E
  8
DEFAULT
 10
-419.27421905905
 20
64.22914251740971
 30
-25.48756561200975
  0
VERTEX
  5
133F
  8
DEFAULT
 10
-419.2575651806073
 20
64.21148474046024
 30
-25.48756561200975
  0
VERTEX
  5
1340
  8
DEFAULT
 10
-419.2414493722179
 20
64.19338781246219
 30
-25.48756561200975
  0
VERTEX
  5
1341
  8
DEFAULT
 10
-419.2258720283772
 20
64.17485141144422
 30
-25.48756561200975
  0
VERTEX
  5
1342
  8
DEFAULT
 10
-419.2108332805841
 20
64.15587543008255
 30
-25.48756561200975
  0
VERTEX
  5
1343
  8
DEFAULT
 10
-419.1963329973397
 20
64.13645997570094
 30
-25.48756561200975
  0
VERTEX
  5
1344
  8
DEFAULT
 10
-419.1823707841485
 20
64.11660537027076
 30
-25.48756561200975
  0
VERTEX
  5
1345
  8
DEFAULT
 10
-419.168945983518
 20
64.09631215041097
 30
-25.48756561200975
  0
VERTEX
  5
1346
  8
DEFAULT
 10
-419.1560576749585
 20
64.07558106738804
 30
-25.48756561200975
  0
VERTEX
  5
1347
  8
DEFAULT
 10
-419.1437046749832
 20
64.05441308711607
 30
-25.48756561200975
  0
VERTEX
  5
1348
  8
DEFAULT
 10
-419.1318855371082
 20
64.03280939015673
 30
-25.48756561200975
  0
VERTEX
  5
1349
  8
DEFAULT
 10
-419.120598551853
 20
64.0107713717192
 30
-25.48756561200975
  0
VERTEX
  5
134A
  8
DEFAULT
 10
-419.1098417467394
 20
63.98830064166033
 30
-25.48756561200975
  0
VERTEX
  5
134B
  8
DEFAULT
 10
-419.0996128862924
 20
63.96539902448448
 30
-25.48756561200975
  0
VERTEX
  5
134C
  8
DEFAULT
 10
-419.0899094720403
 20
63.94206855934361
 30
-25.48756561200975
  0
VERTEX
  5
134D
  8
DEFAULT
 10
-419.0807287425139
 20
63.91831150003724
 30
-25.48756561200975
  0
VERTEX
  5
134E
  8
DEFAULT
 10
-419.072067673247
 20
63.89413031501246
 30
-25.48756561200975
  0
VERTEX
  5
134F
  8
DEFAULT
 10
-419.0639229767766
 20
63.86952768736396
 30
-25.48756561200975
  0
VERTEX
  5
1350
  8
DEFAULT
 10
-419.0562911026424
 20
63.84450651483395
 30
-25.48756561200975
  0
VERTEX
  5
1351
  8
DEFAULT
 10
-419.0491682373871
 20
63.81906990981228
 30
-25.48756561200975
  0
VERTEX
  5
1352
  8
DEFAULT
 10
-419.0425503045565
 20
63.79322119933634
 30
-25.48756561200975
  0
VERTEX
  5
1353
  8
DEFAULT
 10
-419.036432964699
 20
63.76696392509109
 30
-25.48756561200975
  0
VERTEX
  5
1354
  8
DEFAULT
 10
-419.0308116153665
 20
63.74030184340907
 30
-25.48756561200975
  0
VERTEX
  5
1355
  8
DEFAULT
 10
-419.0256813911133
 20
63.71323892527039
 30
-25.48756561200975
  0
VERTEX
  5
1356
  8
DEFAULT
 10
-419.0210371634971
 20
63.68577935630275
 30
-25.48756561200975
  0
VERTEX
  5
1357
  8
DEFAULT
 10
-419.016873541078
 20
63.65792753678141
 30
-25.48756561200975
  0
VERTEX
  5
1358
  8
DEFAULT
 10
-419.0131848694196
 20
63.62968808162918
 30
-25.48756561200975
  0
VERTEX
  5
1359
  8
DEFAULT
 10
-419.0099652310881
 20
63.60106582041651
 30
-25.48756561200975
  0
VERTEX
  5
135A
  8
DEFAULT
 10
-419.0049080696861
 20
63.54269327132927
 30
-25.48756561200975
  0
VERTEX
  5
135B
  8
DEFAULT
 10
-419.0016494574612
 20
63.48285281903446
 30
-25.48756561200975
  0
VERTEX
  5
135C
  8
DEFAULT
 10
-419.0001325870503
 20
63.42159082740798
 30
-25.48756561200975
  0
VERTEX
  5
135D
  8
DEFAULT
 10
-419.0002964431371
 20
63.35895709468694
 30
-25.48756561200975
  0
VERTEX
  5
135E
  8
DEFAULT
 10
-419.0020758024525
 20
63.29500485346964
 30
-25.48756561200975
  0
VERTEX
  5
135F
  8
DEFAULT
 10
-419.0054012337747
 20
63.22979077071552
 30
-25.48756561200975
  0
VERTEX
  5
1360
  8
DEFAULT
 10
-419.0101990979289
 20
63.16337494774525
 30
-25.48756561200975
  0
VERTEX
  5
1361
  8
DEFAULT
 10
-419.0163915477876
 20
63.09582092024066
 30
-25.48756561200975
  0
VERTEX
  5
1362
  8
DEFAULT
 10
-419.0326277763436
 20
62.95756956616166
 30
-25.48756561200975
  0
VERTEX
  5
1363
  8
DEFAULT
 10
-419.0534029833653
 20
62.81561368115675
 30
-25.48756561200975
  0
VERTEX
  5
1364
  8
DEFAULT
 10
-419.1054059522687
 20
62.52317095797635
 30
-25.48756561200975
  0
VERTEX
  5
1365
  8
DEFAULT
 10
-419.1653984209684
 20
62.22420752770262
 30
-25.48756561200975
  0
VERTEX
  5
1366
  8
DEFAULT
 10
-427.3472166027864
 20
22.2242075277026
 30
-25.48756561200975
  0
VERTEX
  5
1367
  8
DEFAULT
 10
-427.3887228246052
 20
22.02506304782008
 30
-25.48756561200975
  0
VERTEX
  5
1368
  8
DEFAULT
 10
-427.4337740771152
 20
21.83026211865673
 30
-25.48756561200975
  0
VERTEX
  5
1369
  8
DEFAULT
 10
-427.4586186612977
 20
21.73570295849562
 30
-25.48756561200975
  0
VERTEX
  5
136A
  8
DEFAULT
 10
-427.4854772411468
 20
21.64361144758439
 30
-25.48756561200975
  0
VERTEX
  5
136B
  8
DEFAULT
 10
-427.4997609699776
 20
21.59861259384815
 30
-25.48756561200975
  0
VERTEX
  5
136C
  8
DEFAULT
 10
-427.5146634921308
 20
21.55437191695574
 30
-25.48756561200975
  0
VERTEX
  5
136D
  8
DEFAULT
 10
-427.5302193492504
 20
21.51093173907448
 30
-25.48756561200975
  0
VERTEX
  5
136E
  8
DEFAULT
 10
-427.5464612158642
 20
21.46833209468693
 30
-25.48756561200975
  0
VERTEX
  5
136F
  8
DEFAULT
 10
-427.5634198993844
 20
21.42661073059095
 30
-25.48756561200975
  0
VERTEX
  5
1370
  8
DEFAULT
 10
-427.5811243401072
 20
21.38580310589969
 30
-25.48756561200975
  0
VERTEX
  5
1371
  8
DEFAULT
 10
-427.5996016112127
 20
21.34594239204156
 30
-25.48756561200975
  0
VERTEX
  5
1372
  8
DEFAULT
 10
-427.6188769187655
 20
21.30705947276026
 30
-25.48756561200975
  0
VERTEX
  5
1373
  8
DEFAULT
 10
-427.6389736017142
 20
21.26918294411477
 30
-25.48756561200975
  0
VERTEX
  5
1374
  8
DEFAULT
 10
-427.6599131318914
 20
21.23233911447937
 30
-25.48756561200975
  0
VERTEX
  5
1375
  8
DEFAULT
 10
-427.6817151140138
 20
21.19655200454361
 30
-25.48756561200975
  0
VERTEX
  5
1376
  8
DEFAULT
 10
-427.7043972856823
 20
21.16184334731228
 30
-25.48756561200975
  0
VERTEX
  5
1377
  8
DEFAULT
 10
-427.727975517382
 20
21.12823258810553
 30
-25.48756561200975
  0
VERTEX
  5
1378
  8
DEFAULT
 10
-427.7524638124821
 20
21.09573688455873
 30
-25.48756561200975
  0
VERTEX
  5
1379
  8
DEFAULT
 10
-427.7650530993206
 20
21.07991191488008
 30
-25.48756561200975
  0
VERTEX
  5
137A
  8
DEFAULT
 10
-427.7778743072357
 20
21.06437110662255
 30
-25.48756561200975
  0
VERTEX
  5
137B
  8
DEFAULT
 10
-427.7909286615223
 20
21.04911596107925
 30
-25.48756561200975
  0
VERTEX
  5
137C
  8
DEFAULT
 10
-427.8042172707803
 20
21.03414783656295
 30
-25.48756561200975
  0
VERTEX
  5
137D
  8
DEFAULT
 10
-427.8177411269151
 20
21.01946794840619
 30
-25.48756561200975
  0
VERTEX
  5
137E
  8
DEFAULT
 10
-427.8315011051372
 20
21.00507736896116
 30
-25.48756561200975
  0
VERTEX
  5
137F
  8
DEFAULT
 10
-427.8454979639625
 20
20.99097702759979
 30
-25.48756561200975
  0
VERTEX
  5
1380
  8
DEFAULT
 10
-427.8597323452121
 20
20.9771677107137
 30
-25.48756561200975
  0
VERTEX
  5
1381
  8
DEFAULT
 10
-427.8742047740123
 20
20.96365006171421
 30
-25.48756561200975
  0
VERTEX
  5
1382
  8
DEFAULT
 10
-427.8889156587947
 20
20.95042458103236
 30
-25.48756561200975
  0
VERTEX
  5
1383
  8
DEFAULT
 10
-427.9038652912961
 20
20.93749162611888
 30
-25.48756561200975
  0
VERTEX
  5
1384
  8
DEFAULT
 10
-427.9190538465588
 20
20.92485141144423
 30
-25.48756561200975
  0
VERTEX
  5
1385
  8
DEFAULT
 10
-427.93448138293
 20
20.91250400849853
 30
-25.48756561200975
  0
VERTEX
  5
1386
  8
DEFAULT
 10
-427.9501478420624
 20
20.90044934579165
 30
-25.48756561200975
  0
VERTEX
  5
1387
  8
DEFAULT
 10
-427.9660530489139
 20
20.88868720885315
 30
-25.48756561200975
  0
VERTEX
  5
1388
  8
DEFAULT
 10
-427.9821967117475
 20
20.87721724023228
 30
-25.48756561200975
  0
VERTEX
  5
1389
  8
DEFAULT
 10
-427.9985784221318
 20
20.86603893949801
 30
-25.48756561200975
  0
VERTEX
  5
138A
  8
DEFAULT
 10
-428.0151976549403
 20
20.85515166323903
 30
-25.48756561200975
  0
VERTEX
  5
138B
  8
DEFAULT
 10
-428.0320537683519
 20
20.84455462506369
 30
-25.48756561200975
  0
VERTEX
  5
138C
  8
DEFAULT
 10
-428.049146003851
 20
20.8342468956001
 30
-25.48756561200975
  0
VERTEX
  5
138D
  8
DEFAULT
 10
-428.0664734862268
 20
20.82422740249604
 30
-25.48756561200975
  0
VERTEX
  5
138E
  8
DEFAULT
 10
-428.0840352235741
 20
20.81449493041899
 30
-25.48756561200975
  0
VERTEX
  5
138F
  8
DEFAULT
 10
-428.1018301072928
 20
20.80504812105617
 30
-25.48756561200975
  0
VERTEX
  5
1390
  8
DEFAULT
 10
-428.1198569120882
 20
20.79588547311446
 30
-25.48756561200975
  0
VERTEX
  5
1391
  8
DEFAULT
 10
-428.1566008002557
 20
20.77840594142054
 30
-25.48756561200975
  0
VERTEX
  5
1392
  8
DEFAULT
 10
-428.1942547518236
 20
20.76204146538659
 30
-25.48756561200975
  0
VERTEX
  5
1393
  8
DEFAULT
 10
-428.2328047634226
 20
20.7467748873772
 30
-25.48756561200975
  0
VERTEX
  5
1394
  8
DEFAULT
 10
-428.2722349645679
 20
20.73258676207226
 30
-25.48756561200975
  0
VERTEX
  5
1395
  8
DEFAULT
 10
-428.3125276176584
 20
20.71945535646694
 30
-25.48756561200975
  0
VERTEX
  5
1396
  8
DEFAULT
 10
-428.3536631179774
 20
20.70735664987172
 30
-25.48756561200975
  0
VERTEX
  5
1397
  8
DEFAULT
 10
-428.3956199936922
 20
20.69626433391231
 30
-25.48756561200975
  0
VERTEX
  5
1398
  8
DEFAULT
 10
-428.4383749058543
 20
20.68614981252973
 30
-25.48756561200975
  0
VERTEX
  5
1399
  8
DEFAULT
 10
-428.4819026483993
 20
20.67698220198029
 30
-25.48756561200975
  0
VERTEX
  5
139A
  8
DEFAULT
 10
-428.5261761481468
 20
20.66872833083556
 30
-25.48756561200975
  0
VERTEX
  5
139B
  8
DEFAULT
 10
-428.5711664648006
 20
20.66135273998239
 30
-25.48756561200975
  0
VERTEX
  5
139C
  8
DEFAULT
 10
-428.6168427909487
 20
20.65481768262295
 30
-25.48756561200975
  0
VERTEX
  5
139D
  8
DEFAULT
 10
-428.6631724520631
 20
20.64908312427464
 30
-25.48756561200975
  0
VERTEX
  5
139E
  8
DEFAULT
 10
-428.7101209064999
 20
20.64410674277018
 30
-25.48756561200975
  0
VERTEX
  5
139F
  8
DEFAULT
 10
-428.8057266931862
 20
20.6362477832
 30
-25.48756561200975
  0
VERTEX
  5
13A0
  8
DEFAULT
 10
-428.903346475539
 20
20.63085647287969
 30
-25.48756561200975
  0
VERTEX
  5
13A1
  8
DEFAULT
 10
-429.1032239560997
 20
20.62575646108022
 30
-25.48756561200975
  0
VERTEX
  5
13A2
  8
DEFAULT
 10
-429.3066464673515
 20
20.62499999999991
 30
-25.48756561200975
  0
VERTEX
  5
13A3
  8
DEFAULT
 10
-436.0420079995541
 20
20.62500000000001
 30
-25.48756561200975
  0
VERTEX
  5
13A4
  8
DEFAULT
 10
-436.2454305108059
 20
20.62575646108031
 30
-25.48756561200975
  0
VERTEX
  5
13A5
  8
DEFAULT
 10
-436.4453079913666
 20
20.63085647287977
 30
-25.48756561200975
  0
VERTEX
  5
13A6
  8
DEFAULT
 10
-436.5429277737194
 20
20.63624778320008
 30
-25.48756561200975
  0
VERTEX
  5
13A7
  8
DEFAULT
 10
-436.6385335604057
 20
20.64410674277025
 30
-25.48756561200975
  0
VERTEX
  5
13A8
  8
DEFAULT
 10
-436.6854820148425
 20
20.64908312427471
 30
-25.48756561200975
  0
VERTEX
  5
13A9
  8
DEFAULT
 10
-436.7318116759569
 20
20.65481768262301
 30
-25.48756561200975
  0
VERTEX
  5
13AA
  8
DEFAULT
 10
-436.777488002105
 20
20.66135273998245
 30
-25.48756561200975
  0
VERTEX
  5
13AB
  8
DEFAULT
 10
-436.8224783187588
 20
20.6687283308356
 30
-25.48756561200975
  0
VERTEX
  5
13AC
  8
DEFAULT
 10
-436.8667518185063
 20
20.67698220198033
 30
-25.48756561200975
  0
VERTEX
  5
13AD
  8
DEFAULT
 10
-436.9102795610513
 20
20.68614981252976
 30
-25.48756561200975
  0
VERTEX
  5
13AE
  8
DEFAULT
 10
-436.9530344732134
 20
20.69626433391233
 30
-25.48756561200975
  0
VERTEX
  5
13AF
  8
DEFAULT
 10
-436.9949913489282
 20
20.70735664987174
 30
-25.48756561200975
  0
VERTEX
  5
13B0
  8
DEFAULT
 10
-437.0361268492472
 20
20.71945535646696
 30
-25.48756561200975
  0
VERTEX
  5
13B1
  8
DEFAULT
 10
-437.0764195023377
 20
20.73258676207226
 30
-25.48756561200975
  0
VERTEX
  5
13B2
  8
DEFAULT
 10
-437.115849703483
 20
20.74677488737719
 30
-25.48756561200975
  0
VERTEX
  5
13B3
  8
DEFAULT
 10
-437.154399715082
 20
20.76204146538658
 30
-25.48756561200975
  0
VERTEX
  5
13B4
  8
DEFAULT
 10
-437.1920536666499
 20
20.77840594142053
 30
-25.48756561200975
  0
VERTEX
  5
13B5
  8
DEFAULT
 10
-437.2287975548175
 20
20.79588547311443
 30
-25.48756561200975
  0
VERTEX
  5
13B6
  8
DEFAULT
 10
-437.2468243596129
 20
20.80504812105613
 30
-25.48756561200975
  0
VERTEX
  5
13B7
  8
DEFAULT
 10
-437.2646192433316
 20
20.81449493041896
 30
-25.48756561200975
  0
VERTEX
  5
13B8
  8
DEFAULT
 10
-437.2821809806788
 20
20.824227402496
 30
-25.48756561200975
  0
VERTEX
  5
13B9
  8
DEFAULT
 10
-437.2995084630547
 20
20.83424689560006
 30
-25.48756561200975
  0
VERTEX
  5
13BA
  8
DEFAULT
 10
-437.3166006985538
 20
20.84455462506364
 30
-25.48756561200975
  0
VERTEX
  5
13BB
  8
DEFAULT
 10
-437.3334568119654
 20
20.85515166323897
 30
-25.48756561200975
  0
VERTEX
  5
13BC
  8
DEFAULT
 10
-437.3500760447739
 20
20.86603893949795
 30
-25.48756561200975
  0
VERTEX
  5
13BD
  8
DEFAULT
 10
-437.3664577551582
 20
20.87721724023221
 30
-25.48756561200975
  0
VERTEX
  5
13BE
  8
DEFAULT
 10
-437.3826014179919
 20
20.88868720885308
 30
-25.48756561200975
  0
VERTEX
  5
13BF
  8
DEFAULT
 10
-437.3985066248433
 20
20.90044934579158
 30
-25.48756561200975
  0
VERTEX
  5
13C0
  8
DEFAULT
 10
-437.4141730839756
 20
20.91250400849846
 30
-25.48756561200975
  0
VERTEX
  5
13C1
  8
DEFAULT
 10
-437.4296006203468
 20
20.92485141144415
 30
-25.48756561200975
  0
VERTEX
  5
13C2
  8
DEFAULT
 10
-437.4447891756095
 20
20.93749162611881
 30
-25.48756561200975
  0
VERTEX
  5
13C3
  8
DEFAULT
 10
-437.4597388081109
 20
20.95042458103228
 30
-25.48756561200975
  0
VERTEX
  5
13C4
  8
DEFAULT
 10
-437.4744496928933
 20
20.96365006171413
 30
-25.48756561200975
  0
VERTEX
  5
13C5
  8
DEFAULT
 10
-437.4889221216935
 20
20.97716771071361
 30
-25.48756561200975
  0
VERTEX
  5
13C6
  8
DEFAULT
 10
-437.5031565029431
 20
20.9909770275997
 30
-25.48756561200975
  0
VERTEX
  5
13C7
  8
DEFAULT
 10
-437.5171533617684
 20
21.00507736896107
 30
-25.48756561200975
  0
VERTEX
  5
13C8
  8
DEFAULT
 10
-437.5309133399905
 20
21.01946794840609
 30
-25.48756561200975
  0
VERTEX
  5
13C9
  8
DEFAULT
 10
-437.5444371961253
 20
21.03414783656285
 30
-25.48756561200975
  0
VERTEX
  5
13CA
  8
DEFAULT
 10
-437.5577258053833
 20
21.04911596107913
 30
-25.48756561200975
  0
VERTEX
  5
13CB
  8
DEFAULT
 10
-437.5707801596699
 20
21.06437110662244
 30
-25.48756561200975
  0
VERTEX
  5
13CC
  8
DEFAULT
 10
-437.583601367585
 20
21.07991191487996
 30
-25.48756561200975
  0
VERTEX
  5
13CD
  8
DEFAULT
 10
-437.5961906544235
 20
21.09573688455861
 30
-25.48756561200975
  0
VERTEX
  5
13CE
  8
DEFAULT
 10
-437.6206789495236
 20
21.1282325881054
 30
-25.48756561200975
  0
VERTEX
  5
13CF
  8
DEFAULT
 10
-437.6442571812233
 20
21.16184334731216
 30
-25.48756561200975
  0
VERTEX
  5
13D0
  8
DEFAULT
 10
-437.6669393528919
 20
21.19655200454348
 30
-25.48756561200975
  0
VERTEX
  5
13D1
  8
DEFAULT
 10
-437.6887413350144
 20
21.23233911447925
 30
-25.48756561200975
  0
VERTEX
  5
13D2
  8
DEFAULT
 10
-437.7096808651915
 20
21.26918294411464
 30
-25.48756561200975
  0
VERTEX
  5
13D3
  8
DEFAULT
 10
-437.7297775481402
 20
21.30705947276012
 30
-25.48756561200975
  0
VERTEX
  5
13D4
  8
DEFAULT
 10
-437.749052855693
 20
21.34594239204142
 30
-25.48756561200975
  0
VERTEX
  5
13D5
  8
DEFAULT
 10
-437.7675301267985
 20
21.38580310589956
 30
-25.48756561200975
  0
VERTEX
  5
13D6
  8
DEFAULT
 10
-437.7852345675213
 20
21.42661073059082
 30
-25.48756561200975
  0
VERTEX
  5
13D7
  8
DEFAULT
 10
-437.8021932510415
 20
21.46833209468679
 30
-25.48756561200975
  0
VERTEX
  5
13D8
  8
DEFAULT
 10
-437.8184351176553
 20
21.51093173907434
 30
-25.48756561200975
  0
VERTEX
  5
13D9
  8
DEFAULT
 10
-437.8339909747749
 20
21.55437191695561
 30
-25.48756561200975
  0
VERTEX
  5
13DA
  8
DEFAULT
 10
-437.8488934969281
 20
21.59861259384802
 30
-25.48756561200975
  0
VERTEX
  5
13DB
  8
DEFAULT
 10
-437.8631772257589
 20
21.64361144758426
 30
-25.48756561200975
  0
VERTEX
  5
13DC
  8
DEFAULT
 10
-437.890035805608
 20
21.73570295849551
 30
-25.48756561200975
  0
VERTEX
  5
13DD
  8
DEFAULT
 10
-437.9148803897905
 20
21.83026211865662
 30
-25.48756561200975
  0
VERTEX
  5
13DE
  8
DEFAULT
 10
-437.9599316423005
 20
22.02506304782
 30
-25.48756561200975
  0
VERTEX
  5
13DF
  8
DEFAULT
 10
-438.0014378641193
 20
22.22420752770255
 30
-25.48756561200975
  0
VERTEX
  5
13E0
  8
DEFAULT
 10
-446.1832560459377
 20
62.22420752770253
 30
-25.48756561200975
  0
VERTEX
  5
13E1
  8
DEFAULT
 10
-446.2432485146372
 20
62.52317095797623
 30
-25.48756561200975
  0
VERTEX
  5
13E2
  8
DEFAULT
 10
-446.2952514835406
 20
62.81561368115661
 30
-25.48756561200975
  0
VERTEX
  5
13E3
  8
DEFAULT
 10
-446.3160266905624
 20
62.95756956616151
 30
-25.48756561200975
  0
VERTEX
  5
13E4
  8
DEFAULT
 10
-446.3322629191184
 20
63.0958209202405
 30
-25.48756561200975
  0
VERTEX
  5
13E5
  8
DEFAULT
 10
-446.338455368977
 20
63.1633749477451
 30
-25.48756561200975
  0
VERTEX
  5
13E6
  8
DEFAULT
 10
-446.3432532331312
 20
63.22979077071537
 30
-25.48756561200975
  0
VERTEX
  5
13E7
  8
DEFAULT
 10
-446.3465786644534
 20
63.29500485346948
 30
-25.48756561200975
  0
VERTEX
  5
13E8
  8
DEFAULT
 10
-446.3483580237689
 20
63.35895709468678
 30
-25.48756561200975
  0
VERTEX
  5
13E9
  8
DEFAULT
 10
-446.3485218798557
 20
63.42159082740782
 30
-25.48756561200975
  0
VERTEX
  5
13EA
  8
DEFAULT
 10
-446.3470050094448
 20
63.48285281903431
 30
-25.48756561200975
  0
VERTEX
  5
13EB
  8
DEFAULT
 10
-446.3437463972199
 20
63.54269327132911
 30
-25.48756561200975
  0
VERTEX
  5
13EC
  8
DEFAULT
 10
-446.3386892358179
 20
63.60106582041635
 30
-25.48756561200975
  0
VERTEX
  5
13ED
  8
DEFAULT
 10
-446.3354695974865
 20
63.62968808162903
 30
-25.48756561200975
  0
VERTEX
  5
13EE
  8
DEFAULT
 10
-446.3317809258281
 20
63.65792753678125
 30
-25.48756561200975
  0
VERTEX
  5
13EF
  8
DEFAULT
 10
-446.327617303409
 20
63.68577935630259
 30
-25.48756561200975
  0
VERTEX
  5
13F0
  8
DEFAULT
 10
-446.3229730757927
 20
63.71323892527023
 30
-25.48756561200975
  0
VERTEX
  5
13F1
  8
DEFAULT
 10
-446.3178428515395
 20
63.74030184340891
 30
-25.48756561200975
  0
VERTEX
  5
13F2
  8
DEFAULT
 10
-446.312221502207
 20
63.76696392509093
 30
-25.48756561200975
  0
VERTEX
  5
13F3
  8
DEFAULT
 10
-446.3061041623496
 20
63.79322119933619
 30
-25.48756561200975
  0
VERTEX
  5
13F4
  8
DEFAULT
 10
-446.2994862295189
 20
63.81906990981213
 30
-25.48756561200975
  0
VERTEX
  5
13F5
  8
DEFAULT
 10
-446.2923633642636
 20
63.8445065148338
 30
-25.48756561200975
  0
VERTEX
  5
13F6
  8
DEFAULT
 10
-446.2847314901294
 20
63.8695276873638
 30
-25.48756561200975
  0
VERTEX
  5
13F7
  8
DEFAULT
 10
-446.276586793659
 20
63.8941303150123
 30
-25.48756561200975
  0
VERTEX
  5
13F8
  8
DEFAULT
 10
-446.2679257243921
 20
63.91831150003708
 30
-25.48756561200975
  0
VERTEX
  5
13F9
  8
DEFAULT
 10
-446.2587449948657
 20
63.94206855934345
 30
-25.48756561200975
  0
VERTEX
  5
13FA
  8
DEFAULT
 10
-446.2490415806136
 20
63.96539902448433
 30
-25.48756561200975
  0
VERTEX
  5
13FB
  8
DEFAULT
 10
-446.2388127201665
 20
63.98830064166018
 30
-25.48756561200975
  0
VERTEX
  5
13FC
  8
DEFAULT
 10
-446.228055915053
 20
64.01077137171904
 30
-25.48756561200975
  0
VERTEX
  5
13FD
  8
DEFAULT
 10
-446.2167689297977
 20
64.03280939015657
 30
-25.48756561200975
  0
VERTEX
  5
13FE
  8
DEFAULT
 10
-446.2049497919228
 20
64.05441308711592
 30
-25.48756561200975
  0
VERTEX
  5
13FF
  8
DEFAULT
 10
-446.1925967919476
 20
64.07558106738789
 30
-25.48756561200975
  0
VERTEX
  5
1400
  8
DEFAULT
 10
-446.179708483388
 20
64.09631215041081
 30
-25.48756561200975
  0
VERTEX
  5
1401
  8
DEFAULT
 10
-446.1662836827576
 20
64.1166053702706
 30
-25.48756561200975
  0
VERTEX
  5
1402
  8
DEFAULT
 10
-446.1523214695664
 20
64.13645997570077
 30
-25.48756561200975
  0
VERTEX
  5
1403
  8
DEFAULT
 10
-446.137821186322
 20
64.1558754300824
 30
-25.48756561200975
  0
VERTEX
  5
1404
  8
DEFAULT
 10
-446.1227824385288
 20
64.17485141144408
 30
-25.48756561200975
  0
VERTEX
  5
1405
  8
DEFAULT
 10
-446.1072050946882
 20
64.19338781246205
 30
-25.48756561200975
  0
VERTEX
  5
1406
  8
DEFAULT
 10
-446.0910892862988
 20
64.2114847404601
 30
-25.48756561200975
  0
VERTEX
  5
1407
  8
DEFAULT
 10
-446.0744354078561
 20
64.22914251740957
 30
-25.48756561200975
  0
VERTEX
  5
1408
  8
DEFAULT
 10
-446.0572441168528
 20
64.2463616799294
 30
-25.48756561200975
  0
VERTEX
  5
1409
  8
DEFAULT
 10
-446.0395163337785
 20
64.26314297928612
 30
-25.48756561200975
  0
VERTEX
  5
140A
  8
DEFAULT
 10
-446.0212532421199
 20
64.27948738139379
 30
-25.48756561200975
  0
VERTEX
  5
140B
  8
DEFAULT
 10
-446.002456288361
 20
64.29539606681408
 30
-25.48756561200975
  0
VERTEX
  5
140C
  8
DEFAULT
 10
-445.9831271819825
 20
64.31087043075621
 30
-25.48756561200975
  0
VERTEX
  5
140D
  8
DEFAULT
 10
-445.9632678954622
 20
64.32591208307699
 30
-25.48756561200975
  0
VERTEX
  5
140E
  8
DEFAULT
 10
-445.9428806642753
 20
64.34052284828078
 30
-25.48756561200975
  0
VERTEX
  5
140F
  8
DEFAULT
 10
-445.9219679868935
 20
64.35470476551956
 30
-25.48756561200975
  0
VERTEX
  5
1410
  8
DEFAULT
 10
-445.9005326247862
 20
64.36846008859284
 30
-25.48756561200975
  0
VERTEX
  5
1411
  8
DEFAULT
 10
-445.8785776024192
 20
64.38179128594771
 30
-25.48756561200975
  0
VERTEX
  5
1412
  8
DEFAULT
 10
-445.8561062072559
 20
64.39470104067885
 30
-25.48756561200975
  0
VERTEX
  5
1413
  8
DEFAULT
 10
-445.8331219897563
 20
64.4071922505285
 30
-25.48756561200975
  0
VERTEX
  5
1414
  8
DEFAULT
 10
-445.8096287633777
 20
64.41926802788647
 30
-25.48756561200975
  0
VERTEX
  5
1415
  8
DEFAULT
 10
-445.7856306045745
 20
64.43093169979018
 30
-25.48756561200975
  0
VERTEX
  5
1416
  8
DEFAULT
 10
-445.761131852798
 20
64.44218680792457
 30
-25.48756561200975
  0
VERTEX
  5
1417
  8
DEFAULT
 10
-445.7361371104968
 20
64.4530371086222
 30
-25.48756561200975
  0
VERTEX
  5
1418
  8
DEFAULT
 10
-445.7106512431161
 20
64.46348657286318
 30
-25.48756561200975
  0
VERTEX
  5
1419
  8
DEFAULT
 10
-445.6846793790985
 20
64.47353938627518
 30
-25.48756561200975
  0
VERTEX
  5
141A
  8
DEFAULT
 10
-445.6582269098838
 20
64.48319994913348
 30
-25.48756561200975
  0
VERTEX
  5
141B
  8
DEFAULT
 10
-445.6312994899083
 20
64.49247287636089
 30
-25.48756561200975
  0
VERTEX
  5
141C
  8
DEFAULT
 10
-445.603903036606
 20
64.50136299752788
 30
-25.48756561200975
  0
VERTEX
  5
141D
  8
DEFAULT
 10
-445.5477280147404
 20
64.51801521319996
 30
-25.48756561200975
  0
VERTEX
  5
141E
  8
DEFAULT
 10
-445.4897544436976
 20
64.53319952566441
 30
-25.48756561200975
  0
VERTEX
  5
141F
  8
DEFAULT
 10
-445.4300391308408
 20
64.54696229879721
 30
-25.48756561200975
  0
VERTEX
  5
1420
  8
DEFAULT
 10
-445.3686430914864
 20
64.55935333083548
 30
-25.48756561200975
  0
VERTEX
  5
1421
  8
DEFAULT
 10
-445.3056315489032
 20
64.57042585437746
 30
-25.48756561200975
  0
VERTEX
  5
1422
  8
DEFAULT
 10
-445.2410739343135
 20
64.58023653638264
 30
-25.48756561200975
  0
VERTEX
  5
1423
  8
DEFAULT
 10
-445.1750438868916
 20
64.58884547817166
 30
-25.48756561200975
  0
VERTEX
  5
1424
  8
DEFAULT
 10
-445.1076192537653
 20
64.59631621542636
 30
-25.48756561200975
  0
VERTEX
  5
1425
  8
DEFAULT
 10
-444.9689186586739
 20
64.60811439086595
 30
-25.48756561200975
  0
VERTEX
  5
1426
  8
DEFAULT
 10
-444.8256790851168
 20
64.61620803537963
 30
-25.48756561200975
  0
VERTEX
  5
1427
  8
DEFAULT
 10
-444.5287473831428
 20
64.62386437123641
 30
-25.48756561200975
  0
VERTEX
  5
1428
  8
DEFAULT
 10
-444.2238261813725
 20
64.62499999999986
 30
-25.48756561200975
  0
VERTEX
  5
1429
  8
DEFAULT
 10
-438.674327233453
 20
64.62499999999989
 30
-25.48756561200975
  0
VERTEX
  5
142A
  8
DEFAULT
 10
-438.6743272334531
 20
67.37499999999989
 30
-25.48756561200975
  0
VERTEX
  5
142B
  8
DEFAULT
 10
-426.674327233453
 20
67.37499999999991
 30
-25.48756561200975
  0
VERTEX
  5
142C
  8
DEFAULT
 10
-426.6743272334529
 20
64.62499999999991
 30
-25.48756561200975
  0
SEQEND
  5
142D
  8
DEFAULT
  0
POLYLINE
  5
142E
  8
DEFAULT
 66
     1
 10
0.0
 20
0.0
 30
-25.48756561200975
 70
     1
  0
VERTEX
  5
142F
  8
DEFAULT
 10
-431.174327233453
 20
59.63018187015566
 30
-25.48756561200975
  0
VERTEX
  5
1430
  8
DEFAULT
 10
-434.174327233453
 20
59.63018187015565
 30
-25.48756561200975
  0
VERTEX
  5
1431
  8
DEFAULT
 10
-434.174327233453
 20
64.62499999999989
 30
-25.48756561200975
  0
VERTEX
  5
1432
  8
DEFAULT
 10
-431.174327233453
 20
64.62499999999991
 30
-25.48756561200975
  0
SEQEND
  5
1433
  8
DEFAULT
  0
POLYLINE
  5
1434
  8
DEFAULT
 66
     1
 10
0.0
 20
0.0
 30
-25.48756561200975
 70
     1
  0
VERTEX
  5
1435
  8
DEFAULT
 10
-431.174327233453
 20
48.61981812984427
 30
-25.48756561200975
  0
VERTEX
  5
1436
  8
DEFAULT
 10
-434.174327233453
 20
48.61981812984425
 30
-25.48756561200975
  0
VERTEX
  5
1437
  8
DEFAULT
 10
-434.174327233453
 20
42.22420752770257
 30
-25.48756561200975
  0
VERTEX
  5
1438
  8
DEFAULT
 10
-431.174327233453
 20
42.22420752770258
 30
-25.48756561200975
  0
SEQEND
  5
1439
  8
DEFAULT
  0
POLYLINE
  5
143A
  8
DEFAULT
 66
     1
 10
0.0
 20
0.0
 30
-25.48756561200975
 70
     1
  0
VERTEX
  5
143B
  8
DEFAULT
 10
-458.3298578888979
 20
22.67460376385095
 30
-25.48756561200975
  0
VERTEX
  5
143C
  8
DEFAULT
 10
-458.5374625864366
 20
22.67530015150641
 30
-25.48756561200975
  0
VERTEX
  5
143D
  8
DEFAULT
 10
-458.7383890320359
 20
22.67999515215124
 30
-25.48756561200975
  0
VERTEX
  5
143E
  8
DEFAULT
 10
-458.8344837213511
 20
22.68495831820373
 30
-25.48756561200975
  0
VERTEX
  5
143F
  8
DEFAULT
 10
-458.926784375681
 20
22.69219316818065
 30
-25.48756561200975
  0
VERTEX
  5
1440
  8
DEFAULT
 10
-458.9713250811585
 20
22.69677435647807
 30
-25.48756561200975
  0
VERTEX
  5
1441
  8
DEFAULT
 10
-459.0147000822838
 20
22.70205351193923
 30
-25.48756561200975
  0
VERTEX
  5
1442
  8
DEFAULT
 10
-459.0568443083082
 20
22.70806959576865
 30
-25.48756561200975
  0
VERTEX
  5
1443
  8
DEFAULT
 10
-459.0976962058214
 20
22.71485946315979
 30
-25.48756561200975
  0
VERTEX
  5
1444
  8
DEFAULT
 10
-459.1371977387505
 20
22.72245786329505
 30
-25.48756561200975
  0
VERTEX
  5
1445
  8
DEFAULT
 10
-459.1752943883602
 20
22.73089743934578
 30
-25.48756561200975
  0
VERTEX
  5
1446
  8
DEFAULT
 10
-459.2119351532533
 20
22.74020872847228
 30
-25.48756561200975
  0
VERTEX
  5
1447
  8
DEFAULT
 10
-459.2296946027665
 20
22.74520023243914
 30
-25.48756561200975
  0
VERTEX
  5
1448
  8
DEFAULT
 10
-459.2470725493702
 20
22.75042016182379
 30
-25.48756561200975
  0
VERTEX
  5
1449
  8
DEFAULT
 10
-459.2640636071409
 20
22.75587174145566
 30
-25.48756561200975
  0
VERTEX
  5
144A
  8
DEFAULT
 10
-459.280662609989
 20
22.76155806453849
 30
-25.48756561200975
  0
VERTEX
  5
144B
  8
DEFAULT
 10
-459.296864611658
 20
22.76748209265032
 30
-25.48756561200975
  0
VERTEX
  5
144C
  8
DEFAULT
 10
-459.3126648857256
 20
22.77364665574351
 30
-25.48756561200975
  0
VERTEX
  5
144D
  8
DEFAULT
 10
-459.3280589256025
 20
22.78005445214473
 30
-25.48756561200975
  0
VERTEX
  5
144E
  8
DEFAULT
 10
-459.3430424445335
 20
22.78670804855493
 30
-25.48756561200975
  0
VERTEX
  5
144F
  8
DEFAULT
 10
-459.3576113755968
 20
22.79360988004941
 30
-25.48756561200975
  0
VERTEX
  5
1450
  8
DEFAULT
 10
-459.3717618717042
 20
22.80076225007776
 30
-25.48756561200975
  0
VERTEX
  5
1451
  8
DEFAULT
 10
-459.3854903056013
 20
22.80816733046388
 30
-25.48756561200975
  0
VERTEX
  5
1452
  8
DEFAULT
 10
-459.3987932698668
 20
22.81582716140598
 30
-25.48756561200975
  0
VERTEX
  5
1453
  8
DEFAULT
 10
-459.4116675769138
 20
22.82374365147657
 30
-25.48756561200975
  0
VERTEX
  5
1454
  8
DEFAULT
 10
-459.4241102589883
 20
22.83191857762248
 30
-25.48756561200975
  0
VERTEX
  5
1455
  8
DEFAULT
 10
-459.4361185681703
 20
22.84035358516486
 30
-25.48756561200975
  0
VERTEX
  5
1456
  8
DEFAULT
 10
-459.4476899763732
 20
22.84905018779915
 30
-25.48756561200975
  0
VERTEX
  5
1457
  8
DEFAULT
 10
-459.4588221753443
 20
22.85800976759509
 30
-25.48756561200975
  0
VERTEX
  5
1458
  8
DEFAULT
 10
-459.469513076664
 20
22.86723357499676
 30
-25.48756561200975
  0
VERTEX
  5
1459
  8
DEFAULT
 10
-459.4746924481843
 20
22.87194491882211
 30
-25.48756561200975
  0
VERTEX
  5
145A
  8
DEFAULT
 10
-459.4797608117468
 20
22.87672272882252
 30
-25.48756561200975
  0
VERTEX
  5
145B
  8
DEFAULT
 10
-459.4847179681271
 20
22.88156712428379
 30
-25.48756561200975
  0
VERTEX
  5
145C
  8
DEFAULT
 10
-459.4895637318407
 20
22.88647821626507
 30
-25.48756561200975
  0
VERTEX
  5
145D
  8
DEFAULT
 10
-459.4942979311425
 20
22.89145610759895
 30
-25.48756561200975
  0
VERTEX
  5
145E
  8
DEFAULT
 10
-459.4989204080271
 20
22.89650089289139
 30
-25.48756561200975
  0
VERTEX
  5
145F
  8
DEFAULT
 10
-459.5034310182287
 20
22.90161265852175
 30
-25.48756561200975
  0
VERTEX
  5
1460
  8
DEFAULT
 10
-459.5078296312212
 20
22.90679148264277
 30
-25.48756561200975
  0
VERTEX
  5
1461
  8
DEFAULT
 10
-459.5121161302179
 20
22.91203743518063
 30
-25.48756561200975
  0
VERTEX
  5
1462
  8
DEFAULT
 10
-459.5162904121718
 20
22.91735057783484
 30
-25.48756561200975
  0
VERTEX
  5
1463
  8
DEFAULT
 10
-459.5203523877755
 20
22.92273096407836
 30
-25.48756561200975
  0
VERTEX
  5
1464
  8
DEFAULT
 10
-459.5243019814611
 20
22.92817863915751
 30
-25.48756561200975
  0
VERTEX
  5
1465
  8
DEFAULT
 10
-459.5281391314006
 20
22.93369364009201
 30
-25.48756561200975
  0
VERTEX
  5
1466
  8
DEFAULT
 10
-459.5318637895053
 20
22.93927599567499
 30
-25.48756561200975
  0
VERTEX
  5
1467
  8
DEFAULT
 10
-459.5354759214263
 20
22.94492572647297
 30
-25.48756561200975
  0
VERTEX
  5
1468
  8
DEFAULT
 10
-459.5389755065539
 20
22.95064284482584
 30
-25.48756561200975
  0
VERTEX
  5
1469
  8
DEFAULT
 10
-459.5423625380187
 20
22.95642735484692
 30
-25.48756561200975
  0
VERTEX
  5
146A
  8
DEFAULT
 10
-459.5456370226901
 20
22.9622792524229
 30
-25.48756561200975
  0
VERTEX
  5
146B
  8
DEFAULT
 10
-459.5487989811778
 20
22.96819852521386
 30
-25.48756561200975
  0
VERTEX
  5
146C
  8
DEFAULT
 10
-459.5518484478307
 20
22.97418515265332
 30
-25.48756561200975
  0
VERTEX
  5
146D
  8
DEFAULT
 10
-459.5547854707373
 20
22.98023910594812
 30
-25.48756561200975
  0
VERTEX
  5
146E
  8
DEFAULT
 10
-459.557610111726
 20
22.98636034807856
 30
-25.48756561200975
  0
VERTEX
  5
146F
  8
DEFAULT
 10
-459.5603224463646
 20
22.9925488337983
 30
-25.48756561200975
  0
VERTEX
  5
1470
  8
DEFAULT
 10
-459.5629225639603
 20
22.9988045096344
 30
-25.48756561200975
  0
VERTEX
  5
1471
  8
DEFAULT
 10
-459.5654105675602
 20
23.00512731388733
 30
-25.48756561200975
  0
VERTEX
  5
1472
  8
DEFAULT
 10
-459.5677865739509
 20
23.01151717663092
 30
-25.48756561200975
  0
VERTEX
  5
1473
  8
DEFAULT
 10
-459.5700507136587
 20
23.01797401971244
 30
-25.48756561200975
  0
VERTEX
  5
1474
  8
DEFAULT
 10
-459.5722031309493
 20
23.02449775675252
 30
-25.48756561200975
  0
VERTEX
  5
1475
  8
DEFAULT
 10
-459.5742439838281
 20
23.03108829314519
 30
-25.48756561200975
  0
VERTEX
  5
1476
  8
DEFAULT
 10
-459.5761734440403
 20
23.03774552605789
 30
-25.48756561200975
  0
VERTEX
  5
1477
  8
DEFAULT
 10
-459.5779916970702
 20
23.04446934443142
 30
-25.48756561200975
  0
VERTEX
  5
1478
  8
DEFAULT
 10
-459.5796989421422
 20
23.05125962898002
 30
-25.48756561200975
  0
VERTEX
  5
1479
  8
DEFAULT
 10
-459.5827812740072
 20
23.06503907832627
 30
-25.48756561200975
  0
VERTEX
  5
147A
  8
DEFAULT
 10
-459.5854223082209
 20
23.07908275527823
 30
-25.48756561200975
  0
VERTEX
  5
147B
  8
DEFAULT
 10
-459.5876241332028
 20
23.09338940939185
 30
-25.48756561200975
  0
VERTEX
  5
147C
  8
DEFAULT
 10
-459.5893890572056
 20
23.10795765859738
 30
-25.48756561200975
  0
VERTEX
  5
147D
  8
DEFAULT
 10
-459.5907196083158
 20
23.12278598919936
 30
-25.48756561200975
  0
VERTEX
  5
147E
  8
DEFAULT
 10
-459.5916185344536
 20
23.13787275587668
 30
-25.48756561200975
  0
VERTEX
  5
147F
  8
DEFAULT
 10
-459.5920888033727
 20
23.15321618168249
 30
-25.48756561200975
  0
VERTEX
  5
1480
  8
DEFAULT
 10
-459.5921336026605
 20
23.16881435804428
 30
-25.48756561200975
  0
VERTEX
  5
1481
  8
DEFAULT
 10
-459.5917563397377
 20
23.18466524476383
 30
-25.48756561200975
  0
VERTEX
  5
1482
  8
DEFAULT
 10
-459.5909606418593
 20
23.20076667001726
 30
-25.48756561200975
  0
VERTEX
  5
1483
  8
DEFAULT
 10
-459.589750356113
 20
23.21711633035496
 30
-25.48756561200975
  0
VERTEX
  5
1484
  8
DEFAULT
 10
-459.5881295494208
 20
23.23371179070166
 30
-25.48756561200975
  0
VERTEX
  5
1485
  8
DEFAULT
 10
-459.5861025085381
 20
23.25055048435638
 30
-25.48756561200975
  0
VERTEX
  5
1486
  8
DEFAULT
 10
-459.5836737400538
 20
23.26762971299245
 30
-25.48756561200975
  0
VERTEX
  5
1487
  8
DEFAULT
 10
-459.5808479703906
 20
23.28494664665754
 30
-25.48756561200975
  0
VERTEX
  5
1488
  8
DEFAULT
 10
-459.5776301458046
 20
23.30249832377357
 30
-25.48756561200975
  0
VERTEX
  5
1489
  8
DEFAULT
 10
-459.5740254323856
 20
23.32028165113683
 30
-25.48756561200975
  0
VERTEX
  5
148A
  8
DEFAULT
 10
-459.5700392160572
 20
23.33829340391788
 30
-25.48756561200975
  0
VERTEX
  5
148B
  8
DEFAULT
 10
-459.5609449175337
 20
23.3749886282872
 30
-25.48756561200975
  0
VERTEX
  5
148C
  8
DEFAULT
 10
-459.5503947342935
 20
23.41255556573228
 30
-25.48756561200975
  0
VERTEX
  5
148D
  8
DEFAULT
 10
-459.5384396677339
 20
23.45096367909283
 30
-25.48756561200975
  0
VERTEX
  5
148E
  8
DEFAULT
 10
-459.5251342365902
 20
23.49018032519751
 30
-25.48756561200975
  0
VERTEX
  5
148F
  8
DEFAULT
 10
-459.5105364769353
 20
23.5301707548639
 30
-25.48756561200975
  0
VERTEX
  5
1490
  8
DEFAULT
 10
-459.4947079421797
 20
23.57089811289855
 30
-25.48756561200975
  0
VERTEX
  5
1491
  8
DEFAULT
 10
-459.4777137030717
 20
23.61232343809695
 30
-25.48756561200975
  0
VERTEX
  5
1492
  8
DEFAULT
 10
-459.4405059814808
 20
23.69710161511165
 30
-25.48756561200975
  0
VERTEX
  5
1493
  8
DEFAULT
 10
-459.3995042249047
 20
23.7841514760508
 30
-25.48756561200975
  0
VERTEX
  5
1494
  8
DEFAULT
 10
-459.3087636447837
 20
23.96348252938922
 30
-25.48756561200975
  0
VERTEX
  5
1495
  8
DEFAULT
 10
-459.211344812723
 20
24.14681219571703
 30
-25.48756561200975
  0
VERTEX
  5
1496
  8
DEFAULT
 10
-448.2827354802487
 20
44.54760466801443
 30
-25.48756561200975
 42
-0.3742196522351642
  0
VERTEX
  5
1497
  8
DEFAULT
 10
-447.4012485564236
 20
45.07539623614837
 30
-25.48756561200975
  0
VERTEX
  5
1498
  8
DEFAULT
 10
-444.0000000000005
 20
45.07539623614836
 30
-25.48756561200975
  0
VERTEX
  5
1499
  8
DEFAULT
 10
-444.0000000000005
 20
38.6797856340067
 30
-25.48756561200975
  0
VERTEX
  5
149A
  8
DEFAULT
 10
-447.0000000000005
 20
38.67978563400669
 30
-25.48756561200975
  0
VERTEX
  5
149B
  8
DEFAULT
 10
-447.0000000000005
 20
27.6694218936952
 30
-25.48756561200975
  0
VERTEX
  5
149C
  8
DEFAULT
 10
-444.0000000000005
 20
27.66942189369521
 30
-25.48756561200975
  0
VERTEX
  5
149D
  8
DEFAULT
 10
-444.0000000000005
 20
22.67460376385095
 30
-25.48756561200975
  0
VERTEX
  5
149E
  8
DEFAULT
 10
-450.0000000000005
 20
22.67460376385095
 30
-25.48756561200975
  0
VERTEX
  5
149F
  8
DEFAULT
 10
-450.0000000000005
 20
19.92460376385095
 30
-25.48756561200975
  0
VERTEX
  5
14A0
  8
DEFAULT
 10
-457.0000000000005
 20
19.92460376385095
 30
-25.48756561200975
  0
VERTEX
  5
14A1
  8
DEFAULT
 10
-457.0000000000005
 20
22.67460376385095
 30
-25.48756561200975
  0
SEQEND
  5
14A2
  8
DEFAULT
  0
POLYLINE
  5
14A3
  8
DEFAULT
 66
     1
 10
0.0
 20
0.0
 30
-25.48756561200975
 70
     1
  0
VERTEX
  5
14A4
  8
DEFAULT
 10
-451.3444693445554
 20
45.32539623614865
 30
-25.48756561200975
  0
VERTEX
  5
14A5
  8
DEFAULT
 10
-451.1368646470166
 20
45.3246998484932
 30
-25.48756561200975
  0
VERTEX
  5
14A6
  8
DEFAULT
 10
-450.9359382014174
 20
45.32000484784837
 30
-25.48756561200975
  0
VERTEX
  5
14A7
  8
DEFAULT
 10
-450.8398435121021
 20
45.31504168179589
 30
-25.48756561200975
  0
VERTEX
  5
14A8
  8
DEFAULT
 10
-450.7475428577723
 20
45.30780683181895
 30
-25.48756561200975
  0
VERTEX
  5
14A9
  8
DEFAULT
 10
-450.7030021522947
 20
45.30322564352154
 30
-25.48756561200975
  0
VERTEX
  5
14AA
  8
DEFAULT
 10
-450.6596271511695
 20
45.29794648806038
 30
-25.48756561200975
  0
VERTEX
  5
14AB
  8
DEFAULT
 10
-450.6174829251451
 20
45.29193040423095
 30
-25.48756561200975
  0
VERTEX
  5
14AC
  8
DEFAULT
 10
-450.5766310276318
 20
45.28514053683981
 30
-25.48756561200975
  0
VERTEX
  5
14AD
  8
DEFAULT
 10
-450.5371294947028
 20
45.27754213670455
 30
-25.48756561200975
  0
VERTEX
  5
14AE
  8
DEFAULT
 10
-450.499032845093
 20
45.26910256065381
 30
-25.48756561200975
  0
VERTEX
  5
14AF
  8
DEFAULT
 10
-450.4623920801999
 20
45.25979127152731
 30
-25.48756561200975
  0
VERTEX
  5
14B0
  8
DEFAULT
 10
-450.4446326306868
 20
45.25479976756046
 30
-25.48756561200975
  0
VERTEX
  5
14B1
  8
DEFAULT
 10
-450.427254684083
 20
45.2495798381758
 30
-25.48756561200975
  0
VERTEX
  5
14B2
  8
DEFAULT
 10
-450.4102636263123
 20
45.24412825854395
 30
-25.48756561200975
  0
VERTEX
  5
14B3
  8
DEFAULT
 10
-450.3936646234643
 20
45.23844193546112
 30
-25.48756561200975
  0
VERTEX
  5
14B4
  8
DEFAULT
 10
-450.3774626217952
 20
45.23251790734929
 30
-25.48756561200975
  0
VERTEX
  5
14B5
  8
DEFAULT
 10
-450.3616623477277
 20
45.2263533442561
 30
-25.48756561200975
  0
VERTEX
  5
14B6
  8
DEFAULT
 10
-450.3462683078507
 20
45.21994554785488
 30
-25.48756561200975
  0
VERTEX
  5
14B7
  8
DEFAULT
 10
-450.3312847889197
 20
45.21329195144467
 30
-25.48756561200975
  0
VERTEX
  5
14B8
  8
DEFAULT
 10
-450.3167158578565
 20
45.20639011995019
 30
-25.48756561200975
  0
VERTEX
  5
14B9
  8
DEFAULT
 10
-450.302565361749
 20
45.19923774992184
 30
-25.48756561200975
  0
VERTEX
  5
14BA
  8
DEFAULT
 10
-450.288836927852
 20
45.19183266953571
 30
-25.48756561200975
  0
VERTEX
  5
14BB
  8
DEFAULT
 10
-450.2755339635864
 20
45.18417283859362
 30
-25.48756561200975
  0
VERTEX
  5
14BC
  8
DEFAULT
 10
-450.2626596565395
 20
45.17625634852303
 30
-25.48756561200975
  0
VERTEX
  5
14BD
  8
DEFAULT
 10
-450.2502169744649
 20
45.16808142237712
 30
-25.48756561200975
  0
VERTEX
  5
14BE
  8
DEFAULT
 10
-450.238208665283
 20
45.15964641483474
 30
-25.48756561200975
  0
VERTEX
  5
14BF
  8
DEFAULT
 10
-450.22663725708
 20
45.15094981220045
 30
-25.48756561200975
  0
VERTEX
  5
14C0
  8
DEFAULT
 10
-450.215505058109
 20
45.14199023240451
 30
-25.48756561200975
  0
VERTEX
  5
14C1
  8
DEFAULT
 10
-450.2048141567893
 20
45.13276642500284
 30
-25.48756561200975
  0
VERTEX
  5
14C2
  8
DEFAULT
 10
-450.1996347852689
 20
45.12805508117749
 30
-25.48756561200975
  0
VERTEX
  5
14C3
  8
DEFAULT
 10
-450.1945664217064
 20
45.12327727117707
 30
-25.48756561200975
  0
VERTEX
  5
14C4
  8
DEFAULT
 10
-450.1896092653261
 20
45.11843287571581
 30
-25.48756561200975
  0
VERTEX
  5
14C5
  8
DEFAULT
 10
-450.1847635016126
 20
45.11352178373453
 30
-25.48756561200975
  0
VERTEX
  5
14C6
  8
DEFAULT
 10
-450.1800293023108
 20
45.10854389240065
 30
-25.48756561200975
  0
VERTEX
  5
14C7
  8
DEFAULT
 10
-450.1754068254262
 20
45.10349910710822
 30
-25.48756561200975
  0
VERTEX
  5
14C8
  8
DEFAULT
 10
-450.1708962152246
 20
45.09838734147787
 30
-25.48756561200975
  0
VERTEX
  5
14C9
  8
DEFAULT
 10
-450.1664976022321
 20
45.09320851735684
 30
-25.48756561200975
  0
VERTEX
  5
14CA
  8
DEFAULT
 10
-450.1622111032353
 20
45.08796256481898
 30
-25.48756561200975
  0
VERTEX
  5
14CB
  8
DEFAULT
 10
-450.1580368212815
 20
45.08264942216476
 30
-25.48756561200975
  0
VERTEX
  5
14CC
  8
DEFAULT
 10
-450.1539748456778
 20
45.07726903592125
 30
-25.48756561200975
  0
VERTEX
  5
14CD
  8
DEFAULT
 10
-450.1500252519921
 20
45.0718213608421
 30
-25.48756561200975
  0
VERTEX
  5
14CE
  8
DEFAULT
 10
-450.1461881020526
 20
45.06630635990759
 30
-25.48756561200975
  0
VERTEX
  5
14CF
  8
DEFAULT
 10
-450.1424634439479
 20
45.06072400432461
 30
-25.48756561200975
  0
VERTEX
  5
14D0
  8
DEFAULT
 10
-450.138851312027
 20
45.05507427352664
 30
-25.48756561200975
  0
VERTEX
  5
14D1
  8
DEFAULT
 10
-450.1353517268993
 20
45.04935715517377
 30
-25.48756561200975
  0
VERTEX
  5
14D2
  8
DEFAULT
 10
-450.1319646954346
 20
45.04357264515269
 30
-25.48756561200975
  0
VERTEX
  5
14D3
  8
DEFAULT
 10
-450.1286902107631
 20
45.03772074757671
 30
-25.48756561200975
  0
VERTEX
  5
14D4
  8
DEFAULT
 10
-450.1255282522754
 20
45.03180147478574
 30
-25.48756561200975
  0
VERTEX
  5
14D5
  8
DEFAULT
 10
-450.1224787856225
 20
45.02581484734628
 30
-25.48756561200975
  0
VERTEX
  5
14D6
  8
DEFAULT
 10
-450.1195417627159
 20
45.01976089405147
 30
-25.48756561200975
  0
VERTEX
  5
14D7
  8
DEFAULT
 10
-450.1167171217272
 20
45.01363965192104
 30
-25.48756561200975
  0
VERTEX
  5
14D8
  8
DEFAULT
 10
-450.1140047870887
 20
45.00745116620131
 30
-25.48756561200975
  0
VERTEX
  5
14D9
  8
DEFAULT
 10
-450.111404669493
 20
45.00119549036521
 30
-25.48756561200975
  0
VERTEX
  5
14DA
  8
DEFAULT
 10
-450.108916665893
 20
44.99487268611229
 30
-25.48756561200975
  0
VERTEX
  5
14DB
  8
DEFAULT
 10
-450.1065406595023
 20
44.98848282336868
 30
-25.48756561200975
  0
VERTEX
  5
14DC
  8
DEFAULT
 10
-450.1042765197946
 20
44.98202598028716
 30
-25.48756561200975
  0
VERTEX
  5
14DD
  8
DEFAULT
 10
-450.1021241025039
 20
44.97550224324709
 30
-25.48756561200975
  0
VERTEX
  5
14DE
  8
DEFAULT
 10
-450.1000832496251
 20
44.96891170685441
 30
-25.48756561200975
  0
VERTEX
  5
14DF
  8
DEFAULT
 10
-450.098153789413
 20
44.96225447394173
 30
-25.48756561200975
  0
VERTEX
  5
14E0
  8
DEFAULT
 10
-450.0963355363831
 20
44.95553065556818
 30
-25.48756561200975
  0
VERTEX
  5
14E1
  8
DEFAULT
 10
-450.0946282913111
 20
44.94874037101958
 30
-25.48756561200975
  0
VERTEX
  5
14E2
  8
DEFAULT
 10
-450.0915459594461
 20
44.93496092167334
 30
-25.48756561200975
  0
VERTEX
  5
14E3
  8
DEFAULT
 10
-450.0889049252323
 20
44.92091724472138
 30
-25.48756561200975
  0
VERTEX
  5
14E4
  8
DEFAULT
 10
-450.0867031002505
 20
44.90661059060776
 30
-25.48756561200975
  0
VERTEX
  5
14E5
  8
DEFAULT
 10
-450.0849381762476
 20
44.89204234140223
 30
-25.48756561200975
  0
VERTEX
  5
14E6
  8
DEFAULT
 10
-450.0836076251375
 20
44.87721401080024
 30
-25.48756561200975
  0
VERTEX
  5
14E7
  8
DEFAULT
 10
-450.0827086989996
 20
44.86212724412293
 30
-25.48756561200975
  0
VERTEX
  5
14E8
  8
DEFAULT
 10
-450.0822384300805
 20
44.84678381831712
 30
-25.48756561200975
  0
VERTEX
  5
14E9
  8
DEFAULT
 10
-450.0821936307928
 20
44.83118564195533
 30
-25.48756561200975
  0
VERTEX
  5
14EA
  8
DEFAULT
 10
-450.0825708937155
 20
44.81533475523577
 30
-25.48756561200975
  0
VERTEX
  5
14EB
  8
DEFAULT
 10
-450.083366591594
 20
44.79923332998234
 30
-25.48756561200975
  0
VERTEX
  5
14EC
  8
DEFAULT
 10
-450.0845768773402
 20
44.78288366964464
 30
-25.48756561200975
  0
VERTEX
  5
14ED
  8
DEFAULT
 10
-450.0861976840324
 20
44.76628820929795
 30
-25.48756561200975
  0
VERTEX
  5
14EE
  8
DEFAULT
 10
-450.0882247249152
 20
44.74944951564324
 30
-25.48756561200975
  0
VERTEX
  5
14EF
  8
DEFAULT
 10
-450.0906534933994
 20
44.73237028700716
 30
-25.48756561200975
  0
VERTEX
  5
14F0
  8
DEFAULT
 10
-450.0934792630626
 20
44.71505335334207
 30
-25.48756561200975
  0
VERTEX
  5
14F1
  8
DEFAULT
 10
-450.0966970876486
 20
44.69750167622603
 30
-25.48756561200975
  0
VERTEX
  5
14F2
  8
DEFAULT
 10
-450.1003018010676
 20
44.67971834886278
 30
-25.48756561200975
  0
VERTEX
  5
14F3
  8
DEFAULT
 10
-450.104288017396
 20
44.66170659608173
 30
-25.48756561200975
  0
VERTEX
  5
14F4
  8
DEFAULT
 10
-450.1133823159196
 20
44.62501137171242
 30
-25.48756561200975
  0
VERTEX
  5
14F5
  8
DEFAULT
 10
-450.1239324991598
 20
44.58744443426733
 30
-25.48756561200975
  0
VERTEX
  5
14F6
  8
DEFAULT
 10
-450.1358875657193
 20
44.54903632090678
 30
-25.48756561200975
  0
VERTEX
  5
14F7
  8
DEFAULT
 10
-450.149192996863
 20
44.5098196748021
 30
-25.48756561200975
  0
VERTEX
  5
14F8
  8
DEFAULT
 10
-450.1637907565179
 20
44.46982924513571
 30
-25.48756561200975
  0
VERTEX
  5
14F9
  8
DEFAULT
 10
-450.1796192912736
 20
44.42910188710106
 30
-25.48756561200975
  0
VERTEX
  5
14FA
  8
DEFAULT
 10
-450.1966135303816
 20
44.38767656190267
 30
-25.48756561200975
  0
VERTEX
  5
14FB
  8
DEFAULT
 10
-450.2338212519724
 20
44.30289838488797
 30
-25.48756561200975
  0
VERTEX
  5
14FC
  8
DEFAULT
 10
-450.2748230085486
 20
44.21584852394881
 30
-25.48756561200975
  0
VERTEX
  5
14FD
  8
DEFAULT
 10
-450.3655635886696
 20
44.03651747061039
 30
-25.48756561200975
  0
VERTEX
  5
14FE
  8
DEFAULT
 10
-450.4629824207302
 20
43.85318780428258
 30
-25.48756561200975
  0
VERTEX
  5
14FF
  8
DEFAULT
 10
-461.3915917532045
 20
23.45239533198514
 30
-25.48756561200975
 42
-0.3742196522352734
  0
VERTEX
  5
1500
  8
DEFAULT
 10
-462.2730786770295
 20
22.92460376385121
 30
-25.48756561200975
  0
VERTEX
  5
1501
  8
DEFAULT
 10
-465.6743272334527
 20
22.92460376385119
 30
-25.48756561200975
  0
VERTEX
  5
1502
  8
DEFAULT
 10
-465.6743272334527
 20
29.32021436599285
 30
-25.48756561200975
  0
VERTEX
  5
1503
  8
DEFAULT
 10
-462.6743272334527
 20
29.32021436599288
 30
-25.48756561200975
  0
VERTEX
  5
1504
  8
DEFAULT
 10
-462.6743272334528
 20
40.33057810630437
 30
-25.48756561200975
  0
VERTEX
  5
1505
  8
DEFAULT
 10
-465.6743272334528
 20
40.33057810630434
 30
-25.48756561200975
  0
VERTEX
  5
1506
  8
DEFAULT
 10
-465.6743272334528
 20
45.3253962361486
 30
-25.48756561200975
  0
VERTEX
  5
1507
  8
DEFAULT
 10
-459.6743272334528
 20
45.32539623614862
 30
-25.48756561200975
  0
VERTEX
  5
1508
  8
DEFAULT
 10
-459.6743272334528
 20
48.07539623614862
 30
-25.48756561200975
  0
VERTEX
  5
1509
  8
DEFAULT
 10
-452.6743272334528
 20
48.07539623614865
 30
-25.48756561200975
  0
VERTEX
  5
150A
  8
DEFAULT
 10
-452.6743272334528
 20
45.32539623614865
 30
-25.48756561200975
  0
SEQEND
  5
150B
  8
DEFAULT
  0
ENDSEC
  0
EOF
